Hex.RowReduceBench.Field.rat8FullSolve    expected complexity: n ^ 3    [warm cache]
  env: lean=4.34.0-rc2, os=linux, arch=x86_64, commit=f566403-dirty, 2026-09-12T20:59:13Z, host=chungus2
  param  per-call    repeats  C
      4  150.893 µs  ×2^10    C=   —     [<floor] [trial 1/3]
      8    1.008 ms  ×2^7     C=   —     [<floor] [trial 1/3]
     16    8.440 ms  ×2^4     C=   —     [<floor] [trial 1/3]
     32   64.410 ms  ×2^1     C=   —     [<floor] [trial 1/3]
     64  507.234 ms  ×2^0     C=4831.838 [<floor] [trial 1/3]
      4  139.510 µs  ×2^10    C=   —     [<floor] [trial 2/3]
      8    1.068 ms  ×2^7     C=   —     [<floor] [trial 2/3]
     16    8.373 ms  ×2^4     C=   —     [<floor] [trial 2/3]
     32   64.260 ms  ×2^1     C=   —     [<floor] [trial 2/3]
     64  508.274 ms  ×2^0     C=4831.838 [<floor] [trial 2/3]
      4  148.093 µs  ×2^10    C=   —     [<floor] [trial 3/3]
      8    1.117 ms  ×2^7     C=   —     [<floor] [trial 3/3]
     16    8.151 ms  ×2^4     C=   —     [<floor] [trial 3/3]
     32   93.297 ms  ×2^1     C=   —     [<floor] [trial 3/3]
     64    1.267 s   ×2^0     C=4831.838 [trial 3/3]
  verdict: inconclusive (cMin=—, cMax=—, β=—)
  per-spawn floor (harness self-measurement): 64.293 ms
  peak RSS: 62_928 kB..68_972 kB (across 15 ok row(s))
  trial summaries (3 trials per param; spread = (max-min)/median):
    param  trials  median   min      max      spread
       64  1/3     1.267 s  1.267 s  1.267 s  0.000%
  ‼ 14/15 ok rows were below 10.000× the per-spawn floor; those rungs are excluded from the verdict. Drop the smallest params from the declared `paramSchedule := .custom #[...]` array to skip the cold regime if the trimmed warmup isn't enough.
  ‼ only 1 verdict-eligible row(s) survived warmup-trim + signal-floor filter; the verdict is below resolution. Lower `--warmup-fraction`, extend the declared `paramSchedule := .custom #[...]` array with larger params.

Hex.RowReduceBench.Field.rat8FullOption    expected complexity: n ^ 3    [warm cache]
  env: lean=4.34.0-rc2, os=linux, arch=x86_64, commit=f566403-dirty, 2026-09-12T20:59:20Z, host=chungus2
  param  per-call    repeats  C
      4  155.411 µs  ×2^10    C=   —     [<floor] [trial 1/3]
      8    2.103 ms  ×2^7     C=   —     [<floor] [trial 1/3]
     16   14.480 ms  ×2^4     C=   —     [<floor] [trial 1/3]
     32   76.103 ms  ×2^1     C=   —     [<floor] [trial 1/3]
     64  655.810 ms  ×2^0     C=5477.030 [<floor] [trial 1/3]
      4  142.858 µs  ×2^10    C=   —     [<floor] [trial 2/3]
      8    1.117 ms  ×2^7     C=   —     [<floor] [trial 2/3]
     16    8.746 ms  ×2^4     C=   —     [<floor] [trial 2/3]
     32   89.360 ms  ×2^1     C=   —     [<floor] [trial 2/3]
     64    1.960 s   ×2^0     C=5477.030 [trial 2/3]
      4  175.254 µs  ×2^10    C=   —     [<floor] [trial 3/3]
      8    1.580 ms  ×2^7     C=   —     [<floor] [trial 3/3]
     16    9.292 ms  ×2^4     C=   —     [<floor] [trial 3/3]
     32   77.709 ms  ×2^1     C=   —     [<floor] [trial 3/3]
     64  911.117 ms  ×2^0     C=5477.030 [trial 3/3]
  verdict: inconclusive (cMin=—, cMax=—, β=—)
  per-spawn floor (harness self-measurement): 74.194 ms
  peak RSS: 62_132 kB..67_408 kB (across 15 ok row(s))
  trial summaries (3 trials per param; spread = (max-min)/median):
    param  trials  median   min         max      spread 
       64  2/3     1.436 s  911.117 ms  1.960 s  73.083%
  ‼ 13/15 ok rows were below 10.000× the per-spawn floor; those rungs are excluded from the verdict. Drop the smallest params from the declared `paramSchedule := .custom #[...]` array to skip the cold regime if the trimmed warmup isn't enough.
  ‼ only 1 verdict-eligible row(s) survived warmup-trim + signal-floor filter; the verdict is below resolution. Lower `--warmup-fraction`, extend the declared `paramSchedule := .custom #[...]` array with larger params.

Hex.RowReduceBench.Field.rat8FullInverse    expected complexity: n ^ 3    [warm cache]
  env: lean=4.34.0-rc2, os=linux, arch=x86_64, commit=f566403-dirty, 2026-09-12T20:59:31Z, host=chungus2
  param  per-call    repeats  C
      4   70.626 µs  ×2^11    C=— [<floor] [trial 1/3]
      8  741.964 µs  ×2^8     C=— [<floor] [trial 1/3]
     16    4.135 ms  ×2^5     C=— [<floor] [trial 1/3]
     32   32.511 ms  ×2^2     C=— [<floor] [trial 1/3]
     64  580.328 ms  ×2^0     C=— [<floor] [trial 1/3]
      4   96.902 µs  ×2^10    C=— [<floor] [trial 2/3]
      8    1.263 ms  ×2^8     C=— [<floor] [trial 2/3]
     16    4.417 ms  ×2^5     C=— [<floor] [trial 2/3]
     32   40.544 ms  ×2^2     C=— [<floor] [trial 2/3]
     64  255.656 ms  ×2^0     C=— [<floor] [trial 2/3]
      4   62.667 µs  ×2^11    C=— [<floor] [trial 3/3]
      8  623.993 µs  ×2^8     C=— [<floor] [trial 3/3]
     16    6.306 ms  ×2^5     C=— [<floor] [trial 3/3]
     32   41.324 ms  ×2^2     C=— [<floor] [trial 3/3]
     64  592.616 ms  ×2^0     C=— [<floor] [trial 3/3]
  verdict: inconclusive (cMin=—, cMax=—, β=—)
  per-spawn floor (harness self-measurement): 107.052 ms
  peak RSS: 61_340 kB..66_388 kB (across 15 ok row(s))
  ‼ every measurement was below 10.000× the per-spawn floor (per-spawn floor ≈ 107.052 ms); the function is too fast for child-process measurement at the configured params. Try the following: extend the declared `paramSchedule := .custom #[...]` array with larger params, wrap the function in a hot inner loop, or use `setup_fixed_benchmark` for a single-shot reading.
  ‼ only 0 verdict-eligible row(s) survived warmup-trim + signal-floor filter; the verdict is below resolution. Lower `--warmup-fraction`, extend the declared `paramSchedule := .custom #[...]` array with larger params.

Hex.RowReduceBench.Field.rat8DeficientSolve    expected complexity: n ^ 3    [warm cache]
  env: lean=4.34.0-rc2, os=linux, arch=x86_64, commit=f566403-dirty, 2026-09-12T20:59:40Z, host=chungus2
  param  per-call    repeats  C
      4  278.219 µs  ×2^11    C=— [<floor] [trial 1/3]
      8    1.669 ms  ×2^7     C=— [<floor] [trial 1/3]
     16   26.598 ms  ×2^2     C=— [<floor] [trial 1/3]
     32  109.588 ms  ×2^0     C=— [<floor] [trial 1/3]
     64    1.229 s   ×2^0     C=— [<floor] [trial 1/3]
      4  103.367 µs  ×2^11    C=— [<floor] [trial 2/3]
      8    1.138 ms  ×2^8     C=— [<floor] [trial 2/3]
     16   20.294 ms  ×2^4     C=— [<floor] [trial 2/3]
     32  132.002 ms  ×2^0     C=— [<floor] [trial 2/3]
     64    1.154 s   ×2^0     C=— [<floor] [trial 2/3]
      4   91.054 µs  ×2^11    C=— [<floor] [trial 3/3]
      8    2.511 ms  ×2^8     C=— [<floor] [trial 3/3]
     16   10.768 ms  ×2^5     C=— [<floor] [trial 3/3]
     32  203.165 ms  ×2^1     C=— [<floor] [trial 3/3]
     64  811.006 ms  ×2^0     C=— [<floor] [trial 3/3]
  verdict: inconclusive (cMin=—, cMax=—, β=—)
  per-spawn floor (harness self-measurement): 302.401 ms
  peak RSS: 60_292 kB..66_788 kB (across 15 ok row(s))
  ‼ every measurement was below 10.000× the per-spawn floor (per-spawn floor ≈ 302.401 ms); the function is too fast for child-process measurement at the configured params. Try the following: extend the declared `paramSchedule := .custom #[...]` array with larger params, wrap the function in a hot inner loop, or use `setup_fixed_benchmark` for a single-shot reading.
  ‼ only 0 verdict-eligible row(s) survived warmup-trim + signal-floor filter; the verdict is below resolution. Lower `--warmup-fraction`, extend the declared `paramSchedule := .custom #[...]` array with larger params.

Hex.RowReduceBench.Field.rat8DeficientOption    expected complexity: n ^ 3    [warm cache]
  env: lean=4.34.0-rc2, os=linux, arch=x86_64, commit=f566403-dirty, 2026-09-12T20:59:53Z, host=chungus2
  param  per-call    repeats  C
      4   83.039 µs  ×2^11    C=   —     [<floor] [trial 1/3]
      8    1.610 ms  ×2^8     C=   —     [<floor] [trial 1/3]
     16    7.995 ms  ×2^4     C=   —     [<floor] [trial 1/3]
     32  244.590 ms  ×2^0     C=   —     [<floor] [trial 1/3]
     64    1.173 s   ×2^0     C=5279.660 [<floor] [trial 1/3]
      4  191.299 µs  ×2^11    C=   —     [<floor] [trial 2/3]
      8  925.791 µs  ×2^7     C=   —     [<floor] [trial 2/3]
     16    7.177 ms  ×2^4     C=   —     [<floor] [trial 2/3]
     32   58.131 ms  ×2^1     C=   —     [<floor] [trial 2/3]
     64    1.384 s   ×2^0     C=5279.660 [trial 2/3]
      4  111.832 µs  ×2^11    C=   —     [<floor] [trial 3/3]
      8    2.393 ms  ×2^8     C=   —     [<floor] [trial 3/3]
     16    7.846 ms  ×2^4     C=   —     [<floor] [trial 3/3]
     32   94.351 ms  ×2^1     C=   —     [<floor] [trial 3/3]
     64    1.088 s   ×2^0     C=5279.660 [<floor] [trial 3/3]
  verdict: inconclusive (cMin=—, cMax=—, β=—)
  per-spawn floor (harness self-measurement): 127.360 ms
  peak RSS: 60_112 kB..66_236 kB (across 15 ok row(s))
  trial summaries (3 trials per param; spread = (max-min)/median):
    param  trials  median   min      max      spread
       64  1/3     1.384 s  1.384 s  1.384 s  0.000%
  ‼ 14/15 ok rows were below 10.000× the per-spawn floor; those rungs are excluded from the verdict. Drop the smallest params from the declared `paramSchedule := .custom #[...]` array to skip the cold regime if the trimmed warmup isn't enough.
  ‼ only 1 verdict-eligible row(s) survived warmup-trim + signal-floor filter; the verdict is below resolution. Lower `--warmup-fraction`, extend the declared `paramSchedule := .custom #[...]` array with larger params.

Hex.RowReduceBench.Field.rat8DeficientInverse    expected complexity: n ^ 3    [warm cache]
  env: lean=4.34.0-rc2, os=linux, arch=x86_64, commit=f566403-dirty, 2026-09-12T21:00:05Z, host=chungus2
  param  per-call    repeats  C
      4   41.978 µs  ×2^12    C=— [<floor] [trial 1/3]
      8  650.250 µs  ×2^8     C=— [<floor] [trial 1/3]
     16    3.414 ms  ×2^5     C=— [<floor] [trial 1/3]
     32   54.171 ms  ×2^2     C=— [<floor] [trial 1/3]
     64  852.643 ms  ×2^0     C=— [<floor] [trial 1/3]
      4   86.835 µs  ×2^10    C=— [<floor] [trial 2/3]
      8  744.959 µs  ×2^8     C=— [<floor] [trial 2/3]
     16    6.552 ms  ×2^4     C=— [<floor] [trial 2/3]
     32   27.948 ms  ×2^2     C=— [<floor] [trial 2/3]
     64  372.548 ms  ×2^0     C=— [<floor] [trial 2/3]
      4   89.148 µs  ×2^12    C=— [<floor] [trial 3/3]
      8  441.152 µs  ×2^9     C=— [<floor] [trial 3/3]
     16    7.636 ms  ×2^4     C=— [<floor] [trial 3/3]
     32   57.965 ms  ×2^1     C=— [<floor] [trial 3/3]
     64  355.527 ms  ×2^0     C=— [<floor] [trial 3/3]
  verdict: inconclusive (cMin=—, cMax=—, β=—)
  per-spawn floor (harness self-measurement): 101.401 ms
  peak RSS: 59_704 kB..63_424 kB (across 15 ok row(s))
  ‼ every measurement was below 10.000× the per-spawn floor (per-spawn floor ≈ 101.401 ms); the function is too fast for child-process measurement at the configured params. Try the following: extend the declared `paramSchedule := .custom #[...]` array with larger params, wrap the function in a hot inner loop, or use `setup_fixed_benchmark` for a single-shot reading.
  ‼ only 0 verdict-eligible row(s) survived warmup-trim + signal-floor filter; the verdict is below resolution. Lower `--warmup-fraction`, extend the declared `paramSchedule := .custom #[...]` array with larger params.

Hex.RowReduceBench.Field.rat8HalfSolve    expected complexity: n ^ 3    [warm cache]
  env: lean=4.34.0-rc2, os=linux, arch=x86_64, commit=f566403-dirty, 2026-09-12T21:00:14Z, host=chungus2
  param  per-call    repeats  C
      4   67.156 µs  ×2^11    C=— [<floor] [trial 1/3]
      8  462.596 µs  ×2^8     C=— [<floor] [trial 1/3]
     16    4.696 ms  ×2^6     C=— [<floor] [trial 1/3]
     32   26.716 ms  ×2^3     C=— [<floor] [trial 1/3]
     64  321.719 ms  ×2^0     C=— [<floor] [trial 1/3]
      4   95.803 µs  ×2^11    C=— [<floor] [trial 2/3]
      8  545.876 µs  ×2^8     C=— [<floor] [trial 2/3]
     16    3.435 ms  ×2^5     C=— [<floor] [trial 2/3]
     32   28.263 ms  ×2^3     C=— [<floor] [trial 2/3]
     64  203.284 ms  ×2^0     C=— [<floor] [trial 2/3]
      4   78.472 µs  ×2^11    C=— [<floor] [trial 3/3]
      8  474.761 µs  ×2^9     C=— [<floor] [trial 3/3]
     16    3.200 ms  ×2^6     C=— [<floor] [trial 3/3]
     32   27.732 ms  ×2^3     C=— [<floor] [trial 3/3]
     64  291.409 ms  ×2^0     C=— [<floor] [trial 3/3]
  verdict: inconclusive (cMin=—, cMax=—, β=—)
  per-spawn floor (harness self-measurement): 92.278 ms
  peak RSS: 59_804 kB..66_228 kB (across 15 ok row(s))
  ‼ every measurement was below 10.000× the per-spawn floor (per-spawn floor ≈ 92.278 ms); the function is too fast for child-process measurement at the configured params. Try the following: extend the declared `paramSchedule := .custom #[...]` array with larger params, wrap the function in a hot inner loop, or use `setup_fixed_benchmark` for a single-shot reading.
  ‼ only 0 verdict-eligible row(s) survived warmup-trim + signal-floor filter; the verdict is below resolution. Lower `--warmup-fraction`, extend the declared `paramSchedule := .custom #[...]` array with larger params.

Hex.RowReduceBench.Field.rat8HalfOption    expected complexity: n ^ 3    [warm cache]
  env: lean=4.34.0-rc2, os=linux, arch=x86_64, commit=f566403-dirty, 2026-09-12T21:00:20Z, host=chungus2
  param  per-call    repeats  C
      4   68.396 µs  ×2^11    C=— [<floor] [trial 1/3]
      8  444.718 µs  ×2^9     C=— [<floor] [trial 1/3]
     16    3.310 ms  ×2^5     C=— [<floor] [trial 1/3]
     32   83.611 ms  ×2^3     C=— [<floor] [trial 1/3]
     64  589.737 ms  ×2^0     C=— [<floor] [trial 1/3]
      4   94.314 µs  ×2^11    C=— [<floor] [trial 2/3]
      8    1.032 ms  ×2^7     C=— [<floor] [trial 2/3]
     16    4.106 ms  ×2^6     C=— [<floor] [trial 2/3]
     32   28.025 ms  ×2^3     C=— [<floor] [trial 2/3]
     64  386.142 ms  ×2^0     C=— [<floor] [trial 2/3]
      4   90.547 µs  ×2^11    C=— [<floor] [trial 3/3]
      8  641.348 µs  ×2^8     C=— [<floor] [trial 3/3]
     16    4.632 ms  ×2^5     C=— [<floor] [trial 3/3]
     32   26.636 ms  ×2^3     C=— [<floor] [trial 3/3]
     64  232.022 ms  ×2^0     C=— [<floor] [trial 3/3]
  verdict: inconclusive (cMin=—, cMax=—, β=—)
  per-spawn floor (harness self-measurement): 147.431 ms
  peak RSS: 59_988 kB..65_532 kB (across 15 ok row(s))
  ‼ every measurement was below 10.000× the per-spawn floor (per-spawn floor ≈ 147.431 ms); the function is too fast for child-process measurement at the configured params. Try the following: extend the declared `paramSchedule := .custom #[...]` array with larger params, wrap the function in a hot inner loop, or use `setup_fixed_benchmark` for a single-shot reading.
  ‼ only 0 verdict-eligible row(s) survived warmup-trim + signal-floor filter; the verdict is below resolution. Lower `--warmup-fraction`, extend the declared `paramSchedule := .custom #[...]` array with larger params.

Hex.RowReduceBench.Field.rat8HalfInverse    expected complexity: n ^ 3    [warm cache]
  env: lean=4.34.0-rc2, os=linux, arch=x86_64, commit=f566403-dirty, 2026-09-12T21:00:27Z, host=chungus2
  param  per-call    repeats  C
      4   66.546 µs  ×2^6     C=— [<floor] [trial 1/3]
      8  742.761 µs  ×2^9     C=— [<floor] [trial 1/3]
     16    2.284 ms  ×2^7     C=— [<floor] [trial 1/3]
     32   19.816 ms  ×2^2     C=— [<floor] [trial 1/3]
     64  167.560 ms  ×2^0     C=— [<floor] [trial 1/3]
      4   53.128 µs  ×2^12    C=— [<floor] [trial 2/3]
      8  836.090 µs  ×2^8     C=— [<floor] [trial 2/3]
     16    1.601 ms  ×2^6     C=— [<floor] [trial 2/3]
     32   12.288 ms  ×2^4     C=— [<floor] [trial 2/3]
     64  283.632 ms  ×2^0     C=— [<floor] [trial 2/3]
      4   34.781 µs  ×2^11    C=— [<floor] [trial 3/3]
      8  189.045 µs  ×2^10    C=— [<floor] [trial 3/3]
     16    2.520 ms  ×2^7     C=— [<floor] [trial 3/3]
     32   18.500 ms  ×2^3     C=— [<floor] [trial 3/3]
     64   91.875 ms  ×2^1     C=— [<floor] [trial 3/3]
  verdict: inconclusive (cMin=—, cMax=—, β=—)
  per-spawn floor (harness self-measurement): 160.574 ms
  peak RSS: 61_196 kB..65_720 kB (across 15 ok row(s))
  ‼ every measurement was below 10.000× the per-spawn floor (per-spawn floor ≈ 160.574 ms); the function is too fast for child-process measurement at the configured params. Try the following: extend the declared `paramSchedule := .custom #[...]` array with larger params, wrap the function in a hot inner loop, or use `setup_fixed_benchmark` for a single-shot reading.
  ‼ only 0 verdict-eligible row(s) survived warmup-trim + signal-floor filter; the verdict is below resolution. Lower `--warmup-fraction`, extend the declared `paramSchedule := .custom #[...]` array with larger params.

Hex.RowReduceBench.Field.rat8DeficientErrorSolve    expected complexity: n ^ 3    [warm cache]
  env: lean=4.34.0-rc2, os=linux, arch=x86_64, commit=f566403-dirty, 2026-09-12T21:00:34Z, host=chungus2
  param  per-call    repeats  C
      4   90.552 µs  ×2^12    C=— [<floor] [trial 1/3]
      8  666.868 µs  ×2^9     C=— [<floor] [trial 1/3]
     16    4.594 ms  ×2^5     C=— [<floor] [trial 1/3]
     32   36.442 ms  ×2^2     C=— [<floor] [trial 1/3]
     64  466.729 ms  ×2^0     C=— [<floor] [trial 1/3]
      4   56.545 µs  ×2^11    C=— [<floor] [trial 2/3]
      8  761.032 µs  ×2^9     C=— [<floor] [trial 2/3]
     16    6.735 ms  ×2^5     C=— [<floor] [trial 2/3]
     32  104.080 ms  ×2^1     C=— [<floor] [trial 2/3]
     64  364.130 ms  ×2^0     C=— [<floor] [trial 2/3]
      4   50.212 µs  ×2^12    C=— [<floor] [trial 3/3]
      8  773.336 µs  ×2^8     C=— [<floor] [trial 3/3]
     16    4.258 ms  ×2^5     C=— [<floor] [trial 3/3]
     32   30.233 ms  ×2^2     C=— [<floor] [trial 3/3]
     64  265.466 ms  ×2^0     C=— [<floor] [trial 3/3]
  verdict: inconclusive (cMin=—, cMax=—, β=—)
  per-spawn floor (harness self-measurement): 84.969 ms
  peak RSS: 60_604 kB..66_916 kB (across 15 ok row(s))
  ‼ every measurement was below 10.000× the per-spawn floor (per-spawn floor ≈ 84.969 ms); the function is too fast for child-process measurement at the configured params. Try the following: extend the declared `paramSchedule := .custom #[...]` array with larger params, wrap the function in a hot inner loop, or use `setup_fixed_benchmark` for a single-shot reading.
  ‼ only 0 verdict-eligible row(s) survived warmup-trim + signal-floor filter; the verdict is below resolution. Lower `--warmup-fraction`, extend the declared `paramSchedule := .custom #[...]` array with larger params.

Hex.RowReduceBench.Field.rat8DeficientErrorOption    expected complexity: n ^ 3    [warm cache]
  env: lean=4.34.0-rc2, os=linux, arch=x86_64, commit=f566403-dirty, 2026-09-12T21:00:43Z, host=chungus2
  param  per-call    repeats  C
      4  184.954 µs  ×2^8     C=   —     [<floor] [trial 1/3]
      8  445.480 µs  ×2^9     C=   —     [<floor] [trial 1/3]
     16   11.550 ms  ×2^4     C=   —     [<floor] [trial 1/3]
     32   42.327 ms  ×2^1     C=   —     [<floor] [trial 1/3]
     64    1.130 s   ×2^0     C=4312.127 [trial 1/3]
      4   63.593 µs  ×2^9     C=   —     [<floor] [trial 2/3]
      8  547.520 µs  ×2^8     C=   —     [<floor] [trial 2/3]
     16    7.045 ms  ×2^6     C=   —     [<floor] [trial 2/3]
     32   65.350 ms  ×2^2     C=   —     [<floor] [trial 2/3]
     64  281.105 ms  ×2^0     C=4312.127 [<floor] [trial 2/3]
      4   58.101 µs  ×2^11    C=   —     [<floor] [trial 3/3]
      8  519.557 µs  ×2^8     C=   —     [<floor] [trial 3/3]
     16    3.732 ms  ×2^5     C=   —     [<floor] [trial 3/3]
     32   40.960 ms  ×2^2     C=   —     [<floor] [trial 3/3]
     64  239.608 ms  ×2^0     C=4312.127 [<floor] [trial 3/3]
  verdict: inconclusive (cMin=—, cMax=—, β=—)
  per-spawn floor (harness self-measurement): 63.931 ms
  peak RSS: 60_616 kB..64_812 kB (across 15 ok row(s))
  trial summaries (3 trials per param; spread = (max-min)/median):
    param  trials  median   min      max      spread
       64  1/3     1.130 s  1.130 s  1.130 s  0.000%
  ‼ 14/15 ok rows were below 10.000× the per-spawn floor; those rungs are excluded from the verdict. Drop the smallest params from the declared `paramSchedule := .custom #[...]` array to skip the cold regime if the trimmed warmup isn't enough.
  ‼ only 1 verdict-eligible row(s) survived warmup-trim + signal-floor filter; the verdict is below resolution. Lower `--warmup-fraction`, extend the declared `paramSchedule := .custom #[...]` array with larger params.

Hex.RowReduceBench.Field.rat8HalfErrorSolve    expected complexity: n ^ 3    [warm cache]
  env: lean=4.34.0-rc2, os=linux, arch=x86_64, commit=f566403-dirty, 2026-09-12T21:00:52Z, host=chungus2
  param  per-call    repeats  C
      4   81.613 µs  ×2^12    C=— [<floor] [trial 1/3]
      8  336.695 µs  ×2^9     C=— [<floor] [trial 1/3]
     16    1.583 ms  ×2^7     C=— [<floor] [trial 1/3]
     32   12.008 ms  ×2^4     C=— [<floor] [trial 1/3]
     64  114.629 ms  ×2^1     C=— [<floor] [trial 1/3]
      4   36.060 µs  ×2^12    C=— [<floor] [trial 2/3]
      8  466.611 µs  ×2^7     C=— [<floor] [trial 2/3]
     16    1.976 ms  ×2^5     C=— [<floor] [trial 2/3]
     32   13.254 ms  ×2^3     C=— [<floor] [trial 2/3]
     64  222.222 ms  ×2^0     C=— [<floor] [trial 2/3]
      4   34.003 µs  ×2^12    C=— [<floor] [trial 3/3]
      8  291.388 µs  ×2^9     C=— [<floor] [trial 3/3]
     16    2.184 ms  ×2^7     C=— [<floor] [trial 3/3]
     32   13.370 ms  ×2^1     C=— [<floor] [trial 3/3]
     64  107.394 ms  ×2^1     C=— [<floor] [trial 3/3]
  verdict: inconclusive (cMin=—, cMax=—, β=—)
  per-spawn floor (harness self-measurement): 58.078 ms
  peak RSS: 61_052 kB..68_028 kB (across 15 ok row(s))
  ‼ every measurement was below 10.000× the per-spawn floor (per-spawn floor ≈ 58.078 ms); the function is too fast for child-process measurement at the configured params. Try the following: extend the declared `paramSchedule := .custom #[...]` array with larger params, wrap the function in a hot inner loop, or use `setup_fixed_benchmark` for a single-shot reading.
  ‼ only 0 verdict-eligible row(s) survived warmup-trim + signal-floor filter; the verdict is below resolution. Lower `--warmup-fraction`, extend the declared `paramSchedule := .custom #[...]` array with larger params.

Hex.RowReduceBench.Field.rat8HalfErrorOption    expected complexity: n ^ 3    [warm cache]
  env: lean=4.34.0-rc2, os=linux, arch=x86_64, commit=f566403-dirty, 2026-09-12T21:00:58Z, host=chungus2
  param  per-call    repeats  C
      4   78.467 µs  ×2^9     C=— [<floor] [trial 1/3]
      8  277.236 µs  ×2^9     C=— [<floor] [trial 1/3]
     16    2.251 ms  ×2^6     C=— [<floor] [trial 1/3]
     32   20.530 ms  ×2^4     C=— [<floor] [trial 1/3]
     64  113.836 ms  ×2^1     C=— [<floor] [trial 1/3]
      4   43.826 µs  ×2^12    C=— [<floor] [trial 2/3]
      8  231.624 µs  ×2^9     C=— [<floor] [trial 2/3]
     16    1.946 ms  ×2^7     C=— [<floor] [trial 2/3]
     32   12.204 ms  ×2^4     C=— [<floor] [trial 2/3]
     64  123.009 ms  ×2^0     C=— [<floor] [trial 2/3]
      4   50.252 µs  ×2^10    C=— [<floor] [trial 3/3]
      8  531.279 µs  ×2^9     C=— [<floor] [trial 3/3]
     16    1.858 ms  ×2^7     C=— [<floor] [trial 3/3]
     32   13.126 ms  ×2^4     C=— [<floor] [trial 3/3]
     64  224.967 ms  ×2^0     C=— [<floor] [trial 3/3]
  verdict: inconclusive (cMin=—, cMax=—, β=—)
  per-spawn floor (harness self-measurement): 114.694 ms
  peak RSS: 60_732 kB..65_240 kB (across 15 ok row(s))
  ‼ every measurement was below 10.000× the per-spawn floor (per-spawn floor ≈ 114.694 ms); the function is too fast for child-process measurement at the configured params. Try the following: extend the declared `paramSchedule := .custom #[...]` array with larger params, wrap the function in a hot inner loop, or use `setup_fixed_benchmark` for a single-shot reading.
  ‼ only 0 verdict-eligible row(s) survived warmup-trim + signal-floor filter; the verdict is below resolution. Lower `--warmup-fraction`, extend the declared `paramSchedule := .custom #[...]` array with larger params.

Hex.RowReduceBench.Field.rat8TallSolve    expected complexity: n ^ 3    [warm cache]
  env: lean=4.34.0-rc2, os=linux, arch=x86_64, commit=f566403-dirty, 2026-09-12T21:01:04Z, host=chungus2
  param  per-call    repeats  C
      4  355.990 µs  ×2^8     C=   —     [<floor] [trial 1/3]
      8    5.503 ms  ×2^6     C=   —     [<floor] [trial 1/3]
     16   22.814 ms  ×2^2     C=   —     [<floor] [trial 1/3]
     32  156.794 ms  ×2^0     C=   —     [<floor] [trial 1/3]
     64    1.512 s   ×2^0     C=6848.791 [trial 1/3]
      4  364.553 µs  ×2^9     C=   —     [<floor] [trial 2/3]
      8    3.534 ms  ×2^6     C=   —     [<floor] [trial 2/3]
     16   24.392 ms  ×2^3     C=   —     [<floor] [trial 2/3]
     32  221.846 ms  ×2^0     C=   —     [<floor] [trial 2/3]
     64    2.743 s   ×2^0     C=6848.791 [trial 2/3]
      4  637.299 µs  ×2^9     C=   —     [<floor] [trial 3/3]
      8    2.825 ms  ×2^6     C=   —     [<floor] [trial 3/3]
     16   24.099 ms  ×2^3     C=   —     [<floor] [trial 3/3]
     32  229.739 ms  ×2^0     C=   —     [<floor] [trial 3/3]
     64    1.795 s   ×2^0     C=6848.791 [trial 3/3]
  verdict: inconclusive (cMin=—, cMax=—, β=—)
  per-spawn floor (harness self-measurement): 92.580 ms
  peak RSS: 60_784 kB..67_948 kB (across 15 ok row(s))
  trial summaries (3 trials per param; spread = (max-min)/median):
    param  trials  median   min      max      spread 
       64  3/3     1.795 s  1.512 s  2.743 s  68.563%
  ‼ 12/15 ok rows were below 10.000× the per-spawn floor; those rungs are excluded from the verdict. Drop the smallest params from the declared `paramSchedule := .custom #[...]` array to skip the cold regime if the trimmed warmup isn't enough.
  ‼ only 1 verdict-eligible row(s) survived warmup-trim + signal-floor filter; the verdict is below resolution. Lower `--warmup-fraction`, extend the declared `paramSchedule := .custom #[...]` array with larger params.

Hex.RowReduceBench.Field.rat8TallOption    expected complexity: n ^ 3    [warm cache]
  env: lean=4.34.0-rc2, os=linux, arch=x86_64, commit=f566403-dirty, 2026-09-12T21:01:20Z, host=chungus2
  param  per-call    repeats  C
      4  590.231 µs  ×2^9     C=   —     [<floor] [trial 1/3]
      8    2.328 ms  ×2^6     C=   —     [<floor] [trial 1/3]
     16   21.943 ms  ×2^3     C=   —     [<floor] [trial 1/3]
     32  157.118 ms  ×2^0     C=   —     [<floor] [trial 1/3]
     64    1.532 s   ×2^0     C=5826.050 [trial 1/3]
      4  485.821 µs  ×2^9     C=   —     [<floor] [trial 2/3]
      8    3.512 ms  ×2^5     C=   —     [<floor] [trial 2/3]
     16   21.719 ms  ×2^3     C=   —     [<floor] [trial 2/3]
     32  174.650 ms  ×2^0     C=   —     [<floor] [trial 2/3]
     64    1.527 s   ×2^0     C=5826.050 [trial 2/3]
      4  361.266 µs  ×2^8     C=   —     [<floor] [trial 3/3]
      8    3.118 ms  ×2^6     C=   —     [<floor] [trial 3/3]
     16   17.736 ms  ×2^3     C=   —     [<floor] [trial 3/3]
     32  155.286 ms  ×2^0     C=   —     [<floor] [trial 3/3]
     64    1.489 s   ×2^0     C=5826.050 [trial 3/3]
  verdict: inconclusive (cMin=—, cMax=—, β=—)
  per-spawn floor (harness self-measurement): 73.341 ms
  peak RSS: 60_980 kB..67_480 kB (across 15 ok row(s))
  trial summaries (3 trials per param; spread = (max-min)/median):
    param  trials  median   min      max      spread
       64  3/3     1.527 s  1.489 s  1.532 s  2.839%
  ‼ 12/15 ok rows were below 10.000× the per-spawn floor; those rungs are excluded from the verdict. Drop the smallest params from the declared `paramSchedule := .custom #[...]` array to skip the cold regime if the trimmed warmup isn't enough.
  ‼ only 1 verdict-eligible row(s) survived warmup-trim + signal-floor filter; the verdict is below resolution. Lower `--warmup-fraction`, extend the declared `paramSchedule := .custom #[...]` array with larger params.

Hex.RowReduceBench.Field.rat8WideSolve    expected complexity: n ^ 3    [warm cache]
  env: lean=4.34.0-rc2, os=linux, arch=x86_64, commit=f566403-dirty, 2026-09-12T21:01:33Z, host=chungus2
  param  per-call    repeats  C
      4  219.132 µs  ×2^10    C=— [<floor] [trial 1/3]
      8    2.446 ms  ×2^6     C=— [<floor] [trial 1/3]
     16   14.870 ms  ×2^4     C=— [<floor] [trial 1/3]
     32  141.003 ms  ×2^1     C=— [<floor] [trial 1/3]
     64    1.073 s   ×2^0     C=— [<floor] [trial 1/3]
      4  225.756 µs  ×2^8     C=— [<floor] [trial 2/3]
      8    1.829 ms  ×2^6     C=— [<floor] [trial 2/3]
     16   19.028 ms  ×2^3     C=— [<floor] [trial 2/3]
     32  214.965 ms  ×2^0     C=— [<floor] [trial 2/3]
     64    1.244 s   ×2^0     C=— [<floor] [trial 2/3]
      4  232.210 µs  ×2^10    C=— [<floor] [trial 3/3]
      8    1.710 ms  ×2^7     C=— [<floor] [trial 3/3]
     16   27.023 ms  ×2^3     C=— [<floor] [trial 3/3]
     32  151.044 ms  ×2^0     C=— [<floor] [trial 3/3]
     64    1.326 s   ×2^0     C=— [<floor] [trial 3/3]
  verdict: inconclusive (cMin=—, cMax=—, β=—)
  per-spawn floor (harness self-measurement): 196.651 ms
  peak RSS: 60_912 kB..65_476 kB (across 15 ok row(s))
  ‼ every measurement was below 10.000× the per-spawn floor (per-spawn floor ≈ 196.651 ms); the function is too fast for child-process measurement at the configured params. Try the following: extend the declared `paramSchedule := .custom #[...]` array with larger params, wrap the function in a hot inner loop, or use `setup_fixed_benchmark` for a single-shot reading.
  ‼ only 0 verdict-eligible row(s) survived warmup-trim + signal-floor filter; the verdict is below resolution. Lower `--warmup-fraction`, extend the declared `paramSchedule := .custom #[...]` array with larger params.

Hex.RowReduceBench.Field.rat8WideOption    expected complexity: n ^ 3    [warm cache]
  env: lean=4.34.0-rc2, os=linux, arch=x86_64, commit=f566403-dirty, 2026-09-12T21:01:45Z, host=chungus2
  param  per-call    repeats  C
      4  235.899 µs  ×2^10    C=   —     [<floor] [trial 1/3]
      8    2.189 ms  ×2^7     C=   —     [<floor] [trial 1/3]
     16   13.177 ms  ×2^4     C=   —     [<floor] [trial 1/3]
     32  148.223 ms  ×2^0     C=   —     [<floor] [trial 1/3]
     64    1.281 s   ×2^0     C=5320.114 [trial 1/3]
      4  245.562 µs  ×2^8     C=   —     [<floor] [trial 2/3]
      8    2.189 ms  ×2^6     C=   —     [<floor] [trial 2/3]
     16   19.142 ms  ×2^3     C=   —     [<floor] [trial 2/3]
     32  164.991 ms  ×2^0     C=   —     [<floor] [trial 2/3]
     64    1.509 s   ×2^0     C=5320.114 [trial 2/3]
      4  301.699 µs  ×2^9     C=   —     [<floor] [trial 3/3]
      8    1.613 ms  ×2^7     C=   —     [<floor] [trial 3/3]
     16   13.731 ms  ×2^4     C=   —     [<floor] [trial 3/3]
     32  103.665 ms  ×2^1     C=   —     [<floor] [trial 3/3]
     64  911.696 ms  ×2^0     C=5320.114 [<floor] [trial 3/3]
  verdict: inconclusive (cMin=—, cMax=—, β=—)
  per-spawn floor (harness self-measurement): 108.221 ms
  peak RSS: 61_112 kB..67_288 kB (across 15 ok row(s))
  trial summaries (3 trials per param; spread = (max-min)/median):
    param  trials  median   min      max      spread 
       64  2/3     1.395 s  1.281 s  1.509 s  16.350%
  ‼ 13/15 ok rows were below 10.000× the per-spawn floor; those rungs are excluded from the verdict. Drop the smallest params from the declared `paramSchedule := .custom #[...]` array to skip the cold regime if the trimmed warmup isn't enough.
  ‼ only 1 verdict-eligible row(s) survived warmup-trim + signal-floor filter; the verdict is below resolution. Lower `--warmup-fraction`, extend the declared `paramSchedule := .custom #[...]` array with larger params.

Hex.RowReduceBench.Field.rat32FullSolve    expected complexity: n ^ 3    [warm cache]
  env: lean=4.34.0-rc2, os=linux, arch=x86_64, commit=f566403-dirty, 2026-09-12T21:01:57Z, host=chungus2
  param  per-call    repeats  C
      4  419.297 µs  ×2^8     C=    —     [<floor] [trial 1/3]
      8    3.368 ms  ×2^6     C=    —     [<floor] [trial 1/3]
     16   31.955 ms  ×2^3     C=    —     [<floor] [trial 1/3]
     32  278.024 ms  ×2^0     C=    —     [<floor] [trial 1/3]
     64    2.724 s   ×2^0     C=10544.419 [trial 1/3]
      4  441.666 µs  ×2^9     C=    —     [<floor] [trial 2/3]
      8    2.992 ms  ×2^6     C=    —     [<floor] [trial 2/3]
     16   34.911 ms  ×2^2     C=    —     [<floor] [trial 2/3]
     32  253.551 ms  ×2^0     C=    —     [<floor] [trial 2/3]
     64    3.237 s   ×2^0     C=10544.419 [trial 2/3]
      4  655.524 µs  ×2^7     C=    —     [<floor] [trial 3/3]
      8    4.133 ms  ×2^5     C=    —     [<floor] [trial 3/3]
     16   22.441 ms  ×2^2     C=    —     [<floor] [trial 3/3]
     32  187.208 ms  ×2^0     C=    —     [<floor] [trial 3/3]
     64    2.764 s   ×2^0     C=10544.419 [trial 3/3]
  verdict: inconclusive (cMin=—, cMax=—, β=—)
  per-spawn floor (harness self-measurement): 72.460 ms
  peak RSS: 60_812 kB..66_264 kB (across 15 ok row(s))
  trial summaries (3 trials per param; spread = (max-min)/median):
    param  trials  median   min      max      spread 
       64  3/3     2.764 s  2.724 s  3.237 s  18.582%
  ‼ 12/15 ok rows were below 10.000× the per-spawn floor; those rungs are excluded from the verdict. Drop the smallest params from the declared `paramSchedule := .custom #[...]` array to skip the cold regime if the trimmed warmup isn't enough.
  ‼ only 1 verdict-eligible row(s) survived warmup-trim + signal-floor filter; the verdict is below resolution. Lower `--warmup-fraction`, extend the declared `paramSchedule := .custom #[...]` array with larger params.

Hex.RowReduceBench.Field.rat32FullOption    expected complexity: n ^ 3    [warm cache]
  env: lean=4.34.0-rc2, os=linux, arch=x86_64, commit=f566403-dirty, 2026-09-12T21:02:21Z, host=chungus2
  param  per-call    repeats  C
      4  720.492 µs  ×2^7     C=— [<floor] [trial 1/3]
      8    3.825 ms  ×2^6     C=— [<floor] [trial 1/3]
     16   40.337 ms  ×2^3     C=— [<floor] [trial 1/3]
     32  429.975 ms  ×2^0     C=— [<floor] [trial 1/3]
     64    3.065 s   ×2^0     C=— [<floor] [trial 1/3]
      4  620.792 µs  ×2^9     C=— [<floor] [trial 2/3]
      8    3.006 ms  ×2^6     C=— [<floor] [trial 2/3]
     16   28.549 ms  ×2^3     C=— [<floor] [trial 2/3]
     32  439.255 ms  ×2^0     C=— [<floor] [trial 2/3]
     64    3.814 s   ×2^0     C=— [<floor] [trial 2/3]
      4  330.612 µs  ×2^9     C=— [<floor] [trial 3/3]
      8    3.254 ms  ×2^6     C=— [<floor] [trial 3/3]
     16   25.023 ms  ×2^3     C=— [<floor] [trial 3/3]
     32  287.376 ms  ×2^0     C=— [<floor] [trial 3/3]
     64    3.111 s   ×2^0     C=— [<floor] [trial 3/3]
  verdict: inconclusive (cMin=—, cMax=—, β=—)
  per-spawn floor (harness self-measurement): 1.113 s
  peak RSS: 61_160 kB..66_920 kB (across 15 ok row(s))
  ‼ every measurement was below 10.000× the per-spawn floor (per-spawn floor ≈ 1.113 s); the function is too fast for child-process measurement at the configured params. Try the following: extend the declared `paramSchedule := .custom #[...]` array with larger params, wrap the function in a hot inner loop, or use `setup_fixed_benchmark` for a single-shot reading.
  ‼ only 0 verdict-eligible row(s) survived warmup-trim + signal-floor filter; the verdict is below resolution. Lower `--warmup-fraction`, extend the declared `paramSchedule := .custom #[...]` array with larger params.

Hex.RowReduceBench.Field.rat32FullInverse    expected complexity: n ^ 3    [warm cache]
  env: lean=4.34.0-rc2, os=linux, arch=x86_64, commit=f566403-dirty, 2026-09-12T21:02:49Z, host=chungus2
  param  per-call    repeats  C
      4  428.940 µs  ×2^10    C=   —     [<floor] [trial 1/3]
      8    1.874 ms  ×2^7     C=   —     [<floor] [trial 1/3]
     16   37.588 ms  ×2^4     C=   —     [<floor] [trial 1/3]
     32   96.010 ms  ×2^1     C=   —     [<floor] [trial 1/3]
     64    1.136 s   ×2^0     C=5676.370 [<floor] [trial 1/3]
      4  156.827 µs  ×2^10    C=   —     [<floor] [trial 2/3]
      8    3.387 ms  ×2^6     C=   —     [<floor] [trial 2/3]
     16   12.238 ms  ×2^4     C=   —     [<floor] [trial 2/3]
     32  121.836 ms  ×2^1     C=   —     [<floor] [trial 2/3]
     64    1.068 s   ×2^0     C=5676.370 [<floor] [trial 2/3]
      4  287.402 µs  ×2^10    C=   —     [<floor] [trial 3/3]
      8    1.474 ms  ×2^7     C=   —     [<floor] [trial 3/3]
     16   11.599 ms  ×2^4     C=   —     [<floor] [trial 3/3]
     32   97.546 ms  ×2^1     C=   —     [<floor] [trial 3/3]
     64    1.488 s   ×2^0     C=5676.370 [trial 3/3]
  verdict: inconclusive (cMin=—, cMax=—, β=—)
  per-spawn floor (harness self-measurement): 141.128 ms
  peak RSS: 61_088 kB..66_572 kB (across 15 ok row(s))
  trial summaries (3 trials per param; spread = (max-min)/median):
    param  trials  median   min      max      spread
       64  1/3     1.488 s  1.488 s  1.488 s  0.000%
  ‼ 14/15 ok rows were below 10.000× the per-spawn floor; those rungs are excluded from the verdict. Drop the smallest params from the declared `paramSchedule := .custom #[...]` array to skip the cold regime if the trimmed warmup isn't enough.
  ‼ only 1 verdict-eligible row(s) survived warmup-trim + signal-floor filter; the verdict is below resolution. Lower `--warmup-fraction`, extend the declared `paramSchedule := .custom #[...]` array with larger params.

Hex.RowReduceBench.Field.rat32DeficientSolve    expected complexity: n ^ 3    [warm cache]
  env: lean=4.34.0-rc2, os=linux, arch=x86_64, commit=f566403-dirty, 2026-09-12T21:03:07Z, host=chungus2
  param  per-call    repeats  C
      4  347.089 µs  ×2^10    C=   —     [<floor] [trial 1/3]
      8    2.550 ms  ×2^6     C=   —     [<floor] [trial 1/3]
     16   19.318 ms  ×2^3     C=   —     [<floor] [trial 1/3]
     32  279.156 ms  ×2^0     C=   —     [<floor] [trial 1/3]
     64    2.479 s   ×2^0     C=8813.508 [trial 1/3]
      4  345.455 µs  ×2^7     C=   —     [<floor] [trial 2/3]
      8    4.041 ms  ×2^5     C=   —     [<floor] [trial 2/3]
     16   22.197 ms  ×2^3     C=   —     [<floor] [trial 2/3]
     32  212.767 ms  ×2^0     C=   —     [<floor] [trial 2/3]
     64    2.310 s   ×2^0     C=8813.508 [trial 2/3]
      4  285.930 µs  ×2^10    C=   —     [<floor] [trial 3/3]
      8    2.265 ms  ×2^6     C=   —     [<floor] [trial 3/3]
     16   26.279 ms  ×2^3     C=   —     [<floor] [trial 3/3]
     32  292.121 ms  ×2^0     C=   —     [<floor] [trial 3/3]
     64    1.518 s   ×2^0     C=8813.508 [trial 3/3]
  verdict: inconclusive (cMin=—, cMax=—, β=—)
  per-spawn floor (harness self-measurement): 139.357 ms
  peak RSS: 60_468 kB..67_860 kB (across 15 ok row(s))
  trial summaries (3 trials per param; spread = (max-min)/median):
    param  trials  median   min      max      spread 
       64  3/3     2.310 s  1.518 s  2.479 s  41.609%
  ‼ 12/15 ok rows were below 10.000× the per-spawn floor; those rungs are excluded from the verdict. Drop the smallest params from the declared `paramSchedule := .custom #[...]` array to skip the cold regime if the trimmed warmup isn't enough.
  ‼ only 1 verdict-eligible row(s) survived warmup-trim + signal-floor filter; the verdict is below resolution. Lower `--warmup-fraction`, extend the declared `paramSchedule := .custom #[...]` array with larger params.

Hex.RowReduceBench.Field.rat32DeficientOption    expected complexity: n ^ 3    [warm cache]
  env: lean=4.34.0-rc2, os=linux, arch=x86_64, commit=f566403-dirty, 2026-09-12T21:03:25Z, host=chungus2
  param  per-call    repeats  C
      4  239.694 µs  ×2^10    C= 8560.266 [<floor] [trial 1/3]
      8    3.530 ms  ×2^6     C=    —     [<floor] [trial 1/3]
     16   18.983 ms  ×2^3     C=    —     [<floor] [trial 1/3]
     32  246.742 ms  ×2^0     C=    —     [<floor] [trial 1/3]
     64    6.632 s   ×2^0     C=14853.258 [trial 1/3]
      4  547.857 µs  ×2^10    C= 8560.266 [trial 2/3]
      8    2.253 ms  ×2^6     C=    —     [<floor] [trial 2/3]
     16   19.442 ms  ×2^3     C=    —     [<floor] [trial 2/3]
     32  317.751 ms  ×2^0     C=    —     [<floor] [trial 2/3]
     64    2.260 s   ×2^0     C=14853.258 [trial 2/3]
      4  433.669 µs  ×2^10    C= 8560.266 [<floor] [trial 3/3]
      8    3.556 ms  ×2^6     C=    —     [<floor] [trial 3/3]
     16   24.778 ms  ×2^3     C=    —     [<floor] [trial 3/3]
     32  443.518 ms  ×2^0     C=    —     [<floor] [trial 3/3]
     64    3.894 s   ×2^0     C=14853.258 [trial 3/3]
  verdict: inconclusive (cMin=—, cMax=—, β=—)
  per-spawn floor (harness self-measurement): 45.102 ms
  peak RSS: 61_088 kB..67_780 kB (across 15 ok row(s))
  trial summaries (3 trials per param; spread = (max-min)/median):
    param  trials  median      min         max         spread  
       64  3/3       3.894 s     2.260 s     6.632 s   112.298%
        4  1/3     547.857 µs  547.857 µs  547.857 µs  0.000%  
  ‼ 11/15 ok rows were below 10.000× the per-spawn floor; those rungs are excluded from the verdict. Drop the smallest params from the declared `paramSchedule := .custom #[...]` array to skip the cold regime if the trimmed warmup isn't enough.
  ‼ only 2 verdict-eligible row(s) survived warmup-trim + signal-floor filter; the verdict is below resolution. Lower `--warmup-fraction`, extend the declared `paramSchedule := .custom #[...]` array with larger params.

Hex.RowReduceBench.Field.rat32DeficientInverse    expected complexity: n ^ 3    [warm cache]
  env: lean=4.34.0-rc2, os=linux, arch=x86_64, commit=f566403-dirty, 2026-09-12T21:03:53Z, host=chungus2
  param  per-call    repeats  C
      4   95.423 µs  ×2^11    C=   —     [<floor] [trial 1/3]
      8    1.241 ms  ×2^6     C=   —     [<floor] [trial 1/3]
     16   23.029 ms  ×2^4     C=   —     [<floor] [trial 1/3]
     32  121.020 ms  ×2^0     C=   —     [<floor] [trial 1/3]
     64    2.288 s   ×2^0     C=4043.465 [trial 1/3]
      4  244.431 µs  ×2^11    C=   —     [<floor] [trial 2/3]
      8  955.050 µs  ×2^7     C=   —     [<floor] [trial 2/3]
     16   17.248 ms  ×2^4     C=   —     [<floor] [trial 2/3]
     32  217.776 ms  ×2^1     C=   —     [<floor] [trial 2/3]
     64    1.060 s   ×2^0     C=4043.465 [trial 2/3]
      4  102.686 µs  ×2^11    C=   —     [<floor] [trial 3/3]
      8    3.894 ms  ×2^5     C=   —     [<floor] [trial 3/3]
     16   38.390 ms  ×2^4     C=   —     [<floor] [trial 3/3]
     32  274.547 ms  ×2^0     C=   —     [<floor] [trial 3/3]
     64  994.428 ms  ×2^0     C=4043.465 [trial 3/3]
  verdict: inconclusive (cMin=—, cMax=—, β=—)
  per-spawn floor (harness self-measurement): 92.361 ms
  peak RSS: 60_860 kB..67_792 kB (across 15 ok row(s))
  trial summaries (3 trials per param; spread = (max-min)/median):
    param  trials  median   min         max      spread  
       64  3/3     1.060 s  994.428 ms  2.288 s  122.061%
  ‼ 12/15 ok rows were below 10.000× the per-spawn floor; those rungs are excluded from the verdict. Drop the smallest params from the declared `paramSchedule := .custom #[...]` array to skip the cold regime if the trimmed warmup isn't enough.
  ‼ only 1 verdict-eligible row(s) survived warmup-trim + signal-floor filter; the verdict is below resolution. Lower `--warmup-fraction`, extend the declared `paramSchedule := .custom #[...]` array with larger params.

Hex.RowReduceBench.Field.rat32HalfSolve    expected complexity: n ^ 3    [warm cache]
  env: lean=4.34.0-rc2, os=linux, arch=x86_64, commit=f566403-dirty, 2026-09-12T21:04:15Z, host=chungus2
  param  per-call    repeats  C
      4  143.889 µs  ×2^10    C=   —     [<floor] [trial 1/3]
      8  969.828 µs  ×2^7     C=   —     [<floor] [trial 1/3]
     16   15.014 ms  ×2^4     C=   —     [<floor] [trial 1/3]
     32   67.221 ms  ×2^1     C=   —     [<floor] [trial 1/3]
     64  859.929 ms  ×2^0     C=7574.338 [<floor] [trial 1/3]
      4  162.913 µs  ×2^10    C=   —     [<floor] [trial 2/3]
      8    1.323 ms  ×2^7     C=   —     [<floor] [trial 2/3]
     16    7.070 ms  ×2^4     C=   —     [<floor] [trial 2/3]
     32  105.450 ms  ×2^1     C=   —     [<floor] [trial 2/3]
     64  926.348 ms  ×2^0     C=7574.338 [<floor] [trial 2/3]
      4  193.796 µs  ×2^10    C=   —     [<floor] [trial 3/3]
      8  946.149 µs  ×2^7     C=   —     [<floor] [trial 3/3]
     16    8.188 ms  ×2^4     C=   —     [<floor] [trial 3/3]
     32   94.057 ms  ×2^1     C=   —     [<floor] [trial 3/3]
     64    1.986 s   ×2^0     C=7574.338 [trial 3/3]
  verdict: inconclusive (cMin=—, cMax=—, β=—)
  per-spawn floor (harness self-measurement): 144.328 ms
  peak RSS: 60_736 kB..66_896 kB (across 15 ok row(s))
  trial summaries (3 trials per param; spread = (max-min)/median):
    param  trials  median   min      max      spread
       64  1/3     1.986 s  1.986 s  1.986 s  0.000%
  ‼ 14/15 ok rows were below 10.000× the per-spawn floor; those rungs are excluded from the verdict. Drop the smallest params from the declared `paramSchedule := .custom #[...]` array to skip the cold regime if the trimmed warmup isn't enough.
  ‼ only 1 verdict-eligible row(s) survived warmup-trim + signal-floor filter; the verdict is below resolution. Lower `--warmup-fraction`, extend the declared `paramSchedule := .custom #[...]` array with larger params.

Hex.RowReduceBench.Field.rat32HalfOption    expected complexity: n ^ 3    [warm cache]
  env: lean=4.34.0-rc2, os=linux, arch=x86_64, commit=f566403-dirty, 2026-09-12T21:04:27Z, host=chungus2
  param  per-call    repeats  C
      4  130.850 µs  ×2^10    C=   —     [<floor] [trial 1/3]
      8    1.122 ms  ×2^7     C=   —     [<floor] [trial 1/3]
     16    7.308 ms  ×2^4     C=   —     [<floor] [trial 1/3]
     32   66.200 ms  ×2^1     C=   —     [<floor] [trial 1/3]
     64  873.296 ms  ×2^0     C=5657.727 [trial 1/3]
      4  156.563 µs  ×2^10    C=   —     [<floor] [trial 2/3]
      8    1.289 ms  ×2^7     C=   —     [<floor] [trial 2/3]
     16   14.932 ms  ×2^4     C=   —     [<floor] [trial 2/3]
     32  105.656 ms  ×2^0     C=   —     [<floor] [trial 2/3]
     64    1.932 s   ×2^0     C=5657.727 [trial 2/3]
      4  152.638 µs  ×2^10    C=   —     [<floor] [trial 3/3]
      8    1.264 ms  ×2^7     C=   —     [<floor] [trial 3/3]
     16    7.537 ms  ×2^4     C=   —     [<floor] [trial 3/3]
     32   77.910 ms  ×2^1     C=   —     [<floor] [trial 3/3]
     64    1.483 s   ×2^0     C=5657.727 [trial 3/3]
  verdict: inconclusive (cMin=—, cMax=—, β=—)
  per-spawn floor (harness self-measurement): 50.995 ms
  peak RSS: 60_676 kB..66_144 kB (across 15 ok row(s))
  trial summaries (3 trials per param; spread = (max-min)/median):
    param  trials  median   min         max      spread 
       64  3/3     1.483 s  873.296 ms  1.932 s  71.389%
  ‼ 12/15 ok rows were below 10.000× the per-spawn floor; those rungs are excluded from the verdict. Drop the smallest params from the declared `paramSchedule := .custom #[...]` array to skip the cold regime if the trimmed warmup isn't enough.
  ‼ only 1 verdict-eligible row(s) survived warmup-trim + signal-floor filter; the verdict is below resolution. Lower `--warmup-fraction`, extend the declared `paramSchedule := .custom #[...]` array with larger params.

Hex.RowReduceBench.Field.rat32HalfInverse    expected complexity: n ^ 3    [warm cache]
  env: lean=4.34.0-rc2, os=linux, arch=x86_64, commit=f566403-dirty, 2026-09-12T21:04:38Z, host=chungus2
  param  per-call    repeats  C
      4  110.142 µs  ×2^12    C=— [<floor] [trial 1/3]
      8  812.499 µs  ×2^7     C=— [<floor] [trial 1/3]
     16    7.340 ms  ×2^5     C=— [<floor] [trial 1/3]
     32   31.084 ms  ×2^2     C=— [<floor] [trial 1/3]
     64  504.994 ms  ×2^0     C=— [<floor] [trial 1/3]
      4   99.925 µs  ×2^12    C=— [<floor] [trial 2/3]
      8  993.967 µs  ×2^7     C=— [<floor] [trial 2/3]
     16    3.602 ms  ×2^5     C=— [<floor] [trial 2/3]
     32   38.017 ms  ×2^2     C=— [<floor] [trial 2/3]
     64  993.119 ms  ×2^0     C=— [<floor] [trial 2/3]
      4  161.390 µs  ×2^9     C=— [<floor] [trial 3/3]
      8  462.513 µs  ×2^9     C=— [<floor] [trial 3/3]
     16    6.261 ms  ×2^5     C=— [<floor] [trial 3/3]
     32   49.447 ms  ×2^2     C=— [<floor] [trial 3/3]
     64  237.623 ms  ×2^0     C=— [<floor] [trial 3/3]
  verdict: inconclusive (cMin=—, cMax=—, β=—)
  per-spawn floor (harness self-measurement): 284.269 ms
  peak RSS: 62_044 kB..67_520 kB (across 15 ok row(s))
  ‼ every measurement was below 10.000× the per-spawn floor (per-spawn floor ≈ 284.269 ms); the function is too fast for child-process measurement at the configured params. Try the following: extend the declared `paramSchedule := .custom #[...]` array with larger params, wrap the function in a hot inner loop, or use `setup_fixed_benchmark` for a single-shot reading.
  ‼ only 0 verdict-eligible row(s) survived warmup-trim + signal-floor filter; the verdict is below resolution. Lower `--warmup-fraction`, extend the declared `paramSchedule := .custom #[...]` array with larger params.

Hex.RowReduceBench.Field.rat32DeficientErrorSolve    expected complexity: n ^ 3    [warm cache]
  env: lean=4.34.0-rc2, os=linux, arch=x86_64, commit=f566403-dirty, 2026-09-12T21:04:46Z, host=chungus2
  param  per-call    repeats  C
      4  125.932 µs  ×2^11    C=   —     [<floor] [trial 1/3]
      8    1.901 ms  ×2^4     C=   —     [<floor] [trial 1/3]
     16   10.050 ms  ×2^4     C=   —     [<floor] [trial 1/3]
     32   85.456 ms  ×2^1     C=   —     [<floor] [trial 1/3]
     64    1.137 s   ×2^0     C=4336.899 [trial 1/3]
      4  165.514 µs  ×2^11    C=   —     [<floor] [trial 2/3]
      8    1.202 ms  ×2^6     C=   —     [<floor] [trial 2/3]
     16   12.642 ms  ×2^4     C=   —     [<floor] [trial 2/3]
     32  135.871 ms  ×2^0     C=   —     [<floor] [trial 2/3]
     64    1.259 s   ×2^0     C=4336.899 [trial 2/3]
      4  122.463 µs  ×2^11    C=   —     [<floor] [trial 3/3]
      8    1.031 ms  ×2^7     C=   —     [<floor] [trial 3/3]
     16   14.228 ms  ×2^4     C=   —     [<floor] [trial 3/3]
     32  181.163 ms  ×2^0     C=   —     [<floor] [trial 3/3]
     64    1.062 s   ×2^0     C=4336.899 [trial 3/3]
  verdict: inconclusive (cMin=—, cMax=—, β=—)
  per-spawn floor (harness self-measurement): 101.108 ms
  peak RSS: 61_056 kB..66_672 kB (across 15 ok row(s))
  trial summaries (3 trials per param; spread = (max-min)/median):
    param  trials  median   min      max      spread 
       64  3/3     1.137 s  1.062 s  1.259 s  17.316%
  ‼ 12/15 ok rows were below 10.000× the per-spawn floor; those rungs are excluded from the verdict. Drop the smallest params from the declared `paramSchedule := .custom #[...]` array to skip the cold regime if the trimmed warmup isn't enough.
  ‼ only 1 verdict-eligible row(s) survived warmup-trim + signal-floor filter; the verdict is below resolution. Lower `--warmup-fraction`, extend the declared `paramSchedule := .custom #[...]` array with larger params.

Hex.RowReduceBench.Field.rat32DeficientErrorOption    expected complexity: n ^ 3    [warm cache]
  env: lean=4.34.0-rc2, os=linux, arch=x86_64, commit=f566403-dirty, 2026-09-12T21:05:01Z, host=chungus2
  param  per-call    repeats  C
      4  148.436 µs  ×2^11    C=   —     [<floor] [trial 1/3]
      8    1.247 ms  ×2^7     C=   —     [<floor] [trial 1/3]
     16   10.005 ms  ×2^4     C=   —     [<floor] [trial 1/3]
     32  188.811 ms  ×2^0     C=   —     [<floor] [trial 1/3]
     64    1.199 s   ×2^0     C=4500.072 [trial 1/3]
      4  212.769 µs  ×2^11    C=   —     [<floor] [trial 2/3]
      8    1.203 ms  ×2^7     C=   —     [<floor] [trial 2/3]
     16   13.361 ms  ×2^4     C=   —     [<floor] [trial 2/3]
     32  216.632 ms  ×2^0     C=   —     [<floor] [trial 2/3]
     64    1.160 s   ×2^0     C=4500.072 [trial 2/3]
      4  139.660 µs  ×2^11    C=   —     [<floor] [trial 3/3]
      8    1.164 ms  ×2^7     C=   —     [<floor] [trial 3/3]
     16   15.011 ms  ×2^4     C=   —     [<floor] [trial 3/3]
     32  108.876 ms  ×2^0     C=   —     [<floor] [trial 3/3]
     64  765.336 ms  ×2^0     C=4500.072 [<floor] [trial 3/3]
  verdict: inconclusive (cMin=—, cMax=—, β=—)
  per-spawn floor (harness self-measurement): 84.154 ms
  peak RSS: 60_364 kB..66_160 kB (across 15 ok row(s))
  trial summaries (3 trials per param; spread = (max-min)/median):
    param  trials  median   min      max      spread
       64  2/3     1.180 s  1.160 s  1.199 s  3.274%
  ‼ 13/15 ok rows were below 10.000× the per-spawn floor; those rungs are excluded from the verdict. Drop the smallest params from the declared `paramSchedule := .custom #[...]` array to skip the cold regime if the trimmed warmup isn't enough.
  ‼ only 1 verdict-eligible row(s) survived warmup-trim + signal-floor filter; the verdict is below resolution. Lower `--warmup-fraction`, extend the declared `paramSchedule := .custom #[...]` array with larger params.

Hex.RowReduceBench.Field.rat32HalfErrorSolve    expected complexity: n ^ 3    [warm cache]
  env: lean=4.34.0-rc2, os=linux, arch=x86_64, commit=f566403-dirty, 2026-09-12T21:05:18Z, host=chungus2
  param  per-call    repeats  C
      4   68.708 µs  ×2^11    C=— [<floor] [trial 1/3]
      8  470.615 µs  ×2^8     C=— [<floor] [trial 1/3]
     16    3.548 ms  ×2^5     C=— [<floor] [trial 1/3]
     32   30.168 ms  ×2^2     C=— [<floor] [trial 1/3]
     64  648.259 ms  ×2^0     C=— [<floor] [trial 1/3]
      4  100.417 µs  ×2^11    C=— [<floor] [trial 2/3]
      8  603.401 µs  ×2^8     C=— [<floor] [trial 2/3]
     16    5.694 ms  ×2^5     C=— [<floor] [trial 2/3]
     32   45.402 ms  ×2^2     C=— [<floor] [trial 2/3]
     64  377.296 ms  ×2^0     C=— [<floor] [trial 2/3]
      4   69.303 µs  ×2^11    C=— [<floor] [trial 3/3]
      8    1.021 ms  ×2^8     C=— [<floor] [trial 3/3]
     16    6.696 ms  ×2^5     C=— [<floor] [trial 3/3]
     32   49.271 ms  ×2^2     C=— [<floor] [trial 3/3]
     64  331.697 ms  ×2^0     C=— [<floor] [trial 3/3]
  verdict: inconclusive (cMin=—, cMax=—, β=—)
  per-spawn floor (harness self-measurement): 106.120 ms
  peak RSS: 60_032 kB..66_104 kB (across 15 ok row(s))
  ‼ every measurement was below 10.000× the per-spawn floor (per-spawn floor ≈ 106.120 ms); the function is too fast for child-process measurement at the configured params. Try the following: extend the declared `paramSchedule := .custom #[...]` array with larger params, wrap the function in a hot inner loop, or use `setup_fixed_benchmark` for a single-shot reading.
  ‼ only 0 verdict-eligible row(s) survived warmup-trim + signal-floor filter; the verdict is below resolution. Lower `--warmup-fraction`, extend the declared `paramSchedule := .custom #[...]` array with larger params.

Hex.RowReduceBench.Field.rat32HalfErrorOption    expected complexity: n ^ 3    [warm cache]
  env: lean=4.34.0-rc2, os=linux, arch=x86_64, commit=f566403-dirty, 2026-09-12T21:05:26Z, host=chungus2
  param  per-call    repeats  C
      4   70.033 µs  ×2^11    C=— [<floor] [trial 1/3]
      8  571.969 µs  ×2^8     C=— [<floor] [trial 1/3]
     16    3.864 ms  ×2^5     C=— [<floor] [trial 1/3]
     32   31.297 ms  ×2^2     C=— [<floor] [trial 1/3]
     64  679.791 ms  ×2^0     C=— [<floor] [trial 1/3]
      4  114.524 µs  ×2^11    C=— [<floor] [trial 2/3]
      8  506.243 µs  ×2^8     C=— [<floor] [trial 2/3]
     16    4.165 ms  ×2^5     C=— [<floor] [trial 2/3]
     32   58.877 ms  ×2^1     C=— [<floor] [trial 2/3]
     64  468.128 ms  ×2^0     C=— [<floor] [trial 2/3]
      4   84.978 µs  ×2^11    C=— [<floor] [trial 3/3]
      8  581.216 µs  ×2^8     C=— [<floor] [trial 3/3]
     16    6.995 ms  ×2^3     C=— [<floor] [trial 3/3]
     32   33.783 ms  ×2^2     C=— [<floor] [trial 3/3]
     64  254.085 ms  ×2^0     C=— [<floor] [trial 3/3]
  verdict: inconclusive (cMin=—, cMax=—, β=—)
  per-spawn floor (harness self-measurement): 110.609 ms
  peak RSS: 59_880 kB..66_076 kB (across 15 ok row(s))
  ‼ every measurement was below 10.000× the per-spawn floor (per-spawn floor ≈ 110.609 ms); the function is too fast for child-process measurement at the configured params. Try the following: extend the declared `paramSchedule := .custom #[...]` array with larger params, wrap the function in a hot inner loop, or use `setup_fixed_benchmark` for a single-shot reading.
  ‼ only 0 verdict-eligible row(s) survived warmup-trim + signal-floor filter; the verdict is below resolution. Lower `--warmup-fraction`, extend the declared `paramSchedule := .custom #[...]` array with larger params.

Hex.RowReduceBench.Field.rat32TallSolve    expected complexity: n ^ 3    [warm cache]
  env: lean=4.34.0-rc2, os=linux, arch=x86_64, commit=f566403-dirty, 2026-09-12T21:05:33Z, host=chungus2
  param  per-call    repeats  C
      4  729.149 µs  ×2^8     C=    —     [<floor] [trial 1/3]
      8    5.872 ms  ×2^5     C=    —     [<floor] [trial 1/3]
     16   45.674 ms  ×2^2     C=    —     [<floor] [trial 1/3]
     32  445.429 ms  ×2^0     C=    —     [<floor] [trial 1/3]
     64    4.753 s   ×2^0     C=21429.352 [trial 1/3]
      4  839.659 µs  ×2^7     C=    —     [<floor] [trial 2/3]
      8    6.563 ms  ×2^5     C=    —     [<floor] [trial 2/3]
     16   45.157 ms  ×2^2     C=    —     [<floor] [trial 2/3]
     32  411.260 ms  ×2^0     C=    —     [<floor] [trial 2/3]
     64    5.618 s   ×2^0     C=21429.352 [trial 2/3]
      4  919.666 µs  ×2^6     C=    —     [<floor] [trial 3/3]
      8    5.798 ms  ×2^5     C=    —     [<floor] [trial 3/3]
     16  102.718 ms  ×2^1     C=    —     [<floor] [trial 3/3]
     32  652.284 ms  ×2^0     C=    —     [<floor] [trial 3/3]
     64    5.668 s   ×2^0     C=21429.352 [trial 3/3]
  verdict: inconclusive (cMin=—, cMax=—, β=—)
  per-spawn floor (harness self-measurement): 65.510 ms
  peak RSS: 60_080 kB..67_028 kB (across 15 ok row(s))
  trial summaries (3 trials per param; spread = (max-min)/median):
    param  trials  median   min      max      spread 
       64  3/3     5.618 s  4.753 s  5.668 s  16.289%
  ‼ 12/15 ok rows were below 10.000× the per-spawn floor; those rungs are excluded from the verdict. Drop the smallest params from the declared `paramSchedule := .custom #[...]` array to skip the cold regime if the trimmed warmup isn't enough.
  ‼ only 1 verdict-eligible row(s) survived warmup-trim + signal-floor filter; the verdict is below resolution. Lower `--warmup-fraction`, extend the declared `paramSchedule := .custom #[...]` array with larger params.

Hex.RowReduceBench.Field.rat32TallOption    expected complexity: n ^ 3    [warm cache]
  env: lean=4.34.0-rc2, os=linux, arch=x86_64, commit=f566403-dirty, 2026-09-12T21:06:10Z, host=chungus2
  param  per-call    repeats  C
      4  905.740 µs  ×2^8     C=    —     [<floor] [trial 1/3]
      8    5.960 ms  ×2^4     C=    —     [<floor] [trial 1/3]
     16   42.996 ms  ×2^2     C=    —     [<floor] [trial 1/3]
     32  841.210 ms  ×2^0     C=    —     [<floor] [trial 1/3]
     64    4.566 s   ×2^0     C=17419.314 [trial 1/3]
      4  802.066 µs  ×2^7     C=    —     [<floor] [trial 2/3]
      8    5.206 ms  ×2^4     C=    —     [<floor] [trial 2/3]
     16   48.578 ms  ×2^2     C=    —     [<floor] [trial 2/3]
     32  377.171 ms  ×2^0     C=    —     [<floor] [trial 2/3]
     64    4.036 s   ×2^0     C=17419.314 [trial 2/3]
      4  705.187 µs  ×2^8     C=    —     [<floor] [trial 3/3]
      8    5.314 ms  ×2^5     C=    —     [<floor] [trial 3/3]
     16   43.741 ms  ×2^2     C=    —     [<floor] [trial 3/3]
     32  339.675 ms  ×2^0     C=    —     [<floor] [trial 3/3]
     64    6.589 s   ×2^0     C=17419.314 [trial 3/3]
  verdict: inconclusive (cMin=—, cMax=—, β=—)
  per-spawn floor (harness self-measurement): 110.497 ms
  peak RSS: 60_704 kB..66_168 kB (across 15 ok row(s))
  trial summaries (3 trials per param; spread = (max-min)/median):
    param  trials  median   min      max      spread 
       64  3/3     4.566 s  4.036 s  6.589 s  55.918%
  ‼ 12/15 ok rows were below 10.000× the per-spawn floor; those rungs are excluded from the verdict. Drop the smallest params from the declared `paramSchedule := .custom #[...]` array to skip the cold regime if the trimmed warmup isn't enough.
  ‼ only 1 verdict-eligible row(s) survived warmup-trim + signal-floor filter; the verdict is below resolution. Lower `--warmup-fraction`, extend the declared `paramSchedule := .custom #[...]` array with larger params.

Hex.RowReduceBench.Field.rat32WideSolve    expected complexity: n ^ 3    [warm cache]
  env: lean=4.34.0-rc2, os=linux, arch=x86_64, commit=f566403-dirty, 2026-09-12T21:06:49Z, host=chungus2
  param  per-call    repeats  C
      4  505.756 µs  ×2^8     C=    —     [<floor] [trial 1/3]
      8    4.071 ms  ×2^5     C=    —     [<floor] [trial 1/3]
     16   32.665 ms  ×2^2     C=    —     [<floor] [trial 1/3]
     32  385.819 ms  ×2^0     C=    —     [<floor] [trial 1/3]
     64    3.136 s   ×2^0     C=10593.882 [trial 1/3]
      4  541.623 µs  ×2^8     C=    —     [<floor] [trial 2/3]
      8    4.422 ms  ×2^5     C=    —     [<floor] [trial 2/3]
     16   42.867 ms  ×2^2     C=    —     [<floor] [trial 2/3]
     32  504.869 ms  ×2^0     C=    —     [<floor] [trial 2/3]
     64    2.777 s   ×2^0     C=10593.882 [trial 2/3]
      4  562.238 µs  ×2^8     C=    —     [<floor] [trial 3/3]
      8    4.198 ms  ×2^5     C=    —     [<floor] [trial 3/3]
     16   33.870 ms  ×2^2     C=    —     [<floor] [trial 3/3]
     32  299.573 ms  ×2^0     C=    —     [<floor] [trial 3/3]
     64    2.686 s   ×2^0     C=10593.882 [trial 3/3]
  verdict: inconclusive (cMin=—, cMax=—, β=—)
  per-spawn floor (harness self-measurement): 129.292 ms
  peak RSS: 59_852 kB..67_380 kB (across 15 ok row(s))
  trial summaries (3 trials per param; spread = (max-min)/median):
    param  trials  median   min      max      spread 
       64  3/3     2.777 s  2.686 s  3.136 s  16.213%
  ‼ 12/15 ok rows were below 10.000× the per-spawn floor; those rungs are excluded from the verdict. Drop the smallest params from the declared `paramSchedule := .custom #[...]` array to skip the cold regime if the trimmed warmup isn't enough.
  ‼ only 1 verdict-eligible row(s) survived warmup-trim + signal-floor filter; the verdict is below resolution. Lower `--warmup-fraction`, extend the declared `paramSchedule := .custom #[...]` array with larger params.

Hex.RowReduceBench.Field.rat32WideOption    expected complexity: n ^ 3    [warm cache]
  env: lean=4.34.0-rc2, os=linux, arch=x86_64, commit=f566403-dirty, 2026-09-12T21:07:13Z, host=chungus2
  param  per-call    repeats  C
      4  550.984 µs  ×2^8     C=    —     [<floor] [trial 1/3]
      8    6.595 ms  ×2^5     C=    —     [<floor] [trial 1/3]
     16   42.523 ms  ×2^2     C=    —     [<floor] [trial 1/3]
     32  326.689 ms  ×2^0     C=    —     [<floor] [trial 1/3]
     64    3.563 s   ×2^0     C=12980.800 [trial 1/3]
      4  696.119 µs  ×2^8     C=    —     [<floor] [trial 2/3]
      8    5.644 ms  ×2^5     C=    —     [<floor] [trial 2/3]
     16   66.219 ms  ×2^2     C=    —     [<floor] [trial 2/3]
     32  509.678 ms  ×2^0     C=    —     [<floor] [trial 2/3]
     64    2.758 s   ×2^0     C=12980.800 [trial 2/3]
      4  460.738 µs  ×2^8     C=    —     [<floor] [trial 3/3]
      8    4.767 ms  ×2^5     C=    —     [<floor] [trial 3/3]
     16   34.879 ms  ×2^2     C=    —     [<floor] [trial 3/3]
     32  293.730 ms  ×2^0     C=    —     [<floor] [trial 3/3]
     64    3.403 s   ×2^0     C=12980.800 [trial 3/3]
  verdict: inconclusive (cMin=—, cMax=—, β=—)
  per-spawn floor (harness self-measurement): 102.426 ms
  peak RSS: 60_208 kB..65_200 kB (across 15 ok row(s))
  trial summaries (3 trials per param; spread = (max-min)/median):
    param  trials  median   min      max      spread 
       64  3/3     3.403 s  2.758 s  3.563 s  23.639%
  ‼ 12/15 ok rows were below 10.000× the per-spawn floor; those rungs are excluded from the verdict. Drop the smallest params from the declared `paramSchedule := .custom #[...]` array to skip the cold regime if the trimmed warmup isn't enough.
  ‼ only 1 verdict-eligible row(s) survived warmup-trim + signal-floor filter; the verdict is below resolution. Lower `--warmup-fraction`, extend the declared `paramSchedule := .custom #[...]` array with larger params.

Hex.RowReduceBench.Field.rat128FullSolve    expected complexity: n ^ 3    [warm cache]
  env: lean=4.34.0-rc2, os=linux, arch=x86_64, commit=f566403-dirty, 2026-09-12T21:07:38Z, host=chungus2
  param  per-call    repeats  C
      4  584.812 µs  ×2^8     C=   —     [<floor] [trial 1/3]
      8    4.704 ms  ×2^5     C=   —     [<floor] [trial 1/3]
     16   34.830 ms  ×2^2     C=   —     [<floor] [trial 1/3]
     32  251.726 ms  ×2^0     C=   —     [<floor] [trial 1/3]
     64    2.329 s   ×2^0     C=8883.331 [trial 1/3]
      4  600.091 µs  ×2^8     C=   —     [<floor] [trial 2/3]
      8    4.322 ms  ×2^5     C=   —     [<floor] [trial 2/3]
     16   30.403 ms  ×2^2     C=   —     [<floor] [trial 2/3]
     32  234.096 ms  ×2^0     C=   —     [<floor] [trial 2/3]
     64    2.119 s   ×2^0     C=8883.331 [trial 2/3]
      4  478.569 µs  ×2^8     C=   —     [<floor] [trial 3/3]
      8    5.268 ms  ×2^5     C=   —     [<floor] [trial 3/3]
     16   30.726 ms  ×2^2     C=   —     [<floor] [trial 3/3]
     32  235.679 ms  ×2^0     C=   —     [<floor] [trial 3/3]
     64    3.031 s   ×2^0     C=8883.331 [trial 3/3]
  verdict: inconclusive (cMin=—, cMax=—, β=—)
  per-spawn floor (harness self-measurement): 156.624 ms
  peak RSS: 60_452 kB..67_400 kB (across 15 ok row(s))
  trial summaries (3 trials per param; spread = (max-min)/median):
    param  trials  median   min      max      spread 
       64  3/3     2.329 s  2.119 s  3.031 s  39.171%
  ‼ 12/15 ok rows were below 10.000× the per-spawn floor; those rungs are excluded from the verdict. Drop the smallest params from the declared `paramSchedule := .custom #[...]` array to skip the cold regime if the trimmed warmup isn't enough.
  ‼ only 1 verdict-eligible row(s) survived warmup-trim + signal-floor filter; the verdict is below resolution. Lower `--warmup-fraction`, extend the declared `paramSchedule := .custom #[...]` array with larger params.

Hex.RowReduceBench.Field.rat128FullOption    expected complexity: n ^ 3    [warm cache]
  env: lean=4.34.0-rc2, os=linux, arch=x86_64, commit=f566403-dirty, 2026-09-12T21:07:57Z, host=chungus2
  param  per-call    repeats  C
      4  466.347 µs  ×2^6     C=    —     [<floor] [trial 1/3]
      8    3.972 ms  ×2^5     C=    —     [<floor] [trial 1/3]
     16   37.181 ms  ×2^2     C=    —     [<floor] [trial 1/3]
     32  374.825 ms  ×2^0     C=    —     [<floor] [trial 1/3]
     64    2.724 s   ×2^0     C=10391.931 [trial 1/3]
      4  467.272 µs  ×2^8     C=    —     [<floor] [trial 2/3]
      8    4.665 ms  ×2^5     C=    —     [<floor] [trial 2/3]
     16   42.181 ms  ×2^2     C=    —     [<floor] [trial 2/3]
     32  392.061 ms  ×2^0     C=    —     [<floor] [trial 2/3]
     64    2.807 s   ×2^0     C=10391.931 [trial 2/3]
      4  468.255 µs  ×2^8     C=    —     [<floor] [trial 3/3]
      8    3.993 ms  ×2^5     C=    —     [<floor] [trial 3/3]
     16   30.045 ms  ×2^2     C=    —     [<floor] [trial 3/3]
     32  262.249 ms  ×2^0     C=    —     [<floor] [trial 3/3]
     64    2.710 s   ×2^0     C=10391.931 [trial 3/3]
  verdict: inconclusive (cMin=—, cMax=—, β=—)
  per-spawn floor (harness self-measurement): 78.796 ms
  peak RSS: 60_056 kB..66_624 kB (across 15 ok row(s))
  trial summaries (3 trials per param; spread = (max-min)/median):
    param  trials  median   min      max      spread
       64  3/3     2.724 s  2.710 s  2.807 s  3.576%
  ‼ 12/15 ok rows were below 10.000× the per-spawn floor; those rungs are excluded from the verdict. Drop the smallest params from the declared `paramSchedule := .custom #[...]` array to skip the cold regime if the trimmed warmup isn't enough.
  ‼ only 1 verdict-eligible row(s) survived warmup-trim + signal-floor filter; the verdict is below resolution. Lower `--warmup-fraction`, extend the declared `paramSchedule := .custom #[...]` array with larger params.

Hex.RowReduceBench.Field.rat128FullInverse    expected complexity: n ^ 3    [warm cache]
  env: lean=4.34.0-rc2, os=linux, arch=x86_64, commit=f566403-dirty, 2026-09-12T21:08:19Z, host=chungus2
  param  per-call    repeats  C
      4  255.439 µs  ×2^10    C=   —     [<floor] [trial 1/3]
      8    1.870 ms  ×2^6     C=   —     [<floor] [trial 1/3]
     16   15.061 ms  ×2^3     C=   —     [<floor] [trial 1/3]
     32  265.822 ms  ×2^0     C=   —     [<floor] [trial 1/3]
     64    1.159 s   ×2^0     C=6224.543 [trial 1/3]
      4  246.953 µs  ×2^10    C=   —     [<floor] [trial 2/3]
      8    2.682 ms  ×2^7     C=   —     [<floor] [trial 2/3]
     16   23.834 ms  ×2^3     C=   —     [<floor] [trial 2/3]
     32  231.344 ms  ×2^0     C=   —     [<floor] [trial 2/3]
     64    1.713 s   ×2^0     C=6224.543 [trial 2/3]
      4  338.279 µs  ×2^10    C=   —     [<floor] [trial 3/3]
      8    1.928 ms  ×2^6     C=   —     [<floor] [trial 3/3]
     16   15.192 ms  ×2^3     C=   —     [<floor] [trial 3/3]
     32  229.011 ms  ×2^0     C=   —     [<floor] [trial 3/3]
     64    1.632 s   ×2^0     C=6224.543 [trial 3/3]
  verdict: inconclusive (cMin=—, cMax=—, β=—)
  per-spawn floor (harness self-measurement): 90.254 ms
  peak RSS: 61_204 kB..66_688 kB (across 15 ok row(s))
  trial summaries (3 trials per param; spread = (max-min)/median):
    param  trials  median   min      max      spread 
       64  3/3     1.632 s  1.159 s  1.713 s  33.957%
  ‼ 12/15 ok rows were below 10.000× the per-spawn floor; those rungs are excluded from the verdict. Drop the smallest params from the declared `paramSchedule := .custom #[...]` array to skip the cold regime if the trimmed warmup isn't enough.
  ‼ only 1 verdict-eligible row(s) survived warmup-trim + signal-floor filter; the verdict is below resolution. Lower `--warmup-fraction`, extend the declared `paramSchedule := .custom #[...]` array with larger params.

Hex.RowReduceBench.Field.rat128DeficientSolve    expected complexity: n ^ 3    [warm cache]
  env: lean=4.34.0-rc2, os=linux, arch=x86_64, commit=f566403-dirty, 2026-09-12T21:08:42Z, host=chungus2
  param  per-call    repeats  C
      4  428.487 µs  ×2^9     C=    —     [<floor] [trial 1/3]
      8    3.268 ms  ×2^6     C=    —     [<floor] [trial 1/3]
     16   27.253 ms  ×2^2     C=    —     [<floor] [trial 1/3]
     32  218.318 ms  ×2^0     C=    —     [<floor] [trial 1/3]
     64    3.708 s   ×2^0     C=14143.672 [trial 1/3]
      4  310.597 µs  ×2^9     C=    —     [<floor] [trial 2/3]
      8    4.531 ms  ×2^6     C=    —     [<floor] [trial 2/3]
     16   29.095 ms  ×2^2     C=    —     [<floor] [trial 2/3]
     32  356.271 ms  ×2^0     C=    —     [<floor] [trial 2/3]
     64    4.092 s   ×2^0     C=14143.672 [trial 2/3]
      4  319.274 µs  ×2^8     C=    —     [<floor] [trial 3/3]
      8    2.916 ms  ×2^6     C=    —     [<floor] [trial 3/3]
     16   31.142 ms  ×2^3     C=    —     [<floor] [trial 3/3]
     32  232.060 ms  ×2^0     C=    —     [<floor] [trial 3/3]
     64    3.359 s   ×2^0     C=14143.672 [trial 3/3]
  verdict: inconclusive (cMin=—, cMax=—, β=—)
  per-spawn floor (harness self-measurement): 184.065 ms
  peak RSS: 59_832 kB..66_284 kB (across 15 ok row(s))
  trial summaries (3 trials per param; spread = (max-min)/median):
    param  trials  median   min      max      spread 
       64  3/3     3.708 s  3.359 s  4.092 s  19.781%
  ‼ 12/15 ok rows were below 10.000× the per-spawn floor; those rungs are excluded from the verdict. Drop the smallest params from the declared `paramSchedule := .custom #[...]` array to skip the cold regime if the trimmed warmup isn't enough.
  ‼ only 1 verdict-eligible row(s) survived warmup-trim + signal-floor filter; the verdict is below resolution. Lower `--warmup-fraction`, extend the declared `paramSchedule := .custom #[...]` array with larger params.

Hex.RowReduceBench.Field.rat128DeficientOption    expected complexity: n ^ 3    [warm cache]
  env: lean=4.34.0-rc2, os=linux, arch=x86_64, commit=f566403-dirty, 2026-09-12T21:09:09Z, host=chungus2
  param  per-call    repeats  C
      4  255.237 µs  ×2^9     C=    —     [<floor] [trial 1/3]
      8    3.035 ms  ×2^6     C=    —     [<floor] [trial 1/3]
     16   44.551 ms  ×2^2     C=    —     [<floor] [trial 1/3]
     32  275.048 ms  ×2^0     C=    —     [<floor] [trial 1/3]
     64    3.976 s   ×2^0     C=14560.999 [trial 1/3]
      4  591.115 µs  ×2^9     C=    —     [<floor] [trial 2/3]
      8    6.730 ms  ×2^6     C=    —     [<floor] [trial 2/3]
     16   51.852 ms  ×2^3     C=    —     [<floor] [trial 2/3]
     32  308.436 ms  ×2^0     C=    —     [<floor] [trial 2/3]
     64    3.817 s   ×2^0     C=14560.999 [trial 2/3]
      4  260.071 µs  ×2^9     C=    —     [<floor] [trial 3/3]
      8    3.833 ms  ×2^6     C=    —     [<floor] [trial 3/3]
     16   51.303 ms  ×2^2     C=    —     [<floor] [trial 3/3]
     32  260.279 ms  ×2^0     C=    —     [<floor] [trial 3/3]
     64    2.616 s   ×2^0     C=14560.999 [trial 3/3]
  verdict: inconclusive (cMin=—, cMax=—, β=—)
  per-spawn floor (harness self-measurement): 118.147 ms
  peak RSS: 59_932 kB..67_196 kB (across 15 ok row(s))
  trial summaries (3 trials per param; spread = (max-min)/median):
    param  trials  median   min      max      spread 
       64  3/3     3.817 s  2.616 s  3.976 s  35.613%
  ‼ 12/15 ok rows were below 10.000× the per-spawn floor; those rungs are excluded from the verdict. Drop the smallest params from the declared `paramSchedule := .custom #[...]` array to skip the cold regime if the trimmed warmup isn't enough.
  ‼ only 1 verdict-eligible row(s) survived warmup-trim + signal-floor filter; the verdict is below resolution. Lower `--warmup-fraction`, extend the declared `paramSchedule := .custom #[...]` array with larger params.

Hex.RowReduceBench.Field.rat128DeficientInverse    expected complexity: n ^ 3    [warm cache]
  env: lean=4.34.0-rc2, os=linux, arch=x86_64, commit=f566403-dirty, 2026-09-12T21:09:35Z, host=chungus2
  param  per-call    repeats  C
      4  110.029 µs  ×2^10    C=   —     [<floor] [trial 1/3]
      8    1.428 ms  ×2^7     C=   —     [<floor] [trial 1/3]
     16   13.821 ms  ×2^3     C=   —     [<floor] [trial 1/3]
     32  112.085 ms  ×2^0     C=   —     [<floor] [trial 1/3]
     64    1.764 s   ×2^0     C=6727.997 [trial 1/3]
      4  129.839 µs  ×2^10    C=   —     [<floor] [trial 2/3]
      8    1.283 ms  ×2^7     C=   —     [<floor] [trial 2/3]
     16   13.566 ms  ×2^4     C=   —     [<floor] [trial 2/3]
     32  108.940 ms  ×2^0     C=   —     [<floor] [trial 2/3]
     64    1.540 s   ×2^0     C=6727.997 [trial 2/3]
      4  106.795 µs  ×2^10    C=   —     [<floor] [trial 3/3]
      8    1.712 ms  ×2^6     C=   —     [<floor] [trial 3/3]
     16   13.292 ms  ×2^4     C=   —     [<floor] [trial 3/3]
     32  173.824 ms  ×2^0     C=   —     [<floor] [trial 3/3]
     64    2.270 s   ×2^0     C=6727.997 [trial 3/3]
  verdict: inconclusive (cMin=—, cMax=—, β=—)
  per-spawn floor (harness self-measurement): 46.704 ms
  peak RSS: 59_524 kB..67_624 kB (across 15 ok row(s))
  trial summaries (3 trials per param; spread = (max-min)/median):
    param  trials  median   min      max      spread 
       64  3/3     1.764 s  1.540 s  2.270 s  41.378%
  ‼ 12/15 ok rows were below 10.000× the per-spawn floor; those rungs are excluded from the verdict. Drop the smallest params from the declared `paramSchedule := .custom #[...]` array to skip the cold regime if the trimmed warmup isn't enough.
  ‼ only 1 verdict-eligible row(s) survived warmup-trim + signal-floor filter; the verdict is below resolution. Lower `--warmup-fraction`, extend the declared `paramSchedule := .custom #[...]` array with larger params.

Hex.RowReduceBench.Field.rat128HalfSolve    expected complexity: n ^ 3    [warm cache]
  env: lean=4.34.0-rc2, os=linux, arch=x86_64, commit=f566403-dirty, 2026-09-12T21:09:54Z, host=chungus2
  param  per-call    repeats  C
      4  169.988 µs  ×2^10    C=   —     [<floor] [trial 1/3]
      8    1.994 ms  ×2^7     C=   —     [<floor] [trial 1/3]
     16   18.715 ms  ×2^3     C=   —     [<floor] [trial 1/3]
     32   88.945 ms  ×2^1     C=   —     [<floor] [trial 1/3]
     64  906.927 ms  ×2^0     C=3459.652 [trial 1/3]
      4  276.289 µs  ×2^10    C=   —     [<floor] [trial 2/3]
      8    1.288 ms  ×2^7     C=   —     [<floor] [trial 2/3]
     16   10.441 ms  ×2^4     C=   —     [<floor] [trial 2/3]
     32   92.162 ms  ×2^1     C=   —     [<floor] [trial 2/3]
     64    1.249 s   ×2^0     C=3459.652 [trial 2/3]
      4  210.766 µs  ×2^10    C=   —     [<floor] [trial 3/3]
      8    1.742 ms  ×2^7     C=   —     [<floor] [trial 3/3]
     16   11.833 ms  ×2^4     C=   —     [<floor] [trial 3/3]
     32   80.194 ms  ×2^1     C=   —     [<floor] [trial 3/3]
     64  870.964 ms  ×2^0     C=3459.652 [trial 3/3]
  verdict: inconclusive (cMin=—, cMax=—, β=—)
  per-spawn floor (harness self-measurement): 54.859 ms
  peak RSS: 60_552 kB..68_968 kB (across 15 ok row(s))
  trial summaries (3 trials per param; spread = (max-min)/median):
    param  trials  median      min         max      spread 
       64  3/3     906.927 ms  870.964 ms  1.249 s  41.634%
  ‼ 12/15 ok rows were below 10.000× the per-spawn floor; those rungs are excluded from the verdict. Drop the smallest params from the declared `paramSchedule := .custom #[...]` array to skip the cold regime if the trimmed warmup isn't enough.
  ‼ only 1 verdict-eligible row(s) survived warmup-trim + signal-floor filter; the verdict is below resolution. Lower `--warmup-fraction`, extend the declared `paramSchedule := .custom #[...]` array with larger params.

Hex.RowReduceBench.Field.rat128HalfOption    expected complexity: n ^ 3    [warm cache]
  env: lean=4.34.0-rc2, os=linux, arch=x86_64, commit=f566403-dirty, 2026-09-12T21:10:05Z, host=chungus2
  param  per-call    repeats  C
      4  173.237 µs  ×2^10    C=   —     [<floor] [trial 1/3]
      8    1.534 ms  ×2^7     C=   —     [<floor] [trial 1/3]
     16   10.730 ms  ×2^4     C=   —     [<floor] [trial 1/3]
     32  119.065 ms  ×2^0     C=   —     [<floor] [trial 1/3]
     64  945.902 ms  ×2^0     C=3608.330 [trial 1/3]
      4  195.647 µs  ×2^10    C=   —     [<floor] [trial 2/3]
      8    1.243 ms  ×2^7     C=   —     [<floor] [trial 2/3]
     16    9.678 ms  ×2^4     C=   —     [<floor] [trial 2/3]
     32   81.516 ms  ×2^1     C=   —     [<floor] [trial 2/3]
     64    1.154 s   ×2^0     C=3608.330 [trial 2/3]
      4  183.981 µs  ×2^10    C=   —     [<floor] [trial 3/3]
      8    1.338 ms  ×2^7     C=   —     [<floor] [trial 3/3]
     16   17.340 ms  ×2^4     C=   —     [<floor] [trial 3/3]
     32   79.919 ms  ×2^1     C=   —     [<floor] [trial 3/3]
     64  724.983 ms  ×2^0     C=3608.330 [trial 3/3]
  verdict: inconclusive (cMin=—, cMax=—, β=—)
  per-spawn floor (harness self-measurement): 67.232 ms
  peak RSS: 61_448 kB..67_516 kB (across 15 ok row(s))
  trial summaries (3 trials per param; spread = (max-min)/median):
    param  trials  median      min         max      spread 
       64  3/3     945.902 ms  724.983 ms  1.154 s  45.392%
  ‼ 12/15 ok rows were below 10.000× the per-spawn floor; those rungs are excluded from the verdict. Drop the smallest params from the declared `paramSchedule := .custom #[...]` array to skip the cold regime if the trimmed warmup isn't enough.
  ‼ only 1 verdict-eligible row(s) survived warmup-trim + signal-floor filter; the verdict is below resolution. Lower `--warmup-fraction`, extend the declared `paramSchedule := .custom #[...]` array with larger params.

Hex.RowReduceBench.Field.rat128HalfInverse    expected complexity: n ^ 3    [warm cache]
  env: lean=4.34.0-rc2, os=linux, arch=x86_64, commit=f566403-dirty, 2026-09-12T21:10:15Z, host=chungus2
  param  per-call    repeats  C
      4   72.129 µs  ×2^11    C=— [<floor] [trial 1/3]
      8  715.083 µs  ×2^8     C=— [<floor] [trial 1/3]
     16    4.709 ms  ×2^5     C=— [<floor] [trial 1/3]
     32   67.293 ms  ×2^2     C=— [<floor] [trial 1/3]
     64  347.933 ms  ×2^0     C=— [<floor] [trial 1/3]
      4   71.358 µs  ×2^11    C=— [<floor] [trial 2/3]
      8  579.171 µs  ×2^8     C=— [<floor] [trial 2/3]
     16    5.505 ms  ×2^5     C=— [<floor] [trial 2/3]
     32   49.028 ms  ×2^2     C=— [<floor] [trial 2/3]
     64  393.464 ms  ×2^0     C=— [<floor] [trial 2/3]
      4  160.429 µs  ×2^11    C=— [<floor] [trial 3/3]
      8  657.496 µs  ×2^8     C=— [<floor] [trial 3/3]
     16    5.715 ms  ×2^4     C=— [<floor] [trial 3/3]
     32   46.794 ms  ×2^1     C=— [<floor] [trial 3/3]
     64  725.140 ms  ×2^0     C=— [<floor] [trial 3/3]
  verdict: inconclusive (cMin=—, cMax=—, β=—)
  per-spawn floor (harness self-measurement): 114.926 ms
  peak RSS: 59_684 kB..67_424 kB (across 15 ok row(s))
  ‼ every measurement was below 10.000× the per-spawn floor (per-spawn floor ≈ 114.926 ms); the function is too fast for child-process measurement at the configured params. Try the following: extend the declared `paramSchedule := .custom #[...]` array with larger params, wrap the function in a hot inner loop, or use `setup_fixed_benchmark` for a single-shot reading.
  ‼ only 0 verdict-eligible row(s) survived warmup-trim + signal-floor filter; the verdict is below resolution. Lower `--warmup-fraction`, extend the declared `paramSchedule := .custom #[...]` array with larger params.

Hex.RowReduceBench.Field.rat128DeficientErrorSolve    expected complexity: n ^ 3    [warm cache]
  env: lean=4.34.0-rc2, os=linux, arch=x86_64, commit=f566403-dirty, 2026-09-12T21:10:24Z, host=chungus2
  param  per-call    repeats  C
      4  177.955 µs  ×2^10    C=   —     [<floor] [trial 1/3]
      8    2.257 ms  ×2^6     C=   —     [<floor] [trial 1/3]
     16   15.608 ms  ×2^3     C=   —     [<floor] [trial 1/3]
     32  132.552 ms  ×2^0     C=   —     [<floor] [trial 1/3]
     64    1.125 s   ×2^0     C=6426.812 [trial 1/3]
      4  143.521 µs  ×2^10    C=   —     [<floor] [trial 2/3]
      8    1.490 ms  ×2^7     C=   —     [<floor] [trial 2/3]
     16   13.474 ms  ×2^4     C=   —     [<floor] [trial 2/3]
     32  325.641 ms  ×2^0     C=   —     [<floor] [trial 2/3]
     64    1.685 s   ×2^0     C=6426.812 [trial 2/3]
      4  150.329 µs  ×2^10    C=   —     [<floor] [trial 3/3]
      8    1.507 ms  ×2^5     C=   —     [<floor] [trial 3/3]
     16   12.873 ms  ×2^3     C=   —     [<floor] [trial 3/3]
     32  135.622 ms  ×2^0     C=   —     [<floor] [trial 3/3]
     64    2.005 s   ×2^0     C=6426.812 [trial 3/3]
  verdict: inconclusive (cMin=—, cMax=—, β=—)
  per-spawn floor (harness self-measurement): 89.289 ms
  peak RSS: 62_412 kB..67_312 kB (across 15 ok row(s))
  trial summaries (3 trials per param; spread = (max-min)/median):
    param  trials  median   min      max      spread 
       64  3/3     1.685 s  1.125 s  2.005 s  52.247%
  ‼ 12/15 ok rows were below 10.000× the per-spawn floor; those rungs are excluded from the verdict. Drop the smallest params from the declared `paramSchedule := .custom #[...]` array to skip the cold regime if the trimmed warmup isn't enough.
  ‼ only 1 verdict-eligible row(s) survived warmup-trim + signal-floor filter; the verdict is below resolution. Lower `--warmup-fraction`, extend the declared `paramSchedule := .custom #[...]` array with larger params.

Hex.RowReduceBench.Field.rat128DeficientErrorOption    expected complexity: n ^ 3    [warm cache]
  env: lean=4.34.0-rc2, os=linux, arch=x86_64, commit=f566403-dirty, 2026-09-12T21:10:45Z, host=chungus2
  param  per-call    repeats  C
      4  158.664 µs  ×2^10    C=   —     [<floor] [trial 1/3]
      8    1.447 ms  ×2^7     C=   —     [<floor] [trial 1/3]
     16   14.395 ms  ×2^4     C=   —     [<floor] [trial 1/3]
     32  124.903 ms  ×2^0     C=   —     [<floor] [trial 1/3]
     64    1.447 s   ×2^0     C=5517.966 [trial 1/3]
      4  142.623 µs  ×2^10    C=   —     [<floor] [trial 2/3]
      8    1.471 ms  ×2^7     C=   —     [<floor] [trial 2/3]
     16   20.926 ms  ×2^3     C=   —     [<floor] [trial 2/3]
     32  318.166 ms  ×2^0     C=   —     [<floor] [trial 2/3]
     64    1.409 s   ×2^0     C=5517.966 [trial 2/3]
      4  209.872 µs  ×2^10    C=   —     [<floor] [trial 3/3]
      8    1.908 ms  ×2^7     C=   —     [<floor] [trial 3/3]
     16   16.512 ms  ×2^4     C=   —     [<floor] [trial 3/3]
     32  129.656 ms  ×2^0     C=   —     [<floor] [trial 3/3]
     64    1.739 s   ×2^0     C=5517.966 [trial 3/3]
  verdict: inconclusive (cMin=—, cMax=—, β=—)
  per-spawn floor (harness self-measurement): 64.238 ms
  peak RSS: 59_588 kB..67_908 kB (across 15 ok row(s))
  trial summaries (3 trials per param; spread = (max-min)/median):
    param  trials  median   min      max      spread 
       64  3/3     1.447 s  1.409 s  1.739 s  22.811%
  ‼ 12/15 ok rows were below 10.000× the per-spawn floor; those rungs are excluded from the verdict. Drop the smallest params from the declared `paramSchedule := .custom #[...]` array to skip the cold regime if the trimmed warmup isn't enough.
  ‼ only 1 verdict-eligible row(s) survived warmup-trim + signal-floor filter; the verdict is below resolution. Lower `--warmup-fraction`, extend the declared `paramSchedule := .custom #[...]` array with larger params.

Hex.RowReduceBench.Field.rat128HalfErrorSolve    expected complexity: n ^ 3    [warm cache]
  env: lean=4.34.0-rc2, os=linux, arch=x86_64, commit=f566403-dirty, 2026-09-12T21:11:04Z, host=chungus2
  param  per-call    repeats  C
      4   91.206 µs  ×2^11    C=— [<floor] [trial 1/3]
      8  878.051 µs  ×2^8     C=— [<floor] [trial 1/3]
     16    7.119 ms  ×2^5     C=— [<floor] [trial 1/3]
     32  106.760 ms  ×2^1     C=— [<floor] [trial 1/3]
     64  349.955 ms  ×2^0     C=— [<floor] [trial 1/3]
      4  162.805 µs  ×2^6     C=— [<floor] [trial 2/3]
      8  679.449 µs  ×2^8     C=— [<floor] [trial 2/3]
     16    7.084 ms  ×2^4     C=— [<floor] [trial 2/3]
     32   42.687 ms  ×2^2     C=— [<floor] [trial 2/3]
     64  354.419 ms  ×2^0     C=— [<floor] [trial 2/3]
      4   91.123 µs  ×2^11    C=— [<floor] [trial 3/3]
      8  683.695 µs  ×2^8     C=— [<floor] [trial 3/3]
     16    5.091 ms  ×2^4     C=— [<floor] [trial 3/3]
     32   39.845 ms  ×2^2     C=— [<floor] [trial 3/3]
     64  331.047 ms  ×2^0     C=— [<floor] [trial 3/3]
  verdict: inconclusive (cMin=—, cMax=—, β=—)
  per-spawn floor (harness self-measurement): 87.231 ms
  peak RSS: 60_820 kB..66_600 kB (across 15 ok row(s))
  ‼ every measurement was below 10.000× the per-spawn floor (per-spawn floor ≈ 87.231 ms); the function is too fast for child-process measurement at the configured params. Try the following: extend the declared `paramSchedule := .custom #[...]` array with larger params, wrap the function in a hot inner loop, or use `setup_fixed_benchmark` for a single-shot reading.
  ‼ only 0 verdict-eligible row(s) survived warmup-trim + signal-floor filter; the verdict is below resolution. Lower `--warmup-fraction`, extend the declared `paramSchedule := .custom #[...]` array with larger params.

Hex.RowReduceBench.Field.rat128HalfErrorOption    expected complexity: n ^ 3    [warm cache]
  env: lean=4.34.0-rc2, os=linux, arch=x86_64, commit=f566403-dirty, 2026-09-12T21:11:12Z, host=chungus2
  param  per-call    repeats  C
      4   94.899 µs  ×2^11    C=   —     [<floor] [trial 1/3]
      8  798.522 µs  ×2^8     C=   —     [<floor] [trial 1/3]
     16    5.401 ms  ×2^5     C=   —     [<floor] [trial 1/3]
     32   56.094 ms  ×2^1     C=   —     [<floor] [trial 1/3]
     64  403.812 ms  ×2^0     C=3905.998 [<floor] [trial 1/3]
      4   97.493 µs  ×2^11    C=   —     [<floor] [trial 2/3]
      8  847.168 µs  ×2^8     C=   —     [<floor] [trial 2/3]
     16    5.891 ms  ×2^4     C=   —     [<floor] [trial 2/3]
     32   53.868 ms  ×2^2     C=   —     [<floor] [trial 2/3]
     64    1.017 s   ×2^0     C=3905.998 [trial 2/3]
      4  159.807 µs  ×2^11    C=   —     [<floor] [trial 3/3]
      8  695.179 µs  ×2^8     C=   —     [<floor] [trial 3/3]
     16    7.010 ms  ×2^4     C=   —     [<floor] [trial 3/3]
     32   43.192 ms  ×2^2     C=   —     [<floor] [trial 3/3]
     64    1.031 s   ×2^0     C=3905.998 [trial 3/3]
  verdict: inconclusive (cMin=—, cMax=—, β=—)
  per-spawn floor (harness self-measurement): 42.220 ms
  peak RSS: 60_764 kB..67_344 kB (across 15 ok row(s))
  trial summaries (3 trials per param; spread = (max-min)/median):
    param  trials  median   min      max      spread
       64  2/3     1.024 s  1.017 s  1.031 s  1.405%
  ‼ 13/15 ok rows were below 10.000× the per-spawn floor; those rungs are excluded from the verdict. Drop the smallest params from the declared `paramSchedule := .custom #[...]` array to skip the cold regime if the trimmed warmup isn't enough.
  ‼ only 1 verdict-eligible row(s) survived warmup-trim + signal-floor filter; the verdict is below resolution. Lower `--warmup-fraction`, extend the declared `paramSchedule := .custom #[...]` array with larger params.

Hex.RowReduceBench.Field.rat128TallSolve    expected complexity: n ^ 3    [warm cache]
  env: lean=4.34.0-rc2, os=linux, arch=x86_64, commit=f566403-dirty, 2026-09-12T21:11:22Z, host=chungus2
  param  per-call    repeats  C
      4    1.187 ms  ×2^7     C=    —     [<floor] [trial 1/3]
      8    8.262 ms  ×2^4     C=    —     [<floor] [trial 1/3]
     16  126.231 ms  ×2^1     C=    —     [<floor] [trial 1/3]
     32  656.425 ms  ×2^0     C=    —     [<floor] [trial 1/3]
     64    9.480 s   ×2^0     C=27020.206 [trial 1/3]
      4    1.567 ms  ×2^7     C=    —     [<floor] [trial 2/3]
      8   17.881 ms  ×2^4     C=    —     [<floor] [trial 2/3]
     16  109.141 ms  ×2^1     C=    —     [<floor] [trial 2/3]
     32  625.812 ms  ×2^0     C=    —     [<floor] [trial 2/3]
     64    5.506 s   ×2^0     C=27020.206 [trial 2/3]
      4    1.041 ms  ×2^7     C=    —     [<floor] [trial 3/3]
      8    8.786 ms  ×2^4     C=    —     [<floor] [trial 3/3]
     16  101.153 ms  ×2^0     C=    —     [<floor] [trial 3/3]
     32  601.719 ms  ×2^0     C=    —     [<floor] [trial 3/3]
     64    7.083 s   ×2^0     C=27020.206 [trial 3/3]
  verdict: inconclusive (cMin=—, cMax=—, β=—)
  per-spawn floor (harness self-measurement): 74.210 ms
  peak RSS: 59_476 kB..71_708 kB (across 15 ok row(s))
  trial summaries (3 trials per param; spread = (max-min)/median):
    param  trials  median   min      max      spread 
       64  3/3     7.083 s  5.506 s  9.480 s  56.108%
  ‼ 12/15 ok rows were below 10.000× the per-spawn floor; those rungs are excluded from the verdict. Drop the smallest params from the declared `paramSchedule := .custom #[...]` array to skip the cold regime if the trimmed warmup isn't enough.
  ‼ only 1 verdict-eligible row(s) survived warmup-trim + signal-floor filter; the verdict is below resolution. Lower `--warmup-fraction`, extend the declared `paramSchedule := .custom #[...]` array with larger params.

Hex.RowReduceBench.Field.rat128TallOption    expected complexity: n ^ 3    [warm cache]
  env: lean=4.34.0-rc2, os=linux, arch=x86_64, commit=f566403-dirty, 2026-09-12T21:12:11Z, host=chungus2
  param  per-call    repeats  C
      4  924.561 µs  ×2^7     C=    —     [<floor] [trial 1/3]
      8    8.542 ms  ×2^4     C=    —     [<floor] [trial 1/3]
     16   63.703 ms  ×2^1     C=    —     [<floor] [trial 1/3]
     32  435.712 ms  ×2^0     C=    —     [<floor] [trial 1/3]
     64    5.575 s   ×2^0     C=19468.207 [trial 1/3]
      4    1.179 ms  ×2^7     C=    —     [<floor] [trial 2/3]
      8    6.949 ms  ×2^5     C=    —     [<floor] [trial 2/3]
     16   97.909 ms  ×2^1     C=    —     [<floor] [trial 2/3]
     32  705.884 ms  ×2^0     C=    —     [<floor] [trial 2/3]
     64    5.103 s   ×2^0     C=19468.207 [trial 2/3]
      4  987.871 µs  ×2^6     C=    —     [<floor] [trial 3/3]
      8    7.115 ms  ×2^4     C=    —     [<floor] [trial 3/3]
     16   70.990 ms  ×2^1     C=    —     [<floor] [trial 3/3]
     32  476.485 ms  ×2^0     C=    —     [<floor] [trial 3/3]
     64    4.941 s   ×2^0     C=19468.207 [trial 3/3]
  verdict: inconclusive (cMin=—, cMax=—, β=—)
  per-spawn floor (harness self-measurement): 108.507 ms
  peak RSS: 59_560 kB..67_856 kB (across 15 ok row(s))
  trial summaries (3 trials per param; spread = (max-min)/median):
    param  trials  median   min      max      spread 
       64  3/3     5.103 s  4.941 s  5.575 s  12.419%
  ‼ 12/15 ok rows were below 10.000× the per-spawn floor; those rungs are excluded from the verdict. Drop the smallest params from the declared `paramSchedule := .custom #[...]` array to skip the cold regime if the trimmed warmup isn't enough.
  ‼ only 1 verdict-eligible row(s) survived warmup-trim + signal-floor filter; the verdict is below resolution. Lower `--warmup-fraction`, extend the declared `paramSchedule := .custom #[...]` array with larger params.

Hex.RowReduceBench.Field.rat128WideSolve    expected complexity: n ^ 3    [warm cache]
  env: lean=4.34.0-rc2, os=linux, arch=x86_64, commit=f566403-dirty, 2026-09-12T21:12:49Z, host=chungus2
  param  per-call    repeats  C
      4  877.941 µs  ×2^8     C=    —     [<floor] [trial 1/3]
      8    6.463 ms  ×2^5     C=    —     [<floor] [trial 1/3]
     16   46.346 ms  ×2^2     C=    —     [<floor] [trial 1/3]
     32  576.230 ms  ×2^0     C=    —     [<floor] [trial 1/3]
     64    4.027 s   ×2^0     C=14688.522 [trial 1/3]
      4  651.508 µs  ×2^8     C=    —     [<floor] [trial 2/3]
      8    5.985 ms  ×2^5     C=    —     [<floor] [trial 2/3]
     16   46.678 ms  ×2^2     C=    —     [<floor] [trial 2/3]
     32  421.081 ms  ×2^0     C=    —     [<floor] [trial 2/3]
     64    3.851 s   ×2^0     C=14688.522 [trial 2/3]
      4  705.725 µs  ×2^8     C=    —     [<floor] [trial 3/3]
      8    5.669 ms  ×2^5     C=    —     [<floor] [trial 3/3]
     16   59.408 ms  ×2^2     C=    —     [<floor] [trial 3/3]
     32  394.348 ms  ×2^0     C=    —     [<floor] [trial 3/3]
     64    3.634 s   ×2^0     C=14688.522 [trial 3/3]
  verdict: inconclusive (cMin=—, cMax=—, β=—)
  per-spawn floor (harness self-measurement): 143.314 ms
  peak RSS: 61_164 kB..66_468 kB (across 15 ok row(s))
  trial summaries (3 trials per param; spread = (max-min)/median):
    param  trials  median   min      max      spread 
       64  3/3     3.851 s  3.634 s  4.027 s  10.225%
  ‼ 12/15 ok rows were below 10.000× the per-spawn floor; those rungs are excluded from the verdict. Drop the smallest params from the declared `paramSchedule := .custom #[...]` array to skip the cold regime if the trimmed warmup isn't enough.
  ‼ only 1 verdict-eligible row(s) survived warmup-trim + signal-floor filter; the verdict is below resolution. Lower `--warmup-fraction`, extend the declared `paramSchedule := .custom #[...]` array with larger params.

Hex.RowReduceBench.Field.rat128WideOption    expected complexity: n ^ 3    [warm cache]
  env: lean=4.34.0-rc2, os=linux, arch=x86_64, commit=f566403-dirty, 2026-09-12T21:13:18Z, host=chungus2
  param  per-call    repeats  C
      4  681.251 µs  ×2^8     C=    —     [<floor] [trial 1/3]
      8    5.772 ms  ×2^5     C=    —     [<floor] [trial 1/3]
     16   45.108 ms  ×2^2     C=    —     [<floor] [trial 1/3]
     32  451.525 ms  ×2^0     C=    —     [<floor] [trial 1/3]
     64    3.422 s   ×2^0     C=14225.822 [trial 1/3]
      4  739.182 µs  ×2^8     C=    —     [<floor] [trial 2/3]
      8    5.739 ms  ×2^5     C=    —     [<floor] [trial 2/3]
     16   46.972 ms  ×2^2     C=    —     [<floor] [trial 2/3]
     32  377.675 ms  ×2^0     C=    —     [<floor] [trial 2/3]
     64    3.995 s   ×2^0     C=14225.822 [trial 2/3]
      4  702.141 µs  ×2^8     C=    —     [<floor] [trial 3/3]
      8    5.384 ms  ×2^5     C=    —     [<floor] [trial 3/3]
     16   49.821 ms  ×2^2     C=    —     [<floor] [trial 3/3]
     32  453.281 ms  ×2^0     C=    —     [<floor] [trial 3/3]
     64    3.729 s   ×2^0     C=14225.822 [trial 3/3]
  verdict: inconclusive (cMin=—, cMax=—, β=—)
  per-spawn floor (harness self-measurement): 82.198 ms
  peak RSS: 61_176 kB..65_892 kB (across 15 ok row(s))
  trial summaries (3 trials per param; spread = (max-min)/median):
    param  trials  median   min      max      spread 
       64  3/3     3.729 s  3.422 s  3.995 s  15.361%
  ‼ 12/15 ok rows were below 10.000× the per-spawn floor; those rungs are excluded from the verdict. Drop the smallest params from the declared `paramSchedule := .custom #[...]` array to skip the cold regime if the trimmed warmup isn't enough.
  ‼ only 1 verdict-eligible row(s) survived warmup-trim + signal-floor filter; the verdict is below resolution. Lower `--warmup-fraction`, extend the declared `paramSchedule := .custom #[...]` array with larger params.

Hex.RowReduceBench.Field.modularFullSolve    expected complexity: n ^ 3    [warm cache]
  env: lean=4.34.0-rc2, os=linux, arch=x86_64, commit=f566403-dirty, 2026-09-12T21:13:49Z, host=chungus2
  param  per-call    repeats  C
      4   23.660 µs  ×2^13    C=— [<floor] [trial 1/3]
      8  146.555 µs  ×2^10    C=— [<floor] [trial 1/3]
     16  907.910 µs  ×2^7     C=— [<floor] [trial 1/3]
     32    6.978 ms  ×2^5     C=— [<floor] [trial 1/3]
     64   44.236 ms  ×2^1     C=— [<floor] [trial 1/3]
      4   26.679 µs  ×2^13    C=— [<floor] [trial 2/3]
      8  177.642 µs  ×2^10    C=— [<floor] [trial 2/3]
     16  861.154 µs  ×2^7     C=— [<floor] [trial 2/3]
     32    6.383 ms  ×2^5     C=— [<floor] [trial 2/3]
     64   51.917 ms  ×2^2     C=— [<floor] [trial 2/3]
      4   22.714 µs  ×2^13    C=— [<floor] [trial 3/3]
      8  130.145 µs  ×2^10    C=— [<floor] [trial 3/3]
     16    1.087 ms  ×2^7     C=— [<floor] [trial 3/3]
     32    8.434 ms  ×2^5     C=— [<floor] [trial 3/3]
     64   44.225 ms  ×2^2     C=— [<floor] [trial 3/3]
  verdict: inconclusive (cMin=—, cMax=—, β=—)
  per-spawn floor (harness self-measurement): 120.531 ms
  peak RSS: 58_748 kB..64_604 kB (across 15 ok row(s))
  ‼ every measurement was below 10.000× the per-spawn floor (per-spawn floor ≈ 120.531 ms); the function is too fast for child-process measurement at the configured params. Try the following: extend the declared `paramSchedule := .custom #[...]` array with larger params, wrap the function in a hot inner loop, or use `setup_fixed_benchmark` for a single-shot reading.
  ‼ only 0 verdict-eligible row(s) survived warmup-trim + signal-floor filter; the verdict is below resolution. Lower `--warmup-fraction`, extend the declared `paramSchedule := .custom #[...]` array with larger params.

Hex.RowReduceBench.Field.modularFullOption    expected complexity: n ^ 3    [warm cache]
  env: lean=4.34.0-rc2, os=linux, arch=x86_64, commit=f566403-dirty, 2026-09-12T21:13:53Z, host=chungus2
  param  per-call    repeats  C
      4   26.957 µs  ×2^13    C=— [<floor] [trial 1/3]
      8  144.998 µs  ×2^10    C=— [<floor] [trial 1/3]
     16  927.041 µs  ×2^7     C=— [<floor] [trial 1/3]
     32    7.590 ms  ×2^5     C=— [<floor] [trial 1/3]
     64   48.201 ms  ×2^2     C=— [<floor] [trial 1/3]
      4   23.250 µs  ×2^13    C=— [<floor] [trial 2/3]
      8  136.707 µs  ×2^10    C=— [<floor] [trial 2/3]
     16    1.038 ms  ×2^7     C=— [<floor] [trial 2/3]
     32    6.411 ms  ×2^4     C=— [<floor] [trial 2/3]
     64   67.615 ms  ×2^2     C=— [<floor] [trial 2/3]
      4   22.740 µs  ×2^13    C=— [<floor] [trial 3/3]
      8  137.322 µs  ×2^10    C=— [<floor] [trial 3/3]
     16  902.848 µs  ×2^8     C=— [<floor] [trial 3/3]
     32    6.494 ms  ×2^5     C=— [<floor] [trial 3/3]
     64   51.519 ms  ×2^2     C=— [<floor] [trial 3/3]
  verdict: inconclusive (cMin=—, cMax=—, β=—)
  per-spawn floor (harness self-measurement): 83.645 ms
  peak RSS: 60_556 kB..65_860 kB (across 15 ok row(s))
  ‼ every measurement was below 10.000× the per-spawn floor (per-spawn floor ≈ 83.645 ms); the function is too fast for child-process measurement at the configured params. Try the following: extend the declared `paramSchedule := .custom #[...]` array with larger params, wrap the function in a hot inner loop, or use `setup_fixed_benchmark` for a single-shot reading.
  ‼ only 0 verdict-eligible row(s) survived warmup-trim + signal-floor filter; the verdict is below resolution. Lower `--warmup-fraction`, extend the declared `paramSchedule := .custom #[...]` array with larger params.

Hex.RowReduceBench.Field.modularFullInverse    expected complexity: n ^ 3    [warm cache]
  env: lean=4.34.0-rc2, os=linux, arch=x86_64, commit=f566403-dirty, 2026-09-12T21:13:58Z, host=chungus2
  param  per-call    repeats  C
      4   17.519 µs  ×2^14    C=— [<floor] [trial 1/3]
      8   66.012 µs  ×2^11    C=— [<floor] [trial 1/3]
     16  473.957 µs  ×2^8     C=— [<floor] [trial 1/3]
     32    4.481 ms  ×2^6     C=— [<floor] [trial 1/3]
     64   26.634 ms  ×2^3     C=— [<floor] [trial 1/3]
      4   10.372 µs  ×2^14    C=— [<floor] [trial 2/3]
      8   64.896 µs  ×2^11    C=— [<floor] [trial 2/3]
     16  432.225 µs  ×2^8     C=— [<floor] [trial 2/3]
     32    3.338 ms  ×2^6     C=— [<floor] [trial 2/3]
     64   41.153 ms  ×2^2     C=— [<floor] [trial 2/3]
      4   10.646 µs  ×2^14    C=— [<floor] [trial 3/3]
      8   97.358 µs  ×2^11    C=— [<floor] [trial 3/3]
     16  432.380 µs  ×2^9     C=— [<floor] [trial 3/3]
     32    3.210 ms  ×2^6     C=— [<floor] [trial 3/3]
     64   31.767 ms  ×2^3     C=— [<floor] [trial 3/3]
  verdict: inconclusive (cMin=—, cMax=—, β=—)
  per-spawn floor (harness self-measurement): 48.190 ms
  peak RSS: 59_212 kB..65_172 kB (across 15 ok row(s))
  ‼ every measurement was below 10.000× the per-spawn floor (per-spawn floor ≈ 48.190 ms); the function is too fast for child-process measurement at the configured params. Try the following: extend the declared `paramSchedule := .custom #[...]` array with larger params, wrap the function in a hot inner loop, or use `setup_fixed_benchmark` for a single-shot reading.
  ‼ only 0 verdict-eligible row(s) survived warmup-trim + signal-floor filter; the verdict is below resolution. Lower `--warmup-fraction`, extend the declared `paramSchedule := .custom #[...]` array with larger params.

Hex.RowReduceBench.Field.modularDeficientSolve    expected complexity: n ^ 3    [warm cache]
  env: lean=4.34.0-rc2, os=linux, arch=x86_64, commit=f566403-dirty, 2026-09-12T21:14:03Z, host=chungus2
  param  per-call    repeats  C
      4   15.682 µs  ×2^13    C=— [<floor] [trial 1/3]
      8  110.182 µs  ×2^11    C=— [<floor] [trial 1/3]
     16  810.285 µs  ×2^7     C=— [<floor] [trial 1/3]
     32    5.857 ms  ×2^5     C=— [<floor] [trial 1/3]
     64   47.417 ms  ×2^2     C=— [<floor] [trial 1/3]
      4   16.967 µs  ×2^13    C=— [<floor] [trial 2/3]
      8  122.678 µs  ×2^10    C=— [<floor] [trial 2/3]
     16  793.698 µs  ×2^8     C=— [<floor] [trial 2/3]
     32    6.389 ms  ×2^5     C=— [<floor] [trial 2/3]
     64   46.118 ms  ×2^2     C=— [<floor] [trial 2/3]
      4   16.287 µs  ×2^13    C=— [<floor] [trial 3/3]
      8  110.081 µs  ×2^10    C=— [<floor] [trial 3/3]
     16  792.308 µs  ×2^8     C=— [<floor] [trial 3/3]
     32    5.657 ms  ×2^5     C=— [<floor] [trial 3/3]
     64   43.868 ms  ×2^2     C=— [<floor] [trial 3/3]
  verdict: inconclusive (cMin=—, cMax=—, β=—)
  per-spawn floor (harness self-measurement): 92.229 ms
  peak RSS: 59_192 kB..66_764 kB (across 15 ok row(s))
  ‼ every measurement was below 10.000× the per-spawn floor (per-spawn floor ≈ 92.229 ms); the function is too fast for child-process measurement at the configured params. Try the following: extend the declared `paramSchedule := .custom #[...]` array with larger params, wrap the function in a hot inner loop, or use `setup_fixed_benchmark` for a single-shot reading.
  ‼ only 0 verdict-eligible row(s) survived warmup-trim + signal-floor filter; the verdict is below resolution. Lower `--warmup-fraction`, extend the declared `paramSchedule := .custom #[...]` array with larger params.

Hex.RowReduceBench.Field.modularDeficientOption    expected complexity: n ^ 3    [warm cache]
  env: lean=4.34.0-rc2, os=linux, arch=x86_64, commit=f566403-dirty, 2026-09-12T21:14:07Z, host=chungus2
  param  per-call    repeats  C
      4   15.741 µs  ×2^13    C=— [<floor] [trial 1/3]
      8  112.207 µs  ×2^11    C=— [<floor] [trial 1/3]
     16  800.955 µs  ×2^8     C=— [<floor] [trial 1/3]
     32    6.911 ms  ×2^4     C=— [<floor] [trial 1/3]
     64   66.959 ms  ×2^2     C=— [<floor] [trial 1/3]
      4   73.795 µs  ×2^13    C=— [<floor] [trial 2/3]
      8  145.086 µs  ×2^10    C=— [<floor] [trial 2/3]
     16  912.618 µs  ×2^8     C=— [<floor] [trial 2/3]
     32    8.292 ms  ×2^5     C=— [<floor] [trial 2/3]
     64   62.728 ms  ×2^2     C=— [<floor] [trial 2/3]
      4   16.742 µs  ×2^13    C=— [<floor] [trial 3/3]
      8  109.328 µs  ×2^11    C=— [<floor] [trial 3/3]
     16  894.720 µs  ×2^8     C=— [<floor] [trial 3/3]
     32    5.981 ms  ×2^5     C=— [<floor] [trial 3/3]
     64   46.809 ms  ×2^2     C=— [<floor] [trial 3/3]
  verdict: inconclusive (cMin=—, cMax=—, β=—)
  per-spawn floor (harness self-measurement): 112.511 ms
  peak RSS: 59_236 kB..65_768 kB (across 15 ok row(s))
  ‼ every measurement was below 10.000× the per-spawn floor (per-spawn floor ≈ 112.511 ms); the function is too fast for child-process measurement at the configured params. Try the following: extend the declared `paramSchedule := .custom #[...]` array with larger params, wrap the function in a hot inner loop, or use `setup_fixed_benchmark` for a single-shot reading.
  ‼ only 0 verdict-eligible row(s) survived warmup-trim + signal-floor filter; the verdict is below resolution. Lower `--warmup-fraction`, extend the declared `paramSchedule := .custom #[...]` array with larger params.

Hex.RowReduceBench.Field.modularDeficientInverse    expected complexity: n ^ 3    [warm cache]
  env: lean=4.34.0-rc2, os=linux, arch=x86_64, commit=f566403-dirty, 2026-09-12T21:14:12Z, host=chungus2
  param  per-call    repeats  C
      4    7.368 µs  ×2^15    C=— [<floor] [trial 1/3]
      8   51.353 µs  ×2^12    C=— [<floor] [trial 1/3]
     16  447.056 µs  ×2^7     C=— [<floor] [trial 1/3]
     32    2.923 ms  ×2^6     C=— [<floor] [trial 1/3]
     64   23.645 ms  ×2^3     C=— [<floor] [trial 1/3]
      4    6.673 µs  ×2^15    C=— [<floor] [trial 2/3]
      8   65.515 µs  ×2^12    C=— [<floor] [trial 2/3]
     16  428.458 µs  ×2^9     C=— [<floor] [trial 2/3]
     32    3.136 ms  ×2^6     C=— [<floor] [trial 2/3]
     64   24.746 ms  ×2^3     C=— [<floor] [trial 2/3]
      4    6.631 µs  ×2^15    C=— [<floor] [trial 3/3]
      8   79.930 µs  ×2^12    C=— [<floor] [trial 3/3]
     16  404.196 µs  ×2^9     C=— [<floor] [trial 3/3]
     32    2.874 ms  ×2^5     C=— [<floor] [trial 3/3]
     64   24.948 ms  ×2^3     C=— [<floor] [trial 3/3]
  verdict: inconclusive (cMin=—, cMax=—, β=—)
  per-spawn floor (harness self-measurement): 137.319 ms
  peak RSS: 58_928 kB..65_580 kB (across 15 ok row(s))
  ‼ every measurement was below 10.000× the per-spawn floor (per-spawn floor ≈ 137.319 ms); the function is too fast for child-process measurement at the configured params. Try the following: extend the declared `paramSchedule := .custom #[...]` array with larger params, wrap the function in a hot inner loop, or use `setup_fixed_benchmark` for a single-shot reading.
  ‼ only 0 verdict-eligible row(s) survived warmup-trim + signal-floor filter; the verdict is below resolution. Lower `--warmup-fraction`, extend the declared `paramSchedule := .custom #[...]` array with larger params.

Hex.RowReduceBench.Field.modularHalfSolve    expected complexity: n ^ 3    [warm cache]
  env: lean=4.34.0-rc2, os=linux, arch=x86_64, commit=f566403-dirty, 2026-09-12T21:14:17Z, host=chungus2
  param  per-call    repeats  C
      4   15.314 µs  ×2^14    C=— [<floor] [trial 1/3]
      8   67.587 µs  ×2^11    C=— [<floor] [trial 1/3]
     16  393.486 µs  ×2^9     C=— [<floor] [trial 1/3]
     32    2.764 ms  ×2^6     C=— [<floor] [trial 1/3]
     64   18.615 ms  ×2^3     C=— [<floor] [trial 1/3]
      4   13.453 µs  ×2^14    C=— [<floor] [trial 2/3]
      8   66.375 µs  ×2^11    C=— [<floor] [trial 2/3]
     16  382.604 µs  ×2^9     C=— [<floor] [trial 2/3]
     32    2.813 ms  ×2^6     C=— [<floor] [trial 2/3]
     64   19.080 ms  ×2^3     C=— [<floor] [trial 2/3]
      4   13.851 µs  ×2^14    C=— [<floor] [trial 3/3]
      8   71.204 µs  ×2^11    C=— [<floor] [trial 3/3]
     16  421.699 µs  ×2^9     C=— [<floor] [trial 3/3]
     32    2.596 ms  ×2^6     C=— [<floor] [trial 3/3]
     64   20.943 ms  ×2^3     C=— [<floor] [trial 3/3]
  verdict: inconclusive (cMin=—, cMax=—, β=—)
  per-spawn floor (harness self-measurement): 77.869 ms
  peak RSS: 59_272 kB..66_668 kB (across 15 ok row(s))
  ‼ every measurement was below 10.000× the per-spawn floor (per-spawn floor ≈ 77.869 ms); the function is too fast for child-process measurement at the configured params. Try the following: extend the declared `paramSchedule := .custom #[...]` array with larger params, wrap the function in a hot inner loop, or use `setup_fixed_benchmark` for a single-shot reading.
  ‼ only 0 verdict-eligible row(s) survived warmup-trim + signal-floor filter; the verdict is below resolution. Lower `--warmup-fraction`, extend the declared `paramSchedule := .custom #[...]` array with larger params.

Hex.RowReduceBench.Field.modularHalfOption    expected complexity: n ^ 3    [warm cache]
  env: lean=4.34.0-rc2, os=linux, arch=x86_64, commit=f566403-dirty, 2026-09-12T21:14:21Z, host=chungus2
  param  per-call    repeats  C
      4   18.748 µs  ×2^14    C=— [<floor] [trial 1/3]
      8   71.012 µs  ×2^11    C=— [<floor] [trial 1/3]
     16  423.554 µs  ×2^9     C=— [<floor] [trial 1/3]
     32    2.512 ms  ×2^6     C=— [<floor] [trial 1/3]
     64   18.891 ms  ×2^3     C=— [<floor] [trial 1/3]
      4   14.252 µs  ×2^13    C=— [<floor] [trial 2/3]
      8   67.608 µs  ×2^11    C=— [<floor] [trial 2/3]
     16  398.621 µs  ×2^6     C=— [<floor] [trial 2/3]
     32    2.536 ms  ×2^6     C=— [<floor] [trial 2/3]
     64   18.808 ms  ×2^3     C=— [<floor] [trial 2/3]
      4   13.601 µs  ×2^12    C=— [<floor] [trial 3/3]
      8   65.283 µs  ×2^11    C=— [<floor] [trial 3/3]
     16  389.203 µs  ×2^9     C=— [<floor] [trial 3/3]
     32    3.072 ms  ×2^6     C=— [<floor] [trial 3/3]
     64   23.081 ms  ×2^3     C=— [<floor] [trial 3/3]
  verdict: inconclusive (cMin=—, cMax=—, β=—)
  per-spawn floor (harness self-measurement): 48.904 ms
  peak RSS: 60_152 kB..66_540 kB (across 15 ok row(s))
  ‼ every measurement was below 10.000× the per-spawn floor (per-spawn floor ≈ 48.904 ms); the function is too fast for child-process measurement at the configured params. Try the following: extend the declared `paramSchedule := .custom #[...]` array with larger params, wrap the function in a hot inner loop, or use `setup_fixed_benchmark` for a single-shot reading.
  ‼ only 0 verdict-eligible row(s) survived warmup-trim + signal-floor filter; the verdict is below resolution. Lower `--warmup-fraction`, extend the declared `paramSchedule := .custom #[...]` array with larger params.

Hex.RowReduceBench.Field.modularHalfInverse    expected complexity: n ^ 3    [warm cache]
  env: lean=4.34.0-rc2, os=linux, arch=x86_64, commit=f566403-dirty, 2026-09-12T21:14:25Z, host=chungus2
  param  per-call    repeats  C
      4    5.643 µs  ×2^15    C=— [<floor] [trial 1/3]
      8   27.453 µs  ×2^12    C=— [<floor] [trial 1/3]
     16  172.470 µs  ×2^10    C=— [<floor] [trial 1/3]
     32    1.800 ms  ×2^7     C=— [<floor] [trial 1/3]
     64    9.071 ms  ×2^4     C=— [<floor] [trial 1/3]
      4    5.022 µs  ×2^15    C=— [<floor] [trial 2/3]
      8   27.985 µs  ×2^12    C=— [<floor] [trial 2/3]
     16  190.873 µs  ×2^10    C=— [<floor] [trial 2/3]
     32    1.205 ms  ×2^7     C=— [<floor] [trial 2/3]
     64    9.282 ms  ×2^4     C=— [<floor] [trial 2/3]
      4    5.068 µs  ×2^15    C=— [<floor] [trial 3/3]
      8   29.219 µs  ×2^13    C=— [<floor] [trial 3/3]
     16  183.971 µs  ×2^10    C=— [<floor] [trial 3/3]
     32    1.245 ms  ×2^7     C=— [<floor] [trial 3/3]
     64    8.536 ms  ×2^4     C=— [<floor] [trial 3/3]
  verdict: inconclusive (cMin=—, cMax=—, β=—)
  per-spawn floor (harness self-measurement): 96.865 ms
  peak RSS: 58_964 kB..65_892 kB (across 15 ok row(s))
  ‼ every measurement was below 10.000× the per-spawn floor (per-spawn floor ≈ 96.865 ms); the function is too fast for child-process measurement at the configured params. Try the following: extend the declared `paramSchedule := .custom #[...]` array with larger params, wrap the function in a hot inner loop, or use `setup_fixed_benchmark` for a single-shot reading.
  ‼ only 0 verdict-eligible row(s) survived warmup-trim + signal-floor filter; the verdict is below resolution. Lower `--warmup-fraction`, extend the declared `paramSchedule := .custom #[...]` array with larger params.

Hex.RowReduceBench.Field.modularDeficientErrorSolve    expected complexity: n ^ 3    [warm cache]
  env: lean=4.34.0-rc2, os=linux, arch=x86_64, commit=f566403-dirty, 2026-09-12T21:14:29Z, host=chungus2
  param  per-call    repeats  C
      4    7.105 µs  ×2^14    C=— [<floor] [trial 1/3]
      8   51.093 µs  ×2^12    C=— [<floor] [trial 1/3]
     16  408.631 µs  ×2^9     C=— [<floor] [trial 1/3]
     32    3.203 ms  ×2^6     C=— [<floor] [trial 1/3]
     64   22.397 ms  ×2^3     C=— [<floor] [trial 1/3]
      4    7.591 µs  ×2^14    C=— [<floor] [trial 2/3]
      8   55.992 µs  ×2^11    C=— [<floor] [trial 2/3]
     16  388.510 µs  ×2^9     C=— [<floor] [trial 2/3]
     32    3.000 ms  ×2^6     C=— [<floor] [trial 2/3]
     64   23.661 ms  ×2^3     C=— [<floor] [trial 2/3]
      4    7.941 µs  ×2^14    C=— [<floor] [trial 3/3]
      8   54.204 µs  ×2^11    C=— [<floor] [trial 3/3]
     16  414.357 µs  ×2^9     C=— [<floor] [trial 3/3]
     32    3.072 ms  ×2^5     C=— [<floor] [trial 3/3]
     64   32.326 ms  ×2^3     C=— [<floor] [trial 3/3]
  verdict: inconclusive (cMin=—, cMax=—, β=—)
  per-spawn floor (harness self-measurement): 39.464 ms
  peak RSS: 60_776 kB..66_480 kB (across 15 ok row(s))
  ‼ every measurement was below 10.000× the per-spawn floor (per-spawn floor ≈ 39.464 ms); the function is too fast for child-process measurement at the configured params. Try the following: extend the declared `paramSchedule := .custom #[...]` array with larger params, wrap the function in a hot inner loop, or use `setup_fixed_benchmark` for a single-shot reading.
  ‼ only 0 verdict-eligible row(s) survived warmup-trim + signal-floor filter; the verdict is below resolution. Lower `--warmup-fraction`, extend the declared `paramSchedule := .custom #[...]` array with larger params.

Hex.RowReduceBench.Field.modularDeficientErrorOption    expected complexity: n ^ 3    [warm cache]
  env: lean=4.34.0-rc2, os=linux, arch=x86_64, commit=f566403-dirty, 2026-09-12T21:14:33Z, host=chungus2
  param  per-call    repeats  C
      4   10.644 µs  ×2^14    C=— [<floor] [trial 1/3]
      8   54.011 µs  ×2^12    C=— [<floor] [trial 1/3]
     16  382.378 µs  ×2^9     C=— [<floor] [trial 1/3]
     32    5.025 ms  ×2^4     C=— [<floor] [trial 1/3]
     64   22.398 ms  ×2^3     C=— [<floor] [trial 1/3]
      4    7.649 µs  ×2^14    C=— [<floor] [trial 2/3]
      8   51.322 µs  ×2^11    C=— [<floor] [trial 2/3]
     16  383.540 µs  ×2^9     C=— [<floor] [trial 2/3]
     32    2.875 ms  ×2^6     C=— [<floor] [trial 2/3]
     64   22.993 ms  ×2^3     C=— [<floor] [trial 2/3]
      4    7.558 µs  ×2^14    C=— [<floor] [trial 3/3]
      8   54.413 µs  ×2^11    C=— [<floor] [trial 3/3]
     16  388.650 µs  ×2^9     C=— [<floor] [trial 3/3]
     32    2.913 ms  ×2^6     C=— [<floor] [trial 3/3]
     64   22.618 ms  ×2^3     C=— [<floor] [trial 3/3]
  verdict: inconclusive (cMin=—, cMax=—, β=—)
  per-spawn floor (harness self-measurement): 42.601 ms
  peak RSS: 58_748 kB..66_760 kB (across 15 ok row(s))
  ‼ every measurement was below 10.000× the per-spawn floor (per-spawn floor ≈ 42.601 ms); the function is too fast for child-process measurement at the configured params. Try the following: extend the declared `paramSchedule := .custom #[...]` array with larger params, wrap the function in a hot inner loop, or use `setup_fixed_benchmark` for a single-shot reading.
  ‼ only 0 verdict-eligible row(s) survived warmup-trim + signal-floor filter; the verdict is below resolution. Lower `--warmup-fraction`, extend the declared `paramSchedule := .custom #[...]` array with larger params.

Hex.RowReduceBench.Field.modularHalfErrorSolve    expected complexity: n ^ 3    [warm cache]
  env: lean=4.34.0-rc2, os=linux, arch=x86_64, commit=f566403-dirty, 2026-09-12T21:14:37Z, host=chungus2
  param  per-call    repeats  C
      4    6.017 µs  ×2^15    C=— [<floor] [trial 1/3]
      8   30.596 µs  ×2^12    C=— [<floor] [trial 1/3]
     16  179.544 µs  ×2^10    C=— [<floor] [trial 1/3]
     32    1.220 ms  ×2^7     C=— [<floor] [trial 1/3]
     64    9.166 ms  ×2^4     C=— [<floor] [trial 1/3]
      4    6.030 µs  ×2^15    C=— [<floor] [trial 2/3]
      8   30.137 µs  ×2^12    C=— [<floor] [trial 2/3]
     16  187.294 µs  ×2^10    C=— [<floor] [trial 2/3]
     32    1.446 ms  ×2^7     C=— [<floor] [trial 2/3]
     64   18.414 ms  ×2^4     C=— [<floor] [trial 2/3]
      4   27.393 µs  ×2^12    C=— [<floor] [trial 3/3]
      8   30.308 µs  ×2^12    C=— [<floor] [trial 3/3]
     16  182.776 µs  ×2^10    C=— [<floor] [trial 3/3]
     32    1.400 ms  ×2^7     C=— [<floor] [trial 3/3]
     64    9.170 ms  ×2^4     C=— [<floor] [trial 3/3]
  verdict: inconclusive (cMin=—, cMax=—, β=—)
  per-spawn floor (harness self-measurement): 42.461 ms
  peak RSS: 60_000 kB..65_380 kB (across 15 ok row(s))
  ‼ every measurement was below 10.000× the per-spawn floor (per-spawn floor ≈ 42.461 ms); the function is too fast for child-process measurement at the configured params. Try the following: extend the declared `paramSchedule := .custom #[...]` array with larger params, wrap the function in a hot inner loop, or use `setup_fixed_benchmark` for a single-shot reading.
  ‼ only 0 verdict-eligible row(s) survived warmup-trim + signal-floor filter; the verdict is below resolution. Lower `--warmup-fraction`, extend the declared `paramSchedule := .custom #[...]` array with larger params.

Hex.RowReduceBench.Field.modularHalfErrorOption    expected complexity: n ^ 3    [warm cache]
  env: lean=4.34.0-rc2, os=linux, arch=x86_64, commit=f566403-dirty, 2026-09-12T21:14:41Z, host=chungus2
  param  per-call    repeats  C
      4    5.132 µs  ×2^8     C=— [<floor] [trial 1/3]
      8   36.425 µs  ×2^12    C=— [<floor] [trial 1/3]
     16  197.424 µs  ×2^10    C=— [<floor] [trial 1/3]
     32    1.354 ms  ×2^7     C=— [<floor] [trial 1/3]
     64    9.399 ms  ×2^4     C=— [<floor] [trial 1/3]
      4    5.979 µs  ×2^15    C=— [<floor] [trial 2/3]
      8   30.661 µs  ×2^12    C=— [<floor] [trial 2/3]
     16  183.174 µs  ×2^10    C=— [<floor] [trial 2/3]
     32    1.268 ms  ×2^7     C=— [<floor] [trial 2/3]
     64    9.071 ms  ×2^4     C=— [<floor] [trial 2/3]
      4    5.907 µs  ×2^15    C=— [<floor] [trial 3/3]
      8   29.713 µs  ×2^12    C=— [<floor] [trial 3/3]
     16  182.510 µs  ×2^10    C=— [<floor] [trial 3/3]
     32    1.197 ms  ×2^6     C=— [<floor] [trial 3/3]
     64    9.198 ms  ×2^4     C=— [<floor] [trial 3/3]
  verdict: inconclusive (cMin=—, cMax=—, β=—)
  per-spawn floor (harness self-measurement): 119.800 ms
  peak RSS: 62_928 kB..66_564 kB (across 15 ok row(s))
  ‼ every measurement was below 10.000× the per-spawn floor (per-spawn floor ≈ 119.800 ms); the function is too fast for child-process measurement at the configured params. Try the following: extend the declared `paramSchedule := .custom #[...]` array with larger params, wrap the function in a hot inner loop, or use `setup_fixed_benchmark` for a single-shot reading.
  ‼ only 0 verdict-eligible row(s) survived warmup-trim + signal-floor filter; the verdict is below resolution. Lower `--warmup-fraction`, extend the declared `paramSchedule := .custom #[...]` array with larger params.

Hex.RowReduceBench.Field.modularTallSolve    expected complexity: n ^ 3    [warm cache]
  env: lean=4.34.0-rc2, os=linux, arch=x86_64, commit=f566403-dirty, 2026-09-12T21:14:44Z, host=chungus2
  param  per-call    repeats  C
      4   50.815 µs  ×2^12    C=— [<floor] [trial 1/3]
      8  301.602 µs  ×2^9     C=— [<floor] [trial 1/3]
     16    1.923 ms  ×2^6     C=— [<floor] [trial 1/3]
     32   13.591 ms  ×2^4     C=— [<floor] [trial 1/3]
     64  105.043 ms  ×2^0     C=— [<floor] [trial 1/3]
      4   51.105 µs  ×2^12    C=— [<floor] [trial 2/3]
      8  294.612 µs  ×2^9     C=— [<floor] [trial 2/3]
     16    1.942 ms  ×2^6     C=— [<floor] [trial 2/3]
     32   15.105 ms  ×2^3     C=— [<floor] [trial 2/3]
     64  107.544 ms  ×2^0     C=— [<floor] [trial 2/3]
      4   50.860 µs  ×2^12    C=— [<floor] [trial 3/3]
      8  295.339 µs  ×2^9     C=— [<floor] [trial 3/3]
     16    2.320 ms  ×2^6     C=— [<floor] [trial 3/3]
     32   14.632 ms  ×2^4     C=— [<floor] [trial 3/3]
     64  103.967 ms  ×2^0     C=— [<floor] [trial 3/3]
  verdict: inconclusive (cMin=—, cMax=—, β=—)
  per-spawn floor (harness self-measurement): 43.751 ms
  peak RSS: 58_968 kB..68_524 kB (across 15 ok row(s))
  ‼ every measurement was below 10.000× the per-spawn floor (per-spawn floor ≈ 43.751 ms); the function is too fast for child-process measurement at the configured params. Try the following: extend the declared `paramSchedule := .custom #[...]` array with larger params, wrap the function in a hot inner loop, or use `setup_fixed_benchmark` for a single-shot reading.
  ‼ only 0 verdict-eligible row(s) survived warmup-trim + signal-floor filter; the verdict is below resolution. Lower `--warmup-fraction`, extend the declared `paramSchedule := .custom #[...]` array with larger params.

Hex.RowReduceBench.Field.modularTallOption    expected complexity: n ^ 3    [warm cache]
  env: lean=4.34.0-rc2, os=linux, arch=x86_64, commit=f566403-dirty, 2026-09-12T21:14:48Z, host=chungus2
  param  per-call    repeats  C
      4   53.073 µs  ×2^12    C=— [<floor] [trial 1/3]
      8  312.928 µs  ×2^9     C=— [<floor] [trial 1/3]
     16    1.913 ms  ×2^6     C=— [<floor] [trial 1/3]
     32   13.758 ms  ×2^4     C=— [<floor] [trial 1/3]
     64  113.978 ms  ×2^0     C=— [<floor] [trial 1/3]
      4   62.867 µs  ×2^12    C=— [<floor] [trial 2/3]
      8  334.793 µs  ×2^9     C=— [<floor] [trial 2/3]
     16    1.980 ms  ×2^6     C=— [<floor] [trial 2/3]
     32   12.599 ms  ×2^3     C=— [<floor] [trial 2/3]
     64  102.171 ms  ×2^0     C=— [<floor] [trial 2/3]
      4   50.042 µs  ×2^12    C=— [<floor] [trial 3/3]
      8  300.464 µs  ×2^9     C=— [<floor] [trial 3/3]
     16    2.087 ms  ×2^6     C=— [<floor] [trial 3/3]
     32   13.944 ms  ×2^4     C=— [<floor] [trial 3/3]
     64  111.902 ms  ×2^0     C=— [<floor] [trial 3/3]
  verdict: inconclusive (cMin=—, cMax=—, β=—)
  per-spawn floor (harness self-measurement): 90.686 ms
  peak RSS: 58_944 kB..66_928 kB (across 15 ok row(s))
  ‼ every measurement was below 10.000× the per-spawn floor (per-spawn floor ≈ 90.686 ms); the function is too fast for child-process measurement at the configured params. Try the following: extend the declared `paramSchedule := .custom #[...]` array with larger params, wrap the function in a hot inner loop, or use `setup_fixed_benchmark` for a single-shot reading.
  ‼ only 0 verdict-eligible row(s) survived warmup-trim + signal-floor filter; the verdict is below resolution. Lower `--warmup-fraction`, extend the declared `paramSchedule := .custom #[...]` array with larger params.

Hex.RowReduceBench.Field.modularWideSolve    expected complexity: n ^ 3    [warm cache]
  env: lean=4.34.0-rc2, os=linux, arch=x86_64, commit=f566403-dirty, 2026-09-12T21:14:53Z, host=chungus2
  param  per-call    repeats  C
      4   35.866 µs  ×2^12    C=— [<floor] [trial 1/3]
      8  259.543 µs  ×2^10    C=— [<floor] [trial 1/3]
     16    1.266 ms  ×2^7     C=— [<floor] [trial 1/3]
     32    9.177 ms  ×2^4     C=— [<floor] [trial 1/3]
     64   69.574 ms  ×2^1     C=— [<floor] [trial 1/3]
      4   33.339 µs  ×2^12    C=— [<floor] [trial 2/3]
      8  195.742 µs  ×2^10    C=— [<floor] [trial 2/3]
     16    1.304 ms  ×2^7     C=— [<floor] [trial 2/3]
     32    9.065 ms  ×2^4     C=— [<floor] [trial 2/3]
     64   72.807 ms  ×2^1     C=— [<floor] [trial 2/3]
      4   34.599 µs  ×2^11    C=— [<floor] [trial 3/3]
      8  194.756 µs  ×2^10    C=— [<floor] [trial 3/3]
     16    1.373 ms  ×2^7     C=— [<floor] [trial 3/3]
     32   10.167 ms  ×2^4     C=— [<floor] [trial 3/3]
     64  151.068 ms  ×2^0     C=— [<floor] [trial 3/3]
  verdict: inconclusive (cMin=—, cMax=—, β=—)
  per-spawn floor (harness self-measurement): 179.608 ms
  peak RSS: 59_776 kB..66_428 kB (across 15 ok row(s))
  ‼ every measurement was below 10.000× the per-spawn floor (per-spawn floor ≈ 179.608 ms); the function is too fast for child-process measurement at the configured params. Try the following: extend the declared `paramSchedule := .custom #[...]` array with larger params, wrap the function in a hot inner loop, or use `setup_fixed_benchmark` for a single-shot reading.
  ‼ only 0 verdict-eligible row(s) survived warmup-trim + signal-floor filter; the verdict is below resolution. Lower `--warmup-fraction`, extend the declared `paramSchedule := .custom #[...]` array with larger params.

Hex.RowReduceBench.Field.modularWideOption    expected complexity: n ^ 3    [warm cache]
  env: lean=4.34.0-rc2, os=linux, arch=x86_64, commit=f566403-dirty, 2026-09-12T21:14:57Z, host=chungus2
  param  per-call    repeats  C
      4   32.549 µs  ×2^12    C=— [<floor] [trial 1/3]
      8  194.196 µs  ×2^10    C=— [<floor] [trial 1/3]
     16    1.322 ms  ×2^7     C=— [<floor] [trial 1/3]
     32    9.949 ms  ×2^4     C=— [<floor] [trial 1/3]
     64   75.525 ms  ×2^1     C=— [<floor] [trial 1/3]
      4   33.761 µs  ×2^11    C=— [<floor] [trial 2/3]
      8  282.342 µs  ×2^10    C=— [<floor] [trial 2/3]
     16    1.427 ms  ×2^7     C=— [<floor] [trial 2/3]
     32    9.166 ms  ×2^4     C=— [<floor] [trial 2/3]
     64   70.888 ms  ×2^1     C=— [<floor] [trial 2/3]
      4   31.661 µs  ×2^12    C=— [<floor] [trial 3/3]
      8  286.709 µs  ×2^10    C=— [<floor] [trial 3/3]
     16    1.255 ms  ×2^7     C=— [<floor] [trial 3/3]
     32    9.001 ms  ×2^4     C=— [<floor] [trial 3/3]
     64   86.352 ms  ×2^1     C=— [<floor] [trial 3/3]
  verdict: inconclusive (cMin=—, cMax=—, β=—)
  per-spawn floor (harness self-measurement): 82.321 ms
  peak RSS: 60_128 kB..66_484 kB (across 15 ok row(s))
  ‼ every measurement was below 10.000× the per-spawn floor (per-spawn floor ≈ 82.321 ms); the function is too fast for child-process measurement at the configured params. Try the following: extend the declared `paramSchedule := .custom #[...]` array with larger params, wrap the function in a hot inner loop, or use `setup_fixed_benchmark` for a single-shot reading.
  ‼ only 0 verdict-eligible row(s) survived warmup-trim + signal-floor filter; the verdict is below resolution. Lower `--warmup-fraction`, extend the declared `paramSchedule := .custom #[...]` array with larger params.

Hex.RowReduceBench.Field.functionsFullSolve    expected complexity: n ^ 3    [warm cache]
  env: lean=4.34.0-rc2, os=linux, arch=x86_64, commit=f566403-dirty, 2026-09-12T21:15:01Z, host=chungus2
  param  per-call    repeats  C
      2    1.359 ms  ×2^7     C=— [<floor] [trial 1/3]
      4   12.873 ms  ×2^4     C=— [<floor] [trial 1/3]
      8  108.833 ms  ×2^0     C=— [<floor] [trial 1/3]
      2    1.321 ms  ×2^7     C=— [<floor] [trial 2/3]
      4   12.054 ms  ×2^3     C=— [<floor] [trial 2/3]
      8  112.144 ms  ×2^0     C=— [<floor] [trial 2/3]
      2    1.284 ms  ×2^7     C=— [<floor] [trial 3/3]
      4   12.342 ms  ×2^4     C=— [<floor] [trial 3/3]
      8  108.316 ms  ×2^0     C=— [<floor] [trial 3/3]
  verdict: inconclusive (cMin=—, cMax=—, β=—)
  per-spawn floor (harness self-measurement): 42.941 ms
  peak RSS: 59_384 kB..64_880 kB (across 9 ok row(s))
  ‼ every measurement was below 10.000× the per-spawn floor (per-spawn floor ≈ 42.941 ms); the function is too fast for child-process measurement at the configured params. Try the following: extend the declared `paramSchedule := .custom #[...]` array with larger params, wrap the function in a hot inner loop, or use `setup_fixed_benchmark` for a single-shot reading.
  ‼ only 0 verdict-eligible row(s) survived warmup-trim + signal-floor filter; the verdict is below resolution. Lower `--warmup-fraction`, extend the declared `paramSchedule := .custom #[...]` array with larger params.

Hex.RowReduceBench.Field.functionsFullOption    expected complexity: n ^ 3    [warm cache]
  env: lean=4.34.0-rc2, os=linux, arch=x86_64, commit=f566403-dirty, 2026-09-12T21:15:04Z, host=chungus2
  param  per-call    repeats  C
      2    1.291 ms  ×2^7     C=— [<floor] [trial 1/3]
      4   12.306 ms  ×2^4     C=— [<floor] [trial 1/3]
      8  122.018 ms  ×2^0     C=— [<floor] [trial 1/3]
      2    1.274 ms  ×2^7     C=— [<floor] [trial 2/3]
      4   12.549 ms  ×2^4     C=— [<floor] [trial 2/3]
      8  126.307 ms  ×2^0     C=— [<floor] [trial 2/3]
      2    1.308 ms  ×2^7     C=— [<floor] [trial 3/3]
      4   14.977 ms  ×2^4     C=— [<floor] [trial 3/3]
      8  124.752 ms  ×2^0     C=— [<floor] [trial 3/3]
  verdict: inconclusive (cMin=—, cMax=—, β=—)
  per-spawn floor (harness self-measurement): 56.972 ms
  peak RSS: 58_728 kB..64_668 kB (across 9 ok row(s))
  ‼ every measurement was below 10.000× the per-spawn floor (per-spawn floor ≈ 56.972 ms); the function is too fast for child-process measurement at the configured params. Try the following: extend the declared `paramSchedule := .custom #[...]` array with larger params, wrap the function in a hot inner loop, or use `setup_fixed_benchmark` for a single-shot reading.
  ‼ only 0 verdict-eligible row(s) survived warmup-trim + signal-floor filter; the verdict is below resolution. Lower `--warmup-fraction`, extend the declared `paramSchedule := .custom #[...]` array with larger params.

Hex.RowReduceBench.Field.functionsFullInverse    expected complexity: n ^ 3    [warm cache]
  env: lean=4.34.0-rc2, os=linux, arch=x86_64, commit=f566403-dirty, 2026-09-12T21:15:07Z, host=chungus2
  param  per-call    repeats  C
      2  543.087 µs  ×2^8     C=— [<floor] [trial 1/3]
      4    6.289 ms  ×2^4     C=— [<floor] [trial 1/3]
      8   71.253 ms  ×2^2     C=— [<floor] [trial 1/3]
      2  510.544 µs  ×2^8     C=— [<floor] [trial 2/3]
      4    5.952 ms  ×2^5     C=— [<floor] [trial 2/3]
      8   48.497 ms  ×2^2     C=— [<floor] [trial 2/3]
      2  678.276 µs  ×2^8     C=— [<floor] [trial 3/3]
      4    5.680 ms  ×2^5     C=— [<floor] [trial 3/3]
      8   52.749 ms  ×2^2     C=— [<floor] [trial 3/3]
  verdict: inconclusive (cMin=—, cMax=—, β=—)
  per-spawn floor (harness self-measurement): 105.771 ms
  peak RSS: 59_232 kB..65_132 kB (across 9 ok row(s))
  ‼ every measurement was below 10.000× the per-spawn floor (per-spawn floor ≈ 105.771 ms); the function is too fast for child-process measurement at the configured params. Try the following: extend the declared `paramSchedule := .custom #[...]` array with larger params, wrap the function in a hot inner loop, or use `setup_fixed_benchmark` for a single-shot reading.
  ‼ only 0 verdict-eligible row(s) survived warmup-trim + signal-floor filter; the verdict is below resolution. Lower `--warmup-fraction`, extend the declared `paramSchedule := .custom #[...]` array with larger params.

Hex.RowReduceBench.Field.functionsDeficientSolve    expected complexity: n ^ 3    [warm cache]
  env: lean=4.34.0-rc2, os=linux, arch=x86_64, commit=f566403-dirty, 2026-09-12T21:15:10Z, host=chungus2
  param  per-call    repeats  C
      2  419.015 µs  ×2^9     C=— [<floor] [trial 1/3]
      4    5.873 ms  ×2^5     C=— [<floor] [trial 1/3]
      8   73.445 ms  ×2^1     C=— [<floor] [trial 1/3]
      2  458.131 µs  ×2^9     C=— [<floor] [trial 2/3]
      4    6.236 ms  ×2^5     C=— [<floor] [trial 2/3]
      8   78.860 ms  ×2^1     C=— [<floor] [trial 2/3]
      2  446.431 µs  ×2^9     C=— [<floor] [trial 3/3]
      4    5.755 ms  ×2^5     C=— [<floor] [trial 3/3]
      8  105.613 ms  ×2^1     C=— [<floor] [trial 3/3]
  verdict: inconclusive (cMin=—, cMax=—, β=—)
  per-spawn floor (harness self-measurement): 46.614 ms
  peak RSS: 59_460 kB..65_736 kB (across 9 ok row(s))
  ‼ every measurement was below 10.000× the per-spawn floor (per-spawn floor ≈ 46.614 ms); the function is too fast for child-process measurement at the configured params. Try the following: extend the declared `paramSchedule := .custom #[...]` array with larger params, wrap the function in a hot inner loop, or use `setup_fixed_benchmark` for a single-shot reading.
  ‼ only 0 verdict-eligible row(s) survived warmup-trim + signal-floor filter; the verdict is below resolution. Lower `--warmup-fraction`, extend the declared `paramSchedule := .custom #[...]` array with larger params.

Hex.RowReduceBench.Field.functionsDeficientOption    expected complexity: n ^ 3    [warm cache]
  env: lean=4.34.0-rc2, os=linux, arch=x86_64, commit=f566403-dirty, 2026-09-12T21:15:13Z, host=chungus2
  param  per-call    repeats  C
      2  421.351 µs  ×2^9     C=— [<floor] [trial 1/3]
      4    6.617 ms  ×2^5     C=— [<floor] [trial 1/3]
      8   72.275 ms  ×2^1     C=— [<floor] [trial 1/3]
      2  477.789 µs  ×2^9     C=— [<floor] [trial 2/3]
      4    7.622 ms  ×2^5     C=— [<floor] [trial 2/3]
      8   81.744 ms  ×2^1     C=— [<floor] [trial 2/3]
      2  392.847 µs  ×2^9     C=— [<floor] [trial 3/3]
      4    5.832 ms  ×2^5     C=— [<floor] [trial 3/3]
      8   65.241 ms  ×2^1     C=— [<floor] [trial 3/3]
  verdict: inconclusive (cMin=—, cMax=—, β=—)
  per-spawn floor (harness self-measurement): 42.112 ms
  peak RSS: 62_412 kB..66_484 kB (across 9 ok row(s))
  ‼ every measurement was below 10.000× the per-spawn floor (per-spawn floor ≈ 42.112 ms); the function is too fast for child-process measurement at the configured params. Try the following: extend the declared `paramSchedule := .custom #[...]` array with larger params, wrap the function in a hot inner loop, or use `setup_fixed_benchmark` for a single-shot reading.
  ‼ only 0 verdict-eligible row(s) survived warmup-trim + signal-floor filter; the verdict is below resolution. Lower `--warmup-fraction`, extend the declared `paramSchedule := .custom #[...]` array with larger params.

Hex.RowReduceBench.Field.functionsDeficientInverse    expected complexity: n ^ 3    [warm cache]
  env: lean=4.34.0-rc2, os=linux, arch=x86_64, commit=f566403-dirty, 2026-09-12T21:15:16Z, host=chungus2
  param  per-call    repeats  C
      2  141.534 µs  ×2^10    C=— [<floor] [trial 1/3]
      4    2.424 ms  ×2^6     C=— [<floor] [trial 1/3]
      8   33.665 ms  ×2^2     C=— [<floor] [trial 1/3]
      2  159.246 µs  ×2^10    C=— [<floor] [trial 2/3]
      4    2.501 ms  ×2^6     C=— [<floor] [trial 2/3]
      8   33.543 ms  ×2^2     C=— [<floor] [trial 2/3]
      2  159.545 µs  ×2^10    C=— [<floor] [trial 3/3]
      4    2.218 ms  ×2^6     C=— [<floor] [trial 3/3]
      8   31.977 ms  ×2^2     C=— [<floor] [trial 3/3]
  verdict: inconclusive (cMin=—, cMax=—, β=—)
  per-spawn floor (harness self-measurement): 40.606 ms
  peak RSS: 64_636 kB..65_840 kB (across 9 ok row(s))
  ‼ every measurement was below 10.000× the per-spawn floor (per-spawn floor ≈ 40.606 ms); the function is too fast for child-process measurement at the configured params. Try the following: extend the declared `paramSchedule := .custom #[...]` array with larger params, wrap the function in a hot inner loop, or use `setup_fixed_benchmark` for a single-shot reading.
  ‼ only 0 verdict-eligible row(s) survived warmup-trim + signal-floor filter; the verdict is below resolution. Lower `--warmup-fraction`, extend the declared `paramSchedule := .custom #[...]` array with larger params.

Hex.RowReduceBench.Field.functionsHalfSolve    expected complexity: n ^ 3    [warm cache]
  env: lean=4.34.0-rc2, os=linux, arch=x86_64, commit=f566403-dirty, 2026-09-12T21:15:18Z, host=chungus2
  param  per-call    repeats  C
      2  362.927 µs  ×2^9     C=— [<floor] [trial 1/3]
      4    3.023 ms  ×2^6     C=— [<floor] [trial 1/3]
      8   32.648 ms  ×2^2     C=— [<floor] [trial 1/3]
      2  378.956 µs  ×2^9     C=— [<floor] [trial 2/3]
      4    3.044 ms  ×2^6     C=— [<floor] [trial 2/3]
      8   32.999 ms  ×2^3     C=— [<floor] [trial 2/3]
      2  440.873 µs  ×2^9     C=— [<floor] [trial 3/3]
      4    3.153 ms  ×2^6     C=— [<floor] [trial 3/3]
      8   28.193 ms  ×2^2     C=— [<floor] [trial 3/3]
  verdict: inconclusive (cMin=—, cMax=—, β=—)
  per-spawn floor (harness self-measurement): 39.224 ms
  peak RSS: 64_616 kB..66_568 kB (across 9 ok row(s))
  ‼ every measurement was below 10.000× the per-spawn floor (per-spawn floor ≈ 39.224 ms); the function is too fast for child-process measurement at the configured params. Try the following: extend the declared `paramSchedule := .custom #[...]` array with larger params, wrap the function in a hot inner loop, or use `setup_fixed_benchmark` for a single-shot reading.
  ‼ only 0 verdict-eligible row(s) survived warmup-trim + signal-floor filter; the verdict is below resolution. Lower `--warmup-fraction`, extend the declared `paramSchedule := .custom #[...]` array with larger params.

Hex.RowReduceBench.Field.functionsHalfOption    expected complexity: n ^ 3    [warm cache]
  env: lean=4.34.0-rc2, os=linux, arch=x86_64, commit=f566403-dirty, 2026-09-12T21:15:21Z, host=chungus2
  param  per-call    repeats  C
      2  480.608 µs  ×2^9     C=— [<floor] [trial 1/3]
      4    3.375 ms  ×2^6     C=— [<floor] [trial 1/3]
      8   30.488 ms  ×2^2     C=— [<floor] [trial 1/3]
      2  378.773 µs  ×2^9     C=— [<floor] [trial 2/3]
      4    3.128 ms  ×2^6     C=— [<floor] [trial 2/3]
      8   31.866 ms  ×2^2     C=— [<floor] [trial 2/3]
      2  424.732 µs  ×2^9     C=— [<floor] [trial 3/3]
      4    3.017 ms  ×2^6     C=— [<floor] [trial 3/3]
      8   27.754 ms  ×2^2     C=— [<floor] [trial 3/3]
  verdict: inconclusive (cMin=—, cMax=—, β=—)
  per-spawn floor (harness self-measurement): 41.885 ms
  peak RSS: 61_412 kB..66_700 kB (across 9 ok row(s))
  ‼ every measurement was below 10.000× the per-spawn floor (per-spawn floor ≈ 41.885 ms); the function is too fast for child-process measurement at the configured params. Try the following: extend the declared `paramSchedule := .custom #[...]` array with larger params, wrap the function in a hot inner loop, or use `setup_fixed_benchmark` for a single-shot reading.
  ‼ only 0 verdict-eligible row(s) survived warmup-trim + signal-floor filter; the verdict is below resolution. Lower `--warmup-fraction`, extend the declared `paramSchedule := .custom #[...]` array with larger params.

Hex.RowReduceBench.Field.functionsHalfInverse    expected complexity: n ^ 3    [warm cache]
  env: lean=4.34.0-rc2, os=linux, arch=x86_64, commit=f566403-dirty, 2026-09-12T21:15:23Z, host=chungus2
  param  per-call    repeats  C
      2  182.038 µs  ×2^10    C=— [<floor] [trial 1/3]
      4    1.654 ms  ×2^7     C=— [<floor] [trial 1/3]
      8   13.361 ms  ×2^4     C=— [<floor] [trial 1/3]
      2  152.180 µs  ×2^10    C=— [<floor] [trial 2/3]
      4    1.286 ms  ×2^7     C=— [<floor] [trial 2/3]
      8   13.846 ms  ×2^4     C=— [<floor] [trial 2/3]
      2  149.342 µs  ×2^10    C=— [<floor] [trial 3/3]
      4    1.324 ms  ×2^7     C=— [<floor] [trial 3/3]
      8   13.000 ms  ×2^4     C=— [<floor] [trial 3/3]
  verdict: inconclusive (cMin=—, cMax=—, β=—)
  per-spawn floor (harness self-measurement): 44.171 ms
  peak RSS: 62_584 kB..66_448 kB (across 9 ok row(s))
  ‼ every measurement was below 10.000× the per-spawn floor (per-spawn floor ≈ 44.171 ms); the function is too fast for child-process measurement at the configured params. Try the following: extend the declared `paramSchedule := .custom #[...]` array with larger params, wrap the function in a hot inner loop, or use `setup_fixed_benchmark` for a single-shot reading.
  ‼ only 0 verdict-eligible row(s) survived warmup-trim + signal-floor filter; the verdict is below resolution. Lower `--warmup-fraction`, extend the declared `paramSchedule := .custom #[...]` array with larger params.

Hex.RowReduceBench.Field.functionsDeficientErrorSolve    expected complexity: n ^ 3    [warm cache]
  env: lean=4.34.0-rc2, os=linux, arch=x86_64, commit=f566403-dirty, 2026-09-12T21:15:26Z, host=chungus2
  param  per-call    repeats  C
      2  277.581 µs  ×2^9     C=— [<floor] [trial 1/3]
      4    3.853 ms  ×2^5     C=— [<floor] [trial 1/3]
      8   43.716 ms  ×2^2     C=— [<floor] [trial 1/3]
      2  235.722 µs  ×2^9     C=— [<floor] [trial 2/3]
      4    3.201 ms  ×2^6     C=— [<floor] [trial 2/3]
      8   42.702 ms  ×2^2     C=— [<floor] [trial 2/3]
      2  244.147 µs  ×2^9     C=— [<floor] [trial 3/3]
      4    4.946 ms  ×2^6     C=— [<floor] [trial 3/3]
      8   39.476 ms  ×2^2     C=— [<floor] [trial 3/3]
  verdict: inconclusive (cMin=—, cMax=—, β=—)
  per-spawn floor (harness self-measurement): 42.509 ms
  peak RSS: 59_588 kB..66_744 kB (across 9 ok row(s))
  ‼ every measurement was below 10.000× the per-spawn floor (per-spawn floor ≈ 42.509 ms); the function is too fast for child-process measurement at the configured params. Try the following: extend the declared `paramSchedule := .custom #[...]` array with larger params, wrap the function in a hot inner loop, or use `setup_fixed_benchmark` for a single-shot reading.
  ‼ only 0 verdict-eligible row(s) survived warmup-trim + signal-floor filter; the verdict is below resolution. Lower `--warmup-fraction`, extend the declared `paramSchedule := .custom #[...]` array with larger params.

Hex.RowReduceBench.Field.functionsDeficientErrorOption    expected complexity: n ^ 3    [warm cache]
  env: lean=4.34.0-rc2, os=linux, arch=x86_64, commit=f566403-dirty, 2026-09-12T21:15:29Z, host=chungus2
  param  per-call    repeats  C
      2  296.927 µs  ×2^10    C=     —     [<floor] [trial 1/3]
      4    3.263 ms  ×2^6     C=112555.136 [<floor] [trial 1/3]
      8   47.458 ms  ×2^2     C=     —     [<floor] [trial 1/3]
      2    1.059 ms  ×2^5     C=     —     [<floor] [trial 2/3]
      4    7.204 ms  ×2^6     C=112555.136 [trial 2/3]
      8   82.648 ms  ×2^1     C=     —     [<floor] [trial 2/3]
      2  247.553 µs  ×2^9     C=     —     [<floor] [trial 3/3]
      4    4.023 ms  ×2^5     C=112555.136 [<floor] [trial 3/3]
      8   39.682 ms  ×2^2     C=     —     [<floor] [trial 3/3]
  verdict: inconclusive (cMin=—, cMax=—, β=—)
  per-spawn floor (harness self-measurement): 44.713 ms
  peak RSS: 62_428 kB..66_568 kB (across 9 ok row(s))
  trial summaries (3 trials per param; spread = (max-min)/median):
    param  trials  median    min       max       spread
        4  1/3     7.204 ms  7.204 ms  7.204 ms  0.000%
  ‼ 8/9 ok rows were below 10.000× the per-spawn floor; those rungs are excluded from the verdict. Drop the smallest params from the declared `paramSchedule := .custom #[...]` array to skip the cold regime if the trimmed warmup isn't enough.
  ‼ only 1 verdict-eligible row(s) survived warmup-trim + signal-floor filter; the verdict is below resolution. Lower `--warmup-fraction`, extend the declared `paramSchedule := .custom #[...]` array with larger params.

Hex.RowReduceBench.Field.functionsHalfErrorSolve    expected complexity: n ^ 3    [warm cache]
  env: lean=4.34.0-rc2, os=linux, arch=x86_64, commit=f566403-dirty, 2026-09-12T21:15:32Z, host=chungus2
  param  per-call    repeats  C
      2  229.573 µs  ×2^9     C=— [<floor] [trial 1/3]
      4    1.851 ms  ×2^7     C=— [<floor] [trial 1/3]
      8   14.575 ms  ×2^3     C=— [<floor] [trial 1/3]
      2  228.194 µs  ×2^9     C=— [<floor] [trial 2/3]
      4    1.810 ms  ×2^7     C=— [<floor] [trial 2/3]
      8   16.530 ms  ×2^3     C=— [<floor] [trial 2/3]
      2  241.014 µs  ×2^9     C=— [<floor] [trial 3/3]
      4    1.674 ms  ×2^6     C=— [<floor] [trial 3/3]
      8   14.998 ms  ×2^3     C=— [<floor] [trial 3/3]
  verdict: inconclusive (cMin=—, cMax=—, β=—)
  per-spawn floor (harness self-measurement): 41.391 ms
  peak RSS: 59_420 kB..66_748 kB (across 9 ok row(s))
  ‼ every measurement was below 10.000× the per-spawn floor (per-spawn floor ≈ 41.391 ms); the function is too fast for child-process measurement at the configured params. Try the following: extend the declared `paramSchedule := .custom #[...]` array with larger params, wrap the function in a hot inner loop, or use `setup_fixed_benchmark` for a single-shot reading.
  ‼ only 0 verdict-eligible row(s) survived warmup-trim + signal-floor filter; the verdict is below resolution. Lower `--warmup-fraction`, extend the declared `paramSchedule := .custom #[...]` array with larger params.

Hex.RowReduceBench.Field.functionsHalfErrorOption    expected complexity: n ^ 3    [warm cache]
  env: lean=4.34.0-rc2, os=linux, arch=x86_64, commit=f566403-dirty, 2026-09-12T21:15:34Z, host=chungus2
  param  per-call    repeats  C
      2  325.422 µs  ×2^9     C=— [<floor] [trial 1/3]
      4    1.690 ms  ×2^7     C=— [<floor] [trial 1/3]
      8   15.259 ms  ×2^3     C=— [<floor] [trial 1/3]
      2  232.622 µs  ×2^9     C=— [<floor] [trial 2/3]
      4    2.521 ms  ×2^7     C=— [<floor] [trial 2/3]
      8   16.726 ms  ×2^3     C=— [<floor] [trial 2/3]
      2  383.488 µs  ×2^9     C=— [<floor] [trial 3/3]
      4    1.703 ms  ×2^7     C=— [<floor] [trial 3/3]
      8   14.708 ms  ×2^3     C=— [<floor] [trial 3/3]
  verdict: inconclusive (cMin=—, cMax=—, β=—)
  per-spawn floor (harness self-measurement): 40.760 ms
  peak RSS: 60_276 kB..66_476 kB (across 9 ok row(s))
  ‼ every measurement was below 10.000× the per-spawn floor (per-spawn floor ≈ 40.760 ms); the function is too fast for child-process measurement at the configured params. Try the following: extend the declared `paramSchedule := .custom #[...]` array with larger params, wrap the function in a hot inner loop, or use `setup_fixed_benchmark` for a single-shot reading.
  ‼ only 0 verdict-eligible row(s) survived warmup-trim + signal-floor filter; the verdict is below resolution. Lower `--warmup-fraction`, extend the declared `paramSchedule := .custom #[...]` array with larger params.

Hex.RowReduceBench.Field.functionsTallSolve    expected complexity: n ^ 3    [warm cache]
  env: lean=4.34.0-rc2, os=linux, arch=x86_64, commit=f566403-dirty, 2026-09-12T21:15:37Z, host=chungus2
  param  per-call    repeats  C
      2    2.546 ms  ×2^6     C=— [<floor] [trial 1/3]
      4   24.441 ms  ×2^3     C=— [<floor] [trial 1/3]
      8  195.297 ms  ×2^0     C=— [<floor] [trial 1/3]
      2    2.691 ms  ×2^6     C=— [<floor] [trial 2/3]
      4   19.529 ms  ×2^3     C=— [<floor] [trial 2/3]
      8  151.725 ms  ×2^0     C=— [<floor] [trial 2/3]
      2    1.965 ms  ×2^6     C=— [<floor] [trial 3/3]
      4   23.110 ms  ×2^3     C=— [<floor] [trial 3/3]
      8  350.367 ms  ×2^0     C=— [<floor] [trial 3/3]
  verdict: inconclusive (cMin=—, cMax=—, β=—)
  per-spawn floor (harness self-measurement): 42.402 ms
  peak RSS: 61_916 kB..66_480 kB (across 9 ok row(s))
  ‼ every measurement was below 10.000× the per-spawn floor (per-spawn floor ≈ 42.402 ms); the function is too fast for child-process measurement at the configured params. Try the following: extend the declared `paramSchedule := .custom #[...]` array with larger params, wrap the function in a hot inner loop, or use `setup_fixed_benchmark` for a single-shot reading.
  ‼ only 0 verdict-eligible row(s) survived warmup-trim + signal-floor filter; the verdict is below resolution. Lower `--warmup-fraction`, extend the declared `paramSchedule := .custom #[...]` array with larger params.

Hex.RowReduceBench.Field.functionsTallOption    expected complexity: n ^ 3    [warm cache]
  env: lean=4.34.0-rc2, os=linux, arch=x86_64, commit=f566403-dirty, 2026-09-12T21:15:40Z, host=chungus2
  param  per-call    repeats  C
      2    2.197 ms  ×2^6     C=— [<floor] [trial 1/3]
      4   17.851 ms  ×2^3     C=— [<floor] [trial 1/3]
      8  167.510 ms  ×2^0     C=— [<floor] [trial 1/3]
      2    2.187 ms  ×2^6     C=— [<floor] [trial 2/3]
      4   33.399 ms  ×2^2     C=— [<floor] [trial 2/3]
      8  169.972 ms  ×2^0     C=— [<floor] [trial 2/3]
      2    2.540 ms  ×2^6     C=— [<floor] [trial 3/3]
      4   19.693 ms  ×2^3     C=— [<floor] [trial 3/3]
      8  187.297 ms  ×2^0     C=— [<floor] [trial 3/3]
  verdict: inconclusive (cMin=—, cMax=—, β=—)
  per-spawn floor (harness self-measurement): 64.951 ms
  peak RSS: 58_740 kB..66_744 kB (across 9 ok row(s))
  ‼ every measurement was below 10.000× the per-spawn floor (per-spawn floor ≈ 64.951 ms); the function is too fast for child-process measurement at the configured params. Try the following: extend the declared `paramSchedule := .custom #[...]` array with larger params, wrap the function in a hot inner loop, or use `setup_fixed_benchmark` for a single-shot reading.
  ‼ only 0 verdict-eligible row(s) survived warmup-trim + signal-floor filter; the verdict is below resolution. Lower `--warmup-fraction`, extend the declared `paramSchedule := .custom #[...]` array with larger params.

Hex.RowReduceBench.Field.functionsWideSolve    expected complexity: n ^ 3    [warm cache]
  env: lean=4.34.0-rc2, os=linux, arch=x86_64, commit=f566403-dirty, 2026-09-12T21:15:43Z, host=chungus2
  param  per-call    repeats  C
      2    1.799 ms  ×2^6     C=— [<floor] [trial 1/3]
      4   17.255 ms  ×2^3     C=— [<floor] [trial 1/3]
      8  180.933 ms  ×2^0     C=— [<floor] [trial 1/3]
      2    1.833 ms  ×2^6     C=— [<floor] [trial 2/3]
      4   17.759 ms  ×2^3     C=— [<floor] [trial 2/3]
      8  156.888 ms  ×2^0     C=— [<floor] [trial 2/3]
      2    1.784 ms  ×2^6     C=— [<floor] [trial 3/3]
      4   20.399 ms  ×2^3     C=— [<floor] [trial 3/3]
      8  171.890 ms  ×2^0     C=— [<floor] [trial 3/3]
  verdict: inconclusive (cMin=—, cMax=—, β=—)
  per-spawn floor (harness self-measurement): 132.149 ms
  peak RSS: 61_232 kB..66_564 kB (across 9 ok row(s))
  ‼ every measurement was below 10.000× the per-spawn floor (per-spawn floor ≈ 132.149 ms); the function is too fast for child-process measurement at the configured params. Try the following: extend the declared `paramSchedule := .custom #[...]` array with larger params, wrap the function in a hot inner loop, or use `setup_fixed_benchmark` for a single-shot reading.
  ‼ only 0 verdict-eligible row(s) survived warmup-trim + signal-floor filter; the verdict is below resolution. Lower `--warmup-fraction`, extend the declared `paramSchedule := .custom #[...]` array with larger params.

Hex.RowReduceBench.Field.functionsWideOption    expected complexity: n ^ 3    [warm cache]
  env: lean=4.34.0-rc2, os=linux, arch=x86_64, commit=f566403-dirty, 2026-09-12T21:15:46Z, host=chungus2
  param  per-call    repeats  C
      2    1.768 ms  ×2^6     C=— [<floor] [trial 1/3]
      4   17.760 ms  ×2^3     C=— [<floor] [trial 1/3]
      8  180.560 ms  ×2^0     C=— [<floor] [trial 1/3]
      2    1.815 ms  ×2^6     C=— [<floor] [trial 2/3]
      4   19.302 ms  ×2^3     C=— [<floor] [trial 2/3]
      8  140.329 ms  ×2^0     C=— [<floor] [trial 2/3]
      2    1.690 ms  ×2^7     C=— [<floor] [trial 3/3]
      4   17.674 ms  ×2^3     C=— [<floor] [trial 3/3]
      8  155.996 ms  ×2^0     C=— [<floor] [trial 3/3]
  verdict: inconclusive (cMin=—, cMax=—, β=—)
  per-spawn floor (harness self-measurement): 41.134 ms
  peak RSS: 64_608 kB..66_544 kB (across 9 ok row(s))
  ‼ every measurement was below 10.000× the per-spawn floor (per-spawn floor ≈ 41.134 ms); the function is too fast for child-process measurement at the configured params. Try the following: extend the declared `paramSchedule := .custom #[...]` array with larger params, wrap the function in a hot inner loop, or use `setup_fixed_benchmark` for a single-shot reading.
  ‼ only 0 verdict-eligible row(s) survived warmup-trim + signal-floor filter; the verdict is below resolution. Lower `--warmup-fraction`, extend the declared `paramSchedule := .custom #[...]` array with larger params.

Hex.RowReduceBench.Field.height8FullSolve    expected complexity: n * Nat.log2 (n + 1)    [warm cache]
  env: lean=4.34.0-rc2, os=linux, arch=x86_64, commit=f566403-dirty, 2026-09-12T21:15:49Z, host=chungus2
  param  per-call    repeats  C
      8  984.672 µs  ×2^7     C=— [<floor] [trial 1/3]
     16    1.385 ms  ×2^7     C=— [<floor] [trial 1/3]
     32    2.736 ms  ×2^6     C=— [<floor] [trial 1/3]
     64    3.336 ms  ×2^6     C=— [<floor] [trial 1/3]
    128    4.128 ms  ×2^5     C=— [<floor] [trial 1/3]
    256    5.405 ms  ×2^5     C=— [<floor] [trial 1/3]
      8    1.284 ms  ×2^7     C=— [<floor] [trial 2/3]
     16    1.758 ms  ×2^7     C=— [<floor] [trial 2/3]
     32    3.298 ms  ×2^6     C=— [<floor] [trial 2/3]
     64    6.063 ms  ×2^6     C=— [<floor] [trial 2/3]
    128    5.339 ms  ×2^5     C=— [<floor] [trial 2/3]
    256    5.572 ms  ×2^5     C=— [<floor] [trial 2/3]
      8    1.520 ms  ×2^7     C=— [<floor] [trial 3/3]
     16    1.771 ms  ×2^7     C=— [<floor] [trial 3/3]
     32    3.002 ms  ×2^6     C=— [<floor] [trial 3/3]
     64    3.452 ms  ×2^6     C=— [<floor] [trial 3/3]
    128    4.052 ms  ×2^5     C=— [<floor] [trial 3/3]
    256    5.864 ms  ×2^5     C=— [<floor] [trial 3/3]
  verdict: inconclusive (cMin=—, cMax=—, β=—)
  per-spawn floor (harness self-measurement): 40.544 ms
  peak RSS: 62_624 kB..66_576 kB (across 18 ok row(s))
  ‼ every measurement was below 10.000× the per-spawn floor (per-spawn floor ≈ 40.544 ms); the function is too fast for child-process measurement at the configured params. Try the following: extend the declared `paramSchedule := .custom #[...]` array with larger params, wrap the function in a hot inner loop, or use `setup_fixed_benchmark` for a single-shot reading.
  ‼ only 0 verdict-eligible row(s) survived warmup-trim + signal-floor filter; the verdict is below resolution. Lower `--warmup-fraction`, extend the declared `paramSchedule := .custom #[...]` array with larger params.

Hex.RowReduceBench.Field.height8FullOption    expected complexity: n * Nat.log2 (n + 1)    [warm cache]
  env: lean=4.34.0-rc2, os=linux, arch=x86_64, commit=f566403-dirty, 2026-09-12T21:15:54Z, host=chungus2
  param  per-call  repeats  C
      8  1.104 ms  ×2^7     C=— [<floor] [trial 1/3]
     16  1.507 ms  ×2^7     C=— [<floor] [trial 1/3]
     32  2.927 ms  ×2^6     C=— [<floor] [trial 1/3]
     64  4.864 ms  ×2^5     C=— [<floor] [trial 1/3]
    128  4.023 ms  ×2^5     C=— [<floor] [trial 1/3]
    256  5.137 ms  ×2^5     C=— [<floor] [trial 1/3]
      8  1.069 ms  ×2^7     C=— [<floor] [trial 2/3]
     16  1.579 ms  ×2^7     C=— [<floor] [trial 2/3]
     32  3.323 ms  ×2^6     C=— [<floor] [trial 2/3]
     64  3.770 ms  ×2^5     C=— [<floor] [trial 2/3]
    128  4.336 ms  ×2^5     C=— [<floor] [trial 2/3]
    256  4.695 ms  ×2^5     C=— [<floor] [trial 2/3]
      8  1.669 ms  ×2^7     C=— [<floor] [trial 3/3]
     16  2.545 ms  ×2^7     C=— [<floor] [trial 3/3]
     32  4.539 ms  ×2^5     C=— [<floor] [trial 3/3]
     64  3.946 ms  ×2^5     C=— [<floor] [trial 3/3]
    128  4.028 ms  ×2^5     C=— [<floor] [trial 3/3]
    256  4.698 ms  ×2^5     C=— [<floor] [trial 3/3]
  verdict: inconclusive (cMin=—, cMax=—, β=—)
  per-spawn floor (harness self-measurement): 52.394 ms
  peak RSS: 58_712 kB..66_568 kB (across 18 ok row(s))
  ‼ every measurement was below 10.000× the per-spawn floor (per-spawn floor ≈ 52.394 ms); the function is too fast for child-process measurement at the configured params. Try the following: extend the declared `paramSchedule := .custom #[...]` array with larger params, wrap the function in a hot inner loop, or use `setup_fixed_benchmark` for a single-shot reading.
  ‼ only 0 verdict-eligible row(s) survived warmup-trim + signal-floor filter; the verdict is below resolution. Lower `--warmup-fraction`, extend the declared `paramSchedule := .custom #[...]` array with larger params.

Hex.RowReduceBench.Field.height8FullInverse    expected complexity: n * Nat.log2 (n + 1)    [warm cache]
  env: lean=4.34.0-rc2, os=linux, arch=x86_64, commit=f566403-dirty, 2026-09-12T21:15:58Z, host=chungus2
  param  per-call    repeats  C
      8  494.143 µs  ×2^8     C=— [<floor] [trial 1/3]
     16  649.823 µs  ×2^8     C=— [<floor] [trial 1/3]
     32    1.323 ms  ×2^7     C=— [<floor] [trial 1/3]
     64    1.571 ms  ×2^7     C=— [<floor] [trial 1/3]
    128    2.562 ms  ×2^6     C=— [<floor] [trial 1/3]
    256    2.045 ms  ×2^6     C=— [<floor] [trial 1/3]
      8  498.663 µs  ×2^8     C=— [<floor] [trial 2/3]
     16  692.026 µs  ×2^8     C=— [<floor] [trial 2/3]
     32    1.607 ms  ×2^7     C=— [<floor] [trial 2/3]
     64    1.874 ms  ×2^7     C=— [<floor] [trial 2/3]
    128    1.891 ms  ×2^6     C=— [<floor] [trial 2/3]
    256    2.249 ms  ×2^6     C=— [<floor] [trial 2/3]
      8  523.740 µs  ×2^8     C=— [<floor] [trial 3/3]
     16  734.901 µs  ×2^8     C=— [<floor] [trial 3/3]
     32    1.417 ms  ×2^6     C=— [<floor] [trial 3/3]
     64    1.660 ms  ×2^6     C=— [<floor] [trial 3/3]
    128    1.857 ms  ×2^6     C=— [<floor] [trial 3/3]
    256    2.203 ms  ×2^6     C=— [<floor] [trial 3/3]
  verdict: inconclusive (cMin=—, cMax=—, β=—)
  per-spawn floor (harness self-measurement): 42.550 ms
  peak RSS: 59_304 kB..66_496 kB (across 18 ok row(s))
  ‼ every measurement was below 10.000× the per-spawn floor (per-spawn floor ≈ 42.550 ms); the function is too fast for child-process measurement at the configured params. Try the following: extend the declared `paramSchedule := .custom #[...]` array with larger params, wrap the function in a hot inner loop, or use `setup_fixed_benchmark` for a single-shot reading.
  ‼ only 0 verdict-eligible row(s) survived warmup-trim + signal-floor filter; the verdict is below resolution. Lower `--warmup-fraction`, extend the declared `paramSchedule := .custom #[...]` array with larger params.

Hex.RowReduceBench.Field.height8DeficientSolve    expected complexity: n * Nat.log2 (n + 1)    [warm cache]
  env: lean=4.34.0-rc2, os=linux, arch=x86_64, commit=f566403-dirty, 2026-09-12T21:16:03Z, host=chungus2
  param  per-call    repeats  C
      8  842.584 µs  ×2^8     C=— [<floor] [trial 1/3]
     16    1.102 ms  ×2^7     C=— [<floor] [trial 1/3]
     32    2.073 ms  ×2^6     C=— [<floor] [trial 1/3]
     64    2.466 ms  ×2^6     C=— [<floor] [trial 1/3]
    128    3.243 ms  ×2^6     C=— [<floor] [trial 1/3]
    256    3.455 ms  ×2^5     C=— [<floor] [trial 1/3]
      8  844.726 µs  ×2^8     C=— [<floor] [trial 2/3]
     16    1.089 ms  ×2^7     C=— [<floor] [trial 2/3]
     32    2.156 ms  ×2^6     C=— [<floor] [trial 2/3]
     64    2.755 ms  ×2^6     C=— [<floor] [trial 2/3]
    128    3.003 ms  ×2^6     C=— [<floor] [trial 2/3]
    256    3.793 ms  ×2^5     C=— [<floor] [trial 2/3]
      8  949.158 µs  ×2^7     C=— [<floor] [trial 3/3]
     16    1.117 ms  ×2^7     C=— [<floor] [trial 3/3]
     32    2.355 ms  ×2^6     C=— [<floor] [trial 3/3]
     64    2.613 ms  ×2^6     C=— [<floor] [trial 3/3]
    128    3.020 ms  ×2^6     C=— [<floor] [trial 3/3]
    256    3.553 ms  ×2^5     C=— [<floor] [trial 3/3]
  verdict: inconclusive (cMin=—, cMax=—, β=—)
  per-spawn floor (harness self-measurement): 42.597 ms
  peak RSS: 64_632 kB..66_728 kB (across 18 ok row(s))
  ‼ every measurement was below 10.000× the per-spawn floor (per-spawn floor ≈ 42.597 ms); the function is too fast for child-process measurement at the configured params. Try the following: extend the declared `paramSchedule := .custom #[...]` array with larger params, wrap the function in a hot inner loop, or use `setup_fixed_benchmark` for a single-shot reading.
  ‼ only 0 verdict-eligible row(s) survived warmup-trim + signal-floor filter; the verdict is below resolution. Lower `--warmup-fraction`, extend the declared `paramSchedule := .custom #[...]` array with larger params.

Hex.RowReduceBench.Field.height8DeficientOption    expected complexity: n * Nat.log2 (n + 1)    [warm cache]
  env: lean=4.34.0-rc2, os=linux, arch=x86_64, commit=f566403-dirty, 2026-09-12T21:16:06Z, host=chungus2
  param  per-call    repeats  C
      8    1.024 ms  ×2^7     C=— [<floor] [trial 1/3]
     16    1.155 ms  ×2^7     C=— [<floor] [trial 1/3]
     32    2.202 ms  ×2^6     C=— [<floor] [trial 1/3]
     64    2.647 ms  ×2^6     C=— [<floor] [trial 1/3]
    128    3.147 ms  ×2^6     C=— [<floor] [trial 1/3]
    256    3.537 ms  ×2^5     C=— [<floor] [trial 1/3]
      8  862.409 µs  ×2^7     C=— [<floor] [trial 2/3]
     16    1.261 ms  ×2^7     C=— [<floor] [trial 2/3]
     32    2.145 ms  ×2^6     C=— [<floor] [trial 2/3]
     64    2.531 ms  ×2^6     C=— [<floor] [trial 2/3]
    128    2.875 ms  ×2^6     C=— [<floor] [trial 2/3]
    256    3.390 ms  ×2^6     C=— [<floor] [trial 2/3]
      8  837.372 µs  ×2^7     C=— [<floor] [trial 3/3]
     16    1.107 ms  ×2^7     C=— [<floor] [trial 3/3]
     32    2.217 ms  ×2^6     C=— [<floor] [trial 3/3]
     64    2.515 ms  ×2^6     C=— [<floor] [trial 3/3]
    128    3.035 ms  ×2^6     C=— [<floor] [trial 3/3]
    256    3.538 ms  ×2^6     C=— [<floor] [trial 3/3]
  verdict: inconclusive (cMin=—, cMax=—, β=—)
  per-spawn floor (harness self-measurement): 81.260 ms
  peak RSS: 61_584 kB..66_784 kB (across 18 ok row(s))
  ‼ every measurement was below 10.000× the per-spawn floor (per-spawn floor ≈ 81.260 ms); the function is too fast for child-process measurement at the configured params. Try the following: extend the declared `paramSchedule := .custom #[...]` array with larger params, wrap the function in a hot inner loop, or use `setup_fixed_benchmark` for a single-shot reading.
  ‼ only 0 verdict-eligible row(s) survived warmup-trim + signal-floor filter; the verdict is below resolution. Lower `--warmup-fraction`, extend the declared `paramSchedule := .custom #[...]` array with larger params.

Hex.RowReduceBench.Field.height8DeficientInverse    expected complexity: n * Nat.log2 (n + 1)    [warm cache]
  env: lean=4.34.0-rc2, os=linux, arch=x86_64, commit=f566403-dirty, 2026-09-12T21:16:10Z, host=chungus2
  param  per-call    repeats  C
      8  422.438 µs  ×2^9     C=— [<floor] [trial 1/3]
     16  540.787 µs  ×2^8     C=— [<floor] [trial 1/3]
     32  912.681 µs  ×2^7     C=— [<floor] [trial 1/3]
     64    1.084 ms  ×2^7     C=— [<floor] [trial 1/3]
    128    1.435 ms  ×2^7     C=— [<floor] [trial 1/3]
    256    2.193 ms  ×2^7     C=— [<floor] [trial 1/3]
      8  394.907 µs  ×2^9     C=— [<floor] [trial 2/3]
     16  501.698 µs  ×2^8     C=— [<floor] [trial 2/3]
     32    1.123 ms  ×2^7     C=— [<floor] [trial 2/3]
     64    1.206 ms  ×2^6     C=— [<floor] [trial 2/3]
    128    1.822 ms  ×2^7     C=— [<floor] [trial 2/3]
    256    2.104 ms  ×2^7     C=— [<floor] [trial 2/3]
      8  423.331 µs  ×2^9     C=— [<floor] [trial 3/3]
     16  539.644 µs  ×2^8     C=— [<floor] [trial 3/3]
     32    1.015 ms  ×2^7     C=— [<floor] [trial 3/3]
     64    1.244 ms  ×2^7     C=— [<floor] [trial 3/3]
    128    1.433 ms  ×2^7     C=— [<floor] [trial 3/3]
    256    1.961 ms  ×2^7     C=— [<floor] [trial 3/3]
  verdict: inconclusive (cMin=—, cMax=—, β=—)
  per-spawn floor (harness self-measurement): 40.532 ms
  peak RSS: 61_328 kB..66_576 kB (across 18 ok row(s))
  ‼ every measurement was below 10.000× the per-spawn floor (per-spawn floor ≈ 40.532 ms); the function is too fast for child-process measurement at the configured params. Try the following: extend the declared `paramSchedule := .custom #[...]` array with larger params, wrap the function in a hot inner loop, or use `setup_fixed_benchmark` for a single-shot reading.
  ‼ only 0 verdict-eligible row(s) survived warmup-trim + signal-floor filter; the verdict is below resolution. Lower `--warmup-fraction`, extend the declared `paramSchedule := .custom #[...]` array with larger params.

Hex.RowReduceBench.Field.height8HalfSolve    expected complexity: n * Nat.log2 (n + 1)    [warm cache]
  env: lean=4.34.0-rc2, os=linux, arch=x86_64, commit=f566403-dirty, 2026-09-12T21:16:15Z, host=chungus2
  param  per-call    repeats  C
      8  458.007 µs  ×2^8     C=— [<floor] [trial 1/3]
     16  546.535 µs  ×2^8     C=— [<floor] [trial 1/3]
     32    1.004 ms  ×2^7     C=— [<floor] [trial 1/3]
     64    1.160 ms  ×2^7     C=— [<floor] [trial 1/3]
    128    1.380 ms  ×2^7     C=— [<floor] [trial 1/3]
    256    1.514 ms  ×2^7     C=— [<floor] [trial 1/3]
      8  458.495 µs  ×2^8     C=— [<floor] [trial 2/3]
     16  525.424 µs  ×2^8     C=— [<floor] [trial 2/3]
     32  979.801 µs  ×2^7     C=— [<floor] [trial 2/3]
     64    1.126 ms  ×2^7     C=— [<floor] [trial 2/3]
    128    1.284 ms  ×2^7     C=— [<floor] [trial 2/3]
    256    1.525 ms  ×2^7     C=— [<floor] [trial 2/3]
      8  465.827 µs  ×2^8     C=— [<floor] [trial 3/3]
     16  638.204 µs  ×2^8     C=— [<floor] [trial 3/3]
     32    1.001 ms  ×2^7     C=— [<floor] [trial 3/3]
     64    1.351 ms  ×2^7     C=— [<floor] [trial 3/3]
    128    1.645 ms  ×2^7     C=— [<floor] [trial 3/3]
    256    1.503 ms  ×2^7     C=— [<floor] [trial 3/3]
  verdict: inconclusive (cMin=—, cMax=—, β=—)
  per-spawn floor (harness self-measurement): 42.155 ms
  peak RSS: 64_820 kB..66_740 kB (across 18 ok row(s))
  ‼ every measurement was below 10.000× the per-spawn floor (per-spawn floor ≈ 42.155 ms); the function is too fast for child-process measurement at the configured params. Try the following: extend the declared `paramSchedule := .custom #[...]` array with larger params, wrap the function in a hot inner loop, or use `setup_fixed_benchmark` for a single-shot reading.
  ‼ only 0 verdict-eligible row(s) survived warmup-trim + signal-floor filter; the verdict is below resolution. Lower `--warmup-fraction`, extend the declared `paramSchedule := .custom #[...]` array with larger params.

Hex.RowReduceBench.Field.height8HalfOption    expected complexity: n * Nat.log2 (n + 1)    [warm cache]
  env: lean=4.34.0-rc2, os=linux, arch=x86_64, commit=f566403-dirty, 2026-09-12T21:16:18Z, host=chungus2
  param  per-call    repeats  C
      8  488.612 µs  ×2^8     C=— [<floor] [trial 1/3]
     16  547.491 µs  ×2^8     C=— [<floor] [trial 1/3]
     32    1.075 ms  ×2^7     C=— [<floor] [trial 1/3]
     64    1.151 ms  ×2^7     C=— [<floor] [trial 1/3]
    128    1.290 ms  ×2^7     C=— [<floor] [trial 1/3]
    256    1.492 ms  ×2^7     C=— [<floor] [trial 1/3]
      8  477.084 µs  ×2^8     C=— [<floor] [trial 2/3]
     16  550.437 µs  ×2^8     C=— [<floor] [trial 2/3]
     32  987.874 µs  ×2^7     C=— [<floor] [trial 2/3]
     64    1.140 ms  ×2^7     C=— [<floor] [trial 2/3]
    128    1.326 ms  ×2^7     C=— [<floor] [trial 2/3]
    256    1.485 ms  ×2^7     C=— [<floor] [trial 2/3]
      8  455.203 µs  ×2^8     C=— [<floor] [trial 3/3]
     16  534.976 µs  ×2^8     C=— [<floor] [trial 3/3]
     32  998.069 µs  ×2^7     C=— [<floor] [trial 3/3]
     64    1.154 ms  ×2^7     C=— [<floor] [trial 3/3]
    128    1.332 ms  ×2^7     C=— [<floor] [trial 3/3]
    256    1.517 ms  ×2^7     C=— [<floor] [trial 3/3]
  verdict: inconclusive (cMin=—, cMax=—, β=—)
  per-spawn floor (harness self-measurement): 65.460 ms
  peak RSS: 60_668 kB..66_608 kB (across 18 ok row(s))
  ‼ every measurement was below 10.000× the per-spawn floor (per-spawn floor ≈ 65.460 ms); the function is too fast for child-process measurement at the configured params. Try the following: extend the declared `paramSchedule := .custom #[...]` array with larger params, wrap the function in a hot inner loop, or use `setup_fixed_benchmark` for a single-shot reading.
  ‼ only 0 verdict-eligible row(s) survived warmup-trim + signal-floor filter; the verdict is below resolution. Lower `--warmup-fraction`, extend the declared `paramSchedule := .custom #[...]` array with larger params.

Hex.RowReduceBench.Field.height8HalfInverse    expected complexity: n * Nat.log2 (n + 1)    [warm cache]
  env: lean=4.34.0-rc2, os=linux, arch=x86_64, commit=f566403-dirty, 2026-09-12T21:16:22Z, host=chungus2
  param  per-call    repeats  C
      8  219.363 µs  ×2^10    C=— [<floor] [trial 1/3]
     16  211.388 µs  ×2^10    C=— [<floor] [trial 1/3]
     32  457.243 µs  ×2^8     C=— [<floor] [trial 1/3]
     64  536.248 µs  ×2^8     C=— [<floor] [trial 1/3]
    128  606.061 µs  ×2^8     C=— [<floor] [trial 1/3]
    256  681.723 µs  ×2^8     C=— [<floor] [trial 1/3]
      8  198.690 µs  ×2^10    C=— [<floor] [trial 2/3]
     16  231.547 µs  ×2^9     C=— [<floor] [trial 2/3]
     32  441.644 µs  ×2^9     C=— [<floor] [trial 2/3]
     64  512.910 µs  ×2^8     C=— [<floor] [trial 2/3]
    128  596.774 µs  ×2^8     C=— [<floor] [trial 2/3]
    256  693.097 µs  ×2^8     C=— [<floor] [trial 2/3]
      8  197.016 µs  ×2^10    C=— [<floor] [trial 3/3]
     16  238.926 µs  ×2^10    C=— [<floor] [trial 3/3]
     32  459.366 µs  ×2^8     C=— [<floor] [trial 3/3]
     64  541.680 µs  ×2^8     C=— [<floor] [trial 3/3]
    128  654.089 µs  ×2^8     C=— [<floor] [trial 3/3]
    256  691.466 µs  ×2^8     C=— [<floor] [trial 3/3]
  verdict: inconclusive (cMin=—, cMax=—, β=—)
  per-spawn floor (harness self-measurement): 71.564 ms
  peak RSS: 61_072 kB..66_704 kB (across 18 ok row(s))
  ‼ every measurement was below 10.000× the per-spawn floor (per-spawn floor ≈ 71.564 ms); the function is too fast for child-process measurement at the configured params. Try the following: extend the declared `paramSchedule := .custom #[...]` array with larger params, wrap the function in a hot inner loop, or use `setup_fixed_benchmark` for a single-shot reading.
  ‼ only 0 verdict-eligible row(s) survived warmup-trim + signal-floor filter; the verdict is below resolution. Lower `--warmup-fraction`, extend the declared `paramSchedule := .custom #[...]` array with larger params.

Hex.RowReduceBench.Field.height8DeficientErrorSolve    expected complexity: n * Nat.log2 (n + 1)    [warm cache]
  env: lean=4.34.0-rc2, os=linux, arch=x86_64, commit=f566403-dirty, 2026-09-12T21:16:27Z, host=chungus2
  param  per-call    repeats  C
      8  440.711 µs  ×2^9     C=— [<floor] [trial 1/3]
     16  564.340 µs  ×2^8     C=— [<floor] [trial 1/3]
     32    1.107 ms  ×2^7     C=— [<floor] [trial 1/3]
     64    1.310 ms  ×2^7     C=— [<floor] [trial 1/3]
    128    2.251 ms  ×2^7     C=— [<floor] [trial 1/3]
    256    2.665 ms  ×2^6     C=— [<floor] [trial 1/3]
      8  430.173 µs  ×2^8     C=— [<floor] [trial 2/3]
     16  565.978 µs  ×2^8     C=— [<floor] [trial 2/3]
     32    1.087 ms  ×2^7     C=— [<floor] [trial 2/3]
     64    1.267 ms  ×2^7     C=— [<floor] [trial 2/3]
    128    1.519 ms  ×2^7     C=— [<floor] [trial 2/3]
    256    2.593 ms  ×2^6     C=— [<floor] [trial 2/3]
      8  421.012 µs  ×2^8     C=— [<floor] [trial 3/3]
     16  558.996 µs  ×2^8     C=— [<floor] [trial 3/3]
     32    1.207 ms  ×2^7     C=— [<floor] [trial 3/3]
     64    1.250 ms  ×2^7     C=— [<floor] [trial 3/3]
    128    1.567 ms  ×2^7     C=— [<floor] [trial 3/3]
    256    1.849 ms  ×2^6     C=— [<floor] [trial 3/3]
  verdict: inconclusive (cMin=—, cMax=—, β=—)
  per-spawn floor (harness self-measurement): 49.155 ms
  peak RSS: 60_652 kB..66_744 kB (across 18 ok row(s))
  ‼ every measurement was below 10.000× the per-spawn floor (per-spawn floor ≈ 49.155 ms); the function is too fast for child-process measurement at the configured params. Try the following: extend the declared `paramSchedule := .custom #[...]` array with larger params, wrap the function in a hot inner loop, or use `setup_fixed_benchmark` for a single-shot reading.
  ‼ only 0 verdict-eligible row(s) survived warmup-trim + signal-floor filter; the verdict is below resolution. Lower `--warmup-fraction`, extend the declared `paramSchedule := .custom #[...]` array with larger params.

Hex.RowReduceBench.Field.height8DeficientErrorOption    expected complexity: n * Nat.log2 (n + 1)    [warm cache]
  env: lean=4.34.0-rc2, os=linux, arch=x86_64, commit=f566403-dirty, 2026-09-12T21:16:31Z, host=chungus2
  param  per-call    repeats  C
      8  428.640 µs  ×2^8     C=— [<floor] [trial 1/3]
     16  575.873 µs  ×2^8     C=— [<floor] [trial 1/3]
     32    1.072 ms  ×2^7     C=— [<floor] [trial 1/3]
     64    1.275 ms  ×2^7     C=— [<floor] [trial 1/3]
    128    1.540 ms  ×2^7     C=— [<floor] [trial 1/3]
    256    1.892 ms  ×2^6     C=— [<floor] [trial 1/3]
      8  444.911 µs  ×2^8     C=— [<floor] [trial 2/3]
     16  568.466 µs  ×2^8     C=— [<floor] [trial 2/3]
     32    1.097 ms  ×2^7     C=— [<floor] [trial 2/3]
     64    1.349 ms  ×2^7     C=— [<floor] [trial 2/3]
    128    1.568 ms  ×2^7     C=— [<floor] [trial 2/3]
    256    2.052 ms  ×2^6     C=— [<floor] [trial 2/3]
      8  482.079 µs  ×2^9     C=— [<floor] [trial 3/3]
     16  577.143 µs  ×2^8     C=— [<floor] [trial 3/3]
     32    1.100 ms  ×2^7     C=— [<floor] [trial 3/3]
     64    1.296 ms  ×2^7     C=— [<floor] [trial 3/3]
    128    1.576 ms  ×2^7     C=— [<floor] [trial 3/3]
    256    2.090 ms  ×2^6     C=— [<floor] [trial 3/3]
  verdict: inconclusive (cMin=—, cMax=—, β=—)
  per-spawn floor (harness self-measurement): 41.815 ms
  peak RSS: 64_644 kB..66_612 kB (across 18 ok row(s))
  ‼ every measurement was below 10.000× the per-spawn floor (per-spawn floor ≈ 41.815 ms); the function is too fast for child-process measurement at the configured params. Try the following: extend the declared `paramSchedule := .custom #[...]` array with larger params, wrap the function in a hot inner loop, or use `setup_fixed_benchmark` for a single-shot reading.
  ‼ only 0 verdict-eligible row(s) survived warmup-trim + signal-floor filter; the verdict is below resolution. Lower `--warmup-fraction`, extend the declared `paramSchedule := .custom #[...]` array with larger params.

Hex.RowReduceBench.Field.height8HalfErrorSolve    expected complexity: n * Nat.log2 (n + 1)    [warm cache]
  env: lean=4.34.0-rc2, os=linux, arch=x86_64, commit=f566403-dirty, 2026-09-12T21:16:35Z, host=chungus2
  param  per-call    repeats  C
      8  229.111 µs  ×2^9     C=— [<floor] [trial 1/3]
     16  279.203 µs  ×2^9     C=— [<floor] [trial 1/3]
     32  528.780 µs  ×2^8     C=— [<floor] [trial 1/3]
     64  615.594 µs  ×2^8     C=— [<floor] [trial 1/3]
    128  756.216 µs  ×2^8     C=— [<floor] [trial 1/3]
    256  835.231 µs  ×2^7     C=— [<floor] [trial 1/3]
      8  253.526 µs  ×2^9     C=— [<floor] [trial 2/3]
     16  279.052 µs  ×2^9     C=— [<floor] [trial 2/3]
     32  628.534 µs  ×2^8     C=— [<floor] [trial 2/3]
     64  618.122 µs  ×2^8     C=— [<floor] [trial 2/3]
    128  772.094 µs  ×2^8     C=— [<floor] [trial 2/3]
    256  952.833 µs  ×2^8     C=— [<floor] [trial 2/3]
      8  216.028 µs  ×2^10    C=— [<floor] [trial 3/3]
     16  347.627 µs  ×2^9     C=— [<floor] [trial 3/3]
     32  553.587 µs  ×2^6     C=— [<floor] [trial 3/3]
     64  596.029 µs  ×2^8     C=— [<floor] [trial 3/3]
    128  893.685 µs  ×2^8     C=— [<floor] [trial 3/3]
    256  783.586 µs  ×2^8     C=— [<floor] [trial 3/3]
  verdict: inconclusive (cMin=—, cMax=—, β=—)
  per-spawn floor (harness self-measurement): 42.243 ms
  peak RSS: 61_824 kB..66_748 kB (across 18 ok row(s))
  ‼ every measurement was below 10.000× the per-spawn floor (per-spawn floor ≈ 42.243 ms); the function is too fast for child-process measurement at the configured params. Try the following: extend the declared `paramSchedule := .custom #[...]` array with larger params, wrap the function in a hot inner loop, or use `setup_fixed_benchmark` for a single-shot reading.
  ‼ only 0 verdict-eligible row(s) survived warmup-trim + signal-floor filter; the verdict is below resolution. Lower `--warmup-fraction`, extend the declared `paramSchedule := .custom #[...]` array with larger params.

Hex.RowReduceBench.Field.height8HalfErrorOption    expected complexity: n * Nat.log2 (n + 1)    [warm cache]
  env: lean=4.34.0-rc2, os=linux, arch=x86_64, commit=f566403-dirty, 2026-09-12T21:16:39Z, host=chungus2
  param  per-call    repeats  C
      8  237.894 µs  ×2^9     C=— [<floor] [trial 1/3]
     16  283.186 µs  ×2^9     C=— [<floor] [trial 1/3]
     32  503.639 µs  ×2^8     C=— [<floor] [trial 1/3]
     64  590.115 µs  ×2^8     C=— [<floor] [trial 1/3]
    128  725.508 µs  ×2^8     C=— [<floor] [trial 1/3]
    256  830.264 µs  ×2^8     C=— [<floor] [trial 1/3]
      8  230.034 µs  ×2^9     C=— [<floor] [trial 2/3]
     16  278.171 µs  ×2^9     C=— [<floor] [trial 2/3]
     32  517.581 µs  ×2^8     C=— [<floor] [trial 2/3]
     64  593.862 µs  ×2^8     C=— [<floor] [trial 2/3]
    128  695.832 µs  ×2^8     C=— [<floor] [trial 2/3]
    256  834.768 µs  ×2^8     C=— [<floor] [trial 2/3]
      8  233.551 µs  ×2^9     C=— [<floor] [trial 3/3]
     16  274.417 µs  ×2^9     C=— [<floor] [trial 3/3]
     32  517.431 µs  ×2^8     C=— [<floor] [trial 3/3]
     64  608.629 µs  ×2^8     C=— [<floor] [trial 3/3]
    128  702.797 µs  ×2^8     C=— [<floor] [trial 3/3]
    256  794.192 µs  ×2^8     C=— [<floor] [trial 3/3]
  verdict: inconclusive (cMin=—, cMax=—, β=—)
  per-spawn floor (harness self-measurement): 53.652 ms
  peak RSS: 63_404 kB..66_736 kB (across 18 ok row(s))
  ‼ every measurement was below 10.000× the per-spawn floor (per-spawn floor ≈ 53.652 ms); the function is too fast for child-process measurement at the configured params. Try the following: extend the declared `paramSchedule := .custom #[...]` array with larger params, wrap the function in a hot inner loop, or use `setup_fixed_benchmark` for a single-shot reading.
  ‼ only 0 verdict-eligible row(s) survived warmup-trim + signal-floor filter; the verdict is below resolution. Lower `--warmup-fraction`, extend the declared `paramSchedule := .custom #[...]` array with larger params.

Hex.RowReduceBench.Field.height8TallSolve    expected complexity: n * Nat.log2 (n + 1)    [warm cache]
  env: lean=4.34.0-rc2, os=linux, arch=x86_64, commit=f566403-dirty, 2026-09-12T21:16:43Z, host=chungus2
  param  per-call  repeats  C
      8  2.458 ms  ×2^6     C=— [<floor] [trial 1/3]
     16  2.983 ms  ×2^6     C=— [<floor] [trial 1/3]
     32  5.692 ms  ×2^5     C=— [<floor] [trial 1/3]
     64  6.524 ms  ×2^5     C=— [<floor] [trial 1/3]
    128  7.478 ms  ×2^5     C=— [<floor] [trial 1/3]
    256  7.617 ms  ×2^4     C=— [<floor] [trial 1/3]
      8  2.251 ms  ×2^6     C=— [<floor] [trial 2/3]
     16  2.986 ms  ×2^6     C=— [<floor] [trial 2/3]
     32  5.742 ms  ×2^5     C=— [<floor] [trial 2/3]
     64  6.437 ms  ×2^5     C=— [<floor] [trial 2/3]
    128  7.195 ms  ×2^4     C=— [<floor] [trial 2/3]
    256  8.464 ms  ×2^4     C=— [<floor] [trial 2/3]
      8  2.356 ms  ×2^6     C=— [<floor] [trial 3/3]
     16  2.981 ms  ×2^6     C=— [<floor] [trial 3/3]
     32  5.168 ms  ×2^5     C=— [<floor] [trial 3/3]
     64  6.089 ms  ×2^5     C=— [<floor] [trial 3/3]
    128  6.907 ms  ×2^5     C=— [<floor] [trial 3/3]
    256  8.230 ms  ×2^4     C=— [<floor] [trial 3/3]
  verdict: inconclusive (cMin=—, cMax=—, β=—)
  per-spawn floor (harness self-measurement): 40.718 ms
  peak RSS: 64_656 kB..66_772 kB (across 18 ok row(s))
  ‼ every measurement was below 10.000× the per-spawn floor (per-spawn floor ≈ 40.718 ms); the function is too fast for child-process measurement at the configured params. Try the following: extend the declared `paramSchedule := .custom #[...]` array with larger params, wrap the function in a hot inner loop, or use `setup_fixed_benchmark` for a single-shot reading.
  ‼ only 0 verdict-eligible row(s) survived warmup-trim + signal-floor filter; the verdict is below resolution. Lower `--warmup-fraction`, extend the declared `paramSchedule := .custom #[...]` array with larger params.

Hex.RowReduceBench.Field.height8TallOption    expected complexity: n * Nat.log2 (n + 1)    [warm cache]
  env: lean=4.34.0-rc2, os=linux, arch=x86_64, commit=f566403-dirty, 2026-09-12T21:16:47Z, host=chungus2
  param  per-call  repeats  C
      8  2.357 ms  ×2^6     C=— [<floor] [trial 1/3]
     16  2.855 ms  ×2^6     C=— [<floor] [trial 1/3]
     32  5.052 ms  ×2^5     C=— [<floor] [trial 1/3]
     64  6.555 ms  ×2^5     C=— [<floor] [trial 1/3]
    128  7.144 ms  ×2^4     C=— [<floor] [trial 1/3]
    256  8.178 ms  ×2^4     C=— [<floor] [trial 1/3]
      8  2.396 ms  ×2^6     C=— [<floor] [trial 2/3]
     16  2.987 ms  ×2^6     C=— [<floor] [trial 2/3]
     32  6.047 ms  ×2^5     C=— [<floor] [trial 2/3]
     64  6.715 ms  ×2^5     C=— [<floor] [trial 2/3]
    128  7.369 ms  ×2^4     C=— [<floor] [trial 2/3]
    256  8.587 ms  ×2^4     C=— [<floor] [trial 2/3]
      8  2.395 ms  ×2^6     C=— [<floor] [trial 3/3]
     16  2.938 ms  ×2^6     C=— [<floor] [trial 3/3]
     32  5.734 ms  ×2^5     C=— [<floor] [trial 3/3]
     64  7.610 ms  ×2^4     C=— [<floor] [trial 3/3]
    128  6.923 ms  ×2^5     C=— [<floor] [trial 3/3]
    256  8.573 ms  ×2^4     C=— [<floor] [trial 3/3]
  verdict: inconclusive (cMin=—, cMax=—, β=—)
  per-spawn floor (harness self-measurement): 40.515 ms
  peak RSS: 62_268 kB..66_716 kB (across 18 ok row(s))
  ‼ every measurement was below 10.000× the per-spawn floor (per-spawn floor ≈ 40.515 ms); the function is too fast for child-process measurement at the configured params. Try the following: extend the declared `paramSchedule := .custom #[...]` array with larger params, wrap the function in a hot inner loop, or use `setup_fixed_benchmark` for a single-shot reading.
  ‼ only 0 verdict-eligible row(s) survived warmup-trim + signal-floor filter; the verdict is below resolution. Lower `--warmup-fraction`, extend the declared `paramSchedule := .custom #[...]` array with larger params.

Hex.RowReduceBench.Field.height8WideSolve    expected complexity: n * Nat.log2 (n + 1)    [warm cache]
  env: lean=4.34.0-rc2, os=linux, arch=x86_64, commit=f566403-dirty, 2026-09-12T21:16:52Z, host=chungus2
  param  per-call  repeats  C
      8  1.636 ms  ×2^7     C=— [<floor] [trial 1/3]
     16  2.331 ms  ×2^6     C=— [<floor] [trial 1/3]
     32  3.762 ms  ×2^5     C=— [<floor] [trial 1/3]
     64  4.798 ms  ×2^5     C=— [<floor] [trial 1/3]
    128  6.423 ms  ×2^4     C=— [<floor] [trial 1/3]
    256  7.162 ms  ×2^4     C=— [<floor] [trial 1/3]
      8  1.622 ms  ×2^7     C=— [<floor] [trial 2/3]
     16  2.173 ms  ×2^6     C=— [<floor] [trial 2/3]
     32  4.067 ms  ×2^5     C=— [<floor] [trial 2/3]
     64  4.921 ms  ×2^5     C=— [<floor] [trial 2/3]
    128  7.420 ms  ×2^5     C=— [<floor] [trial 2/3]
    256  6.881 ms  ×2^4     C=— [<floor] [trial 2/3]
      8  1.724 ms  ×2^5     C=— [<floor] [trial 3/3]
     16  3.104 ms  ×2^6     C=— [<floor] [trial 3/3]
     32  3.848 ms  ×2^5     C=— [<floor] [trial 3/3]
     64  4.882 ms  ×2^5     C=— [<floor] [trial 3/3]
    128  8.762 ms  ×2^5     C=— [<floor] [trial 3/3]
    256  6.827 ms  ×2^4     C=— [<floor] [trial 3/3]
  verdict: inconclusive (cMin=—, cMax=—, β=—)
  per-spawn floor (harness self-measurement): 42.131 ms
  peak RSS: 58_760 kB..66_740 kB (across 18 ok row(s))
  ‼ every measurement was below 10.000× the per-spawn floor (per-spawn floor ≈ 42.131 ms); the function is too fast for child-process measurement at the configured params. Try the following: extend the declared `paramSchedule := .custom #[...]` array with larger params, wrap the function in a hot inner loop, or use `setup_fixed_benchmark` for a single-shot reading.
  ‼ only 0 verdict-eligible row(s) survived warmup-trim + signal-floor filter; the verdict is below resolution. Lower `--warmup-fraction`, extend the declared `paramSchedule := .custom #[...]` array with larger params.

Hex.RowReduceBench.Field.height8WideOption    expected complexity: n * Nat.log2 (n + 1)    [warm cache]
  env: lean=4.34.0-rc2, os=linux, arch=x86_64, commit=f566403-dirty, 2026-09-12T21:16:56Z, host=chungus2
  param  per-call  repeats  C
      8  1.621 ms  ×2^7     C=— [<floor] [trial 1/3]
     16  2.236 ms  ×2^6     C=— [<floor] [trial 1/3]
     32  4.067 ms  ×2^5     C=— [<floor] [trial 1/3]
     64  4.954 ms  ×2^5     C=— [<floor] [trial 1/3]
    128  5.608 ms  ×2^5     C=— [<floor] [trial 1/3]
    256  6.864 ms  ×2^4     C=— [<floor] [trial 1/3]
      8  1.708 ms  ×2^7     C=— [<floor] [trial 2/3]
     16  2.206 ms  ×2^6     C=— [<floor] [trial 2/3]
     32  4.279 ms  ×2^5     C=— [<floor] [trial 2/3]
     64  5.093 ms  ×2^5     C=— [<floor] [trial 2/3]
    128  7.204 ms  ×2^5     C=— [<floor] [trial 2/3]
    256  8.293 ms  ×2^5     C=— [<floor] [trial 2/3]
      8  1.670 ms  ×2^7     C=— [<floor] [trial 3/3]
     16  2.189 ms  ×2^6     C=— [<floor] [trial 3/3]
     32  4.364 ms  ×2^5     C=— [<floor] [trial 3/3]
     64  4.755 ms  ×2^5     C=— [<floor] [trial 3/3]
    128  5.614 ms  ×2^5     C=— [<floor] [trial 3/3]
    256  8.321 ms  ×2^4     C=— [<floor] [trial 3/3]
  verdict: inconclusive (cMin=—, cMax=—, β=—)
  per-spawn floor (harness self-measurement): 41.616 ms
  peak RSS: 59_328 kB..66_728 kB (across 18 ok row(s))
  ‼ every measurement was below 10.000× the per-spawn floor (per-spawn floor ≈ 41.616 ms); the function is too fast for child-process measurement at the configured params. Try the following: extend the declared `paramSchedule := .custom #[...]` array with larger params, wrap the function in a hot inner loop, or use `setup_fixed_benchmark` for a single-shot reading.
  ‼ only 0 verdict-eligible row(s) survived warmup-trim + signal-floor filter; the verdict is below resolution. Lower `--warmup-fraction`, extend the declared `paramSchedule := .custom #[...]` array with larger params.

Hex.RowReduceBench.Field.height16FullSolve    expected complexity: n * Nat.log2 (n + 1)    [warm cache]
  env: lean=4.34.0-rc2, os=linux, arch=x86_64, commit=f566403-dirty, 2026-09-12T21:17:01Z, host=chungus2
  param  per-call   repeats  C
      8   9.156 ms  ×2^4     C=— [<floor] [trial 1/3]
     16  11.859 ms  ×2^4     C=— [<floor] [trial 1/3]
     32  23.213 ms  ×2^3     C=— [<floor] [trial 1/3]
     64  26.932 ms  ×2^3     C=— [<floor] [trial 1/3]
    128  31.537 ms  ×2^2     C=— [<floor] [trial 1/3]
    256  36.942 ms  ×2^2     C=— [<floor] [trial 1/3]
      8   8.649 ms  ×2^4     C=— [<floor] [trial 2/3]
     16  11.530 ms  ×2^4     C=— [<floor] [trial 2/3]
     32  24.418 ms  ×2^3     C=— [<floor] [trial 2/3]
     64  30.653 ms  ×2^2     C=— [<floor] [trial 2/3]
    128  31.134 ms  ×2^2     C=— [<floor] [trial 2/3]
    256  37.121 ms  ×2^2     C=— [<floor] [trial 2/3]
      8   8.488 ms  ×2^4     C=— [<floor] [trial 3/3]
     16  11.963 ms  ×2^4     C=— [<floor] [trial 3/3]
     32  24.039 ms  ×2^3     C=— [<floor] [trial 3/3]
     64  26.870 ms  ×2^3     C=— [<floor] [trial 3/3]
    128  32.196 ms  ×2^2     C=— [<floor] [trial 3/3]
    256  40.586 ms  ×2^2     C=— [<floor] [trial 3/3]
  verdict: inconclusive (cMin=—, cMax=—, β=—)
  per-spawn floor (harness self-measurement): 174.943 ms
  peak RSS: 58_768 kB..65_888 kB (across 18 ok row(s))
  ‼ every measurement was below 10.000× the per-spawn floor (per-spawn floor ≈ 174.943 ms); the function is too fast for child-process measurement at the configured params. Try the following: extend the declared `paramSchedule := .custom #[...]` array with larger params, wrap the function in a hot inner loop, or use `setup_fixed_benchmark` for a single-shot reading.
  ‼ only 0 verdict-eligible row(s) survived warmup-trim + signal-floor filter; the verdict is below resolution. Lower `--warmup-fraction`, extend the declared `paramSchedule := .custom #[...]` array with larger params.

Hex.RowReduceBench.Field.height16FullOption    expected complexity: n * Nat.log2 (n + 1)    [warm cache]
  env: lean=4.34.0-rc2, os=linux, arch=x86_64, commit=f566403-dirty, 2026-09-12T21:17:09Z, host=chungus2
  param  per-call   repeats  C
      8   8.178 ms  ×2^4     C=— [<floor] [trial 1/3]
     16  42.937 ms  ×2^3     C=— [<floor] [trial 1/3]
     32  26.243 ms  ×2^2     C=— [<floor] [trial 1/3]
     64  29.599 ms  ×2^3     C=— [<floor] [trial 1/3]
    128  31.742 ms  ×2^2     C=— [<floor] [trial 1/3]
    256  37.605 ms  ×2^2     C=— [<floor] [trial 1/3]
      8  12.798 ms  ×2^4     C=— [<floor] [trial 2/3]
     16  12.689 ms  ×2^4     C=— [<floor] [trial 2/3]
     32  24.687 ms  ×2^3     C=— [<floor] [trial 2/3]
     64  35.123 ms  ×2^2     C=— [<floor] [trial 2/3]
    128  31.934 ms  ×2^2     C=— [<floor] [trial 2/3]
    256  43.905 ms  ×2^2     C=— [<floor] [trial 2/3]
      8   9.333 ms  ×2^4     C=— [<floor] [trial 3/3]
     16  11.155 ms  ×2^4     C=— [<floor] [trial 3/3]
     32  24.006 ms  ×2^3     C=— [<floor] [trial 3/3]
     64  26.454 ms  ×2^3     C=— [<floor] [trial 3/3]
    128  36.586 ms  ×2^2     C=— [<floor] [trial 3/3]
    256  37.059 ms  ×2^2     C=— [<floor] [trial 3/3]
  verdict: inconclusive (cMin=—, cMax=—, β=—)
  per-spawn floor (harness self-measurement): 282.375 ms
  peak RSS: 58_716 kB..66_304 kB (across 18 ok row(s))
  ‼ every measurement was below 10.000× the per-spawn floor (per-spawn floor ≈ 282.375 ms); the function is too fast for child-process measurement at the configured params. Try the following: extend the declared `paramSchedule := .custom #[...]` array with larger params, wrap the function in a hot inner loop, or use `setup_fixed_benchmark` for a single-shot reading.
  ‼ only 0 verdict-eligible row(s) survived warmup-trim + signal-floor filter; the verdict is below resolution. Lower `--warmup-fraction`, extend the declared `paramSchedule := .custom #[...]` array with larger params.

Hex.RowReduceBench.Field.height16FullInverse    expected complexity: n * Nat.log2 (n + 1)    [warm cache]
  env: lean=4.34.0-rc2, os=linux, arch=x86_64, commit=f566403-dirty, 2026-09-12T21:17:15Z, host=chungus2
  param  per-call   repeats  C
      8   4.125 ms  ×2^5     C=— [<floor] [trial 1/3]
     16   5.301 ms  ×2^5     C=— [<floor] [trial 1/3]
     32  10.503 ms  ×2^4     C=— [<floor] [trial 1/3]
     64  13.069 ms  ×2^4     C=— [<floor] [trial 1/3]
    128  15.432 ms  ×2^3     C=— [<floor] [trial 1/3]
    256  18.469 ms  ×2^3     C=— [<floor] [trial 1/3]
      8   4.120 ms  ×2^5     C=— [<floor] [trial 2/3]
     16   5.767 ms  ×2^5     C=— [<floor] [trial 2/3]
     32  11.203 ms  ×2^4     C=— [<floor] [trial 2/3]
     64  12.980 ms  ×2^4     C=— [<floor] [trial 2/3]
    128  15.272 ms  ×2^3     C=— [<floor] [trial 2/3]
    256  17.675 ms  ×2^3     C=— [<floor] [trial 2/3]
      8   3.788 ms  ×2^5     C=— [<floor] [trial 3/3]
     16   5.770 ms  ×2^5     C=— [<floor] [trial 3/3]
     32  11.381 ms  ×2^4     C=— [<floor] [trial 3/3]
     64  15.646 ms  ×2^4     C=— [<floor] [trial 3/3]
    128  15.349 ms  ×2^3     C=— [<floor] [trial 3/3]
    256  17.772 ms  ×2^3     C=— [<floor] [trial 3/3]
  verdict: inconclusive (cMin=—, cMax=—, β=—)
  per-spawn floor (harness self-measurement): 100.549 ms
  peak RSS: 62_132 kB..67_192 kB (across 18 ok row(s))
  ‼ every measurement was below 10.000× the per-spawn floor (per-spawn floor ≈ 100.549 ms); the function is too fast for child-process measurement at the configured params. Try the following: extend the declared `paramSchedule := .custom #[...]` array with larger params, wrap the function in a hot inner loop, or use `setup_fixed_benchmark` for a single-shot reading.
  ‼ only 0 verdict-eligible row(s) survived warmup-trim + signal-floor filter; the verdict is below resolution. Lower `--warmup-fraction`, extend the declared `paramSchedule := .custom #[...]` array with larger params.

Hex.RowReduceBench.Field.height16DeficientSolve    expected complexity: n * Nat.log2 (n + 1)    [warm cache]
  env: lean=4.34.0-rc2, os=linux, arch=x86_64, commit=f566403-dirty, 2026-09-12T21:17:20Z, host=chungus2
  param  per-call   repeats  C
      8   7.317 ms  ×2^4     C=— [<floor] [trial 1/3]
     16  10.054 ms  ×2^4     C=— [<floor] [trial 1/3]
     32  20.162 ms  ×2^3     C=— [<floor] [trial 1/3]
     64  23.428 ms  ×2^3     C=— [<floor] [trial 1/3]
    128  26.939 ms  ×2^3     C=— [<floor] [trial 1/3]
    256  31.842 ms  ×2^2     C=— [<floor] [trial 1/3]
      8   7.710 ms  ×2^4     C=— [<floor] [trial 2/3]
     16  10.072 ms  ×2^4     C=— [<floor] [trial 2/3]
     32  19.705 ms  ×2^3     C=— [<floor] [trial 2/3]
     64  22.664 ms  ×2^3     C=— [<floor] [trial 2/3]
    128  26.556 ms  ×2^3     C=— [<floor] [trial 2/3]
    256  33.554 ms  ×2^2     C=— [<floor] [trial 2/3]
      8   7.571 ms  ×2^4     C=— [<floor] [trial 3/3]
     16  10.874 ms  ×2^4     C=— [<floor] [trial 3/3]
     32  19.570 ms  ×2^3     C=— [<floor] [trial 3/3]
     64  22.881 ms  ×2^3     C=— [<floor] [trial 3/3]
    128  27.720 ms  ×2^2     C=— [<floor] [trial 3/3]
    256  30.878 ms  ×2^2     C=— [<floor] [trial 3/3]
  verdict: inconclusive (cMin=—, cMax=—, β=—)
  per-spawn floor (harness self-measurement): 41.743 ms
  peak RSS: 59_752 kB..67_216 kB (across 18 ok row(s))
  ‼ every measurement was below 10.000× the per-spawn floor (per-spawn floor ≈ 41.743 ms); the function is too fast for child-process measurement at the configured params. Try the following: extend the declared `paramSchedule := .custom #[...]` array with larger params, wrap the function in a hot inner loop, or use `setup_fixed_benchmark` for a single-shot reading.
  ‼ only 0 verdict-eligible row(s) survived warmup-trim + signal-floor filter; the verdict is below resolution. Lower `--warmup-fraction`, extend the declared `paramSchedule := .custom #[...]` array with larger params.

Hex.RowReduceBench.Field.height16DeficientOption    expected complexity: n * Nat.log2 (n + 1)    [warm cache]
  env: lean=4.34.0-rc2, os=linux, arch=x86_64, commit=f566403-dirty, 2026-09-12T21:17:25Z, host=chungus2
  param  per-call   repeats  C
      8   7.229 ms  ×2^4     C=— [<floor] [trial 1/3]
     16   9.944 ms  ×2^4     C=— [<floor] [trial 1/3]
     32  19.685 ms  ×2^3     C=— [<floor] [trial 1/3]
     64  23.232 ms  ×2^3     C=— [<floor] [trial 1/3]
    128  26.936 ms  ×2^3     C=— [<floor] [trial 1/3]
    256  33.800 ms  ×2^2     C=— [<floor] [trial 1/3]
      8   7.271 ms  ×2^4     C=— [<floor] [trial 2/3]
     16   9.657 ms  ×2^4     C=— [<floor] [trial 2/3]
     32  19.478 ms  ×2^3     C=— [<floor] [trial 2/3]
     64  23.141 ms  ×2^3     C=— [<floor] [trial 2/3]
    128  26.077 ms  ×2^3     C=— [<floor] [trial 2/3]
    256  32.449 ms  ×2^2     C=— [<floor] [trial 2/3]
      8   7.336 ms  ×2^4     C=— [<floor] [trial 3/3]
     16   9.469 ms  ×2^4     C=— [<floor] [trial 3/3]
     32  20.041 ms  ×2^3     C=— [<floor] [trial 3/3]
     64  22.776 ms  ×2^3     C=— [<floor] [trial 3/3]
    128  25.229 ms  ×2^2     C=— [<floor] [trial 3/3]
    256  31.943 ms  ×2^2     C=— [<floor] [trial 3/3]
  verdict: inconclusive (cMin=—, cMax=—, β=—)
  per-spawn floor (harness self-measurement): 56.634 ms
  peak RSS: 60_936 kB..67_104 kB (across 18 ok row(s))
  ‼ every measurement was below 10.000× the per-spawn floor (per-spawn floor ≈ 56.634 ms); the function is too fast for child-process measurement at the configured params. Try the following: extend the declared `paramSchedule := .custom #[...]` array with larger params, wrap the function in a hot inner loop, or use `setup_fixed_benchmark` for a single-shot reading.
  ‼ only 0 verdict-eligible row(s) survived warmup-trim + signal-floor filter; the verdict is below resolution. Lower `--warmup-fraction`, extend the declared `paramSchedule := .custom #[...]` array with larger params.

Hex.RowReduceBench.Field.height16DeficientInverse    expected complexity: n * Nat.log2 (n + 1)    [warm cache]
  env: lean=4.34.0-rc2, os=linux, arch=x86_64, commit=f566403-dirty, 2026-09-12T21:17:29Z, host=chungus2
  param  per-call   repeats  C
      8   3.483 ms  ×2^6     C=— [<floor] [trial 1/3]
     16   4.824 ms  ×2^5     C=— [<floor] [trial 1/3]
     32   9.704 ms  ×2^4     C=— [<floor] [trial 1/3]
     64  11.512 ms  ×2^4     C=— [<floor] [trial 1/3]
    128  13.312 ms  ×2^4     C=— [<floor] [trial 1/3]
    256  15.413 ms  ×2^3     C=— [<floor] [trial 1/3]
      8   3.580 ms  ×2^5     C=— [<floor] [trial 2/3]
     16   4.924 ms  ×2^5     C=— [<floor] [trial 2/3]
     32   9.522 ms  ×2^4     C=— [<floor] [trial 2/3]
     64  11.728 ms  ×2^4     C=— [<floor] [trial 2/3]
    128  12.918 ms  ×2^4     C=— [<floor] [trial 2/3]
    256  15.187 ms  ×2^3     C=— [<floor] [trial 2/3]
      8   3.518 ms  ×2^5     C=— [<floor] [trial 3/3]
     16   4.903 ms  ×2^5     C=— [<floor] [trial 3/3]
     32   9.845 ms  ×2^4     C=— [<floor] [trial 3/3]
     64  11.327 ms  ×2^4     C=— [<floor] [trial 3/3]
    128  13.489 ms  ×2^4     C=— [<floor] [trial 3/3]
    256  15.653 ms  ×2^3     C=— [<floor] [trial 3/3]
  verdict: inconclusive (cMin=—, cMax=—, β=—)
  per-spawn floor (harness self-measurement): 154.651 ms
  peak RSS: 59_988 kB..67_072 kB (across 18 ok row(s))
  ‼ every measurement was below 10.000× the per-spawn floor (per-spawn floor ≈ 154.651 ms); the function is too fast for child-process measurement at the configured params. Try the following: extend the declared `paramSchedule := .custom #[...]` array with larger params, wrap the function in a hot inner loop, or use `setup_fixed_benchmark` for a single-shot reading.
  ‼ only 0 verdict-eligible row(s) survived warmup-trim + signal-floor filter; the verdict is below resolution. Lower `--warmup-fraction`, extend the declared `paramSchedule := .custom #[...]` array with larger params.

Hex.RowReduceBench.Field.height16HalfSolve    expected complexity: n * Nat.log2 (n + 1)    [warm cache]
  env: lean=4.34.0-rc2, os=linux, arch=x86_64, commit=f566403-dirty, 2026-09-12T21:17:34Z, host=chungus2
  param  per-call   repeats  C
      8   3.204 ms  ×2^6     C=— [<floor] [trial 1/3]
     16   4.169 ms  ×2^5     C=— [<floor] [trial 1/3]
     32   7.846 ms  ×2^4     C=— [<floor] [trial 1/3]
     64   8.690 ms  ×2^4     C=— [<floor] [trial 1/3]
    128  10.493 ms  ×2^4     C=— [<floor] [trial 1/3]
    256  12.204 ms  ×2^4     C=— [<floor] [trial 1/3]
      8   3.281 ms  ×2^6     C=— [<floor] [trial 2/3]
     16   4.178 ms  ×2^5     C=— [<floor] [trial 2/3]
     32   8.021 ms  ×2^4     C=— [<floor] [trial 2/3]
     64   8.824 ms  ×2^4     C=— [<floor] [trial 2/3]
    128  10.340 ms  ×2^4     C=— [<floor] [trial 2/3]
    256  12.051 ms  ×2^4     C=— [<floor] [trial 2/3]
      8   3.386 ms  ×2^6     C=— [<floor] [trial 3/3]
     16   4.162 ms  ×2^5     C=— [<floor] [trial 3/3]
     32   7.645 ms  ×2^4     C=— [<floor] [trial 3/3]
     64   9.005 ms  ×2^4     C=— [<floor] [trial 3/3]
    128  10.099 ms  ×2^4     C=— [<floor] [trial 3/3]
    256  11.986 ms  ×2^4     C=— [<floor] [trial 3/3]
  verdict: inconclusive (cMin=—, cMax=—, β=—)
  per-spawn floor (harness self-measurement): 45.412 ms
  peak RSS: 60_052 kB..65_988 kB (across 18 ok row(s))
  ‼ every measurement was below 10.000× the per-spawn floor (per-spawn floor ≈ 45.412 ms); the function is too fast for child-process measurement at the configured params. Try the following: extend the declared `paramSchedule := .custom #[...]` array with larger params, wrap the function in a hot inner loop, or use `setup_fixed_benchmark` for a single-shot reading.
  ‼ only 0 verdict-eligible row(s) survived warmup-trim + signal-floor filter; the verdict is below resolution. Lower `--warmup-fraction`, extend the declared `paramSchedule := .custom #[...]` array with larger params.

Hex.RowReduceBench.Field.height16HalfOption    expected complexity: n * Nat.log2 (n + 1)    [warm cache]
  env: lean=4.34.0-rc2, os=linux, arch=x86_64, commit=f566403-dirty, 2026-09-12T21:17:38Z, host=chungus2
  param  per-call   repeats  C
      8   3.443 ms  ×2^6     C=— [<floor] [trial 1/3]
     16   4.212 ms  ×2^5     C=— [<floor] [trial 1/3]
     32   7.530 ms  ×2^4     C=— [<floor] [trial 1/3]
     64   8.942 ms  ×2^4     C=— [<floor] [trial 1/3]
    128  10.462 ms  ×2^4     C=— [<floor] [trial 1/3]
    256  11.896 ms  ×2^3     C=— [<floor] [trial 1/3]
      8   3.746 ms  ×2^6     C=— [<floor] [trial 2/3]
     16   3.968 ms  ×2^5     C=— [<floor] [trial 2/3]
     32   7.646 ms  ×2^4     C=— [<floor] [trial 2/3]
     64   8.835 ms  ×2^4     C=— [<floor] [trial 2/3]
    128  11.262 ms  ×2^4     C=— [<floor] [trial 2/3]
    256  11.318 ms  ×2^4     C=— [<floor] [trial 2/3]
      8   3.321 ms  ×2^5     C=— [<floor] [trial 3/3]
     16   4.052 ms  ×2^5     C=— [<floor] [trial 3/3]
     32   7.356 ms  ×2^4     C=— [<floor] [trial 3/3]
     64   8.090 ms  ×2^4     C=— [<floor] [trial 3/3]
    128  10.353 ms  ×2^4     C=— [<floor] [trial 3/3]
    256  11.486 ms  ×2^4     C=— [<floor] [trial 3/3]
  verdict: inconclusive (cMin=—, cMax=—, β=—)
  per-spawn floor (harness self-measurement): 54.926 ms
  peak RSS: 59_432 kB..67_204 kB (across 18 ok row(s))
  ‼ every measurement was below 10.000× the per-spawn floor (per-spawn floor ≈ 54.926 ms); the function is too fast for child-process measurement at the configured params. Try the following: extend the declared `paramSchedule := .custom #[...]` array with larger params, wrap the function in a hot inner loop, or use `setup_fixed_benchmark` for a single-shot reading.
  ‼ only 0 verdict-eligible row(s) survived warmup-trim + signal-floor filter; the verdict is below resolution. Lower `--warmup-fraction`, extend the declared `paramSchedule := .custom #[...]` array with larger params.

Hex.RowReduceBench.Field.height16HalfInverse    expected complexity: n * Nat.log2 (n + 1)    [warm cache]
  env: lean=4.34.0-rc2, os=linux, arch=x86_64, commit=f566403-dirty, 2026-09-12T21:17:43Z, host=chungus2
  param  per-call  repeats  C
      8  1.514 ms  ×2^7     C=— [<floor] [trial 1/3]
     16  2.006 ms  ×2^6     C=— [<floor] [trial 1/3]
     32  3.658 ms  ×2^5     C=— [<floor] [trial 1/3]
     64  4.253 ms  ×2^5     C=— [<floor] [trial 1/3]
    128  4.846 ms  ×2^5     C=— [<floor] [trial 1/3]
    256  5.564 ms  ×2^5     C=— [<floor] [trial 1/3]
      8  1.483 ms  ×2^7     C=— [<floor] [trial 2/3]
     16  2.024 ms  ×2^6     C=— [<floor] [trial 2/3]
     32  3.698 ms  ×2^5     C=— [<floor] [trial 2/3]
     64  4.071 ms  ×2^5     C=— [<floor] [trial 2/3]
    128  4.784 ms  ×2^5     C=— [<floor] [trial 2/3]
    256  5.700 ms  ×2^5     C=— [<floor] [trial 2/3]
      8  1.614 ms  ×2^7     C=— [<floor] [trial 3/3]
     16  1.943 ms  ×2^6     C=— [<floor] [trial 3/3]
     32  3.811 ms  ×2^5     C=— [<floor] [trial 3/3]
     64  5.214 ms  ×2^4     C=— [<floor] [trial 3/3]
    128  5.135 ms  ×2^5     C=— [<floor] [trial 3/3]
    256  5.730 ms  ×2^5     C=— [<floor] [trial 3/3]
  verdict: inconclusive (cMin=—, cMax=—, β=—)
  per-spawn floor (harness self-measurement): 41.775 ms
  peak RSS: 61_056 kB..66_880 kB (across 18 ok row(s))
  ‼ every measurement was below 10.000× the per-spawn floor (per-spawn floor ≈ 41.775 ms); the function is too fast for child-process measurement at the configured params. Try the following: extend the declared `paramSchedule := .custom #[...]` array with larger params, wrap the function in a hot inner loop, or use `setup_fixed_benchmark` for a single-shot reading.
  ‼ only 0 verdict-eligible row(s) survived warmup-trim + signal-floor filter; the verdict is below resolution. Lower `--warmup-fraction`, extend the declared `paramSchedule := .custom #[...]` array with larger params.

Hex.RowReduceBench.Field.height16DeficientErrorSolve    expected complexity: n * Nat.log2 (n + 1)    [warm cache]
  env: lean=4.34.0-rc2, os=linux, arch=x86_64, commit=f566403-dirty, 2026-09-12T21:17:47Z, host=chungus2
  param  per-call   repeats  C
      8   3.747 ms  ×2^5     C=— [<floor] [trial 1/3]
     16   5.297 ms  ×2^5     C=— [<floor] [trial 1/3]
     32  10.879 ms  ×2^4     C=— [<floor] [trial 1/3]
     64  11.876 ms  ×2^3     C=— [<floor] [trial 1/3]
    128  14.160 ms  ×2^3     C=— [<floor] [trial 1/3]
    256  16.670 ms  ×2^3     C=— [<floor] [trial 1/3]
      8   3.643 ms  ×2^5     C=— [<floor] [trial 2/3]
     16   5.070 ms  ×2^5     C=— [<floor] [trial 2/3]
     32   9.779 ms  ×2^4     C=— [<floor] [trial 2/3]
     64  11.837 ms  ×2^4     C=— [<floor] [trial 2/3]
    128  14.186 ms  ×2^3     C=— [<floor] [trial 2/3]
    256  19.733 ms  ×2^3     C=— [<floor] [trial 2/3]
      8   3.623 ms  ×2^5     C=— [<floor] [trial 3/3]
     16   5.120 ms  ×2^5     C=— [<floor] [trial 3/3]
     32  10.470 ms  ×2^4     C=— [<floor] [trial 3/3]
     64  12.150 ms  ×2^4     C=— [<floor] [trial 3/3]
    128  13.226 ms  ×2^4     C=— [<floor] [trial 3/3]
    256  17.163 ms  ×2^3     C=— [<floor] [trial 3/3]
  verdict: inconclusive (cMin=—, cMax=—, β=—)
  per-spawn floor (harness self-measurement): 44.204 ms
  peak RSS: 59_840 kB..66_276 kB (across 18 ok row(s))
  ‼ every measurement was below 10.000× the per-spawn floor (per-spawn floor ≈ 44.204 ms); the function is too fast for child-process measurement at the configured params. Try the following: extend the declared `paramSchedule := .custom #[...]` array with larger params, wrap the function in a hot inner loop, or use `setup_fixed_benchmark` for a single-shot reading.
  ‼ only 0 verdict-eligible row(s) survived warmup-trim + signal-floor filter; the verdict is below resolution. Lower `--warmup-fraction`, extend the declared `paramSchedule := .custom #[...]` array with larger params.

Hex.RowReduceBench.Field.height16DeficientErrorOption    expected complexity: n * Nat.log2 (n + 1)    [warm cache]
  env: lean=4.34.0-rc2, os=linux, arch=x86_64, commit=f566403-dirty, 2026-09-12T21:17:52Z, host=chungus2
  param  per-call   repeats  C
      8   3.686 ms  ×2^5     C=— [<floor] [trial 1/3]
     16   5.032 ms  ×2^5     C=— [<floor] [trial 1/3]
     32   9.874 ms  ×2^4     C=— [<floor] [trial 1/3]
     64  11.524 ms  ×2^4     C=— [<floor] [trial 1/3]
    128  14.264 ms  ×2^3     C=— [<floor] [trial 1/3]
    256  16.525 ms  ×2^3     C=— [<floor] [trial 1/3]
      8   3.450 ms  ×2^5     C=— [<floor] [trial 2/3]
     16   4.663 ms  ×2^5     C=— [<floor] [trial 2/3]
     32   9.693 ms  ×2^4     C=— [<floor] [trial 2/3]
     64  11.495 ms  ×2^4     C=— [<floor] [trial 2/3]
    128  13.975 ms  ×2^3     C=— [<floor] [trial 2/3]
    256  16.186 ms  ×2^3     C=— [<floor] [trial 2/3]
      8   3.706 ms  ×2^5     C=— [<floor] [trial 3/3]
     16   5.187 ms  ×2^5     C=— [<floor] [trial 3/3]
     32   9.912 ms  ×2^4     C=— [<floor] [trial 3/3]
     64  11.786 ms  ×2^4     C=— [<floor] [trial 3/3]
    128  13.957 ms  ×2^3     C=— [<floor] [trial 3/3]
    256  16.488 ms  ×2^3     C=— [<floor] [trial 3/3]
  verdict: inconclusive (cMin=—, cMax=—, β=—)
  per-spawn floor (harness self-measurement): 59.241 ms
  peak RSS: 59_300 kB..67_084 kB (across 18 ok row(s))
  ‼ every measurement was below 10.000× the per-spawn floor (per-spawn floor ≈ 59.241 ms); the function is too fast for child-process measurement at the configured params. Try the following: extend the declared `paramSchedule := .custom #[...]` array with larger params, wrap the function in a hot inner loop, or use `setup_fixed_benchmark` for a single-shot reading.
  ‼ only 0 verdict-eligible row(s) survived warmup-trim + signal-floor filter; the verdict is below resolution. Lower `--warmup-fraction`, extend the declared `paramSchedule := .custom #[...]` array with larger params.

Hex.RowReduceBench.Field.height16HalfErrorSolve    expected complexity: n * Nat.log2 (n + 1)    [warm cache]
  env: lean=4.34.0-rc2, os=linux, arch=x86_64, commit=f566403-dirty, 2026-09-12T21:17:57Z, host=chungus2
  param  per-call  repeats  C
      8  1.580 ms  ×2^7     C=— [<floor] [trial 1/3]
     16  2.274 ms  ×2^6     C=— [<floor] [trial 1/3]
     32  3.865 ms  ×2^5     C=— [<floor] [trial 1/3]
     64  4.548 ms  ×2^5     C=— [<floor] [trial 1/3]
    128  5.453 ms  ×2^5     C=— [<floor] [trial 1/3]
    256  6.219 ms  ×2^5     C=— [<floor] [trial 1/3]
      8  1.664 ms  ×2^7     C=— [<floor] [trial 2/3]
     16  2.045 ms  ×2^6     C=— [<floor] [trial 2/3]
     32  3.820 ms  ×2^5     C=— [<floor] [trial 2/3]
     64  4.602 ms  ×2^5     C=— [<floor] [trial 2/3]
    128  5.632 ms  ×2^5     C=— [<floor] [trial 2/3]
    256  6.284 ms  ×2^5     C=— [<floor] [trial 2/3]
      8  1.660 ms  ×2^7     C=— [<floor] [trial 3/3]
     16  2.053 ms  ×2^6     C=— [<floor] [trial 3/3]
     32  3.817 ms  ×2^5     C=— [<floor] [trial 3/3]
     64  4.439 ms  ×2^5     C=— [<floor] [trial 3/3]
    128  5.366 ms  ×2^5     C=— [<floor] [trial 3/3]
    256  7.290 ms  ×2^5     C=— [<floor] [trial 3/3]
  verdict: inconclusive (cMin=—, cMax=—, β=—)
  per-spawn floor (harness self-measurement): 114.102 ms
  peak RSS: 59_328 kB..65_940 kB (across 18 ok row(s))
  ‼ every measurement was below 10.000× the per-spawn floor (per-spawn floor ≈ 114.102 ms); the function is too fast for child-process measurement at the configured params. Try the following: extend the declared `paramSchedule := .custom #[...]` array with larger params, wrap the function in a hot inner loop, or use `setup_fixed_benchmark` for a single-shot reading.
  ‼ only 0 verdict-eligible row(s) survived warmup-trim + signal-floor filter; the verdict is below resolution. Lower `--warmup-fraction`, extend the declared `paramSchedule := .custom #[...]` array with larger params.

Hex.RowReduceBench.Field.height16HalfErrorOption    expected complexity: n * Nat.log2 (n + 1)    [warm cache]
  env: lean=4.34.0-rc2, os=linux, arch=x86_64, commit=f566403-dirty, 2026-09-12T21:18:02Z, host=chungus2
  param  per-call  repeats  C
      8  1.633 ms  ×2^7     C=— [<floor] [trial 1/3]
     16  2.135 ms  ×2^6     C=— [<floor] [trial 1/3]
     32  3.937 ms  ×2^5     C=— [<floor] [trial 1/3]
     64  4.618 ms  ×2^5     C=— [<floor] [trial 1/3]
    128  5.348 ms  ×2^5     C=— [<floor] [trial 1/3]
    256  6.153 ms  ×2^5     C=— [<floor] [trial 1/3]
      8  1.698 ms  ×2^7     C=— [<floor] [trial 2/3]
     16  2.089 ms  ×2^6     C=— [<floor] [trial 2/3]
     32  3.973 ms  ×2^5     C=— [<floor] [trial 2/3]
     64  4.602 ms  ×2^5     C=— [<floor] [trial 2/3]
    128  5.918 ms  ×2^5     C=— [<floor] [trial 2/3]
    256  6.278 ms  ×2^5     C=— [<floor] [trial 2/3]
      8  1.651 ms  ×2^6     C=— [<floor] [trial 3/3]
     16  2.141 ms  ×2^6     C=— [<floor] [trial 3/3]
     32  4.047 ms  ×2^5     C=— [<floor] [trial 3/3]
     64  4.541 ms  ×2^5     C=— [<floor] [trial 3/3]
    128  5.142 ms  ×2^5     C=— [<floor] [trial 3/3]
    256  6.179 ms  ×2^5     C=— [<floor] [trial 3/3]
  verdict: inconclusive (cMin=—, cMax=—, β=—)
  per-spawn floor (harness self-measurement): 126.489 ms
  peak RSS: 61_640 kB..67_224 kB (across 18 ok row(s))
  ‼ every measurement was below 10.000× the per-spawn floor (per-spawn floor ≈ 126.489 ms); the function is too fast for child-process measurement at the configured params. Try the following: extend the declared `paramSchedule := .custom #[...]` array with larger params, wrap the function in a hot inner loop, or use `setup_fixed_benchmark` for a single-shot reading.
  ‼ only 0 verdict-eligible row(s) survived warmup-trim + signal-floor filter; the verdict is below resolution. Lower `--warmup-fraction`, extend the declared `paramSchedule := .custom #[...]` array with larger params.

Hex.RowReduceBench.Field.height16TallSolve    expected complexity: n * Nat.log2 (n + 1)    [warm cache]
  env: lean=4.34.0-rc2, os=linux, arch=x86_64, commit=f566403-dirty, 2026-09-12T21:18:06Z, host=chungus2
  param  per-call   repeats  C
      8  18.180 ms  ×2^3     C=— [<floor] [trial 1/3]
     16  22.403 ms  ×2^3     C=— [<floor] [trial 1/3]
     32  43.932 ms  ×2^2     C=— [<floor] [trial 1/3]
     64  50.354 ms  ×2^2     C=— [<floor] [trial 1/3]
    128  54.603 ms  ×2^2     C=— [<floor] [trial 1/3]
    256  69.642 ms  ×2^1     C=— [<floor] [trial 1/3]
      8  16.260 ms  ×2^3     C=— [<floor] [trial 2/3]
     16  21.129 ms  ×2^3     C=— [<floor] [trial 2/3]
     32  40.632 ms  ×2^2     C=— [<floor] [trial 2/3]
     64  47.712 ms  ×2^2     C=— [<floor] [trial 2/3]
    128  57.281 ms  ×2^1     C=— [<floor] [trial 2/3]
    256  62.624 ms  ×2^1     C=— [<floor] [trial 2/3]
      8  16.771 ms  ×2^3     C=— [<floor] [trial 3/3]
     16  22.487 ms  ×2^3     C=— [<floor] [trial 3/3]
     32  44.572 ms  ×2^2     C=— [<floor] [trial 3/3]
     64  49.390 ms  ×2^2     C=— [<floor] [trial 3/3]
    128  56.967 ms  ×2^1     C=— [<floor] [trial 3/3]
    256  67.725 ms  ×2^1     C=— [<floor] [trial 3/3]
  verdict: inconclusive (cMin=—, cMax=—, β=—)
  per-spawn floor (harness self-measurement): 45.027 ms
  peak RSS: 59_692 kB..67_268 kB (across 18 ok row(s))
  ‼ every measurement was below 10.000× the per-spawn floor (per-spawn floor ≈ 45.027 ms); the function is too fast for child-process measurement at the configured params. Try the following: extend the declared `paramSchedule := .custom #[...]` array with larger params, wrap the function in a hot inner loop, or use `setup_fixed_benchmark` for a single-shot reading.
  ‼ only 0 verdict-eligible row(s) survived warmup-trim + signal-floor filter; the verdict is below resolution. Lower `--warmup-fraction`, extend the declared `paramSchedule := .custom #[...]` array with larger params.

Hex.RowReduceBench.Field.height16TallOption    expected complexity: n * Nat.log2 (n + 1)    [warm cache]
  env: lean=4.34.0-rc2, os=linux, arch=x86_64, commit=f566403-dirty, 2026-09-12T21:18:13Z, host=chungus2
  param  per-call   repeats  C
      8  18.147 ms  ×2^3     C=— [<floor] [trial 1/3]
     16  22.366 ms  ×2^3     C=— [<floor] [trial 1/3]
     32  44.154 ms  ×2^2     C=— [<floor] [trial 1/3]
     64  52.040 ms  ×2^2     C=— [<floor] [trial 1/3]
    128  55.401 ms  ×2^1     C=— [<floor] [trial 1/3]
    256  66.508 ms  ×2^1     C=— [<floor] [trial 1/3]
      8  18.192 ms  ×2^3     C=— [<floor] [trial 2/3]
     16  24.907 ms  ×2^3     C=— [<floor] [trial 2/3]
     32  42.387 ms  ×2^2     C=— [<floor] [trial 2/3]
     64  49.057 ms  ×2^2     C=— [<floor] [trial 2/3]
    128  56.974 ms  ×2^1     C=— [<floor] [trial 2/3]
    256  63.006 ms  ×2^1     C=— [<floor] [trial 2/3]
      8  18.213 ms  ×2^3     C=— [<floor] [trial 3/3]
     16  23.794 ms  ×2^2     C=— [<floor] [trial 3/3]
     32  46.189 ms  ×2^2     C=— [<floor] [trial 3/3]
     64  50.112 ms  ×2^2     C=— [<floor] [trial 3/3]
    128  59.380 ms  ×2^1     C=— [<floor] [trial 3/3]
    256  65.204 ms  ×2^1     C=— [<floor] [trial 3/3]
  verdict: inconclusive (cMin=—, cMax=—, β=—)
  per-spawn floor (harness self-measurement): 113.000 ms
  peak RSS: 59_560 kB..66_228 kB (across 18 ok row(s))
  ‼ every measurement was below 10.000× the per-spawn floor (per-spawn floor ≈ 113.000 ms); the function is too fast for child-process measurement at the configured params. Try the following: extend the declared `paramSchedule := .custom #[...]` array with larger params, wrap the function in a hot inner loop, or use `setup_fixed_benchmark` for a single-shot reading.
  ‼ only 0 verdict-eligible row(s) survived warmup-trim + signal-floor filter; the verdict is below resolution. Lower `--warmup-fraction`, extend the declared `paramSchedule := .custom #[...]` array with larger params.

Hex.RowReduceBench.Field.height16WideSolve    expected complexity: n * Nat.log2 (n + 1)    [warm cache]
  env: lean=4.34.0-rc2, os=linux, arch=x86_64, commit=f566403-dirty, 2026-09-12T21:18:19Z, host=chungus2
  param  per-call   repeats  C
      8  13.034 ms  ×2^4     C=— [<floor] [trial 1/3]
     16  16.602 ms  ×2^3     C=— [<floor] [trial 1/3]
     32  34.531 ms  ×2^2     C=— [<floor] [trial 1/3]
     64  37.984 ms  ×2^2     C=— [<floor] [trial 1/3]
    128  45.403 ms  ×2^2     C=— [<floor] [trial 1/3]
    256  64.313 ms  ×2^1     C=— [<floor] [trial 1/3]
      8  12.802 ms  ×2^3     C=— [<floor] [trial 2/3]
     16  20.284 ms  ×2^3     C=— [<floor] [trial 2/3]
     32  33.059 ms  ×2^2     C=— [<floor] [trial 2/3]
     64  39.660 ms  ×2^2     C=— [<floor] [trial 2/3]
    128  43.368 ms  ×2^2     C=— [<floor] [trial 2/3]
    256  50.905 ms  ×2^2     C=— [<floor] [trial 2/3]
      8  12.168 ms  ×2^4     C=— [<floor] [trial 3/3]
     16  17.312 ms  ×2^3     C=— [<floor] [trial 3/3]
     32  37.268 ms  ×2^2     C=— [<floor] [trial 3/3]
     64  38.280 ms  ×2^2     C=— [<floor] [trial 3/3]
    128  45.140 ms  ×2^2     C=— [<floor] [trial 3/3]
    256  53.502 ms  ×2^1     C=— [<floor] [trial 3/3]
  verdict: inconclusive (cMin=—, cMax=—, β=—)
  per-spawn floor (harness self-measurement): 42.878 ms
  peak RSS: 59_580 kB..66_120 kB (across 18 ok row(s))
  ‼ every measurement was below 10.000× the per-spawn floor (per-spawn floor ≈ 42.878 ms); the function is too fast for child-process measurement at the configured params. Try the following: extend the declared `paramSchedule := .custom #[...]` array with larger params, wrap the function in a hot inner loop, or use `setup_fixed_benchmark` for a single-shot reading.
  ‼ only 0 verdict-eligible row(s) survived warmup-trim + signal-floor filter; the verdict is below resolution. Lower `--warmup-fraction`, extend the declared `paramSchedule := .custom #[...]` array with larger params.

Hex.RowReduceBench.Field.height16WideOption    expected complexity: n * Nat.log2 (n + 1)    [warm cache]
  env: lean=4.34.0-rc2, os=linux, arch=x86_64, commit=f566403-dirty, 2026-09-12T21:18:25Z, host=chungus2
  param  per-call   repeats  C
      8  12.955 ms  ×2^4     C=— [<floor] [trial 1/3]
     16  20.036 ms  ×2^3     C=— [<floor] [trial 1/3]
     32  34.255 ms  ×2^2     C=— [<floor] [trial 1/3]
     64  42.095 ms  ×2^2     C=— [<floor] [trial 1/3]
    128  46.192 ms  ×2^2     C=— [<floor] [trial 1/3]
    256  52.580 ms  ×2^2     C=— [<floor] [trial 1/3]
      8  11.691 ms  ×2^4     C=— [<floor] [trial 2/3]
     16  16.629 ms  ×2^3     C=— [<floor] [trial 2/3]
     32  34.498 ms  ×2^2     C=— [<floor] [trial 2/3]
     64  39.480 ms  ×2^2     C=— [<floor] [trial 2/3]
    128  46.928 ms  ×2^2     C=— [<floor] [trial 2/3]
    256  54.560 ms  ×2^1     C=— [<floor] [trial 2/3]
      8  12.544 ms  ×2^4     C=— [<floor] [trial 3/3]
     16  17.124 ms  ×2^3     C=— [<floor] [trial 3/3]
     32  33.133 ms  ×2^2     C=— [<floor] [trial 3/3]
     64  run: 83 benchmark(s) produced zero verdict-eligible rows: Hex.RowReduceBench.Field.rat8FullInverse, Hex.RowReduceBench.Field.rat8DeficientSolve, Hex.RowReduceBench.Field.rat8DeficientInverse, Hex.RowReduceBench.Field.rat8HalfSolve, Hex.RowReduceBench.Field.rat8HalfOption, Hex.RowReduceBench.Field.rat8HalfInverse, Hex.RowReduceBench.Field.rat8DeficientErrorSolve, Hex.RowReduceBench.Field.rat8HalfErrorSolve, Hex.RowReduceBench.Field.rat8HalfErrorOption, Hex.RowReduceBench.Field.rat8WideSolve, Hex.RowReduceBench.Field.rat32FullOption, Hex.RowReduceBench.Field.rat32HalfInverse, Hex.RowReduceBench.Field.rat32HalfErrorSolve, Hex.RowReduceBench.Field.rat32HalfErrorOption, Hex.RowReduceBench.Field.rat128HalfInverse, Hex.RowReduceBench.Field.rat128HalfErrorSolve, Hex.RowReduceBench.Field.modularFullSolve, Hex.RowReduceBench.Field.modularFullOption, Hex.RowReduceBench.Field.modularFullInverse, Hex.RowReduceBench.Field.modularDeficientSolve, Hex.RowReduceBench.Field.modularDeficientOption, Hex.RowReduceBench.Field.modularDeficientInverse, Hex.RowReduceBench.Field.modularHalfSolve, Hex.RowReduceBench.Field.modularHalfOption, Hex.RowReduceBench.Field.modularHalfInverse, Hex.RowReduceBench.Field.modularDeficientErrorSolve, Hex.RowReduceBench.Field.modularDeficientErrorOption, Hex.RowReduceBench.Field.modularHalfErrorSolve, Hex.RowReduceBench.Field.modularHalfErrorOption, Hex.RowReduceBench.Field.modularTallSolve, Hex.RowReduceBench.Field.modularTallOption, Hex.RowReduceBench.Field.modularWideSolve, Hex.RowReduceBench.Field.modularWideOption, Hex.RowReduceBench.Field.functionsFullSolve, Hex.RowReduceBench.Field.functionsFullOption, Hex.RowReduceBench.Field.functionsFullInverse, Hex.RowReduceBench.Field.functionsDeficientSolve, Hex.RowReduceBench.Field.functionsDeficientOption, Hex.RowReduceBench.Field.functionsDeficientInverse, Hex.RowReduceBench.Field.functionsHalfSolve, Hex.RowReduceBench.Field.functionsHalfOption, Hex.RowReduceBench.Field.functionsHalfInverse, Hex.RowReduceBench.Field.functionsDeficientErrorSolve, Hex.RowReduceBench.Field.functionsHalfErrorSolve, Hex.RowReduceBench.Field.functionsHalfErrorOption, Hex.RowReduceBench.Field.functionsTallSolve, Hex.RowReduceBench.Field.functionsTallOption, Hex.RowReduceBench.Field.functionsWideSolve, Hex.RowReduceBench.Field.functionsWideOption, Hex.RowReduceBench.Field.height8FullSolve, Hex.RowReduceBench.Field.height8FullOption, Hex.RowReduceBench.Field.height8FullInverse, Hex.RowReduceBench.Field.height8DeficientSolve, Hex.RowReduceBench.Field.height8DeficientOption, Hex.RowReduceBench.Field.height8DeficientInverse, Hex.RowReduceBench.Field.height8HalfSolve, Hex.RowReduceBench.Field.height8HalfOption, Hex.RowReduceBench.Field.height8HalfInverse, Hex.RowReduceBench.Field.height8DeficientErrorSolve, Hex.RowReduceBench.Field.height8DeficientErrorOption, Hex.RowReduceBench.Field.height8HalfErrorSolve, Hex.RowReduceBench.Field.height8HalfErrorOption, Hex.RowReduceBench.Field.height8TallSolve, Hex.RowReduceBench.Field.height8TallOption, Hex.RowReduceBench.Field.height8WideSolve, Hex.RowReduceBench.Field.height8WideOption, Hex.RowReduceBench.Field.height16FullSolve, Hex.RowReduceBench.Field.height16FullOption, Hex.RowReduceBench.Field.height16FullInverse, Hex.RowReduceBench.Field.height16DeficientSolve, Hex.RowReduceBench.Field.height16DeficientOption, Hex.RowReduceBench.Field.height16DeficientInverse, Hex.RowReduceBench.Field.height16HalfSolve, Hex.RowReduceBench.Field.height16HalfOption, Hex.RowReduceBench.Field.height16HalfInverse, Hex.RowReduceBench.Field.height16DeficientErrorSolve, Hex.RowReduceBench.Field.height16DeficientErrorOption, Hex.RowReduceBench.Field.height16HalfErrorSolve, Hex.RowReduceBench.Field.height16HalfErrorOption, Hex.RowReduceBench.Field.height16TallSolve, Hex.RowReduceBench.Field.height16TallOption, Hex.RowReduceBench.Field.height16WideSolve, Hex.RowReduceBench.Field.height16WideOption
39.383 ms  ×2^2     C=— [<floor] [trial 3/3]
    128  45.267 ms  ×2^2     C=— [<floor] [trial 3/3]
    256  55.532 ms  ×2^1     C=— [<floor] [trial 3/3]
  verdict: inconclusive (cMin=—, cMax=—, β=—)
  per-spawn floor (harness self-measurement): 66.850 ms
  peak RSS: 59_348 kB..67_140 kB (across 18 ok row(s))
  ‼ every measurement was below 10.000× the per-spawn floor (per-spawn floor ≈ 66.850 ms); the function is too fast for child-process measurement at the configured params. Try the following: extend the declared `paramSchedule := .custom #[...]` array with larger params, wrap the function in a hot inner loop, or use `setup_fixed_benchmark` for a single-shot reading.
  ‼ only 0 verdict-eligible row(s) survived warmup-trim + signal-floor filter; the verdict is below resolution. Lower `--warmup-fraction`, extend the declared `paramSchedule := .custom #[...]` array with larger params.

exported to /home/kim/worktrees/hex-dev/hex-dev-issue-10222/reports/bench-results/hex-row-reduce-fields-scientific.json
