Hex.RowReduceBench.Field.rat8FullSolve    expected complexity: n ^ 3    [warm cache]
  env: lean=4.34.0-rc2, os=linux, arch=x86_64, commit=9c14175-dirty, 2026-09-12T21:55:36Z, host=chungus2
  param  per-call    repeats  C
      4   91.405 µs  ×2^11    C=1286.837 [trial 1/3] †
      8  586.765 µs  ×2^8     C=1148.285 [trial 1/3]
     16    4.220 ms  ×2^5     C=1003.049 [trial 1/3]
     32   32.912 ms  ×2^2     C=1004.392 [trial 1/3]
     64  274.107 ms  ×2^0     C=1045.637 [trial 1/3]
      4   79.759 µs  ×2^11    C=1286.837 [trial 2/3] †
      8  613.710 µs  ×2^8     C=1148.285 [trial 2/3]
     16    4.002 ms  ×2^5     C=1003.049 [trial 2/3]
     32   33.679 ms  ×2^2     C=1004.392 [trial 2/3]
     64  267.179 ms  ×2^0     C=1045.637 [trial 2/3]
      4   82.357 µs  ×2^11    C=1286.837 [trial 3/3] †
      8  587.922 µs  ×2^8     C=1148.285 [trial 3/3]
     16    4.108 ms  ×2^5     C=1003.049 [trial 3/3]
     32   30.886 ms  ×2^2     C=1004.392 [trial 3/3]
     64  274.340 ms  ×2^0     C=1045.637 [trial 3/3]
  verdict: consistent with declared complexity (cMin=1003.049, cMax=1148.285, β=-0.040)
  per-spawn floor (harness self-measurement): 266.255 ms
  peak RSS: 64_376 kB..68_932 kB (across 15 ok row(s))
  trial summaries (3 trials per param; spread = (max-min)/median):
    param  trials  median      min         max         spread 
        4  3/3      82.357 µs   79.759 µs   91.405 µs  14.141%
        8  3/3     587.922 µs  586.765 µs  613.710 µs  4.583% 
       16  3/3       4.108 ms    4.002 ms    4.220 ms  5.316% 
       32  3/3      32.912 ms   30.886 ms   33.679 ms  8.487% 
       64  3/3     274.107 ms  267.179 ms  274.340 ms  2.612% 

Hex.RowReduceBench.Field.rat8FullOption    expected complexity: n ^ 3    [warm cache]
  env: lean=4.34.0-rc2, os=linux, arch=x86_64, commit=9c14175-dirty, 2026-09-12T21:55:44Z, host=chungus2
  param  per-call    repeats  C
      4   77.843 µs  ×2^11    C=1216.311 [trial 1/3] †
      8  580.718 µs  ×2^8     C=1134.216 [trial 1/3]
     16    4.399 ms  ×2^5     C=1051.747 [trial 1/3]
     32   33.119 ms  ×2^2     C=1010.514 [trial 1/3]
     64  297.842 ms  ×2^0     C= 994.578 [trial 1/3]
      4   89.702 µs  ×2^11    C=1216.311 [trial 2/3] †
      8  618.373 µs  ×2^8     C=1134.216 [trial 2/3]
     16    4.308 ms  ×2^5     C=1051.747 [trial 2/3]
     32   33.113 ms  ×2^2     C=1010.514 [trial 2/3]
     64  248.715 ms  ×2^0     C= 994.578 [trial 2/3]
      4   72.283 µs  ×2^11    C=1216.311 [trial 3/3] †
      8  575.991 µs  ×2^8     C=1134.216 [trial 3/3]
     16    4.266 ms  ×2^5     C=1051.747 [trial 3/3]
     32   32.822 ms  ×2^2     C=1010.514 [trial 3/3]
     64  260.723 ms  ×2^0     C= 994.578 [trial 3/3]
  verdict: consistent with declared complexity (cMin=994.578, cMax=1134.216, β=-0.063)
  per-spawn floor (harness self-measurement): 208.423 ms
  peak RSS: 65_324 kB..69_072 kB (across 15 ok row(s))
  trial summaries (3 trials per param; spread = (max-min)/median):
    param  trials  median      min         max         spread 
        4  3/3      77.843 µs   72.283 µs   89.702 µs  22.376%
        8  3/3     580.718 µs  575.991 µs  618.373 µs  7.298% 
       16  3/3       4.308 ms    4.266 ms    4.399 ms  3.106% 
       32  3/3      33.113 ms   32.822 ms   33.119 ms  0.896% 
       64  3/3     260.723 ms  248.715 ms  297.842 ms  18.843%

Hex.RowReduceBench.Field.rat8FullInverse    expected complexity: n ^ 3    [warm cache]
  env: lean=4.34.0-rc2, os=linux, arch=x86_64, commit=9c14175-dirty, 2026-09-12T21:55:52Z, host=chungus2
  param  per-call    repeats  C
      4   64.609 µs  ×2^11    C=1009.518 [trial 1/3] †
      8  522.325 µs  ×2^8     C=1020.167 [trial 1/3]
     16    4.627 ms  ×2^5     C=1103.711 [trial 1/3]
     32   36.463 ms  ×2^2     C=1112.771 [trial 1/3]
     64  250.400 ms  ×2^0     C=1106.304 [trial 1/3]
      4   63.267 µs  ×2^11    C=1009.518 [trial 2/3] †
      8  514.154 µs  ×2^8     C=1020.167 [trial 2/3]
     16    4.165 ms  ×2^5     C=1103.711 [trial 2/3]
     32   32.817 ms  ×2^2     C=1112.771 [trial 2/3]
     64  290.011 ms  ×2^0     C=1106.304 [trial 2/3]
      4   72.204 µs  ×2^11    C=1009.518 [trial 3/3] †
      8  582.207 µs  ×2^8     C=1020.167 [trial 3/3]
     16    4.521 ms  ×2^5     C=1103.711 [trial 3/3]
     32   36.538 ms  ×2^2     C=1112.771 [trial 3/3]
     64  292.896 ms  ×2^0     C=1106.304 [trial 3/3]
  verdict: consistent with declared complexity (cMin=1020.167, cMax=1112.771, β=+0.036)
  per-spawn floor (harness self-measurement): 199.349 ms
  peak RSS: 63_612 kB..69_076 kB (across 15 ok row(s))
  trial summaries (3 trials per param; spread = (max-min)/median):
    param  trials  median      min         max         spread 
        4  3/3      64.609 µs   63.267 µs   72.204 µs  13.832%
        8  3/3     522.325 µs  514.154 µs  582.207 µs  13.029%
       16  3/3       4.521 ms    4.165 ms    4.627 ms  10.213%
       32  3/3      36.463 ms   32.817 ms   36.538 ms  10.204%
       64  3/3     290.011 ms  250.400 ms  292.896 ms  14.653%

Hex.RowReduceBench.Field.rat8DeficientSolve    expected complexity: n ^ 3    [warm cache]
  env: lean=4.34.0-rc2, os=linux, arch=x86_64, commit=9c14175-dirty, 2026-09-12T21:56:00Z, host=chungus2
  param  per-call    repeats  C
      4   50.279 µs  ×2^12    C=861.652 [trial 1/3] †
      8  411.413 µs  ×2^8     C=847.747 [trial 1/3]
     16    2.868 ms  ×2^6     C=960.309 [trial 1/3]
     32   31.237 ms  ×2^2     C=953.279 [trial 1/3]
     64  263.256 ms  ×2^0     C=987.541 [trial 1/3]
      4   65.882 µs  ×2^11    C=861.652 [trial 2/3] †
      8  512.265 µs  ×2^8     C=847.747 [trial 2/3]
     16    4.330 ms  ×2^5     C=960.309 [trial 2/3]
     32   30.108 ms  ×2^2     C=953.279 [trial 2/3]
     64  258.878 ms  ×2^0     C=987.541 [trial 2/3]
      4   55.145 µs  ×2^11    C=861.652 [trial 3/3] †
      8  434.046 µs  ×2^8     C=847.747 [trial 3/3]
     16    3.933 ms  ×2^5     C=960.309 [trial 3/3]
     32   31.949 ms  ×2^2     C=953.279 [trial 3/3]
     64  252.098 ms  ×2^0     C=987.541 [trial 3/3]
  verdict: consistent with declared complexity (cMin=847.747, cMax=987.541, β=+0.065)
  per-spawn floor (harness self-measurement): 242.403 ms
  peak RSS: 63_292 kB..69_000 kB (across 15 ok row(s))
  trial summaries (3 trials per param; spread = (max-min)/median):
    param  trials  median      min         max         spread 
        4  3/3      55.145 µs   50.279 µs   65.882 µs  28.294%
        8  3/3     434.046 µs  411.413 µs  512.265 µs  23.235%
       16  3/3       3.933 ms    2.868 ms    4.330 ms  37.176%
       32  3/3      31.237 ms   30.108 ms   31.949 ms  5.893% 
       64  3/3     258.878 ms  252.098 ms  263.256 ms  4.310% 

Hex.RowReduceBench.Field.rat8DeficientOption    expected complexity: n ^ 3    [warm cache]
  env: lean=4.34.0-rc2, os=linux, arch=x86_64, commit=9c14175-dirty, 2026-09-12T21:56:08Z, host=chungus2
  param  per-call    repeats  C
      4   54.698 µs  ×2^11    C=849.500 [trial 1/3] †
      8  466.226 µs  ×2^8     C=910.598 [trial 1/3]
     16    3.829 ms  ×2^5     C=913.431 [trial 1/3]
     32   31.888 ms  ×2^2     C=955.555 [trial 1/3]
     64  264.288 ms  ×2^0     C=973.457 [trial 1/3]
      4   54.367 µs  ×2^11    C=849.500 [trial 2/3] †
      8  462.683 µs  ×2^8     C=910.598 [trial 2/3]
     16    3.741 ms  ×2^5     C=913.431 [trial 2/3]
     32   31.214 ms  ×2^2     C=955.555 [trial 2/3]
     64  253.353 ms  ×2^0     C=973.457 [trial 2/3]
      4   54.133 µs  ×2^11    C=849.500 [trial 3/3] †
      8  468.335 µs  ×2^8     C=910.598 [trial 3/3]
     16    3.729 ms  ×2^5     C=913.431 [trial 3/3]
     32   31.312 ms  ×2^2     C=955.555 [trial 3/3]
     64  255.186 ms  ×2^0     C=973.457 [trial 3/3]
  verdict: consistent with declared complexity (cMin=910.598, cMax=973.457, β=+0.035)
  per-spawn floor (harness self-measurement): 237.604 ms
  peak RSS: 63_468 kB..69_064 kB (across 15 ok row(s))
  trial summaries (3 trials per param; spread = (max-min)/median):
    param  trials  median      min         max         spread
        4  3/3      54.367 µs   54.133 µs   54.698 µs  1.039%
        8  3/3     466.226 µs  462.683 µs  468.335 µs  1.212%
       16  3/3       3.741 ms    3.729 ms    3.829 ms  2.664%
       32  3/3      31.312 ms   31.214 ms   31.888 ms  2.154%
       64  3/3     255.186 ms  253.353 ms  264.288 ms  4.285%

Hex.RowReduceBench.Field.rat8DeficientInverse    expected complexity: n ^ 3    [warm cache]
  env: lean=4.34.0-rc2, os=linux, arch=x86_64, commit=9c14175-dirty, 2026-09-12T21:56:16Z, host=chungus2
  param  per-call    repeats  C
      4   37.239 µs  ×2^12    C=584.864 [trial 1/3] †
      8  397.190 µs  ×2^9     C=775.763 [trial 1/3]
     16    3.611 ms  ×2^5     C=858.628 [trial 1/3]
     32   30.220 ms  ×2^2     C=922.233 [trial 1/3]
     64  251.026 ms  ×2^0     C=947.626 [trial 1/3]
      4   38.453 µs  ×2^12    C=584.864 [trial 2/3] †
      8  380.412 µs  ×2^9     C=775.763 [trial 2/3]
     16    3.517 ms  ×2^5     C=858.628 [trial 2/3]
     32   32.801 ms  ×2^2     C=922.233 [trial 2/3]
     64  248.414 ms  ×2^0     C=947.626 [trial 2/3]
      4   37.431 µs  ×2^12    C=584.864 [trial 3/3] †
      8  398.614 µs  ×2^9     C=775.763 [trial 3/3]
     16    3.296 ms  ×2^6     C=858.628 [trial 3/3]
     32   28.080 ms  ×2^2     C=922.233 [trial 3/3]
     64  239.897 ms  ×2^0     C=947.626 [trial 3/3]
  verdict: consistent with declared complexity (cMin=775.763, cMax=947.626, β=+0.097)
  per-spawn floor (harness self-measurement): 202.713 ms
  peak RSS: 64_628 kB..69_068 kB (across 15 ok row(s))
  trial summaries (3 trials per param; spread = (max-min)/median):
    param  trials  median      min         max         spread 
        4  3/3      37.431 µs   37.239 µs   38.453 µs  3.242% 
        8  3/3     397.190 µs  380.412 µs  398.614 µs  4.583% 
       16  3/3       3.517 ms    3.296 ms    3.611 ms  8.957% 
       32  3/3      30.220 ms   28.080 ms   32.801 ms  15.622%
       64  3/3     248.414 ms  239.897 ms  251.026 ms  4.480% 

Hex.RowReduceBench.Field.rat8HalfSolve    expected complexity: n ^ 3    [warm cache]
  env: lean=4.34.0-rc2, os=linux, arch=x86_64, commit=9c14175-dirty, 2026-09-12T21:56:24Z, host=chungus2
  param  per-call    repeats  C
      4   42.823 µs  ×2^12    C=681.751 [trial 1/3] †
      8  259.328 µs  ×2^9     C=510.141 [trial 1/3]
     16    1.739 ms  ×2^6     C=424.560 [trial 1/3]
     32   12.610 ms  ×2^4     C=384.818 [trial 1/3]
     64  101.878 ms  ×2^0     C=388.633 [trial 1/3]
      4   43.632 µs  ×2^12    C=681.751 [trial 2/3] †
      8  261.192 µs  ×2^9     C=510.141 [trial 2/3]
     16    1.215 ms  ×2^7     C=424.560 [trial 2/3]
     32   12.520 ms  ×2^4     C=384.818 [trial 2/3]
     64  110.461 ms  ×2^1     C=388.633 [trial 2/3]
      4   48.737 µs  ×2^12    C=681.751 [trial 3/3] †
      8  298.019 µs  ×2^9     C=510.141 [trial 3/3]
     16    1.918 ms  ×2^6     C=424.560 [trial 3/3]
     32   16.642 ms  ×2^3     C=384.818 [trial 3/3]
     64   93.910 ms  ×2^1     C=388.633 [trial 3/3]
  verdict: consistent with declared complexity (cMin=384.818, cMax=510.141, β=-0.132)
  per-spawn floor (harness self-measurement): 178.535 ms
  peak RSS: 63_136 kB..68_936 kB (across 15 ok row(s))
  trial summaries (3 trials per param; spread = (max-min)/median):
    param  trials  median      min         max         spread 
        4  3/3      43.632 µs   42.823 µs   48.737 µs  13.555%
        8  3/3     261.192 µs  259.328 µs  298.019 µs  14.813%
       16  3/3       1.739 ms    1.215 ms    1.918 ms  40.394%
       32  3/3      12.610 ms   12.520 ms   16.642 ms  32.690%
       64  3/3     101.878 ms   93.910 ms  110.461 ms  16.246%

Hex.RowReduceBench.Field.rat8HalfOption    expected complexity: n ^ 3    [warm cache]
  env: lean=4.34.0-rc2, os=linux, arch=x86_64, commit=9c14175-dirty, 2026-09-12T21:56:31Z, host=chungus2
  param  per-call    repeats  C
      4   43.008 µs  ×2^12    C=665.087 [trial 1/3] †
      8  241.364 µs  ×2^9     C=501.833 [trial 1/3]
     16    1.765 ms  ×2^6     C=430.943 [trial 1/3]
     32   12.670 ms  ×2^4     C=392.521 [trial 1/3]
     64   89.738 ms  ×2^1     C=363.377 [trial 1/3]
      4   42.091 µs  ×2^12    C=665.087 [trial 2/3] †
      8  257.020 µs  ×2^9     C=501.833 [trial 2/3]
     16    1.757 ms  ×2^6     C=430.943 [trial 2/3]
     32   12.864 ms  ×2^4     C=392.521 [trial 2/3]
     64   95.257 ms  ×2^1     C=363.377 [trial 2/3]
      4   42.565 µs  ×2^12    C=665.087 [trial 3/3] †
      8  256.938 µs  ×2^9     C=501.833 [trial 3/3]
     16    1.767 ms  ×2^6     C=430.943 [trial 3/3]
     32   12.862 ms  ×2^4     C=392.521 [trial 3/3]
     64   96.006 ms  ×2^1     C=363.377 [trial 3/3]
  verdict: inconclusive (cMin=363.377, cMax=501.833, β=-0.153, looks faster than declared by ~n^0.153)
  per-spawn floor (harness self-measurement): 216.393 ms
  peak RSS: 64_720 kB..69_068 kB (across 15 ok row(s))
  trial summaries (3 trials per param; spread = (max-min)/median):
    param  trials  median      min         max         spread
        4  3/3      42.565 µs   42.091 µs   43.008 µs  2.156%
        8  3/3     256.938 µs  241.364 µs  257.020 µs  6.093%
       16  3/3       1.765 ms    1.757 ms    1.767 ms  0.593%
       32  3/3      12.862 ms   12.670 ms   12.864 ms  1.512%
       64  3/3      95.257 ms   89.738 ms   96.006 ms  6.580%

Hex.RowReduceBench.Field.rat8HalfInverse    expected complexity: n ^ 3    [warm cache]
  env: lean=4.34.0-rc2, os=linux, arch=x86_64, commit=9c14175-dirty, 2026-09-12T21:56:38Z, host=chungus2
  param  per-call    repeats  C
      4   26.829 µs  ×2^12    C=414.162 [trial 1/3] †
      8  198.996 µs  ×2^10    C=388.665 [trial 1/3]
     16    1.524 ms  ×2^7     C=370.778 [trial 1/3]
     32   11.861 ms  ×2^4     C=358.400 [trial 1/3]
     64   91.914 ms  ×2^1     C=350.625 [trial 1/3]
      4   26.073 µs  ×2^13    C=414.162 [trial 2/3] †
      8  186.055 µs  ×2^10    C=388.665 [trial 2/3]
     16    1.490 ms  ×2^7     C=370.778 [trial 2/3]
     32   11.744 ms  ×2^4     C=358.400 [trial 2/3]
     64   91.356 ms  ×2^1     C=350.625 [trial 2/3]
      4   26.506 µs  ×2^12    C=414.162 [trial 3/3] †
      8  200.227 µs  ×2^10    C=388.665 [trial 3/3]
     16    1.519 ms  ×2^7     C=370.778 [trial 3/3]
     32   11.539 ms  ×2^4     C=358.400 [trial 3/3]
     64   95.094 ms  ×2^1     C=350.625 [trial 3/3]
  verdict: consistent with declared complexity (cMin=350.625, cMax=388.665, β=-0.049)
  per-spawn floor (harness self-measurement): 197.520 ms
  peak RSS: 62_712 kB..69_068 kB (across 15 ok row(s))
  trial summaries (3 trials per param; spread = (max-min)/median):
    param  trials  median      min         max         spread
        4  3/3      26.506 µs   26.073 µs   26.829 µs  2.850%
        8  3/3     198.996 µs  186.055 µs  200.227 µs  7.122%
       16  3/3       1.519 ms    1.490 ms    1.524 ms  2.276%
       32  3/3      11.744 ms   11.539 ms   11.861 ms  2.738%
       64  3/3      91.914 ms   91.356 ms   95.094 ms  4.067%

Hex.RowReduceBench.Field.rat8DeficientErrorSolve    expected complexity: n ^ 3    [warm cache]
  env: lean=4.34.0-rc2, os=linux, arch=x86_64, commit=9c14175-dirty, 2026-09-12T21:56:45Z, host=chungus2
  param  per-call    repeats  C
      4   45.880 µs  ×2^12    C=727.653 [trial 1/3] †
      8  430.783 µs  ×2^8     C=847.061 [trial 1/3]
     16    3.679 ms  ×2^5     C=898.136 [trial 1/3]
     32   30.363 ms  ×2^2     C=934.989 [trial 1/3]
     64  244.743 ms  ×2^0     C=933.619 [trial 1/3]
      4   52.539 µs  ×2^12    C=727.653 [trial 2/3] †
      8  502.820 µs  ×2^8     C=847.061 [trial 2/3]
     16    3.633 ms  ×2^5     C=898.136 [trial 2/3]
     32   32.908 ms  ×2^2     C=934.989 [trial 2/3]
     64  221.637 ms  ×2^0     C=933.619 [trial 2/3]
      4   46.569 µs  ×2^12    C=727.653 [trial 3/3] †
      8  433.695 µs  ×2^8     C=847.061 [trial 3/3]
     16    3.771 ms  ×2^5     C=898.136 [trial 3/3]
     32   30.638 ms  ×2^2     C=934.989 [trial 3/3]
     64  251.742 ms  ×2^0     C=933.619 [trial 3/3]
  verdict: consistent with declared complexity (cMin=847.061, cMax=934.989, β=+0.048)
  per-spawn floor (harness self-measurement): 203.056 ms
  peak RSS: 63_568 kB..69_064 kB (across 15 ok row(s))
  trial summaries (3 trials per param; spread = (max-min)/median):
    param  trials  median      min         max         spread 
        4  3/3      46.569 µs   45.880 µs   52.539 µs  14.301%
        8  3/3     433.695 µs  430.783 µs  502.820 µs  16.610%
       16  3/3       3.679 ms    3.633 ms    3.771 ms  3.757% 
       32  3/3      30.638 ms   30.363 ms   32.908 ms  8.309% 
       64  3/3     244.743 ms  221.637 ms  251.742 ms  12.300%

Hex.RowReduceBench.Field.rat8DeficientErrorOption    expected complexity: n ^ 3    [warm cache]
  env: lean=4.34.0-rc2, os=linux, arch=x86_64, commit=9c14175-dirty, 2026-09-12T21:56:53Z, host=chungus2
  param  per-call    repeats  C
      4   45.289 µs  ×2^12    C=719.449 [trial 1/3] †
      8  429.124 µs  ×2^8     C=838.133 [trial 1/3]
     16    3.856 ms  ×2^5     C=896.656 [trial 1/3]
     32   30.503 ms  ×2^2     C=930.887 [trial 1/3]
     64  257.279 ms  ×2^0     C=952.451 [trial 1/3]
      4   46.391 µs  ×2^12    C=719.449 [trial 2/3] †
      8  429.972 µs  ×2^8     C=838.133 [trial 2/3]
     16    3.673 ms  ×2^5     C=896.656 [trial 2/3]
     32   31.832 ms  ×2^2     C=930.887 [trial 2/3]
     64  248.134 ms  ×2^0     C=952.451 [trial 2/3]
      4   46.044 µs  ×2^12    C=719.449 [trial 3/3] †
      8  422.623 µs  ×2^9     C=838.133 [trial 3/3]
     16    3.549 ms  ×2^5     C=896.656 [trial 3/3]
     32   30.348 ms  ×2^2     C=930.887 [trial 3/3]
     64  249.679 ms  ×2^0     C=952.451 [trial 3/3]
  verdict: consistent with declared complexity (cMin=838.133, cMax=952.451, β=+0.061)
  per-spawn floor (harness self-measurement): 241.639 ms
  peak RSS: 63_392 kB..69_020 kB (across 15 ok row(s))
  trial summaries (3 trials per param; spread = (max-min)/median):
    param  trials  median      min         max         spread
        4  3/3      46.044 µs   45.289 µs   46.391 µs  2.394%
        8  3/3     429.124 µs  422.623 µs  429.972 µs  1.713%
       16  3/3       3.673 ms    3.549 ms    3.856 ms  8.368%
       32  3/3      30.503 ms   30.348 ms   31.832 ms  4.865%
       64  3/3     249.679 ms  248.134 ms  257.279 ms  3.663%

Hex.RowReduceBench.Field.rat8HalfErrorSolve    expected complexity: n ^ 3    [warm cache]
  env: lean=4.34.0-rc2, os=linux, arch=x86_64, commit=9c14175-dirty, 2026-09-12T21:57:01Z, host=chungus2
  param  per-call    repeats  C
      4   35.078 µs  ×2^12    C=545.664 [trial 1/3] †
      8  232.274 µs  ×2^9     C=444.401 [trial 1/3]
     16    1.633 ms  ×2^7     C=398.598 [trial 1/3]
     32   12.301 ms  ×2^4     C=373.848 [trial 1/3]
     64   94.202 ms  ×2^1     C=359.353 [trial 1/3]
      4   34.922 µs  ×2^12    C=545.664 [trial 2/3] †
      8  218.894 µs  ×2^10    C=444.401 [trial 2/3]
     16    1.639 ms  ×2^7     C=398.598 [trial 2/3]
     32   12.250 ms  ×2^4     C=373.848 [trial 2/3]
     64   94.912 ms  ×2^1     C=359.353 [trial 2/3]
      4   32.947 µs  ×2^12    C=545.664 [trial 3/3] †
      8  227.533 µs  ×2^9     C=444.401 [trial 3/3]
     16    1.593 ms  ×2^7     C=398.598 [trial 3/3]
     32   11.498 ms  ×2^4     C=373.848 [trial 3/3]
     64   92.956 ms  ×2^1     C=359.353 [trial 3/3]
  verdict: consistent with declared complexity (cMin=359.353, cMax=444.401, β=-0.101)
  per-spawn floor (harness self-measurement): 200.044 ms
  peak RSS: 65_872 kB..69_068 kB (across 15 ok row(s))
  trial summaries (3 trials per param; spread = (max-min)/median):
    param  trials  median      min         max         spread
        4  3/3      34.922 µs   32.947 µs   35.078 µs  6.103%
        8  3/3     227.533 µs  218.894 µs  232.274 µs  5.880%
       16  3/3       1.633 ms    1.593 ms    1.639 ms  2.819%
       32  3/3      12.250 ms   11.498 ms   12.301 ms  6.555%
       64  3/3      94.202 ms   92.956 ms   94.912 ms  2.076%

Hex.RowReduceBench.Field.rat8HalfErrorOption    expected complexity: n ^ 3    [warm cache]
  env: lean=4.34.0-rc2, os=linux, arch=x86_64, commit=9c14175-dirty, 2026-09-12T21:57:08Z, host=chungus2
  param  per-call    repeats  C
      4   33.947 µs  ×2^12    C=545.070 [trial 1/3] †
      8  221.136 µs  ×2^9     C=444.450 [trial 1/3]
     16    1.597 ms  ×2^7     C=397.150 [trial 1/3]
     32   12.345 ms  ×2^4     C=379.894 [trial 1/3]
     64   96.111 ms  ×2^1     C=366.358 [trial 1/3]
      4   36.193 µs  ×2^12    C=545.070 [trial 2/3] †
      8  235.665 µs  ×2^9     C=444.450 [trial 2/3]
     16    1.635 ms  ×2^7     C=397.150 [trial 2/3]
     32   12.504 ms  ×2^4     C=379.894 [trial 2/3]
     64   95.342 ms  ×2^1     C=366.358 [trial 2/3]
      4   34.884 µs  ×2^12    C=545.070 [trial 3/3] †
      8  227.558 µs  ×2^9     C=444.450 [trial 3/3]
     16    1.627 ms  ×2^7     C=397.150 [trial 3/3]
     32   12.448 ms  ×2^4     C=379.894 [trial 3/3]
     64   96.039 ms  ×2^1     C=366.358 [trial 3/3]
  verdict: consistent with declared complexity (cMin=366.358, cMax=444.450, β=-0.090)
  per-spawn floor (harness self-measurement): 182.873 ms
  peak RSS: 64_980 kB..69_076 kB (across 15 ok row(s))
  trial summaries (3 trials per param; spread = (max-min)/median):
    param  trials  median      min         max         spread
        4  3/3      34.884 µs   33.947 µs   36.193 µs  6.437%
        8  3/3     227.558 µs  221.136 µs  235.665 µs  6.385%
       16  3/3       1.627 ms    1.597 ms    1.635 ms  2.330%
       32  3/3      12.448 ms   12.345 ms   12.504 ms  1.273%
       64  3/3      96.039 ms   95.342 ms   96.111 ms  0.800%

Hex.RowReduceBench.Field.rat8TallSolve    expected complexity: n ^ 3    [warm cache]
  env: lean=4.34.0-rc2, os=linux, arch=x86_64, commit=9c14175-dirty, 2026-09-12T21:57:15Z, host=chungus2
  param  per-call    repeats  C
      4  194.403 µs  ×2^10    C=3037.558 [trial 1/3] †
      8    1.300 ms  ×2^7     C=2511.712 [trial 1/3]
     16    9.530 ms  ×2^4     C=2326.757 [trial 1/3]
     32   72.028 ms  ×2^1     C=2210.061 [trial 1/3]
     64  532.203 ms  ×2^0     C=2122.286 [trial 1/3]
      4  152.338 µs  ×2^10    C=3037.558 [trial 2/3] †
      8    1.199 ms  ×2^7     C=2511.712 [trial 2/3]
     16    9.195 ms  ×2^4     C=2326.757 [trial 2/3]
     32   72.419 ms  ×2^1     C=2210.061 [trial 2/3]
     64  556.344 ms  ×2^0     C=2122.286 [trial 2/3]
      4  196.067 µs  ×2^10    C=3037.558 [trial 3/3] †
      8    1.286 ms  ×2^7     C=2511.712 [trial 3/3]
     16   13.407 ms  ×2^4     C=2326.757 [trial 3/3]
     32   73.325 ms  ×2^1     C=2210.061 [trial 3/3]
     64  561.857 ms  ×2^0     C=2122.286 [trial 3/3]
  verdict: consistent with declared complexity (cMin=2122.286, cMax=2511.712, β=-0.080)
  per-spawn floor (harness self-measurement): 198.880 ms
  peak RSS: 62_520 kB..70_912 kB (across 15 ok row(s))
  trial summaries (3 trials per param; spread = (max-min)/median):
    param  trials  median      min         max         spread 
        4  3/3     194.403 µs  152.338 µs  196.067 µs  22.494%
        8  3/3       1.286 ms    1.199 ms    1.300 ms  7.884% 
       16  3/3       9.530 ms    9.195 ms   13.407 ms  44.197%
       32  3/3      72.419 ms   72.028 ms   73.325 ms  1.792% 
       64  3/3     556.344 ms  532.203 ms  561.857 ms  5.330% 

Hex.RowReduceBench.Field.rat8TallOption    expected complexity: n ^ 3    [warm cache]
  env: lean=4.34.0-rc2, os=linux, arch=x86_64, commit=9c14175-dirty, 2026-09-12T21:57:26Z, host=chungus2
  param  per-call    repeats  C
      4  203.742 µs  ×2^10    C=3068.098 [trial 1/3] †
      8    1.343 ms  ×2^7     C=2572.345 [trial 1/3]
     16   10.002 ms  ×2^4     C=2366.684 [trial 1/3]
     32   72.648 ms  ×2^1     C=2217.054 [trial 1/3]
     64  573.403 ms  ×2^0     C=2132.562 [trial 1/3]
      4  196.358 µs  ×2^10    C=3068.098 [trial 2/3] †
      8    1.307 ms  ×2^7     C=2572.345 [trial 2/3]
     16    9.694 ms  ×2^4     C=2366.684 [trial 2/3]
     32   73.251 ms  ×2^1     C=2217.054 [trial 2/3]
     64  559.038 ms  ×2^0     C=2132.562 [trial 2/3]
      4  193.729 µs  ×2^10    C=3068.098 [trial 3/3] †
      8    1.317 ms  ×2^7     C=2572.345 [trial 3/3]
     16    9.394 ms  ×2^4     C=2366.684 [trial 3/3]
     32   71.666 ms  ×2^1     C=2217.054 [trial 3/3]
     64  549.570 ms  ×2^0     C=2132.562 [trial 3/3]
  verdict: consistent with declared complexity (cMin=2132.562, cMax=2572.345, β=-0.091)
  per-spawn floor (harness self-measurement): 322.778 ms
  peak RSS: 63_840 kB..70_784 kB (across 15 ok row(s))
  trial summaries (3 trials per param; spread = (max-min)/median):
    param  trials  median      min         max         spread
        4  3/3     196.358 µs  193.729 µs  203.742 µs  5.099%
        8  3/3       1.317 ms    1.307 ms    1.343 ms  2.684%
       16  3/3       9.694 ms    9.394 ms   10.002 ms  6.274%
       32  3/3      72.648 ms   71.666 ms   73.251 ms  2.181%
       64  3/3     559.038 ms  549.570 ms  573.403 ms  4.263%

Hex.RowReduceBench.Field.rat8WideSolve    expected complexity: n ^ 3    [warm cache]
  env: lean=4.34.0-rc2, os=linux, arch=x86_64, commit=9c14175-dirty, 2026-09-12T21:57:37Z, host=chungus2
  param  per-call    repeats  C
      4  118.523 µs  ×2^10    C=1851.930 [trial 1/3] †
      8  850.661 µs  ×2^7     C=1669.136 [trial 1/3]
     16    6.445 ms  ×2^5     C=1573.549 [trial 1/3]
     32   49.027 ms  ×2^2     C=1496.196 [trial 1/3]
     64  390.136 ms  ×2^0     C=1488.251 [trial 1/3]
      4  118.991 µs  ×2^10    C=1851.930 [trial 2/3] †
      8  876.669 µs  ×2^7     C=1669.136 [trial 2/3]
     16    6.501 ms  ×2^5     C=1573.549 [trial 2/3]
     32   45.861 ms  ×2^2     C=1496.196 [trial 2/3]
     64  379.090 ms  ×2^0     C=1488.251 [trial 2/3]
      4  117.485 µs  ×2^10    C=1851.930 [trial 3/3] †
      8  854.597 µs  ×2^7     C=1669.136 [trial 3/3]
     16    6.288 ms  ×2^5     C=1573.549 [trial 3/3]
     32   49.872 ms  ×2^2     C=1496.196 [trial 3/3]
     64  390.991 ms  ×2^0     C=1488.251 [trial 3/3]
  verdict: consistent with declared complexity (cMin=1488.251, cMax=1669.136, β=-0.057)
  per-spawn floor (harness self-measurement): 203.921 ms
  peak RSS: 65_440 kB..70_316 kB (across 15 ok row(s))
  trial summaries (3 trials per param; spread = (max-min)/median):
    param  trials  median      min         max         spread
        4  3/3     118.523 µs  117.485 µs  118.991 µs  1.270%
        8  3/3     854.597 µs  850.661 µs  876.669 µs  3.043%
       16  3/3       6.445 ms    6.288 ms    6.501 ms  3.312%
       32  3/3      49.027 ms   45.861 ms   49.872 ms  8.180%
       64  3/3     390.136 ms  379.090 ms  390.991 ms  3.050%

Hex.RowReduceBench.Field.rat8WideOption    expected complexity: n ^ 3    [warm cache]
  env: lean=4.34.0-rc2, os=linux, arch=x86_64, commit=9c14175-dirty, 2026-09-12T21:57:47Z, host=chungus2
  param  per-call    repeats  C
      4  117.140 µs  ×2^10    C=1864.692 [trial 1/3] †
      8  836.702 µs  ×2^7     C=1747.551 [trial 1/3]
     16    6.363 ms  ×2^5     C=1566.409 [trial 1/3]
     32   45.976 ms  ×2^2     C=1511.966 [trial 1/3]
     64  373.874 ms  ×2^0     C=1507.301 [trial 1/3]
      4  119.340 µs  ×2^10    C=1864.692 [trial 2/3] †
      8  957.548 µs  ×2^7     C=1747.551 [trial 2/3]
     16    6.416 ms  ×2^5     C=1566.409 [trial 2/3]
     32   49.544 ms  ×2^2     C=1511.966 [trial 2/3]
     64  396.322 ms  ×2^0     C=1507.301 [trial 2/3]
      4  120.138 µs  ×2^10    C=1864.692 [trial 3/3] †
      8  894.745 µs  ×2^7     C=1747.551 [trial 3/3]
     16    6.876 ms  ×2^5     C=1566.409 [trial 3/3]
     32   51.988 ms  ×2^2     C=1511.966 [trial 3/3]
     64  395.130 ms  ×2^0     C=1507.301 [trial 3/3]
  verdict: consistent with declared complexity (cMin=1507.301, cMax=1747.551, β=-0.069)
  per-spawn floor (harness self-measurement): 296.691 ms
  peak RSS: 64_236 kB..70_940 kB (across 15 ok row(s))
  trial summaries (3 trials per param; spread = (max-min)/median):
    param  trials  median      min         max         spread 
        4  3/3     119.340 µs  117.140 µs  120.138 µs  2.512% 
        8  3/3     894.745 µs  836.702 µs  957.548 µs  13.506%
       16  3/3       6.416 ms    6.363 ms    6.876 ms  7.984% 
       32  3/3      49.544 ms   45.976 ms   51.988 ms  12.135%
       64  3/3     395.130 ms  373.874 ms  396.322 ms  5.681% 

Hex.RowReduceBench.Field.rat32FullSolve    expected complexity: n ^ 3    [warm cache]
  env: lean=4.34.0-rc2, os=linux, arch=x86_64, commit=9c14175-dirty, 2026-09-12T21:57:56Z, host=chungus2
  param  per-call    repeats  C
      4  132.200 µs  ×2^10    C=2296.061 [trial 1/3] †
      8  977.544 µs  ×2^7     C=2205.161 [trial 1/3]
     16    8.261 ms  ×2^4     C=2320.642 [trial 1/3]
     32   71.447 ms  ×2^1     C=2526.653 [trial 1/3]
     64  706.604 ms  ×2^0     C=2654.584 [trial 1/3]
      4  149.140 µs  ×2^10    C=2296.061 [trial 2/3] †
      8    1.129 ms  ×2^7     C=2205.161 [trial 2/3]
     16    9.505 ms  ×2^4     C=2320.642 [trial 2/3]
     32   82.793 ms  ×2^1     C=2526.653 [trial 2/3]
     64  695.883 ms  ×2^0     C=2654.584 [trial 2/3]
      4  146.947 µs  ×2^10    C=2296.061 [trial 3/3] †
      8    1.139 ms  ×2^7     C=2205.161 [trial 3/3]
     16    9.525 ms  ×2^4     C=2320.642 [trial 3/3]
     32   82.952 ms  ×2^1     C=2526.653 [trial 3/3]
     64  694.127 ms  ×2^0     C=2654.584 [trial 3/3]
  verdict: consistent with declared complexity (cMin=2205.161, cMax=2654.584, β=+0.093)
  per-spawn floor (harness self-measurement): 200.781 ms
  peak RSS: 63_288 kB..69_072 kB (across 15 ok row(s))
  trial summaries (3 trials per param; spread = (max-min)/median):
    param  trials  median      min         max         spread 
        4  3/3     146.947 µs  132.200 µs  149.140 µs  11.528%
        8  3/3       1.129 ms  977.544 µs    1.139 ms  14.264%
       16  3/3       9.505 ms    8.261 ms    9.525 ms  13.291%
       32  3/3      82.793 ms   71.447 ms   82.952 ms  13.896%
       64  3/3     695.883 ms  694.127 ms  706.604 ms  1.793% 

Hex.RowReduceBench.Field.rat32FullOption    expected complexity: n ^ 3    [warm cache]
  env: lean=4.34.0-rc2, os=linux, arch=x86_64, commit=9c14175-dirty, 2026-09-12T21:58:09Z, host=chungus2
  param  per-call    repeats  C
      4  157.697 µs  ×2^10    C=2159.755 [trial 1/3] †
      8    1.114 ms  ×2^7     C=1997.747 [trial 1/3]
     16    9.969 ms  ×2^4     C=2148.632 [trial 1/3]
     32   67.067 ms  ×2^1     C=2159.895 [trial 1/3]
     64  610.037 ms  ×2^0     C=2327.107 [trial 1/3]
      4  132.876 µs  ×2^10    C=2159.755 [trial 2/3] †
      8  975.733 µs  ×2^7     C=1997.747 [trial 2/3]
     16    8.262 ms  ×2^4     C=2148.632 [trial 2/3]
     32   70.775 ms  ×2^1     C=2159.895 [trial 2/3]
     64  629.960 ms  ×2^0     C=2327.107 [trial 2/3]
      4  138.224 µs  ×2^10    C=2159.755 [trial 3/3] †
      8    1.023 ms  ×2^7     C=1997.747 [trial 3/3]
     16    8.801 ms  ×2^4     C=2148.632 [trial 3/3]
     32   77.024 ms  ×2^1     C=2159.895 [trial 3/3]
     64  587.125 ms  ×2^0     C=2327.107 [trial 3/3]
  verdict: consistent with declared complexity (cMin=1997.747, cMax=2327.107, β=+0.067)
  per-spawn floor (harness self-measurement): 233.768 ms
  peak RSS: 62_856 kB..68_936 kB (across 15 ok row(s))
  trial summaries (3 trials per param; spread = (max-min)/median):
    param  trials  median      min         max         spread 
        4  3/3     138.224 µs  132.876 µs  157.697 µs  17.957%
        8  3/3       1.023 ms  975.733 µs    1.114 ms  13.535%
       16  3/3       8.801 ms    8.262 ms    9.969 ms  19.392%
       32  3/3      70.775 ms   67.067 ms   77.024 ms  14.069%
       64  3/3     610.037 ms  587.125 ms  629.960 ms  7.022% 

Hex.RowReduceBench.Field.rat32FullInverse    expected complexity: n ^ 3    [warm cache]
  env: lean=4.34.0-rc2, os=linux, arch=x86_64, commit=9c14175-dirty, 2026-09-12T21:58:20Z, host=chungus2
  param  per-call    repeats  C
      4   98.156 µs  ×2^11    C=1565.902 [trial 1/3] †
      8  853.430 µs  ×2^8     C=1667.396 [trial 1/3]
     16    7.660 ms  ×2^4     C=1903.151 [trial 1/3]
     32   70.403 ms  ×2^1     C=2148.540 [trial 1/3]
     64  575.544 ms  ×2^0     C=2234.984 [trial 1/3]
      4  100.779 µs  ×2^11    C=1565.902 [trial 2/3] †
      8  863.797 µs  ×2^7     C=1667.396 [trial 2/3]
     16    7.821 ms  ×2^4     C=1903.151 [trial 2/3]
     32   71.532 ms  ×2^1     C=2148.540 [trial 2/3]
     64  585.888 ms  ×2^0     C=2234.984 [trial 2/3]
      4  100.217 µs  ×2^11    C=1565.902 [trial 3/3] †
      8  853.706 µs  ×2^8     C=1667.396 [trial 3/3]
     16    7.795 ms  ×2^4     C=1903.151 [trial 3/3]
     32   67.431 ms  ×2^1     C=2148.540 [trial 3/3]
     64  586.888 ms  ×2^0     C=2234.984 [trial 3/3]
  verdict: consistent with declared complexity (cMin=1667.396, cMax=2234.984, β=+0.144)
  per-spawn floor (harness self-measurement): 200.906 ms
  peak RSS: 65_724 kB..69_072 kB (across 15 ok row(s))
  trial summaries (3 trials per param; spread = (max-min)/median):
    param  trials  median      min         max         spread
        4  3/3     100.217 µs   98.156 µs  100.779 µs  2.617%
        8  3/3     853.706 µs  853.430 µs  863.797 µs  1.214%
       16  3/3       7.795 ms    7.660 ms    7.821 ms  2.062%
       32  3/3      70.403 ms   67.431 ms   71.532 ms  5.825%
       64  3/3     585.888 ms  575.544 ms  586.888 ms  1.936%

Hex.RowReduceBench.Field.rat32DeficientSolve    expected complexity: n ^ 3    [warm cache]
  env: lean=4.34.0-rc2, os=linux, arch=x86_64, commit=9c14175-dirty, 2026-09-12T21:58:31Z, host=chungus2
  param  per-call    repeats  C
      4   81.451 µs  ×2^11    C=1262.758 [trial 1/3] †
      8  714.860 µs  ×2^8     C=1415.073 [trial 1/3]
     16    6.919 ms  ×2^4     C=1689.928 [trial 1/3]
     32   66.716 ms  ×2^1     C=2035.997 [trial 1/3]
     64  575.145 ms  ×2^0     C=2194.002 [trial 1/3]
      4   77.440 µs  ×2^11    C=1262.758 [trial 2/3] †
      8  742.034 µs  ×2^8     C=1415.073 [trial 2/3]
     16    6.922 ms  ×2^4     C=1689.928 [trial 2/3]
     32   71.306 ms  ×2^1     C=2035.997 [trial 2/3]
     64  630.099 ms  ×2^0     C=2194.002 [trial 2/3]
      4   80.816 µs  ×2^11    C=1262.758 [trial 3/3] †
      8  724.517 µs  ×2^8     C=1415.073 [trial 3/3]
     16    7.038 ms  ×2^4     C=1689.928 [trial 3/3]
     32   66.545 ms  ×2^1     C=2035.997 [trial 3/3]
     64  570.972 ms  ×2^0     C=2194.002 [trial 3/3]
  verdict: inconclusive (cMin=1415.073, cMax=2194.002, β=+0.217, looks slower than declared by ~n^0.217)
  per-spawn floor (harness self-measurement): 232.057 ms
  peak RSS: 62_944 kB..68_268 kB (across 15 ok row(s))
  trial summaries (3 trials per param; spread = (max-min)/median):
    param  trials  median      min         max         spread 
        4  3/3      80.816 µs   77.440 µs   81.451 µs  4.964% 
        8  3/3     724.517 µs  714.860 µs  742.034 µs  3.751% 
       16  3/3       6.922 ms    6.919 ms    7.038 ms  1.717% 
       32  3/3      66.716 ms   66.545 ms   71.306 ms  7.136% 
       64  3/3     575.145 ms  570.972 ms  630.099 ms  10.280%

Hex.RowReduceBench.Field.rat32DeficientOption    expected complexity: n ^ 3    [warm cache]
  env: lean=4.34.0-rc2, os=linux, arch=x86_64, commit=9c14175-dirty, 2026-09-12T21:58:43Z, host=chungus2
  param  per-call    repeats  C
      4   81.063 µs  ×2^11    C=1460.958 [trial 1/3] †
      8  714.041 µs  ×2^8     C=1620.263 [trial 1/3]
     16    6.959 ms  ×2^4     C=1944.123 [trial 1/3]
     32   65.075 ms  ×2^1     C=1985.917 [trial 1/3]
     64  561.515 ms  ×2^0     C=2142.009 [trial 1/3]
      4   94.686 µs  ×2^11    C=1460.958 [trial 2/3] †
      8  829.574 µs  ×2^8     C=1620.263 [trial 2/3]
     16    7.963 ms  ×2^4     C=1944.123 [trial 2/3]
     32   75.999 ms  ×2^1     C=1985.917 [trial 2/3]
     64  675.246 ms  ×2^0     C=2142.009 [trial 2/3]
      4   93.501 µs  ×2^11    C=1460.958 [trial 3/3] †
      8  842.968 µs  ×2^7     C=1620.263 [trial 3/3]
     16    8.101 ms  ×2^4     C=1944.123 [trial 3/3]
     32   61.385 ms  ×2^1     C=1985.917 [trial 3/3]
     64  552.070 ms  ×2^0     C=2142.009 [trial 3/3]
  verdict: consistent with declared complexity (cMin=1620.263, cMax=2142.009, β=+0.124)
  per-spawn floor (harness self-measurement): 220.870 ms
  peak RSS: 62_976 kB..69_028 kB (across 15 ok row(s))
  trial summaries (3 trials per param; spread = (max-min)/median):
    param  trials  median      min         max         spread 
        4  3/3      93.501 µs   81.063 µs   94.686 µs  14.570%
        8  3/3     829.574 µs  714.041 µs  842.968 µs  15.541%
       16  3/3       7.963 ms    6.959 ms    8.101 ms  14.343%
       32  3/3      65.075 ms   61.385 ms   75.999 ms  22.457%
       64  3/3     561.515 ms  552.070 ms  675.246 ms  21.937%

Hex.RowReduceBench.Field.rat32DeficientInverse    expected complexity: n ^ 3    [warm cache]
  env: lean=4.34.0-rc2, os=linux, arch=x86_64, commit=9c14175-dirty, 2026-09-12T21:58:55Z, host=chungus2
  param  per-call    repeats  C
      4   52.098 µs  ×2^11    C= 982.767 [trial 1/3] †
      8  623.548 µs  ×2^8     C=1364.896 [trial 1/3]
     16    6.575 ms  ×2^5     C=1605.217 [trial 1/3]
     32   74.536 ms  ×2^1     C=2274.665 [trial 1/3]
     64  658.661 ms  ×2^0     C=2512.590 [trial 1/3]
      4   63.112 µs  ×2^11    C= 982.767 [trial 2/3] †
      8  709.437 µs  ×2^8     C=1364.896 [trial 2/3]
     16    7.431 ms  ×2^4     C=1605.217 [trial 2/3]
     32   74.976 ms  ×2^1     C=2274.665 [trial 2/3]
     64  672.017 ms  ×2^0     C=2512.590 [trial 2/3]
      4   62.897 µs  ×2^11    C= 982.767 [trial 3/3] †
      8  698.826 µs  ×2^8     C=1364.896 [trial 3/3]
     16    6.211 ms  ×2^4     C=1605.217 [trial 3/3]
     32   64.201 ms  ×2^1     C=2274.665 [trial 3/3]
     64  578.988 ms  ×2^0     C=2512.590 [trial 3/3]
  verdict: inconclusive (cMin=1364.896, cMax=2512.590, β=+0.314, looks slower than declared by ~n^0.314)
  per-spawn floor (harness self-measurement): 189.337 ms
  peak RSS: 64_084 kB..69_052 kB (across 15 ok row(s))
  trial summaries (3 trials per param; spread = (max-min)/median):
    param  trials  median      min         max         spread 
        4  3/3      62.897 µs   52.098 µs   63.112 µs  17.511%
        8  3/3     698.826 µs  623.548 µs  709.437 µs  12.291%
       16  3/3       6.575 ms    6.211 ms    7.431 ms  18.550%
       32  3/3      74.536 ms   64.201 ms   74.976 ms  14.457%
       64  3/3     658.661 ms  578.988 ms  672.017 ms  14.124%

Hex.RowReduceBench.Field.rat32HalfSolve    expected complexity: n ^ 3    [warm cache]
  env: lean=4.34.0-rc2, os=linux, arch=x86_64, commit=9c14175-dirty, 2026-09-12T21:59:07Z, host=chungus2
  param  per-call    repeats  C
      4   57.265 µs  ×2^11    C=918.248 [trial 1/3] †
      8  379.891 µs  ×2^9     C=741.976 [trial 1/3]
     16    2.729 ms  ×2^6     C=654.558 [trial 1/3]
     32   21.449 ms  ×2^3     C=654.584 [trial 1/3]
     64  186.367 ms  ×2^0     C=710.933 [trial 1/3]
      4   59.161 µs  ×2^11    C=918.248 [trial 2/3] †
      8  378.902 µs  ×2^9     C=741.976 [trial 2/3]
     16    2.681 ms  ×2^6     C=654.558 [trial 2/3]
     32   21.287 ms  ×2^3     C=654.584 [trial 2/3]
     64  181.883 ms  ×2^0     C=710.933 [trial 2/3]
      4   58.767 µs  ×2^11    C=918.248 [trial 3/3] †
      8  383.333 µs  ×2^9     C=741.976 [trial 3/3]
     16    2.572 ms  ×2^6     C=654.558 [trial 3/3]
     32   24.804 ms  ×2^3     C=654.584 [trial 3/3]
     64  211.354 ms  ×2^0     C=710.933 [trial 3/3]
  verdict: consistent with declared complexity (cMin=654.558, cMax=741.976, β=-0.018)
  per-spawn floor (harness self-measurement): 203.444 ms
  peak RSS: 68_136 kB..69_072 kB (across 15 ok row(s))
  trial summaries (3 trials per param; spread = (max-min)/median):
    param  trials  median      min         max         spread 
        4  3/3      58.767 µs   57.265 µs   59.161 µs  3.226% 
        8  3/3     379.891 µs  378.902 µs  383.333 µs  1.166% 
       16  3/3       2.681 ms    2.572 ms    2.729 ms  5.875% 
       32  3/3      21.449 ms   21.287 ms   24.804 ms  16.394%
       64  3/3     186.367 ms  181.883 ms  211.354 ms  15.813%

Hex.RowReduceBench.Field.rat32HalfOption    expected complexity: n ^ 3    [warm cache]
  env: lean=4.34.0-rc2, os=linux, arch=x86_64, commit=9c14175-dirty, 2026-09-12T21:59:14Z, host=chungus2
  param  per-call    repeats  C
      4   65.848 µs  ×2^11    C=914.047 [trial 1/3] †
      8  356.323 µs  ×2^9     C=727.744 [trial 1/3]
     16    2.589 ms  ×2^6     C=652.798 [trial 1/3]
     32   19.994 ms  ×2^3     C=640.428 [trial 1/3]
     64  186.965 ms  ×2^0     C=701.671 [trial 1/3]
      4   58.385 µs  ×2^11    C=914.047 [trial 2/3] †
      8  372.604 µs  ×2^9     C=727.744 [trial 2/3]
     16    2.674 ms  ×2^6     C=652.798 [trial 2/3]
     32   21.183 ms  ×2^3     C=640.428 [trial 2/3]
     64  176.542 ms  ×2^0     C=701.671 [trial 2/3]
      4   58.498 µs  ×2^11    C=914.047 [trial 3/3] †
      8  376.612 µs  ×2^9     C=727.744 [trial 3/3]
     16    2.692 ms  ×2^5     C=652.798 [trial 3/3]
     32   20.986 ms  ×2^3     C=640.428 [trial 3/3]
     64  183.939 ms  ×2^0     C=701.671 [trial 3/3]
  verdict: consistent with declared complexity (cMin=640.428, cMax=727.744, β=-0.019)
  per-spawn floor (harness self-measurement): 227.358 ms
  peak RSS: 68_148 kB..69_028 kB (across 15 ok row(s))
  trial summaries (3 trials per param; spread = (max-min)/median):
    param  trials  median      min         max         spread 
        4  3/3      58.498 µs   58.385 µs   65.848 µs  12.757%
        8  3/3     372.604 µs  356.323 µs  376.612 µs  5.445% 
       16  3/3       2.674 ms    2.589 ms    2.692 ms  3.844% 
       32  3/3      20.986 ms   19.994 ms   21.183 ms  5.665% 
       64  3/3     183.939 ms  176.542 ms  186.965 ms  5.666% 

Hex.RowReduceBench.Field.rat32HalfInverse    expected complexity: n ^ 3    [warm cache]
  env: lean=4.34.0-rc2, os=linux, arch=x86_64, commit=9c14175-dirty, 2026-09-12T21:59:21Z, host=chungus2
  param  per-call    repeats  C
      4   35.616 µs  ×2^12    C=572.596 [trial 1/3] †
      8  288.536 µs  ×2^9     C=586.525 [trial 1/3]
     16    2.357 ms  ×2^6     C=597.514 [trial 1/3]
     32   20.839 ms  ×2^3     C=622.633 [trial 1/3]
     64  188.220 ms  ×2^0     C=696.674 [trial 1/3]
      4   36.646 µs  ×2^12    C=572.596 [trial 2/3] †
      8  300.300 µs  ×2^9     C=586.525 [trial 2/3]
     16    2.484 ms  ×2^6     C=597.514 [trial 2/3]
     32   20.402 ms  ×2^3     C=622.633 [trial 2/3]
     64  182.629 ms  ×2^0     C=696.674 [trial 2/3]
      4   37.292 µs  ×2^12    C=572.596 [trial 3/3] †
      8  308.530 µs  ×2^9     C=586.525 [trial 3/3]
     16    2.447 ms  ×2^6     C=597.514 [trial 3/3]
     32   18.895 ms  ×2^3     C=622.633 [trial 3/3]
     64  175.676 ms  ×2^0     C=696.674 [trial 3/3]
  verdict: consistent with declared complexity (cMin=586.525, cMax=696.674, β=+0.080)
  per-spawn floor (harness self-measurement): 294.088 ms
  peak RSS: 63_632 kB..69_076 kB (across 15 ok row(s))
  trial summaries (3 trials per param; spread = (max-min)/median):
    param  trials  median      min         max         spread
        4  3/3      36.646 µs   35.616 µs   37.292 µs  4.574%
        8  3/3     300.300 µs  288.536 µs  308.530 µs  6.658%
       16  3/3       2.447 ms    2.357 ms    2.484 ms  5.171%
       32  3/3      20.402 ms   18.895 ms   20.839 ms  9.533%
       64  3/3     182.629 ms  175.676 ms  188.220 ms  6.869%

Hex.RowReduceBench.Field.rat32DeficientErrorSolve    expected complexity: n ^ 3    [warm cache]
  env: lean=4.34.0-rc2, os=linux, arch=x86_64, commit=9c14175-dirty, 2026-09-12T21:59:29Z, host=chungus2
  param  per-call    repeats  C
      4   74.804 µs  ×2^11    C=1128.289 [trial 1/3] †
      8  714.129 µs  ×2^8     C=1349.828 [trial 1/3]
     16    6.902 ms  ×2^4     C=1685.073 [trial 1/3]
     32   60.634 ms  ×2^1     C=1982.989 [trial 1/3]
     64  587.491 ms  ×2^0     C=2197.146 [trial 1/3]
      4   72.096 µs  ×2^11    C=1128.289 [trial 2/3] †
      8  680.208 µs  ×2^8     C=1349.828 [trial 2/3]
     16    6.901 ms  ×2^4     C=1685.073 [trial 2/3]
     32   64.979 ms  ×2^1     C=1982.989 [trial 2/3]
     64  575.723 ms  ×2^0     C=2197.146 [trial 2/3]
      4   72.210 µs  ×2^11    C=1128.289 [trial 3/3] †
      8  691.111 µs  ×2^8     C=1349.828 [trial 3/3]
     16    6.986 ms  ×2^5     C=1685.073 [trial 3/3]
     32   66.728 ms  ×2^1     C=1982.989 [trial 3/3]
     64  575.969 ms  ×2^0     C=2197.146 [trial 3/3]
  verdict: inconclusive (cMin=1349.828, cMax=2197.146, β=+0.234, looks slower than declared by ~n^0.234)
  per-spawn floor (harness self-measurement): 222.616 ms
  peak RSS: 68_208 kB..69_068 kB (across 15 ok row(s))
  trial summaries (3 trials per param; spread = (max-min)/median):
    param  trials  median      min         max         spread
        4  3/3      72.210 µs   72.096 µs   74.804 µs  3.750%
        8  3/3     691.111 µs  680.208 µs  714.129 µs  4.908%
       16  3/3       6.902 ms    6.901 ms    6.986 ms  1.231%
       32  3/3      64.979 ms   60.634 ms   66.728 ms  9.378%
       64  3/3     575.969 ms  575.723 ms  587.491 ms  2.043%

Hex.RowReduceBench.Field.rat32DeficientErrorOption    expected complexity: n ^ 3    [warm cache]
  env: lean=4.34.0-rc2, os=linux, arch=x86_64, commit=9c14175-dirty, 2026-09-12T21:59:40Z, host=chungus2
  param  per-call    repeats  C
      4   72.655 µs  ×2^11    C=1127.089 [trial 1/3] †
      8  687.665 µs  ×2^8     C=1343.097 [trial 1/3]
     16    6.420 ms  ×2^4     C=1607.312 [trial 1/3]
     32   66.669 ms  ×2^1     C=1981.708 [trial 1/3]
     64  570.365 ms  ×2^0     C=2175.769 [trial 1/3]
      4   72.133 µs  ×2^11    C=1127.089 [trial 2/3] †
      8  654.649 µs  ×2^8     C=1343.097 [trial 2/3]
     16    6.785 ms  ×2^5     C=1607.312 [trial 2/3]
     32   64.937 ms  ×2^1     C=1981.708 [trial 2/3]
     64  602.767 ms  ×2^0     C=2175.769 [trial 2/3]
      4   71.877 µs  ×2^11    C=1127.089 [trial 3/3] †
      8  703.165 µs  ×2^8     C=1343.097 [trial 3/3]
     16    6.584 ms  ×2^5     C=1607.312 [trial 3/3]
     32   64.141 ms  ×2^1     C=1981.708 [trial 3/3]
     64  564.915 ms  ×2^0     C=2175.769 [trial 3/3]
  verdict: inconclusive (cMin=1343.097, cMax=2175.769, β=+0.239, looks slower than declared by ~n^0.239)
  per-spawn floor (harness self-measurement): 197.931 ms
  peak RSS: 62_936 kB..69_024 kB (across 15 ok row(s))
  trial summaries (3 trials per param; spread = (max-min)/median):
    param  trials  median      min         max         spread
        4  3/3      72.133 µs   71.877 µs   72.655 µs  1.079%
        8  3/3     687.665 µs  654.649 µs  703.165 µs  7.055%
       16  3/3       6.584 ms    6.420 ms    6.785 ms  5.541%
       32  3/3      64.937 ms   64.141 ms   66.669 ms  3.893%
       64  3/3     570.365 ms  564.915 ms  602.767 ms  6.636%

Hex.RowReduceBench.Field.rat32HalfErrorSolve    expected complexity: n ^ 3    [warm cache]
  env: lean=4.34.0-rc2, os=linux, arch=x86_64, commit=9c14175-dirty, 2026-09-12T21:59:51Z, host=chungus2
  param  per-call    repeats  C
      4   49.476 µs  ×2^12    C=773.065 [trial 1/3] †
      8  326.991 µs  ×2^9     C=660.123 [trial 1/3]
     16    2.456 ms  ×2^6     C=614.610 [trial 1/3]
     32   20.133 ms  ×2^3     C=628.174 [trial 1/3]
     64  184.607 ms  ×2^0     C=688.774 [trial 1/3]
      4   50.503 µs  ×2^12    C=773.065 [trial 2/3] †
      8  346.420 µs  ×2^9     C=660.123 [trial 2/3]
     16    2.522 ms  ×2^6     C=614.610 [trial 2/3]
     32   22.121 ms  ×2^3     C=628.174 [trial 2/3]
     64  180.558 ms  ×2^0     C=688.774 [trial 2/3]
      4   49.245 µs  ×2^12    C=773.065 [trial 3/3] †
      8  337.983 µs  ×2^9     C=660.123 [trial 3/3]
     16    2.517 ms  ×2^6     C=614.610 [trial 3/3]
     32   20.584 ms  ×2^3     C=628.174 [trial 3/3]
     64  176.721 ms  ×2^0     C=688.774 [trial 3/3]
  verdict: consistent with declared complexity (cMin=614.610, cMax=688.774, β=+0.022)
  per-spawn floor (harness self-measurement): 210.500 ms
  peak RSS: 65_348 kB..69_028 kB (across 15 ok row(s))
  trial summaries (3 trials per param; spread = (max-min)/median):
    param  trials  median      min         max         spread
        4  3/3      49.476 µs   49.245 µs   50.503 µs  2.542%
        8  3/3     337.983 µs  326.991 µs  346.420 µs  5.748%
       16  3/3       2.517 ms    2.456 ms    2.522 ms  2.600%
       32  3/3      20.584 ms   20.133 ms   22.121 ms  9.660%
       64  3/3     180.558 ms  176.721 ms  184.607 ms  4.368%

Hex.RowReduceBench.Field.rat32HalfErrorOption    expected complexity: n ^ 3    [warm cache]
  env: lean=4.34.0-rc2, os=linux, arch=x86_64, commit=9c14175-dirty, 2026-09-12T21:59:58Z, host=chungus2
  param  per-call    repeats  C
      4   50.571 µs  ×2^12    C=790.173 [trial 1/3] †
      8  395.421 µs  ×2^9     C=766.202 [trial 1/3]
     16    2.898 ms  ×2^6     C=617.267 [trial 1/3]
     32   24.237 ms  ×2^3     C=639.778 [trial 1/3]
     64  211.323 ms  ×2^0     C=676.914 [trial 1/3]
      4   57.601 µs  ×2^11    C=790.173 [trial 2/3] †
      8  392.295 µs  ×2^9     C=766.202 [trial 2/3]
     16    2.528 ms  ×2^6     C=617.267 [trial 2/3]
     32   20.964 ms  ×2^3     C=639.778 [trial 2/3]
     64  177.449 ms  ×2^0     C=676.914 [trial 2/3]
      4   48.613 µs  ×2^12    C=790.173 [trial 3/3] †
      8  336.553 µs  ×2^9     C=766.202 [trial 3/3]
     16    2.521 ms  ×2^6     C=617.267 [trial 3/3]
     32   20.643 ms  ×2^3     C=639.778 [trial 3/3]
     64  170.189 ms  ×2^0     C=676.914 [trial 3/3]
  verdict: consistent with declared complexity (cMin=617.267, cMax=766.202, β=-0.048)
  per-spawn floor (harness self-measurement): 201.649 ms
  peak RSS: 65_220 kB..68_944 kB (across 15 ok row(s))
  trial summaries (3 trials per param; spread = (max-min)/median):
    param  trials  median      min         max         spread 
        4  3/3      50.571 µs   48.613 µs   57.601 µs  17.773%
        8  3/3     392.295 µs  336.553 µs  395.421 µs  15.006%
       16  3/3       2.528 ms    2.521 ms    2.898 ms  14.930%
       32  3/3      20.964 ms   20.643 ms   24.237 ms  17.143%
       64  3/3     177.449 ms  170.189 ms  211.323 ms  23.181%

Hex.RowReduceBench.Field.rat32TallSolve    expected complexity: n ^ 3    [warm cache]
  env: lean=4.34.0-rc2, os=linux, arch=x86_64, commit=9c14175-dirty, 2026-09-12T22:00:06Z, host=chungus2
  param  per-call    repeats  C
      4  280.050 µs  ×2^9     C=4375.784 [trial 1/3] †
      8    1.987 ms  ×2^6     C=3869.923 [trial 1/3]
     16   15.511 ms  ×2^3     C=3786.760 [trial 1/3]
     32  133.331 ms  ×2^0     C=4068.926 [trial 1/3]
     64    1.163 s   ×2^0     C=4378.450 [trial 1/3]
      4  280.095 µs  ×2^9     C=4375.784 [trial 2/3] †
      8    1.931 ms  ×2^6     C=3869.923 [trial 2/3]
     16   15.344 ms  ×2^3     C=3786.760 [trial 2/3]
     32  122.973 ms  ×2^0     C=4068.926 [trial 2/3]
     64    1.122 s   ×2^0     C=4378.450 [trial 2/3]
      4  277.991 µs  ×2^9     C=4375.784 [trial 3/3] †
      8    1.981 ms  ×2^6     C=3869.923 [trial 3/3]
     16   16.014 ms  ×2^3     C=3786.760 [trial 3/3]
     32  133.524 ms  ×2^0     C=4068.926 [trial 3/3]
     64    1.148 s   ×2^0     C=4378.450 [trial 3/3]
  verdict: consistent with declared complexity (cMin=3786.760, cMax=4378.450, β=+0.064)
  per-spawn floor (harness self-measurement): 202.136 ms
  peak RSS: 62_676 kB..70_596 kB (across 15 ok row(s))
  trial summaries (3 trials per param; spread = (max-min)/median):
    param  trials  median      min         max         spread
        4  3/3     280.050 µs  277.991 µs  280.095 µs  0.751%
        8  3/3       1.981 ms    1.931 ms    1.987 ms  2.804%
       16  3/3      15.511 ms   15.344 ms   16.014 ms  4.315%
       32  3/3     133.331 ms  122.973 ms  133.524 ms  7.913%
       64  3/3       1.148 s     1.122 s     1.163 s   3.632%

Hex.RowReduceBench.Field.rat32TallOption    expected complexity: n ^ 3    [warm cache]
  env: lean=4.34.0-rc2, os=linux, arch=x86_64, commit=9c14175-dirty, 2026-09-12T22:00:22Z, host=chungus2
  param  per-call    repeats  C
      4  282.867 µs  ×2^9     C=4419.812 [trial 1/3] †
      8    1.958 ms  ×2^6     C=3823.749 [trial 1/3]
     16   15.360 ms  ×2^3     C=3749.880 [trial 1/3]
     32  130.500 ms  ×2^0     C=4093.491 [trial 1/3]
     64    1.091 s   ×2^0     C=4364.974 [trial 1/3]
      4  279.808 µs  ×2^9     C=4419.812 [trial 2/3] †
      8    1.859 ms  ×2^6     C=3823.749 [trial 2/3]
     16   15.351 ms  ×2^3     C=3749.880 [trial 2/3]
     32  134.136 ms  ×2^0     C=4093.491 [trial 2/3]
     64    1.144 s   ×2^0     C=4364.974 [trial 2/3]
      4  293.204 µs  ×2^9     C=4419.812 [trial 3/3] †
      8    2.029 ms  ×2^6     C=3823.749 [trial 3/3]
     16   16.079 ms  ×2^3     C=3749.880 [trial 3/3]
     32  136.021 ms  ×2^0     C=4093.491 [trial 3/3]
     64    1.156 s   ×2^0     C=4364.974 [trial 3/3]
  verdict: consistent with declared complexity (cMin=3749.880, cMax=4364.974, β=+0.070)
  per-spawn floor (harness self-measurement): 199.629 ms
  peak RSS: 68_096 kB..70_992 kB (across 15 ok row(s))
  trial summaries (3 trials per param; spread = (max-min)/median):
    param  trials  median      min         max         spread
        4  3/3     282.867 µs  279.808 µs  293.204 µs  4.736%
        8  3/3       1.958 ms    1.859 ms    2.029 ms  8.682%
       16  3/3      15.360 ms   15.351 ms   16.079 ms  4.741%
       32  3/3     134.136 ms  130.500 ms  136.021 ms  4.116%
       64  3/3       1.144 s     1.091 s     1.156 s   5.618%

Hex.RowReduceBench.Field.rat32WideSolve    expected complexity: n ^ 3    [warm cache]
  env: lean=4.34.0-rc2, os=linux, arch=x86_64, commit=9c14175-dirty, 2026-09-12T22:00:38Z, host=chungus2
  param  per-call    repeats  C
      4  188.574 µs  ×2^10    C=2946.473 [trial 1/3] †
      8    1.466 ms  ×2^7     C=2825.173 [trial 1/3]
     16   12.293 ms  ×2^4     C=2912.488 [trial 1/3]
     32  108.486 ms  ×2^0     C=3184.778 [trial 1/3]
     64  923.665 ms  ×2^0     C=3469.354 [trial 1/3]
      4  191.057 µs  ×2^10    C=2946.473 [trial 2/3] †
      8    1.446 ms  ×2^7     C=2825.173 [trial 2/3]
     16   11.799 ms  ×2^4     C=2912.488 [trial 2/3]
     32  104.359 ms  ×2^0     C=3184.778 [trial 2/3]
     64  883.587 ms  ×2^0     C=3469.354 [trial 2/3]
      4  184.120 µs  ×2^10    C=2946.473 [trial 3/3] †
      8    1.420 ms  ×2^7     C=2825.173 [trial 3/3]
     16   11.930 ms  ×2^4     C=2912.488 [trial 3/3]
     32  104.248 ms  ×2^0     C=3184.778 [trial 3/3]
     64  909.470 ms  ×2^0     C=3469.354 [trial 3/3]
  verdict: consistent with declared complexity (cMin=2825.173, cMax=3469.354, β=+0.102)
  per-spawn floor (harness self-measurement): 208.937 ms
  peak RSS: 68_128 kB..70_604 kB (across 15 ok row(s))
  trial summaries (3 trials per param; spread = (max-min)/median):
    param  trials  median      min         max         spread
        4  3/3     188.574 µs  184.120 µs  191.057 µs  3.679%
        8  3/3       1.446 ms    1.420 ms    1.466 ms  3.176%
       16  3/3      11.930 ms   11.799 ms   12.293 ms  4.140%
       32  3/3     104.359 ms  104.248 ms  108.486 ms  4.061%
       64  3/3     909.470 ms  883.587 ms  923.665 ms  4.407%

Hex.RowReduceBench.Field.rat32WideOption    expected complexity: n ^ 3    [warm cache]
  env: lean=4.34.0-rc2, os=linux, arch=x86_64, commit=9c14175-dirty, 2026-09-12T22:00:52Z, host=chungus2
  param  per-call    repeats  C
      4  185.725 µs  ×2^10    C=2856.651 [trial 1/3] †
      8    1.410 ms  ×2^7     C=2755.898 [trial 1/3]
     16   11.790 ms  ×2^4     C=2893.313 [trial 1/3]
     32  104.496 ms  ×2^0     C=3188.971 [trial 1/3]
     64  870.016 ms  ×2^0     C=3324.399 [trial 1/3]
      4  182.707 µs  ×2^10    C=2856.651 [trial 2/3] †
      8    1.411 ms  ×2^7     C=2755.898 [trial 2/3]
     16   11.851 ms  ×2^4     C=2893.313 [trial 2/3]
     32  104.654 ms  ×2^0     C=3188.971 [trial 2/3]
     64  883.444 ms  ×2^0     C=3324.399 [trial 2/3]
      4  182.825 µs  ×2^10    C=2856.651 [trial 3/3] †
      8    1.414 ms  ×2^7     C=2755.898 [trial 3/3]
     16   11.874 ms  ×2^4     C=2893.313 [trial 3/3]
     32  103.410 ms  ×2^0     C=3188.971 [trial 3/3]
     64  871.471 ms  ×2^0     C=3324.399 [trial 3/3]
  verdict: consistent with declared complexity (cMin=2755.898, cMax=3324.399, β=+0.095)
  per-spawn floor (harness self-measurement): 201.328 ms
  peak RSS: 68_176 kB..70_984 kB (across 15 ok row(s))
  trial summaries (3 trials per param; spread = (max-min)/median):
    param  trials  median      min         max         spread
        4  3/3     182.825 µs  182.707 µs  185.725 µs  1.651%
        8  3/3       1.411 ms    1.410 ms    1.414 ms  0.246%
       16  3/3      11.851 ms   11.790 ms   11.874 ms  0.706%
       32  3/3     104.496 ms  103.410 ms  104.654 ms  1.190%
       64  3/3     871.471 ms  870.016 ms  883.444 ms  1.541%

Hex.RowReduceBench.Field.rat128FullSolve    expected complexity: n ^ 3    [warm cache]
  env: lean=4.34.0-rc2, os=linux, arch=x86_64, commit=9c14175-dirty, 2026-09-12T22:01:06Z, host=chungus2
  param  per-call    repeats  C
      4  252.386 µs  ×2^9     C=4055.608 [trial 1/3] †
      8    2.024 ms  ×2^6     C=3952.610 [trial 1/3]
     16   15.950 ms  ×2^3     C=3893.984 [trial 1/3]
     32  117.699 ms  ×2^0     C=3852.018 [trial 1/3]
     64    1.062 s   ×2^0     C=3951.751 [trial 1/3]
      4  267.640 µs  ×2^9     C=4055.608 [trial 2/3] †
      8    2.088 ms  ×2^6     C=3952.610 [trial 2/3]
     16   16.241 ms  ×2^3     C=3893.984 [trial 2/3]
     32  139.714 ms  ×2^0     C=3852.018 [trial 2/3]
     64    1.036 s   ×2^0     C=3951.751 [trial 2/3]
      4  259.558 µs  ×2^9     C=4055.608 [trial 3/3] †
      8    2.022 ms  ×2^6     C=3952.610 [trial 3/3]
     16   15.813 ms  ×2^3     C=3893.984 [trial 3/3]
     32  126.223 ms  ×2^0     C=3852.018 [trial 3/3]
     64    1.026 s   ×2^0     C=3951.751 [trial 3/3]
  verdict: consistent with declared complexity (cMin=3852.018, cMax=3952.610, β=-0.002)
  per-spawn floor (harness self-measurement): 195.069 ms
  peak RSS: 64_976 kB..69_504 kB (across 15 ok row(s))
  trial summaries (3 trials per param; spread = (max-min)/median):
    param  trials  median      min         max         spread 
        4  3/3     259.558 µs  252.386 µs  267.640 µs  5.877% 
        8  3/3       2.024 ms    2.022 ms    2.088 ms  3.282% 
       16  3/3      15.950 ms   15.813 ms   16.241 ms  2.678% 
       32  3/3     126.223 ms  117.699 ms  139.714 ms  17.442%
       64  3/3       1.036 s     1.026 s     1.062 s   3.432% 

Hex.RowReduceBench.Field.rat128FullOption    expected complexity: n ^ 3    [warm cache]
  env: lean=4.34.0-rc2, os=linux, arch=x86_64, commit=9c14175-dirty, 2026-09-12T22:01:21Z, host=chungus2
  param  per-call    repeats  C
      4  264.224 µs  ×2^9     C=4128.505 [trial 1/3] †
      8    2.015 ms  ×2^6     C=3934.575 [trial 1/3]
     16   15.761 ms  ×2^3     C=3848.012 [trial 1/3]
     32  126.292 ms  ×2^0     C=3854.127 [trial 1/3]
     64    1.073 s   ×2^0     C=4091.429 [trial 1/3]
      4  265.489 µs  ×2^9     C=4128.505 [trial 2/3] †
      8    2.030 ms  ×2^6     C=3934.575 [trial 2/3]
     16   14.605 ms  ×2^3     C=3848.012 [trial 2/3]
     32  121.130 ms  ×2^0     C=3854.127 [trial 2/3]
     64    1.092 s   ×2^0     C=4091.429 [trial 2/3]
      4  256.114 µs  ×2^9     C=4128.505 [trial 3/3] †
      8    2.000 ms  ×2^6     C=3934.575 [trial 3/3]
     16   15.785 ms  ×2^3     C=3848.012 [trial 3/3]
     32  127.754 ms  ×2^0     C=3854.127 [trial 3/3]
     64  993.818 ms  ×2^0     C=4091.429 [trial 3/3]
  verdict: consistent with declared complexity (cMin=3848.012, cMax=4091.429, β=+0.017)
  per-spawn floor (harness self-measurement): 202.125 ms
  peak RSS: 64_828 kB..69_696 kB (across 15 ok row(s))
  trial summaries (3 trials per param; spread = (max-min)/median):
    param  trials  median      min         max         spread
        4  3/3     264.224 µs  256.114 µs  265.489 µs  3.548%
        8  3/3       2.015 ms    2.000 ms    2.030 ms  1.471%
       16  3/3      15.761 ms   14.605 ms   15.785 ms  7.486%
       32  3/3     126.292 ms  121.130 ms  127.754 ms  5.244%
       64  3/3       1.073 s   993.818 ms    1.092 s   9.188%

Hex.RowReduceBench.Field.rat128FullInverse    expected complexity: n ^ 3    [warm cache]
  env: lean=4.34.0-rc2, os=linux, arch=x86_64, commit=9c14175-dirty, 2026-09-12T22:01:37Z, host=chungus2
  param  per-call    repeats  C
      4  221.016 µs  ×2^9     C=3332.273 [trial 1/3] †
      8    1.815 ms  ×2^6     C=3537.475 [trial 1/3]
     16   15.012 ms  ×2^3     C=3664.954 [trial 1/3]
     32  123.417 ms  ×2^0     C=3719.653 [trial 1/3]
     64  998.631 ms  ×2^0     C=3946.973 [trial 1/3]
      4  213.265 µs  ×2^10    C=3332.273 [trial 2/3] †
      8    1.811 ms  ×2^6     C=3537.475 [trial 2/3]
     16   15.022 ms  ×2^3     C=3664.954 [trial 2/3]
     32  121.886 ms  ×2^0     C=3719.653 [trial 2/3]
     64    1.176 s   ×2^0     C=3946.973 [trial 2/3]
      4  211.736 µs  ×2^10    C=3332.273 [trial 3/3] †
      8    1.796 ms  ×2^7     C=3537.475 [trial 3/3]
     16   15.002 ms  ×2^3     C=3664.954 [trial 3/3]
     32  111.416 ms  ×2^0     C=3719.653 [trial 3/3]
     64    1.035 s   ×2^0     C=3946.973 [trial 3/3]
  verdict: consistent with declared complexity (cMin=3537.475, cMax=3946.973, β=+0.050)
  per-spawn floor (harness self-measurement): 246.604 ms
  peak RSS: 62_760 kB..69_588 kB (across 15 ok row(s))
  trial summaries (3 trials per param; spread = (max-min)/median):
    param  trials  median      min         max         spread 
        4  3/3     213.265 µs  211.736 µs  221.016 µs  4.351% 
        8  3/3       1.811 ms    1.796 ms    1.815 ms  1.010% 
       16  3/3      15.012 ms   15.002 ms   15.022 ms  0.136% 
       32  3/3     121.886 ms  111.416 ms  123.417 ms  9.847% 
       64  3/3       1.035 s   998.631 ms    1.176 s   17.156%

Hex.RowReduceBench.Field.rat128DeficientSolve    expected complexity: n ^ 3    [warm cache]
  env: lean=4.34.0-rc2, os=linux, arch=x86_64, commit=9c14175-dirty, 2026-09-12T22:01:53Z, host=chungus2
  param  per-call    repeats  C
      4  145.293 µs  ×2^10    C=2565.885 [trial 1/3] †
      8    1.688 ms  ×2^6     C=3296.633 [trial 1/3]
     16   15.400 ms  ×2^3     C=3772.415 [trial 1/3]
     32  133.484 ms  ×2^0     C=4060.067 [trial 1/3]
     64    1.170 s   ×2^0     C=4316.526 [trial 1/3]
      4  164.652 µs  ×2^10    C=2565.885 [trial 2/3] †
      8    1.702 ms  ×2^6     C=3296.633 [trial 2/3]
     16   15.482 ms  ×2^3     C=3772.415 [trial 2/3]
     32  132.988 ms  ×2^0     C=4060.067 [trial 2/3]
     64    1.132 s   ×2^0     C=4316.526 [trial 2/3]
      4  164.216 µs  ×2^10    C=2565.885 [trial 3/3] †
      8    1.683 ms  ×2^6     C=3296.633 [trial 3/3]
     16   15.452 ms  ×2^3     C=3772.415 [trial 3/3]
     32  133.040 ms  ×2^0     C=4060.067 [trial 3/3]
     64    1.129 s   ×2^0     C=4316.526 [trial 3/3]
  verdict: consistent with declared complexity (cMin=3296.633, cMax=4316.526, β=+0.127)
  per-spawn floor (harness self-measurement): 206.430 ms
  peak RSS: 68_192 kB..69_616 kB (across 15 ok row(s))
  trial summaries (3 trials per param; spread = (max-min)/median):
    param  trials  median      min         max         spread 
        4  3/3     164.216 µs  145.293 µs  164.652 µs  11.788%
        8  3/3       1.688 ms    1.683 ms    1.702 ms  1.146% 
       16  3/3      15.452 ms   15.400 ms   15.482 ms  0.531% 
       32  3/3     133.040 ms  132.988 ms  133.484 ms  0.374% 
       64  3/3       1.132 s     1.129 s     1.170 s   3.546% 

Hex.RowReduceBench.Field.rat128DeficientOption    expected complexity: n ^ 3    [warm cache]
  env: lean=4.34.0-rc2, os=linux, arch=x86_64, commit=9c14175-dirty, 2026-09-12T22:02:10Z, host=chungus2
  param  per-call    repeats  C
      4  164.929 µs  ×2^10    C=2286.513 [trial 1/3] †
      8    1.704 ms  ×2^6     C=2945.955 [trial 1/3]
     16   15.531 ms  ×2^3     C=3365.390 [trial 1/3]
     32  134.517 ms  ×2^0     C=3617.043 [trial 1/3]
     64    1.043 s   ×2^0     C=3977.960 [trial 1/3]
      4  143.958 µs  ×2^10    C=2286.513 [trial 2/3] †
      8    1.508 ms  ×2^7     C=2945.955 [trial 2/3]
     16   13.647 ms  ×2^4     C=3365.390 [trial 2/3]
     32  118.523 ms  ×2^0     C=3617.043 [trial 2/3]
     64  993.193 ms  ×2^0     C=3977.960 [trial 2/3]
      4  146.336 µs  ×2^10    C=2286.513 [trial 3/3] †
      8    1.484 ms  ×2^7     C=2945.955 [trial 3/3]
     16   13.785 ms  ×2^4     C=3365.390 [trial 3/3]
     32  116.435 ms  ×2^0     C=3617.043 [trial 3/3]
     64    1.127 s   ×2^0     C=3977.960 [trial 3/3]
  verdict: consistent with declared complexity (cMin=2945.955, cMax=3977.960, β=+0.140)
  per-spawn floor (harness self-measurement): 232.011 ms
  peak RSS: 68_248 kB..69_680 kB (across 15 ok row(s))
  trial summaries (3 trials per param; spread = (max-min)/median):
    param  trials  median      min         max         spread 
        4  3/3     146.336 µs  143.958 µs  164.929 µs  14.331%
        8  3/3       1.508 ms    1.484 ms    1.704 ms  14.554%
       16  3/3      13.785 ms   13.647 ms   15.531 ms  13.674%
       32  3/3     118.523 ms  116.435 ms  134.517 ms  15.256%
       64  3/3       1.043 s   993.193 ms    1.127 s   12.849%

Hex.RowReduceBench.Field.rat128DeficientInverse    expected complexity: n ^ 3    [warm cache]
  env: lean=4.34.0-rc2, os=linux, arch=x86_64, commit=9c14175-dirty, 2026-09-12T22:02:26Z, host=chungus2
  param  per-call    repeats  C
      4  120.048 µs  ×2^10    C=1744.317 [trial 1/3] †
      8    1.471 ms  ×2^7     C=2611.343 [trial 1/3]
     16   14.330 ms  ×2^3     C=3264.788 [trial 1/3]
     32  110.900 ms  ×2^0     C=3540.259 [trial 1/3]
     64  679.115 ms  ×2^0     C=3766.819 [trial 1/3]
      4  111.636 µs  ×2^10    C=1744.317 [trial 2/3] †
      8    1.337 ms  ×2^7     C=2611.343 [trial 2/3]
     16   13.373 ms  ×2^4     C=3264.788 [trial 2/3]
     32  116.711 ms  ×2^0     C=3540.259 [trial 2/3]
     64  999.477 ms  ×2^0     C=3766.819 [trial 2/3]
      4  111.001 µs  ×2^10    C=1744.317 [trial 3/3] †
      8    1.334 ms  ×2^7     C=2611.343 [trial 3/3]
     16   13.017 ms  ×2^4     C=3264.788 [trial 3/3]
     32  116.007 ms  ×2^0     C=3540.259 [trial 3/3]
     64  987.449 ms  ×2^0     C=3766.819 [trial 3/3]
  verdict: inconclusive (cMin=2611.343, cMax=3766.819, β=+0.170, looks slower than declared by ~n^0.170)
  per-spawn floor (harness self-measurement): 231.825 ms
  peak RSS: 68_200 kB..69_664 kB (across 15 ok row(s))
  trial summaries (3 trials per param; spread = (max-min)/median):
    param  trials  median      min         max         spread 
        4  3/3     111.636 µs  111.001 µs  120.048 µs  8.103% 
        8  3/3       1.337 ms    1.334 ms    1.471 ms  10.255%
       16  3/3      13.373 ms   13.017 ms   14.330 ms  9.818% 
       32  3/3     116.007 ms  110.900 ms  116.711 ms  5.009% 
       64  3/3     987.449 ms  679.115 ms  999.477 ms  32.443%

Hex.RowReduceBench.Field.rat128HalfSolve    expected complexity: n ^ 3    [warm cache]
  env: lean=4.34.0-rc2, os=linux, arch=x86_64, commit=9c14175-dirty, 2026-09-12T22:02:40Z, host=chungus2
  param  per-call    repeats  C
      4  103.942 µs  ×2^10    C=1612.224 [trial 1/3] †
      8  722.133 µs  ×2^8     C=1410.418 [trial 1/3]
     16    5.483 ms  ×2^5     C=1325.331 [trial 1/3]
     32   42.210 ms  ×2^2     C=1299.559 [trial 1/3]
     64  338.369 ms  ×2^0     C=1279.459 [trial 1/3]
      4  103.182 µs  ×2^11    C=1612.224 [trial 2/3] †
      8  724.546 µs  ×2^8     C=1410.418 [trial 2/3]
     16    5.429 ms  ×2^5     C=1325.331 [trial 2/3]
     32   42.616 ms  ×2^2     C=1299.559 [trial 2/3]
     64  335.403 ms  ×2^0     C=1279.459 [trial 2/3]
      4  102.841 µs  ×2^11    C=1612.224 [trial 3/3] †
      8  719.615 µs  ×2^8     C=1410.418 [trial 3/3]
     16    5.410 ms  ×2^5     C=1325.331 [trial 3/3]
     32   42.584 ms  ×2^2     C=1299.559 [trial 3/3]
     64  201.718 ms  ×2^0     C=1279.459 [trial 3/3]
  verdict: consistent with declared complexity (cMin=1279.459, cMax=1410.418, β=-0.045)
  per-spawn floor (harness self-measurement): 205.014 ms
  peak RSS: 68_184 kB..71_456 kB (across 15 ok row(s))
  trial summaries (3 trials per param; spread = (max-min)/median):
    param  trials  median      min         max         spread 
        4  3/3     103.182 µs  102.841 µs  103.942 µs  1.067% 
        8  3/3     722.133 µs  719.615 µs  724.546 µs  0.683% 
       16  3/3       5.429 ms    5.410 ms    5.483 ms  1.337% 
       32  3/3      42.584 ms   42.210 ms   42.616 ms  0.953% 
       64  3/3     335.403 ms  201.718 ms  338.369 ms  40.743%

Hex.RowReduceBench.Field.rat128HalfOption    expected complexity: n ^ 3    [warm cache]
  env: lean=4.34.0-rc2, os=linux, arch=x86_64, commit=9c14175-dirty, 2026-09-12T22:02:48Z, host=chungus2
  param  per-call    repeats  C
      4   62.234 µs  ×2^11    C=972.418 [trial 1/3] †
      8  441.779 µs  ×2^8     C=866.929 [trial 1/3]
     16    3.312 ms  ×2^6     C=808.620 [trial 1/3]
     32   25.954 ms  ×2^3     C=783.142 [trial 1/3]
     64  204.099 ms  ×2^0     C=778.574 [trial 1/3]
      4   66.123 µs  ×2^11    C=972.418 [trial 2/3] †
      8  443.867 µs  ×2^8     C=866.929 [trial 2/3]
     16    3.305 ms  ×2^6     C=808.620 [trial 2/3]
     32   25.662 ms  ×2^3     C=783.142 [trial 2/3]
     64  202.467 ms  ×2^0     C=778.574 [trial 2/3]
      4   60.884 µs  ×2^11    C=972.418 [trial 3/3] †
      8  474.068 µs  ×2^8     C=866.929 [trial 3/3]
     16    3.323 ms  ×2^6     C=808.620 [trial 3/3]
     32   25.499 ms  ×2^3     C=783.142 [trial 3/3]
     64  204.242 ms  ×2^0     C=778.574 [trial 3/3]
  verdict: consistent with declared complexity (cMin=778.574, cMax=866.929, β=-0.051)
  per-spawn floor (harness self-measurement): 124.138 ms
  peak RSS: 68_284 kB..71_632 kB (across 15 ok row(s))
  trial summaries (3 trials per param; spread = (max-min)/median):
    param  trials  median      min         max         spread
        4  3/3      62.234 µs   60.884 µs   66.123 µs  8.419%
        8  3/3     443.867 µs  441.779 µs  474.068 µs  7.274%
       16  3/3       3.312 ms    3.305 ms    3.323 ms  0.546%
       32  3/3      25.662 ms   25.499 ms   25.954 ms  1.776%
       64  3/3     204.099 ms  202.467 ms  204.242 ms  0.870%

Hex.RowReduceBench.Field.rat128HalfInverse    expected complexity: n ^ 3    [warm cache]
  env: lean=4.34.0-rc2, os=linux, arch=x86_64, commit=9c14175-dirty, 2026-09-12T22:02:55Z, host=chungus2
  param  per-call    repeats  C
      4   42.773 µs  ×2^12    C= 668.333 [trial 1/3] †
      8  362.981 µs  ×2^9     C= 709.632 [trial 1/3]
     16    3.012 ms  ×2^6     C= 735.465 [trial 1/3]
     32   24.246 ms  ×2^3     C= 739.934 [trial 1/3]
     64  197.565 ms  ×2^0     C=1211.731 [trial 1/3]
      4   42.757 µs  ×2^12    C= 668.333 [trial 2/3] †
      8  363.331 µs  ×2^9     C= 709.632 [trial 2/3]
     16    2.939 ms  ×2^6     C= 735.465 [trial 2/3]
     32   24.178 ms  ×2^3     C= 739.934 [trial 2/3]
     64  319.612 ms  ×2^0     C=1211.731 [trial 2/3]
      4   69.280 µs  ×2^11    C= 668.333 [trial 3/3] †
      8  573.514 µs  ×2^8     C= 709.632 [trial 3/3]
     16    4.694 ms  ×2^5     C= 735.465 [trial 3/3]
     32   38.989 ms  ×2^2     C= 739.934 [trial 3/3]
     64  317.648 ms  ×2^0     C=1211.731 [trial 3/3]
  verdict: inconclusive (cMin=709.632, cMax=1211.731, β=+0.232, looks slower than declared by ~n^0.232)
  per-spawn floor (harness self-measurement): 135.689 ms
  peak RSS: 68_204 kB..69_608 kB (across 15 ok row(s))
  trial summaries (3 trials per param; spread = (max-min)/median):
    param  trials  median      min         max         spread 
        4  3/3      42.773 µs   42.757 µs   69.280 µs  62.007%
        8  3/3     363.331 µs  362.981 µs  573.514 µs  57.945%
       16  3/3       3.012 ms    2.939 ms    4.694 ms  58.272%
       32  3/3      24.246 ms   24.178 ms   38.989 ms  61.083%
       64  3/3     317.648 ms  197.565 ms  319.612 ms  38.422%

Hex.RowReduceBench.Field.rat128DeficientErrorSolve    expected complexity: n ^ 3    [warm cache]
  env: lean=4.34.0-rc2, os=linux, arch=x86_64, commit=9c14175-dirty, 2026-09-12T22:03:02Z, host=chungus2
  param  per-call    repeats  C
      4  136.340 µs  ×2^10    C=2130.327 [trial 1/3] †
      8    1.465 ms  ×2^7     C=2860.709 [trial 1/3]
     16   13.429 ms  ×2^4     C=3276.833 [trial 1/3]
     32  115.770 ms  ×2^0     C=3533.009 [trial 1/3]
     64  969.561 ms  ×2^0     C=3680.404 [trial 1/3]
      4  135.755 µs  ×2^10    C=2130.327 [trial 2/3] †
      8    1.478 ms  ×2^7     C=2860.709 [trial 2/3]
     16   13.389 ms  ×2^4     C=3276.833 [trial 2/3]
     32  117.146 ms  ×2^0     C=3533.009 [trial 2/3]
     64  964.030 ms  ×2^0     C=3680.404 [trial 2/3]
      4  137.335 µs  ×2^10    C=2130.327 [trial 3/3] †
      8    1.460 ms  ×2^7     C=2860.709 [trial 3/3]
     16   13.422 ms  ×2^4     C=3276.833 [trial 3/3]
     32  114.268 ms  ×2^0     C=3533.009 [trial 3/3]
     64  964.796 ms  ×2^0     C=3680.404 [trial 3/3]
  verdict: consistent with declared complexity (cMin=2860.709, cMax=3680.404, β=+0.120)
  per-spawn floor (harness self-measurement): 198.654 ms
  peak RSS: 68_204 kB..69_620 kB (across 15 ok row(s))
  trial summaries (3 trials per param; spread = (max-min)/median):
    param  trials  median      min         max         spread
        4  3/3     136.340 µs  135.755 µs  137.335 µs  1.159%
        8  3/3       1.465 ms    1.460 ms    1.478 ms  1.255%
       16  3/3      13.422 ms   13.389 ms   13.429 ms  0.302%
       32  3/3     115.770 ms  114.268 ms  117.146 ms  2.486%
       64  3/3     964.796 ms  964.030 ms  969.561 ms  0.573%

Hex.RowReduceBench.Field.rat128DeficientErrorOption    expected complexity: n ^ 3    [warm cache]
  env: lean=4.34.0-rc2, os=linux, arch=x86_64, commit=9c14175-dirty, 2026-09-12T22:03:17Z, host=chungus2
  param  per-call    repeats  C
      4  138.520 µs  ×2^10    C=2430.376 [trial 1/3] †
      8    1.471 ms  ×2^7     C=3234.628 [trial 1/3]
     16   13.268 ms  ×2^4     C=3699.105 [trial 1/3]
     32  114.663 ms  ×2^0     C=4008.343 [trial 1/3]
     64  964.951 ms  ×2^0     C=4161.039 [trial 1/3]
      4  156.345 µs  ×2^10    C=2430.376 [trial 2/3] †
      8    1.656 ms  ×2^7     C=3234.628 [trial 2/3]
     16   15.152 ms  ×2^3     C=3699.105 [trial 2/3]
     32  131.345 ms  ×2^0     C=4008.343 [trial 2/3]
     64    1.091 s   ×2^0     C=4161.039 [trial 2/3]
      4  155.544 µs  ×2^10    C=2430.376 [trial 3/3] †
      8    1.658 ms  ×2^6     C=3234.628 [trial 3/3]
     16   15.311 ms  ×2^3     C=3699.105 [trial 3/3]
     32  132.209 ms  ×2^0     C=4008.343 [trial 3/3]
     64    1.102 s   ×2^0     C=4161.039 [trial 3/3]
  verdict: consistent with declared complexity (cMin=3234.628, cMax=4161.039, β=+0.121)
  per-spawn floor (harness self-measurement): 195.261 ms
  peak RSS: 68_136 kB..69_672 kB (across 15 ok row(s))
  trial summaries (3 trials per param; spread = (max-min)/median):
    param  trials  median      min         max         spread 
        4  3/3     155.544 µs  138.520 µs  156.345 µs  11.460%
        8  3/3       1.656 ms    1.471 ms    1.658 ms  11.310%
       16  3/3      15.152 ms   13.268 ms   15.311 ms  13.482%
       32  3/3     131.345 ms  114.663 ms  132.209 ms  13.359%
       64  3/3       1.091 s   964.951 ms    1.102 s   12.579%

Hex.RowReduceBench.Field.rat128HalfErrorSolve    expected complexity: n ^ 3    [warm cache]
  env: lean=4.34.0-rc2, os=linux, arch=x86_64, commit=9c14175-dirty, 2026-09-12T22:03:32Z, host=chungus2
  param  per-call    repeats  C
      4  103.332 µs  ×2^11    C=1614.571 [trial 1/3] †
      8  761.491 µs  ×2^8     C=1487.288 [trial 1/3]
     16    5.906 ms  ×2^5     C=1429.719 [trial 1/3]
     32   46.778 ms  ×2^2     C=1410.979 [trial 1/3]
     64  367.615 ms  ×2^0     C=1415.166 [trial 1/3]
      4  104.190 µs  ×2^11    C=1614.571 [trial 2/3] †
      8  757.711 µs  ×2^8     C=1487.288 [trial 2/3]
     16    5.856 ms  ×2^5     C=1429.719 [trial 2/3]
     32   46.235 ms  ×2^2     C=1410.979 [trial 2/3]
     64  375.703 ms  ×2^0     C=1415.166 [trial 2/3]
      4  102.970 µs  ×2^11    C=1614.571 [trial 3/3] †
      8  763.944 µs  ×2^8     C=1487.288 [trial 3/3]
     16    5.856 ms  ×2^5     C=1429.719 [trial 3/3]
     32   45.987 ms  ×2^2     C=1410.979 [trial 3/3]
     64  370.977 ms  ×2^0     C=1415.166 [trial 3/3]
  verdict: consistent with declared complexity (cMin=1410.979, cMax=1487.288, β=-0.023)
  per-spawn floor (harness self-measurement): 231.211 ms
  peak RSS: 68_244 kB..69_452 kB (across 15 ok row(s))
  trial summaries (3 trials per param; spread = (max-min)/median):
    param  trials  median      min         max         spread
        4  3/3     103.332 µs  102.970 µs  104.190 µs  1.181%
        8  3/3     761.491 µs  757.711 µs  763.944 µs  0.819%
       16  3/3       5.856 ms    5.856 ms    5.906 ms  0.857%
       32  3/3      46.235 ms   45.987 ms   46.778 ms  1.710%
       64  3/3     370.977 ms  367.615 ms  375.703 ms  2.180%

Hex.RowReduceBench.Field.rat128HalfErrorOption    expected complexity: n ^ 3    [warm cache]
  env: lean=4.34.0-rc2, os=linux, arch=x86_64, commit=9c14175-dirty, 2026-09-12T22:03:42Z, host=chungus2
  param  per-call    repeats  C
      4  104.581 µs  ×2^11    C=1630.354 [trial 1/3] †
      8  771.749 µs  ×2^8     C=1507.324 [trial 1/3]
     16    5.846 ms  ×2^5     C=1427.142 [trial 1/3]
     32   46.217 ms  ×2^2     C=1418.307 [trial 1/3]
     64  368.790 ms  ×2^0     C=1410.124 [trial 1/3]
      4  103.762 µs  ×2^11    C=1630.354 [trial 2/3] †
      8  777.523 µs  ×2^8     C=1507.324 [trial 2/3]
     16    5.834 ms  ×2^5     C=1427.142 [trial 2/3]
     32   46.563 ms  ×2^2     C=1418.307 [trial 2/3]
     64  369.656 ms  ×2^0     C=1410.124 [trial 2/3]
      4  104.342 µs  ×2^11    C=1630.354 [trial 3/3] †
      8  752.340 µs  ×2^8     C=1507.324 [trial 3/3]
     16    5.935 ms  ×2^5     C=1427.142 [trial 3/3]
     32   46.475 ms  ×2^2     C=1418.307 [trial 3/3]
     64  371.682 ms  ×2^0     C=1410.124 [trial 3/3]
  verdict: consistent with declared complexity (cMin=1410.124, cMax=1507.324, β=-0.030)
  per-spawn floor (harness self-measurement): 229.808 ms
  peak RSS: 68_188 kB..69_580 kB (across 15 ok row(s))
  trial summaries (3 trials per param; spread = (max-min)/median):
    param  trials  median      min         max         spread
        4  3/3     104.342 µs  103.762 µs  104.581 µs  0.785%
        8  3/3     771.749 µs  752.340 µs  777.523 µs  3.263%
       16  3/3       5.846 ms    5.834 ms    5.935 ms  1.732%
       32  3/3      46.475 ms   46.217 ms   46.563 ms  0.745%
       64  3/3     369.656 ms  368.790 ms  371.682 ms  0.782%

Hex.RowReduceBench.Field.rat128TallSolve    expected complexity: n ^ 3    [warm cache]
  env: lean=4.34.0-rc2, os=linux, arch=x86_64, commit=9c14175-dirty, 2026-09-12T22:03:52Z, host=chungus2
  param  per-call    repeats  C
      4  578.685 µs  ×2^8     C=9041.959 [trial 1/3] †
      8    4.294 ms  ×2^5     C=8386.798 [trial 1/3]
     16   32.340 ms  ×2^2     C=8059.656 [trial 1/3]
     32  257.904 ms  ×2^0     C=7864.397 [trial 1/3]
     64    2.061 s   ×2^0     C=7862.784 [trial 1/3]
      4  580.406 µs  ×2^8     C=9041.959 [trial 2/3] †
      8    4.307 ms  ×2^5     C=8386.798 [trial 2/3]
     16   33.159 ms  ×2^2     C=8059.656 [trial 2/3]
     32  257.701 ms  ×2^0     C=7864.397 [trial 2/3]
     64    2.092 s   ×2^0     C=7862.784 [trial 2/3]
      4  575.217 µs  ×2^8     C=9041.959 [trial 3/3] †
      8    4.288 ms  ×2^5     C=8386.798 [trial 3/3]
     16   33.012 ms  ×2^2     C=8059.656 [trial 3/3]
     32  256.522 ms  ×2^0     C=7864.397 [trial 3/3]
     64    1.883 s   ×2^0     C=7862.784 [trial 3/3]
  verdict: consistent with declared complexity (cMin=7862.784, cMax=8386.798, β=-0.031)
  per-spawn floor (harness self-measurement): 230.171 ms
  peak RSS: 68_204 kB..74_248 kB (across 15 ok row(s))
  trial summaries (3 trials per param; spread = (max-min)/median):
    param  trials  median      min         max         spread 
        4  3/3     578.685 µs  575.217 µs  580.406 µs  0.897% 
        8  3/3       4.294 ms    4.288 ms    4.307 ms  0.454% 
       16  3/3      33.012 ms   32.340 ms   33.159 ms  2.482% 
       32  3/3     257.701 ms  256.522 ms  257.904 ms  0.536% 
       64  3/3       2.061 s     1.883 s     2.092 s   10.157%

Hex.RowReduceBench.Field.rat128TallOption    expected complexity: n ^ 3    [warm cache]
  env: lean=4.34.0-rc2, os=linux, arch=x86_64, commit=9c14175-dirty, 2026-09-12T22:04:19Z, host=chungus2
  param  per-call    repeats  C
      4  506.843 µs  ×2^8     C=7919.432 [trial 1/3] †
      8    3.741 ms  ×2^5     C=7392.366 [trial 1/3]
     16   28.789 ms  ×2^2     C=7028.685 [trial 1/3]
     32  227.076 ms  ×2^0     C=6929.808 [trial 1/3]
     64    1.778 s   ×2^0     C=6953.886 [trial 1/3]
      4  524.961 µs  ×2^8     C=7919.432 [trial 2/3] †
      8    3.785 ms  ×2^5     C=7392.366 [trial 2/3]
     16   28.847 ms  ×2^2     C=7028.685 [trial 2/3]
     32  222.141 ms  ×2^0     C=6929.808 [trial 2/3]
     64    1.823 s   ×2^0     C=6953.886 [trial 2/3]
      4  504.591 µs  ×2^8     C=7919.432 [trial 3/3] †
      8    3.787 ms  ×2^5     C=7392.366 [trial 3/3]
     16   28.523 ms  ×2^2     C=7028.685 [trial 3/3]
     32  229.895 ms  ×2^0     C=6929.808 [trial 3/3]
     64    1.835 s   ×2^0     C=6953.886 [trial 3/3]
  verdict: consistent with declared complexity (cMin=6929.808, cMax=7392.366, β=-0.029)
  per-spawn floor (harness self-measurement): 200.564 ms
  peak RSS: 68_380 kB..74_332 kB (across 15 ok row(s))
  trial summaries (3 trials per param; spread = (max-min)/median):
    param  trials  median      min         max         spread
        4  3/3     506.843 µs  504.591 µs  524.961 µs  4.019%
        8  3/3       3.785 ms    3.741 ms    3.787 ms  1.202%
       16  3/3      28.789 ms   28.523 ms   28.847 ms  1.127%
       32  3/3     227.076 ms  222.141 ms  229.895 ms  3.415%
       64  3/3       1.823 s     1.778 s     1.835 s   3.093%

Hex.RowReduceBench.Field.rat128WideSolve    expected complexity: n ^ 3    [warm cache]
  env: lean=4.34.0-rc2, os=linux, arch=x86_64, commit=9c14175-dirty, 2026-09-12T22:04:42Z, host=chungus2
  param  per-call    repeats  C
      4  364.808 µs  ×2^9     C=5728.938 [trial 1/3] †
      8    3.009 ms  ×2^6     C=5760.682 [trial 1/3]
     16   23.048 ms  ×2^3     C=5648.453 [trial 1/3]
     32  186.005 ms  ×2^0     C=5713.841 [trial 1/3]
     64    1.522 s   ×2^0     C=5742.028 [trial 1/3]
      4  366.866 µs  ×2^9     C=5728.938 [trial 2/3] †
      8    2.949 ms  ×2^6     C=5760.682 [trial 2/3]
     16   23.239 ms  ×2^3     C=5648.453 [trial 2/3]
     32  190.167 ms  ×2^0     C=5713.841 [trial 2/3]
     64    1.501 s   ×2^0     C=5742.028 [trial 2/3]
      4  366.652 µs  ×2^9     C=5728.938 [trial 3/3] †
      8    2.907 ms  ×2^6     C=5760.682 [trial 3/3]
     16   23.136 ms  ×2^3     C=5648.453 [trial 3/3]
     32  187.231 ms  ×2^0     C=5713.841 [trial 3/3]
     64    1.505 s   ×2^0     C=5742.028 [trial 3/3]
  verdict: consistent with declared complexity (cMin=5648.453, cMax=5760.682, β=+0.000)
  per-spawn floor (harness self-measurement): 201.141 ms
  peak RSS: 68_232 kB..72_176 kB (across 15 ok row(s))
  trial summaries (3 trials per param; spread = (max-min)/median):
    param  trials  median      min         max         spread
        4  3/3     366.652 µs  364.808 µs  366.866 µs  0.561%
        8  3/3       2.949 ms    2.907 ms    3.009 ms  3.459%
       16  3/3      23.136 ms   23.048 ms   23.239 ms  0.823%
       32  3/3     187.231 ms  186.005 ms  190.167 ms  2.223%
       64  3/3       1.505 s     1.501 s     1.522 s   1.353%

Hex.RowReduceBench.Field.rat128WideOption    expected complexity: n ^ 3    [warm cache]
  env: lean=4.34.0-rc2, os=linux, arch=x86_64, commit=9c14175-dirty, 2026-09-12T22:05:03Z, host=chungus2
  param  per-call    repeats  C
      4  369.491 µs  ×2^9     C=5654.926 [trial 1/3] †
      8    2.962 ms  ×2^6     C=5694.826 [trial 1/3]
     16   23.132 ms  ×2^3     C=5647.412 [trial 1/3]
     32  187.061 ms  ×2^0     C=5660.581 [trial 1/3]
     64  947.445 ms  ×2^0     C=5648.642 [trial 1/3]
      4  229.944 µs  ×2^9     C=5654.926 [trial 2/3] †
      8    1.858 ms  ×2^6     C=5694.826 [trial 2/3]
     16   14.662 ms  ×2^3     C=5647.412 [trial 2/3]
     32  120.738 ms  ×2^0     C=5660.581 [trial 2/3]
     64    1.524 s   ×2^0     C=5648.642 [trial 2/3]
      4  361.915 µs  ×2^9     C=5654.926 [trial 3/3] †
      8    2.916 ms  ×2^6     C=5694.826 [trial 3/3]
     16   23.178 ms  ×2^3     C=5647.412 [trial 3/3]
     32  185.486 ms  ×2^0     C=5660.581 [trial 3/3]
     64    1.481 s   ×2^0     C=5648.642 [trial 3/3]
  verdict: consistent with declared complexity (cMin=5647.412, cMax=5694.826, β=-0.003)
  per-spawn floor (harness self-measurement): 195.923 ms
  peak RSS: 68_488 kB..72_164 kB (across 15 ok row(s))
  trial summaries (3 trials per param; spread = (max-min)/median):
    param  trials  median      min         max         spread 
        4  3/3     361.915 µs  229.944 µs  369.491 µs  38.558%
        8  3/3       2.916 ms    1.858 ms    2.962 ms  37.842%
       16  3/3      23.132 ms   14.662 ms   23.178 ms  36.817%
       32  3/3     185.486 ms  120.738 ms  187.061 ms  35.756%
       64  3/3       1.481 s   947.445 ms    1.524 s   38.950%

Hex.RowReduceBench.Field.modularFullSolve    expected complexity: n ^ 3    [warm cache]
  env: lean=4.34.0-rc2, os=linux, arch=x86_64, commit=9c14175-dirty, 2026-09-12T22:05:22Z, host=chungus2
  param  per-call    repeats  C
      4   13.102 µs  ×2^14    C=204.732 [trial 1/3] †
      8   74.781 µs  ×2^11    C=145.446 [trial 1/3]
     16  472.314 µs  ×2^8     C=115.544 [trial 1/3]
     32    3.320 ms  ×2^6     C=101.320 [trial 1/3]
     64   24.534 ms  ×2^3     C= 93.883 [trial 1/3]
      4   13.168 µs  ×2^14    C=204.732 [trial 2/3] †
      8   74.189 µs  ×2^11    C=145.446 [trial 2/3]
     16  473.269 µs  ×2^8     C=115.544 [trial 2/3]
     32    3.329 ms  ×2^6     C=101.320 [trial 2/3]
     64   24.676 ms  ×2^3     C= 93.883 [trial 2/3]
      4   13.097 µs  ×2^14    C=204.732 [trial 3/3] †
      8   74.468 µs  ×2^11    C=145.446 [trial 3/3]
     16  475.467 µs  ×2^8     C=115.544 [trial 3/3]
     32    3.299 ms  ×2^6     C=101.320 [trial 3/3]
     64   24.611 ms  ×2^3     C= 93.883 [trial 3/3]
  verdict: inconclusive (cMin=93.883, cMax=145.446, β=-0.208, looks faster than declared by ~n^0.208)
  per-spawn floor (harness self-measurement): 197.316 ms
  peak RSS: 68_148 kB..69_044 kB (across 15 ok row(s))
  trial summaries (3 trials per param; spread = (max-min)/median):
    param  trials  median      min         max         spread
        4  3/3      13.102 µs   13.097 µs   13.168 µs  0.542%
        8  3/3      74.468 µs   74.189 µs   74.781 µs  0.795%
       16  3/3     473.269 µs  472.314 µs  475.467 µs  0.666%
       32  3/3       3.320 ms    3.299 ms    3.329 ms  0.885%
       64  3/3      24.611 ms   24.534 ms   24.676 ms  0.577%

Hex.RowReduceBench.Field.modularFullOption    expected complexity: n ^ 3    [warm cache]
  env: lean=4.34.0-rc2, os=linux, arch=x86_64, commit=9c14175-dirty, 2026-09-12T22:05:28Z, host=chungus2
  param  per-call    repeats  C
      4   13.602 µs  ×2^13    C=204.269 [trial 1/3] †
      8   73.912 µs  ×2^11    C=145.966 [trial 1/3]
     16  474.046 µs  ×2^8     C=117.267 [trial 1/3]
     32    3.310 ms  ×2^6     C=101.009 [trial 1/3]
     64   24.491 ms  ×2^3     C= 93.424 [trial 1/3]
      4   13.073 µs  ×2^14    C=204.269 [trial 2/3] †
      8   74.839 µs  ×2^11    C=145.966 [trial 2/3]
     16  481.758 µs  ×2^8     C=117.267 [trial 2/3]
     32    3.319 ms  ×2^6     C=101.009 [trial 2/3]
     64   24.695 ms  ×2^3     C= 93.424 [trial 2/3]
      4   13.036 µs  ×2^14    C=204.269 [trial 3/3] †
      8   74.734 µs  ×2^11    C=145.966 [trial 3/3]
     16  480.324 µs  ×2^8     C=117.267 [trial 3/3]
     32    3.279 ms  ×2^6     C=101.009 [trial 3/3]
     64   24.347 ms  ×2^3     C= 93.424 [trial 3/3]
  verdict: inconclusive (cMin=93.424, cMax=145.966, β=-0.215, looks faster than declared by ~n^0.215)
  per-spawn floor (harness self-measurement): 199.667 ms
  peak RSS: 68_104 kB..69_064 kB (across 15 ok row(s))
  trial summaries (3 trials per param; spread = (max-min)/median):
    param  trials  median      min         max         spread
        4  3/3      13.073 µs   13.036 µs   13.602 µs  4.331%
        8  3/3      74.734 µs   73.912 µs   74.839 µs  1.241%
       16  3/3     480.324 µs  474.046 µs  481.758 µs  1.606%
       32  3/3       3.310 ms    3.279 ms    3.319 ms  1.212%
       64  3/3      24.491 ms   24.347 ms   24.695 ms  1.422%

Hex.RowReduceBench.Field.modularFullInverse    expected complexity: n ^ 3    [warm cache]
  env: lean=4.34.0-rc2, os=linux, arch=x86_64, commit=9c14175-dirty, 2026-09-12T22:05:34Z, host=chungus2
  param  per-call    repeats  C
      4   10.827 µs  ×2^14    C=168.907 [trial 1/3] †
      8   67.698 µs  ×2^11    C=132.596 [trial 1/3]
     16  456.568 µs  ×2^8     C=111.467 [trial 1/3]
     32    3.238 ms  ×2^6     C= 98.825 [trial 1/3]
     64   24.401 ms  ×2^3     C= 93.082 [trial 1/3]
      4   10.810 µs  ×2^14    C=168.907 [trial 2/3] †
      8   67.889 µs  ×2^11    C=132.596 [trial 2/3]
     16  457.260 µs  ×2^8     C=111.467 [trial 2/3]
     32    3.244 ms  ×2^6     C= 98.825 [trial 2/3]
     64   24.181 ms  ×2^3     C= 93.082 [trial 2/3]
      4   10.754 µs  ×2^14    C=168.907 [trial 3/3] †
      8   68.081 µs  ×2^11    C=132.596 [trial 3/3]
     16  451.429 µs  ×2^8     C=111.467 [trial 3/3]
     32    3.217 ms  ×2^6     C= 98.825 [trial 3/3]
     64   24.589 ms  ×2^3     C= 93.082 [trial 3/3]
  verdict: inconclusive (cMin=93.082, cMax=132.596, β=-0.171, looks faster than declared by ~n^0.171)
  per-spawn floor (harness self-measurement): 195.194 ms
  peak RSS: 68_272 kB..69_072 kB (across 15 ok row(s))
  trial summaries (3 trials per param; spread = (max-min)/median):
    param  trials  median      min         max         spread
        4  3/3      10.810 µs   10.754 µs   10.827 µs  0.682%
        8  3/3      67.889 µs   67.698 µs   68.081 µs  0.565%
       16  3/3     456.568 µs  451.429 µs  457.260 µs  1.277%
       32  3/3       3.238 ms    3.217 ms    3.244 ms  0.822%
       64  3/3      24.401 ms   24.181 ms   24.589 ms  1.671%

Hex.RowReduceBench.Field.modularDeficientSolve    expected complexity: n ^ 3    [warm cache]
  env: lean=4.34.0-rc2, os=linux, arch=x86_64, commit=9c14175-dirty, 2026-09-12T22:05:40Z, host=chungus2
  param  per-call    repeats  C
      4    9.860 µs  ×2^14    C=154.072 [trial 1/3] †
      8   61.097 µs  ×2^11    C=119.331 [trial 1/3]
     16  424.733 µs  ×2^8     C=103.388 [trial 1/3]
     32    3.091 ms  ×2^6     C= 94.326 [trial 1/3]
     64   23.958 ms  ×2^3     C= 91.391 [trial 1/3]
      4    9.846 µs  ×2^14    C=154.072 [trial 2/3] †
      8   61.103 µs  ×2^11    C=119.331 [trial 2/3]
     16  423.476 µs  ×2^8     C=103.388 [trial 2/3]
     32    3.075 ms  ×2^6     C= 94.326 [trial 2/3]
     64   23.892 ms  ×2^3     C= 91.391 [trial 2/3]
      4    9.884 µs  ×2^14    C=154.072 [trial 3/3] †
      8   60.918 µs  ×2^11    C=119.331 [trial 3/3]
     16  422.339 µs  ×2^9     C=103.388 [trial 3/3]
     32    3.114 ms  ×2^6     C= 94.326 [trial 3/3]
     64   24.337 ms  ×2^3     C= 91.391 [trial 3/3]
  verdict: consistent with declared complexity (cMin=91.391, cMax=119.331, β=-0.129)
  per-spawn floor (harness self-measurement): 197.628 ms
  peak RSS: 68_148 kB..69_060 kB (across 15 ok row(s))
  trial summaries (3 trials per param; spread = (max-min)/median):
    param  trials  median      min         max         spread
        4  3/3       9.860 µs    9.846 µs    9.884 µs  0.383%
        8  3/3      61.097 µs   60.918 µs   61.103 µs  0.302%
       16  3/3     423.476 µs  422.339 µs  424.733 µs  0.565%
       32  3/3       3.091 ms    3.075 ms    3.114 ms  1.278%
       64  3/3      23.958 ms   23.892 ms   24.337 ms  1.854%

Hex.RowReduceBench.Field.modularDeficientOption    expected complexity: n ^ 3    [warm cache]
  env: lean=4.34.0-rc2, os=linux, arch=x86_64, commit=9c14175-dirty, 2026-09-12T22:05:46Z, host=chungus2
  param  per-call    repeats  C
      4    9.921 µs  ×2^14    C=155.027 [trial 1/3] †
      8   61.311 µs  ×2^11    C=118.583 [trial 1/3]
     16  428.731 µs  ×2^8     C=103.609 [trial 1/3]
     32    3.087 ms  ×2^6     C= 94.444 [trial 1/3]
     64   24.047 ms  ×2^3     C= 91.733 [trial 1/3]
      4    9.889 µs  ×2^14    C=155.027 [trial 2/3] †
      8   60.603 µs  ×2^11    C=118.583 [trial 2/3]
     16  424.382 µs  ×2^9     C=103.609 [trial 2/3]
     32    3.095 ms  ×2^6     C= 94.444 [trial 2/3]
     64   23.700 ms  ×2^3     C= 91.733 [trial 2/3]
      4   10.344 µs  ×2^14    C=155.027 [trial 3/3] †
      8   60.714 µs  ×2^11    C=118.583 [trial 3/3]
     16  421.575 µs  ×2^9     C=103.609 [trial 3/3]
     32    3.098 ms  ×2^6     C= 94.444 [trial 3/3]
     64   24.114 ms  ×2^3     C= 91.733 [trial 3/3]
  verdict: consistent with declared complexity (cMin=91.733, cMax=118.583, β=-0.124)
  per-spawn floor (harness self-measurement): 198.773 ms
  peak RSS: 68_204 kB..69_080 kB (across 15 ok row(s))
  trial summaries (3 trials per param; spread = (max-min)/median):
    param  trials  median      min         max         spread
        4  3/3       9.921 µs    9.889 µs   10.344 µs  4.585%
        8  3/3      60.714 µs   60.603 µs   61.311 µs  1.167%
       16  3/3     424.382 µs  421.575 µs  428.731 µs  1.686%
       32  3/3       3.095 ms    3.087 ms    3.098 ms  0.361%
       64  3/3      24.047 ms   23.700 ms   24.114 ms  1.724%

Hex.RowReduceBench.Field.modularDeficientInverse    expected complexity: n ^ 3    [warm cache]
  env: lean=4.34.0-rc2, os=linux, arch=x86_64, commit=9c14175-dirty, 2026-09-12T22:05:52Z, host=chungus2
  param  per-call    repeats  C
      4    6.824 µs  ×2^14    C=106.632 [trial 1/3] †
      8   52.551 µs  ×2^12    C=102.485 [trial 1/3]
     16  398.758 µs  ×2^9     C= 97.359 [trial 1/3]
     32    3.049 ms  ×2^6     C= 91.433 [trial 1/3]
     64   23.785 ms  ×2^3     C= 90.733 [trial 1/3]
      4    6.830 µs  ×2^14    C=106.632 [trial 2/3] †
      8   51.746 µs  ×2^12    C=102.485 [trial 2/3]
     16  398.783 µs  ×2^9     C= 97.359 [trial 2/3]
     32    2.986 ms  ×2^6     C= 91.433 [trial 2/3]
     64   23.552 ms  ×2^3     C= 90.733 [trial 2/3]
      4    6.729 µs  ×2^15    C=106.632 [trial 3/3] †
      8   52.472 µs  ×2^12    C=102.485 [trial 3/3]
     16  399.094 µs  ×2^9     C= 97.359 [trial 3/3]
     32    2.996 ms  ×2^6     C= 91.433 [trial 3/3]
     64   24.071 ms  ×2^3     C= 90.733 [trial 3/3]
  verdict: consistent with declared complexity (cMin=90.733, cMax=102.485, β=-0.062)
  per-spawn floor (harness self-measurement): 197.705 ms
  peak RSS: 68_148 kB..69_052 kB (across 15 ok row(s))
  trial summaries (3 trials per param; spread = (max-min)/median):
    param  trials  median      min         max         spread
        4  3/3       6.824 µs    6.729 µs    6.830 µs  1.471%
        8  3/3      52.472 µs   51.746 µs   52.551 µs  1.533%
       16  3/3     398.783 µs  398.758 µs  399.094 µs  0.084%
       32  3/3       2.996 ms    2.986 ms    3.049 ms  2.109%
       64  3/3      23.785 ms   23.552 ms   24.071 ms  2.179%

Hex.RowReduceBench.Field.modularHalfSolve    expected complexity: n ^ 3    [warm cache]
  env: lean=4.34.0-rc2, os=linux, arch=x86_64, commit=9c14175-dirty, 2026-09-12T22:05:58Z, host=chungus2
  param  per-call    repeats  C
      4    8.563 µs  ×2^14    C=134.227 [trial 1/3] †
      8   38.805 µs  ×2^12    C= 76.153 [trial 1/3]
     16  213.682 µs  ×2^10    C= 52.783 [trial 1/3]
     32    1.359 ms  ×2^7     C= 41.472 [trial 1/3]
     64    9.953 ms  ×2^4     C= 38.010 [trial 1/3]
      4    8.590 µs  ×2^14    C=134.227 [trial 2/3] †
      8   38.990 µs  ×2^12    C= 76.153 [trial 2/3]
     16  220.756 µs  ×2^9     C= 52.783 [trial 2/3]
     32    1.357 ms  ×2^7     C= 41.472 [trial 2/3]
     64   10.071 ms  ×2^4     C= 38.010 [trial 2/3]
      4    8.597 µs  ×2^14    C=134.227 [trial 3/3] †
      8   39.296 µs  ×2^12    C= 76.153 [trial 3/3]
     16  216.201 µs  ×2^9     C= 52.783 [trial 3/3]
     32    1.365 ms  ×2^7     C= 41.472 [trial 3/3]
     64    9.964 ms  ×2^4     C= 38.010 [trial 3/3]
  verdict: inconclusive (cMin=38.010, cMax=76.153, β=-0.336, looks faster than declared by ~n^0.336)
  per-spawn floor (harness self-measurement): 195.980 ms
  peak RSS: 68_148 kB..69_068 kB (across 15 ok row(s))
  trial summaries (3 trials per param; spread = (max-min)/median):
    param  trials  median      min         max         spread
        4  3/3       8.590 µs    8.563 µs    8.597 µs  0.403%
        8  3/3      38.990 µs   38.805 µs   39.296 µs  1.259%
       16  3/3     216.201 µs  213.682 µs  220.756 µs  3.272%
       32  3/3       1.359 ms    1.357 ms    1.365 ms  0.606%
       64  3/3       9.964 ms    9.953 ms   10.071 ms  1.191%

Hex.RowReduceBench.Field.modularHalfOption    expected complexity: n ^ 3    [warm cache]
  env: lean=4.34.0-rc2, os=linux, arch=x86_64, commit=9c14175-dirty, 2026-09-12T22:06:04Z, host=chungus2
  param  per-call    repeats  C
      4    8.586 µs  ×2^14    C=134.862 [trial 1/3] †
      8   38.810 µs  ×2^12    C= 75.802 [trial 1/3]
     16  214.227 µs  ×2^10    C= 52.288 [trial 1/3]
     32    1.368 ms  ×2^7     C= 41.439 [trial 1/3]
     64    9.958 ms  ×2^4     C= 37.987 [trial 1/3]
      4    8.648 µs  ×2^14    C=134.862 [trial 2/3] †
      8   38.803 µs  ×2^12    C= 75.802 [trial 2/3]
     16  214.171 µs  ×2^10    C= 52.288 [trial 2/3]
     32    1.358 ms  ×2^7     C= 41.439 [trial 2/3]
     64   10.015 ms  ×2^4     C= 37.987 [trial 2/3]
      4    8.631 µs  ×2^14    C=134.862 [trial 3/3] †
      8   39.215 µs  ×2^12    C= 75.802 [trial 3/3]
     16  128.051 µs  ×2^10    C= 52.288 [trial 3/3]
     32  813.175 µs  ×2^8     C= 41.439 [trial 3/3]
     64    5.767 ms  ×2^5     C= 37.987 [trial 3/3]
  verdict: inconclusive (cMin=37.987, cMax=75.802, β=-0.333, looks faster than declared by ~n^0.333)
  per-spawn floor (harness self-measurement): 199.290 ms
  peak RSS: 68_152 kB..69_072 kB (across 15 ok row(s))
  trial summaries (3 trials per param; spread = (max-min)/median):
    param  trials  median      min         max         spread 
        4  3/3       8.631 µs    8.586 µs    8.648 µs  0.721% 
        8  3/3      38.810 µs   38.803 µs   39.215 µs  1.060% 
       16  3/3     214.171 µs  128.051 µs  214.227 µs  40.237%
       32  3/3       1.358 ms  813.175 µs    1.368 ms  40.833%
       64  3/3       9.958 ms    5.767 ms   10.015 ms  42.662%

Hex.RowReduceBench.Field.modularHalfInverse    expected complexity: n ^ 3    [warm cache]
  env: lean=4.34.0-rc2, os=linux, arch=x86_64, commit=9c14175-dirty, 2026-09-12T22:06:09Z, host=chungus2
  param  per-call    repeats  C
      4    3.051 µs  ×2^16    C=47.676 [trial 1/3] †
      8   17.001 µs  ×2^13    C=33.206 [trial 1/3]
     16  107.478 µs  ×2^10    C=26.240 [trial 1/3]
     32  730.407 µs  ×2^8     C=22.290 [trial 1/3]
     64    5.496 ms  ×2^5     C=27.760 [trial 1/3]
      4    2.974 µs  ×2^16    C=47.676 [trial 2/3] †
      8   16.904 µs  ×2^13    C=33.206 [trial 2/3]
     16  107.237 µs  ×2^11    C=26.240 [trial 2/3]
     32  727.666 µs  ×2^8     C=22.290 [trial 2/3]
     64    7.277 ms  ×2^5     C=27.760 [trial 2/3]
      4    5.053 µs  ×2^15    C=47.676 [trial 3/3] †
      8   28.762 µs  ×2^12    C=33.206 [trial 3/3]
     16  180.147 µs  ×2^10    C=26.240 [trial 3/3]
     32    1.229 ms  ×2^7     C=22.290 [trial 3/3]
     64    9.425 ms  ×2^4     C=27.760 [trial 3/3]
  verdict: consistent with declared complexity (cMin=22.290, cMax=33.206, β=-0.101)
  per-spawn floor (harness self-measurement): 124.271 ms
  peak RSS: 68_148 kB..69_064 kB (across 15 ok row(s))
  trial summaries (3 trials per param; spread = (max-min)/median):
    param  trials  median      min         max         spread 
        4  3/3       3.051 µs    2.974 µs    5.053 µs  68.120%
        8  3/3      17.001 µs   16.904 µs   28.762 µs  69.743%
       16  3/3     107.478 µs  107.237 µs  180.147 µs  67.837%
       32  3/3     730.407 µs  727.666 µs    1.229 ms  68.693%
       64  3/3       7.277 ms    5.496 ms    9.425 ms  53.994%

Hex.RowReduceBench.Field.modularDeficientErrorSolve    expected complexity: n ^ 3    [warm cache]
  env: lean=4.34.0-rc2, os=linux, arch=x86_64, commit=9c14175-dirty, 2026-09-12T22:06:14Z, host=chungus2
  param  per-call    repeats  C
      4    7.683 µs  ×2^14    C=69.857 [trial 1/3] †
      8   55.071 µs  ×2^11    C=65.309 [trial 1/3]
     16  400.424 µs  ×2^9     C=59.904 [trial 1/3]
     32    2.955 ms  ×2^6     C=54.285 [trial 1/3]
     64   14.141 ms  ×2^3     C=53.415 [trial 1/3]
      4    4.462 µs  ×2^15    C=69.857 [trial 2/3] †
      8   32.765 µs  ×2^12    C=65.309 [trial 2/3]
     16  245.367 µs  ×2^9     C=59.904 [trial 2/3]
     32    1.776 ms  ×2^6     C=54.285 [trial 2/3]
     64   13.755 ms  ×2^4     C=53.415 [trial 2/3]
      4    4.470 µs  ×2^15    C=69.857 [trial 3/3] †
      8   33.438 µs  ×2^12    C=65.309 [trial 3/3]
     16  241.019 µs  ×2^9     C=59.904 [trial 3/3]
     32    1.779 ms  ×2^6     C=54.285 [trial 3/3]
     64   14.003 ms  ×2^3     C=53.415 [trial 3/3]
  verdict: consistent with declared complexity (cMin=53.415, cMax=65.309, β=-0.101)
  per-spawn floor (harness self-measurement): 198.415 ms
  peak RSS: 68_200 kB..69_068 kB (across 15 ok row(s))
  trial summaries (3 trials per param; spread = (max-min)/median):
    param  trials  median      min         max         spread 
        4  3/3       4.470 µs    4.462 µs    7.683 µs  72.052%
        8  3/3      33.438 µs   32.765 µs   55.071 µs  66.707%
       16  3/3     245.367 µs  241.019 µs  400.424 µs  64.966%
       32  3/3       1.779 ms    1.776 ms    2.955 ms  66.259%
       64  3/3      14.003 ms   13.755 ms   14.141 ms  2.756% 

Hex.RowReduceBench.Field.modularDeficientErrorOption    expected complexity: n ^ 3    [warm cache]
  env: lean=4.34.0-rc2, os=linux, arch=x86_64, commit=9c14175-dirty, 2026-09-12T22:06:19Z, host=chungus2
  param  per-call    repeats  C
      4    4.473 µs  ×2^15    C=69.901 [trial 1/3] †
      8   34.850 µs  ×2^12    C=64.402 [trial 1/3]
     16  241.725 µs  ×2^9     C=59.019 [trial 1/3]
     32    1.753 ms  ×2^6     C=53.493 [trial 1/3]
     64   13.736 ms  ×2^4     C=52.400 [trial 1/3]
      4    4.582 µs  ×2^15    C=69.901 [trial 2/3] †
      8   32.973 µs  ×2^12    C=64.402 [trial 2/3]
     16  241.743 µs  ×2^9     C=59.019 [trial 2/3]
     32    1.735 ms  ×2^6     C=53.493 [trial 2/3]
     64   13.705 ms  ×2^4     C=52.400 [trial 2/3]
      4    4.407 µs  ×2^15    C=69.901 [trial 3/3] †
      8   32.737 µs  ×2^12    C=64.402 [trial 3/3]
     16  258.757 µs  ×2^9     C=59.019 [trial 3/3]
     32    3.045 ms  ×2^6     C=53.493 [trial 3/3]
     64   18.287 ms  ×2^3     C=52.400 [trial 3/3]
  verdict: consistent with declared complexity (cMin=52.400, cMax=64.402, β=-0.103)
  per-spawn floor (harness self-measurement): 125.950 ms
  peak RSS: 68_144 kB..69_080 kB (across 15 ok row(s))
  trial summaries (3 trials per param; spread = (max-min)/median):
    param  trials  median      min         max         spread 
        4  3/3       4.473 µs    4.407 µs    4.582 µs  3.916% 
        8  3/3      32.973 µs   32.737 µs   34.850 µs  6.407% 
       16  3/3     241.743 µs  241.725 µs  258.757 µs  7.045% 
       32  3/3       1.753 ms    1.735 ms    3.045 ms  74.721%
       64  3/3      13.736 ms   13.705 ms   18.287 ms  33.352%

Hex.RowReduceBench.Field.modularHalfErrorSolve    expected complexity: n ^ 3    [warm cache]
  env: lean=4.34.0-rc2, os=linux, arch=x86_64, commit=9c14175-dirty, 2026-09-12T22:06:24Z, host=chungus2
  param  per-call    repeats  C
      4    3.532 µs  ×2^15    C=55.192 [trial 1/3] †
      8   18.249 µs  ×2^13    C=36.344 [trial 1/3]
     16  111.368 µs  ×2^10    C=27.190 [trial 1/3]
     32  755.834 µs  ×2^8     C=23.066 [trial 1/3]
     64    5.528 ms  ×2^5     C=21.087 [trial 1/3]
      4    3.478 µs  ×2^15    C=55.192 [trial 2/3] †
      8   18.608 µs  ×2^13    C=36.344 [trial 2/3]
     16  111.335 µs  ×2^10    C=27.190 [trial 2/3]
     32  735.222 µs  ×2^8     C=23.066 [trial 2/3]
     64    5.428 ms  ×2^5     C=21.087 [trial 2/3]
      4    3.572 µs  ×2^15    C=55.192 [trial 3/3] †
      8   18.747 µs  ×2^13    C=36.344 [trial 3/3]
     16  178.601 µs  ×2^10    C=27.190 [trial 3/3]
     32    1.267 ms  ×2^7     C=23.066 [trial 3/3]
     64    9.567 ms  ×2^4     C=21.087 [trial 3/3]
  verdict: inconclusive (cMin=21.087, cMax=36.344, β=-0.259, looks faster than declared by ~n^0.259)
  per-spawn floor (harness self-measurement): 123.833 ms
  peak RSS: 68_108 kB..69_076 kB (across 15 ok row(s))
  trial summaries (3 trials per param; spread = (max-min)/median):
    param  trials  median      min         max         spread 
        4  3/3       3.532 µs    3.478 µs    3.572 µs  2.679% 
        8  3/3      18.608 µs   18.249 µs   18.747 µs  2.675% 
       16  3/3     111.368 µs  111.335 µs  178.601 µs  60.399%
       32  3/3     755.834 µs  735.222 µs    1.267 ms  70.393%
       64  3/3       5.528 ms    5.428 ms    9.567 ms  74.872%

Hex.RowReduceBench.Field.modularHalfErrorOption    expected complexity: n ^ 3    [warm cache]
  env: lean=4.34.0-rc2, os=linux, arch=x86_64, commit=9c14175-dirty, 2026-09-12T22:06:28Z, host=chungus2
  param  per-call    repeats  C
      4    5.948 µs  ×2^15    C=92.033 [trial 1/3] †
      8   31.201 µs  ×2^12    C=60.940 [trial 1/3]
     16  187.209 µs  ×2^10    C=45.705 [trial 1/3]
     32    1.302 ms  ×2^7     C=38.851 [trial 1/3]
     64    9.690 ms  ×2^4     C=36.482 [trial 1/3]
      4    5.804 µs  ×2^15    C=92.033 [trial 2/3] †
      8   31.718 µs  ×2^12    C=60.940 [trial 2/3]
     16  188.646 µs  ×2^10    C=45.705 [trial 2/3]
     32    1.261 ms  ×2^7     C=38.851 [trial 2/3]
     64    9.529 ms  ×2^4     C=36.482 [trial 2/3]
      4    5.890 µs  ×2^15    C=92.033 [trial 3/3] †
      8   30.983 µs  ×2^12    C=60.940 [trial 3/3]
     16  186.172 µs  ×2^10    C=45.705 [trial 3/3]
     32    1.273 ms  ×2^7     C=38.851 [trial 3/3]
     64    9.564 ms  ×2^4     C=36.482 [trial 3/3]
  verdict: inconclusive (cMin=36.482, cMax=60.940, β=-0.246, looks faster than declared by ~n^0.246)
  per-spawn floor (harness self-measurement): 195.167 ms
  peak RSS: 68_104 kB..69_068 kB (across 15 ok row(s))
  trial summaries (3 trials per param; spread = (max-min)/median):
    param  trials  median      min         max         spread
        4  3/3       5.890 µs    5.804 µs    5.948 µs  2.438%
        8  3/3      31.201 µs   30.983 µs   31.718 µs  2.354%
       16  3/3     187.209 µs  186.172 µs  188.646 µs  1.322%
       32  3/3       1.273 ms    1.261 ms    1.302 ms  3.218%
       64  3/3       9.564 ms    9.529 ms    9.690 ms  1.684%

Hex.RowReduceBench.Field.modularTallSolve    expected complexity: n ^ 3    [warm cache]
  env: lean=4.34.0-rc2, os=linux, arch=x86_64, commit=9c14175-dirty, 2026-09-12T22:06:34Z, host=chungus2
  param  per-call    repeats  C
      4   26.118 µs  ×2^12    C=408.101 [trial 1/3] †
      8   98.041 µs  ×2^11    C=199.374 [trial 1/3]
     16  633.071 µs  ×2^8     C=154.558 [trial 1/3]
     32    4.372 ms  ×2^5     C=141.837 [trial 1/3]
     64   31.524 ms  ×2^2     C=209.260 [trial 1/3]
      4   16.965 µs  ×2^13    C=408.101 [trial 2/3] †
      8  102.079 µs  ×2^11    C=199.374 [trial 2/3]
     16  623.663 µs  ×2^8     C=154.558 [trial 2/3]
     32    4.648 ms  ×2^5     C=141.837 [trial 2/3]
     64   54.856 ms  ×2^2     C=209.260 [trial 2/3]
      4   28.831 µs  ×2^12    C=408.101 [trial 3/3] †
      8  161.426 µs  ×2^10    C=199.374 [trial 3/3]
     16    1.038 ms  ×2^7     C=154.558 [trial 3/3]
     32    7.247 ms  ×2^4     C=141.837 [trial 3/3]
     64   55.011 ms  ×2^2     C=209.260 [trial 3/3]
  verdict: consistent with declared complexity (cMin=141.837, cMax=209.260, β=+0.009)
  per-spawn floor (harness self-measurement): 197.325 ms
  peak RSS: 68_112 kB..71_060 kB (across 15 ok row(s))
  trial summaries (3 trials per param; spread = (max-min)/median):
    param  trials  median      min         max         spread 
        4  3/3      26.118 µs   16.965 µs   28.831 µs  45.432%
        8  3/3     102.079 µs   98.041 µs  161.426 µs  62.094%
       16  3/3     633.071 µs  623.663 µs    1.038 ms  65.496%
       32  3/3       4.648 ms    4.372 ms    7.247 ms  61.854%
       64  3/3      54.856 ms   31.524 ms   55.011 ms  42.815%

Hex.RowReduceBench.Field.modularTallOption    expected complexity: n ^ 3    [warm cache]
  env: lean=4.34.0-rc2, os=linux, arch=x86_64, commit=9c14175-dirty, 2026-09-12T22:06:40Z, host=chungus2
  param  per-call    repeats  C
      4   29.061 µs  ×2^12    C=454.084 [trial 1/3] †
      8  162.043 µs  ×2^10    C=316.492 [trial 1/3]
     16    1.032 ms  ×2^7     C=253.315 [trial 1/3]
     32    7.348 ms  ×2^4     C=225.926 [trial 1/3]
     64   55.461 ms  ×2^1     C=214.805 [trial 1/3]
      4   28.938 µs  ×2^12    C=454.084 [trial 2/3] †
      8  162.553 µs  ×2^10    C=316.492 [trial 2/3]
     16    1.047 ms  ×2^7     C=253.315 [trial 2/3]
     32    7.622 ms  ×2^4     C=225.926 [trial 2/3]
     64   56.724 ms  ×2^1     C=214.805 [trial 2/3]
      4   29.111 µs  ×2^12    C=454.084 [trial 3/3] †
      8  161.027 µs  ×2^10    C=316.492 [trial 3/3]
     16    1.038 ms  ×2^7     C=253.315 [trial 3/3]
     32    7.403 ms  ×2^4     C=225.926 [trial 3/3]
     64   56.310 ms  ×2^1     C=214.805 [trial 3/3]
  verdict: inconclusive (cMin=214.805, cMax=316.492, β=-0.184, looks faster than declared by ~n^0.184)
  per-spawn floor (harness self-measurement): 199.317 ms
  peak RSS: 68_148 kB..71_012 kB (across 15 ok row(s))
  trial summaries (3 trials per param; spread = (max-min)/median):
    param  trials  median      min         max         spread
        4  3/3      29.061 µs   28.938 µs   29.111 µs  0.594%
        8  3/3     162.043 µs  161.027 µs  162.553 µs  0.941%
       16  3/3       1.038 ms    1.032 ms    1.047 ms  1.416%
       32  3/3       7.403 ms    7.348 ms    7.622 ms  3.709%
       64  3/3      56.310 ms   55.461 ms   56.724 ms  2.242%

Hex.RowReduceBench.Field.modularWideSolve    expected complexity: n ^ 3    [warm cache]
  env: lean=4.34.0-rc2, os=linux, arch=x86_64, commit=9c14175-dirty, 2026-09-12T22:06:45Z, host=chungus2
  param  per-call    repeats  C
      4   20.092 µs  ×2^13    C=311.744 [trial 1/3] †
      8  111.468 µs  ×2^10    C=216.019 [trial 1/3]
     16  698.749 µs  ×2^8     C=169.250 [trial 1/3]
     32    4.900 ms  ×2^5     C= 87.865 [trial 1/3]
     64   37.108 ms  ×2^2     C= 82.729 [trial 1/3]
      4   19.951 µs  ×2^13    C=311.744 [trial 2/3] †
      8  110.601 µs  ×2^10    C=216.019 [trial 2/3]
     16  693.248 µs  ×2^8     C=169.250 [trial 2/3]
     32    2.790 ms  ×2^6     C= 87.865 [trial 2/3]
     64   21.687 ms  ×2^3     C= 82.729 [trial 2/3]
      4   12.010 µs  ×2^14    C=311.744 [trial 3/3] †
      8   65.992 µs  ×2^11    C=216.019 [trial 3/3]
     16  409.897 µs  ×2^9     C=169.250 [trial 3/3]
     32    2.879 ms  ×2^6     C= 87.865 [trial 3/3]
     64   21.494 ms  ×2^3     C= 82.729 [trial 3/3]
  verdict: inconclusive (cMin=82.729, cMax=216.019, β=-0.510, looks faster than declared by ~n^0.510)
  per-spawn floor (harness self-measurement): 196.978 ms
  peak RSS: 68_136 kB..69_008 kB (across 15 ok row(s))
  trial summaries (3 trials per param; spread = (max-min)/median):
    param  trials  median      min         max         spread 
        4  3/3      19.951 µs   12.010 µs   20.092 µs  40.506%
        8  3/3     110.601 µs   65.992 µs  111.468 µs  41.116%
       16  3/3     693.248 µs  409.897 µs  698.749 µs  41.666%
       32  3/3       2.879 ms    2.790 ms    4.900 ms  73.302%
       64  3/3      21.687 ms   21.494 ms   37.108 ms  71.996%

Hex.RowReduceBench.Field.modularWideOption    expected complexity: n ^ 3    [warm cache]
  env: lean=4.34.0-rc2, os=linux, arch=x86_64, commit=9c14175-dirty, 2026-09-12T22:06:51Z, host=chungus2
  param  per-call    repeats  C
      4   11.679 µs  ×2^14    C=185.713 [trial 1/3] †
      8   68.645 µs  ×2^11    C=129.569 [trial 1/3]
     16  417.683 µs  ×2^9     C=101.974 [trial 1/3]
     32    2.859 ms  ×2^6     C= 86.757 [trial 1/3]
     64   21.010 ms  ×2^3     C= 80.147 [trial 1/3]
      4   11.938 µs  ×2^14    C=185.713 [trial 2/3] †
      8   65.328 µs  ×2^11    C=129.569 [trial 2/3]
     16  408.908 µs  ×2^9     C=101.974 [trial 2/3]
     32    2.843 ms  ×2^6     C= 86.757 [trial 2/3]
     64   21.173 ms  ×2^3     C= 80.147 [trial 2/3]
      4   11.885 µs  ×2^14    C=185.713 [trial 3/3] †
      8   66.339 µs  ×2^11    C=129.569 [trial 3/3]
     16  431.941 µs  ×2^9     C=101.974 [trial 3/3]
     32    2.813 ms  ×2^5     C= 86.757 [trial 3/3]
     64   20.483 ms  ×2^3     C= 80.147 [trial 3/3]
  verdict: inconclusive (cMin=80.147, cMax=129.569, β=-0.231, looks faster than declared by ~n^0.231)
  per-spawn floor (harness self-measurement): 125.325 ms
  peak RSS: 68_208 kB..69_076 kB (across 15 ok row(s))
  trial summaries (3 trials per param; spread = (max-min)/median):
    param  trials  median      min         max         spread
        4  3/3      11.885 µs   11.679 µs   11.938 µs  2.184%
        8  3/3      66.339 µs   65.328 µs   68.645 µs  5.000%
       16  3/3     417.683 µs  408.908 µs  431.941 µs  5.514%
       32  3/3       2.843 ms    2.813 ms    2.859 ms  1.637%
       64  3/3      21.010 ms   20.483 ms   21.173 ms  3.281%

Hex.RowReduceBench.Field.functionsFullSolve    expected complexity: n ^ 3    [warm cache]
  env: lean=4.34.0-rc2, os=linux, arch=x86_64, commit=9c14175-dirty, 2026-09-12T22:06:56Z, host=chungus2
  param  per-call    repeats  C
      2  454.589 µs  ×2^8     C=57907.502 [trial 1/3]
      4    4.125 ms  ×2^5     C=65736.152 [trial 1/3]
      8   34.929 ms  ×2^2     C=71455.845 [trial 1/3]
      2  470.193 µs  ×2^8     C=57907.502 [trial 2/3]
      4    4.207 ms  ×2^5     C=65736.152 [trial 2/3]
      8   36.585 ms  ×2^2     C=71455.845 [trial 2/3]
      2  463.260 µs  ×2^8     C=57907.502 [trial 3/3]
      4    4.215 ms  ×2^5     C=65736.152 [trial 3/3]
      8   58.089 ms  ×2^1     C=71455.845 [trial 3/3]
  verdict: inconclusive (cMin=57907.502, cMax=71455.845, β=+0.152, looks slower than declared by ~n^0.152)
  per-spawn floor (harness self-measurement): 121.742 ms
  peak RSS: 68_100 kB..69_072 kB (across 9 ok row(s))
  trial summaries (3 trials per param; spread = (max-min)/median):
    param  trials  median      min         max         spread 
        2  3/3     463.260 µs  454.589 µs  470.193 µs  3.368% 
        4  3/3       4.207 ms    4.125 ms    4.215 ms  2.150% 
        8  3/3      36.585 ms   34.929 ms   58.089 ms  63.303%

Hex.RowReduceBench.Field.functionsFullOption    expected complexity: n ^ 3    [warm cache]
  env: lean=4.34.0-rc2, os=linux, arch=x86_64, commit=9c14175-dirty, 2026-09-12T22:06:58Z, host=chungus2
  param  per-call    repeats  C
      2  760.651 µs  ×2^8     C=57195.865 [trial 1/3]
      4    6.958 ms  ×2^4     C=66794.261 [trial 1/3]
      8   34.794 ms  ×2^2     C=67910.014 [trial 1/3]
      2  450.397 µs  ×2^8     C=57195.865 [trial 2/3]
      4    4.275 ms  ×2^5     C=66794.261 [trial 2/3]
      8   34.770 ms  ×2^2     C=67910.014 [trial 2/3]
      2  457.566 µs  ×2^8     C=57195.865 [trial 3/3]
      4    4.106 ms  ×2^5     C=66794.261 [trial 3/3]
      8   34.763 ms  ×2^2     C=67910.014 [trial 3/3]
  verdict: consistent with declared complexity (cMin=57195.865, cMax=67910.014, β=+0.124)
  per-spawn floor (harness self-measurement): 196.401 ms
  peak RSS: 68_492 kB..69_068 kB (across 9 ok row(s))
  trial summaries (3 trials per param; spread = (max-min)/median):
    param  trials  median      min         max         spread 
        2  3/3     457.566 µs  450.397 µs  760.651 µs  67.805%
        4  3/3       4.275 ms    4.106 ms    6.958 ms  66.733%
        8  3/3      34.770 ms   34.763 ms   34.794 ms  0.088% 

Hex.RowReduceBench.Field.functionsFullInverse    expected complexity: n ^ 3    [warm cache]
  env: lean=4.34.0-rc2, os=linux, arch=x86_64, commit=9c14175-dirty, 2026-09-12T22:07:02Z, host=chungus2
  param  per-call    repeats  C
      2  390.934 µs  ×2^9     C=65847.494 [trial 1/3]
      4    5.460 ms  ×2^5     C=85305.528 [trial 1/3]
      8   50.015 ms  ×2^2     C=98833.117 [trial 1/3]
      2  526.779 µs  ×2^8     C=65847.494 [trial 2/3]
      4    5.498 ms  ×2^5     C=85305.528 [trial 2/3]
      8   50.603 ms  ×2^2     C=98833.117 [trial 2/3]
      2  529.268 µs  ×2^8     C=65847.494 [trial 3/3]
      4    5.432 ms  ×2^5     C=85305.528 [trial 3/3]
      8   50.622 ms  ×2^2     C=98833.117 [trial 3/3]
  verdict: inconclusive (cMin=65847.494, cMax=98833.117, β=+0.293, looks slower than declared by ~n^0.293)
  per-spawn floor (harness self-measurement): 124.485 ms
  peak RSS: 68_152 kB..69_032 kB (across 9 ok row(s))
  trial summaries (3 trials per param; spread = (max-min)/median):
    param  trials  median      min         max         spread 
        2  3/3     526.779 µs  390.934 µs  529.268 µs  26.260%
        4  3/3       5.460 ms    5.432 ms    5.498 ms  1.196% 
        8  3/3      50.603 ms   50.015 ms   50.622 ms  1.198% 

Hex.RowReduceBench.Field.functionsDeficientSolve    expected complexity: n ^ 3    [warm cache]
  env: lean=4.34.0-rc2, os=linux, arch=x86_64, commit=9c14175-dirty, 2026-09-12T22:07:06Z, host=chungus2
  param  per-call    repeats  C
      2  247.556 µs  ×2^9     C=30756.513 [trial 1/3]
      4    3.064 ms  ×2^6     C=47875.227 [trial 1/3]
      8   38.946 ms  ×2^2     C=76065.750 [trial 1/3]
      2  246.052 µs  ×2^9     C=30756.513 [trial 2/3]
      4    3.069 ms  ×2^6     C=47875.227 [trial 2/3]
      8   39.274 ms  ×2^2     C=76065.750 [trial 2/3]
      2  244.348 µs  ×2^9     C=30756.513 [trial 3/3]
      4    3.025 ms  ×2^6     C=47875.227 [trial 3/3]
      8   38.867 ms  ×2^2     C=76065.750 [trial 3/3]
  verdict: inconclusive (cMin=30756.513, cMax=76065.750, β=+0.653, looks slower than declared by ~n^0.653)
  per-spawn floor (harness self-measurement): 197.486 ms
  peak RSS: 68_312 kB..69_020 kB (across 9 ok row(s))
  trial summaries (3 trials per param; spread = (max-min)/median):
    param  trials  median      min         max         spread
        2  3/3     246.052 µs  244.348 µs  247.556 µs  1.304%
        4  3/3       3.064 ms    3.025 ms    3.069 ms  1.432%
        8  3/3      38.946 ms   38.867 ms   39.274 ms  1.044%

Hex.RowReduceBench.Field.functionsDeficientOption    expected complexity: n ^ 3    [warm cache]
  env: lean=4.34.0-rc2, os=linux, arch=x86_64, commit=9c14175-dirty, 2026-09-12T22:07:09Z, host=chungus2
  param  per-call    repeats  C
      2  244.215 µs  ×2^9     C=30566.130 [trial 1/3]
      4    3.061 ms  ×2^6     C=47833.720 [trial 1/3]
      8   38.781 ms  ×2^2     C=75794.371 [trial 1/3]
      2  244.864 µs  ×2^9     C=30566.130 [trial 2/3]
      4    3.061 ms  ×2^6     C=47833.720 [trial 2/3]
      8   38.807 ms  ×2^2     C=75794.371 [trial 2/3]
      2  244.529 µs  ×2^9     C=30566.130 [trial 3/3]
      4    3.062 ms  ×2^6     C=47833.720 [trial 3/3]
      8   39.116 ms  ×2^2     C=75794.371 [trial 3/3]
  verdict: inconclusive (cMin=30566.130, cMax=75794.371, β=+0.655, looks slower than declared by ~n^0.655)
  per-spawn floor (harness self-measurement): 195.496 ms
  peak RSS: 68_144 kB..69_072 kB (across 9 ok row(s))
  trial summaries (3 trials per param; spread = (max-min)/median):
    param  trials  median      min         max         spread
        2  3/3     244.529 µs  244.215 µs  244.864 µs  0.265%
        4  3/3       3.061 ms    3.061 ms    3.062 ms  0.030%
        8  3/3      38.807 ms   38.781 ms   39.116 ms  0.864%

Hex.RowReduceBench.Field.functionsDeficientInverse    expected complexity: n ^ 3    [warm cache]
  env: lean=4.34.0-rc2, os=linux, arch=x86_64, commit=9c14175-dirty, 2026-09-12T22:07:13Z, host=chungus2
  param  per-call    repeats  C
      2  152.209 µs  ×2^10    C=18952.211 [trial 1/3]
      4    2.346 ms  ×2^6     C=36649.375 [trial 1/3]
      8   33.791 ms  ×2^2     C=65820.055 [trial 1/3]
      2  151.617 µs  ×2^10    C=18952.211 [trial 2/3]
      4    2.323 ms  ×2^6     C=36649.375 [trial 2/3]
      8   33.700 ms  ×2^2     C=65820.055 [trial 2/3]
      2  150.867 µs  ×2^10    C=18952.211 [trial 3/3]
      4    2.352 ms  ×2^6     C=36649.375 [trial 3/3]
      8   33.413 ms  ×2^2     C=65820.055 [trial 3/3]
  verdict: inconclusive (cMin=18952.211, cMax=65820.055, β=+0.898, looks slower than declared by ~n^0.898)
  per-spawn floor (harness self-measurement): 198.336 ms
  peak RSS: 68_208 kB..69_060 kB (across 9 ok row(s))
  trial summaries (3 trials per param; spread = (max-min)/median):
    param  trials  median      min         max         spread
        2  3/3     151.617 µs  150.867 µs  152.209 µs  0.885%
        4  3/3       2.346 ms    2.323 ms    2.352 ms  1.244%
        8  3/3      33.700 ms   33.413 ms   33.791 ms  1.120%

Hex.RowReduceBench.Field.functionsHalfSolve    expected complexity: n ^ 3    [warm cache]
  env: lean=4.34.0-rc2, os=linux, arch=x86_64, commit=9c14175-dirty, 2026-09-12T22:07:17Z, host=chungus2
  param  per-call    repeats  C
      2  245.428 µs  ×2^9     C=30678.594 [trial 1/3]
      4    1.712 ms  ×2^6     C=26757.240 [trial 1/3]
      8   14.926 ms  ×2^3     C=29144.953 [trial 1/3]
      2  246.862 µs  ×2^9     C=30678.594 [trial 2/3]
      4    1.699 ms  ×2^7     C=26757.240 [trial 2/3]
      8   14.922 ms  ×2^3     C=29144.953 [trial 2/3]
      2  244.595 µs  ×2^9     C=30678.594 [trial 3/3]
      4    1.715 ms  ×2^6     C=26757.240 [trial 3/3]
      8   14.887 ms  ×2^3     C=29144.953 [trial 3/3]
  verdict: consistent with declared complexity (cMin=26757.240, cMax=30678.594, β=-0.037)
  per-spawn floor (harness self-measurement): 198.115 ms
  peak RSS: 68_144 kB..69_060 kB (across 9 ok row(s))
  trial summaries (3 trials per param; spread = (max-min)/median):
    param  trials  median      min         max         spread
        2  3/3     245.428 µs  244.595 µs  246.862 µs  0.924%
        4  3/3       1.712 ms    1.699 ms    1.715 ms  0.922%
        8  3/3      14.922 ms   14.887 ms   14.926 ms  0.260%

Hex.RowReduceBench.Field.functionsHalfOption    expected complexity: n ^ 3    [warm cache]
  env: lean=4.34.0-rc2, os=linux, arch=x86_64, commit=9c14175-dirty, 2026-09-12T22:07:20Z, host=chungus2
  param  per-call    repeats  C
      2  245.508 µs  ×2^9     C=30688.524 [trial 1/3]
      4    1.720 ms  ×2^6     C=26875.438 [trial 1/3]
      8   14.966 ms  ×2^3     C=29212.849 [trial 1/3]
      2  245.836 µs  ×2^9     C=30688.524 [trial 2/3]
      4    1.718 ms  ×2^6     C=26875.438 [trial 2/3]
      8   14.918 ms  ×2^3     C=29212.849 [trial 2/3]
      2  244.225 µs  ×2^9     C=30688.524 [trial 3/3]
      4    1.722 ms  ×2^6     C=26875.438 [trial 3/3]
      8   14.957 ms  ×2^3     C=29212.849 [trial 3/3]
  verdict: consistent with declared complexity (cMin=26875.438, cMax=30688.524, β=-0.036)
  per-spawn floor (harness self-measurement): 197.222 ms
  peak RSS: 68_132 kB..69_032 kB (across 9 ok row(s))
  trial summaries (3 trials per param; spread = (max-min)/median):
    param  trials  median      min         max         spread
        2  3/3     245.508 µs  244.225 µs  245.836 µs  0.656%
        4  3/3       1.720 ms    1.718 ms    1.722 ms  0.247%
        8  3/3      14.957 ms   14.918 ms   14.966 ms  0.320%

Hex.RowReduceBench.Field.functionsHalfInverse    expected complexity: n ^ 3    [warm cache]
  env: lean=4.34.0-rc2, os=linux, arch=x86_64, commit=9c14175-dirty, 2026-09-12T22:07:23Z, host=chungus2
  param  per-call    repeats  C
      2  151.022 µs  ×2^10    C=18928.218 [trial 1/3]
      4    1.367 ms  ×2^7     C=21262.095 [trial 1/3]
      8   13.120 ms  ×2^4     C=25625.506 [trial 1/3]
      2  152.397 µs  ×2^10    C=18928.218 [trial 2/3]
      4    1.361 ms  ×2^7     C=21262.095 [trial 2/3]
      8   13.295 ms  ×2^4     C=25625.506 [trial 2/3]
      2  151.425 µs  ×2^10    C=18928.218 [trial 3/3]
      4    1.004 ms  ×2^7     C=21262.095 [trial 3/3]
      8    7.954 ms  ×2^4     C=25625.506 [trial 3/3]
  verdict: inconclusive (cMin=18928.218, cMax=25625.506, β=+0.219, looks slower than declared by ~n^0.219)
  per-spawn floor (harness self-measurement): 195.171 ms
  peak RSS: 68_288 kB..69_040 kB (across 9 ok row(s))
  trial summaries (3 trials per param; spread = (max-min)/median):
    param  trials  median      min         max         spread 
        2  3/3     151.425 µs  151.022 µs  152.397 µs  0.907% 
        4  3/3       1.361 ms    1.004 ms    1.367 ms  26.652%
        8  3/3      13.120 ms    7.954 ms   13.295 ms  40.708%

Hex.RowReduceBench.Field.functionsDeficientErrorSolve    expected complexity: n ^ 3    [warm cache]
  env: lean=4.34.0-rc2, os=linux, arch=x86_64, commit=9c14175-dirty, 2026-09-12T22:07:27Z, host=chungus2
  param  per-call    repeats  C
      2  145.398 µs  ×2^10    C=18148.813 [trial 1/3]
      4    1.850 ms  ×2^6     C=28909.053 [trial 1/3]
      8   23.541 ms  ×2^3     C=46071.479 [trial 1/3]
      2  145.190 µs  ×2^10    C=18148.813 [trial 2/3]
      4    1.833 ms  ×2^6     C=28909.053 [trial 2/3]
      8   23.589 ms  ×2^3     C=46071.479 [trial 2/3]
      2  143.505 µs  ×2^10    C=18148.813 [trial 3/3]
      4    1.864 ms  ×2^6     C=28909.053 [trial 3/3]
      8   38.887 ms  ×2^2     C=46071.479 [trial 3/3]
  verdict: inconclusive (cMin=18148.813, cMax=46071.479, β=+0.672, looks slower than declared by ~n^0.672)
  per-spawn floor (harness self-measurement): 123.382 ms
  peak RSS: 68_148 kB..69_060 kB (across 9 ok row(s))
  trial summaries (3 trials per param; spread = (max-min)/median):
    param  trials  median      min         max         spread 
        2  3/3     145.190 µs  143.505 µs  145.398 µs  1.303% 
        4  3/3       1.850 ms    1.833 ms    1.864 ms  1.704% 
        8  3/3      23.589 ms   23.541 ms   38.887 ms  65.058%

Hex.RowReduceBench.Field.functionsDeficientErrorOption    expected complexity: n ^ 3    [warm cache]
  env: lean=4.34.0-rc2, os=linux, arch=x86_64, commit=9c14175-dirty, 2026-09-12T22:07:30Z, host=chungus2
  param  per-call    repeats  C
      2  240.231 µs  ×2^9     C=29950.780 [trial 1/3]
      4    3.057 ms  ×2^6     C=47551.163 [trial 1/3]
      8   38.717 ms  ×2^2     C=75767.582 [trial 1/3]
      2  239.058 µs  ×2^9     C=29950.780 [trial 2/3]
      4    3.042 ms  ×2^6     C=47551.163 [trial 2/3]
      8   38.945 ms  ×2^2     C=75767.582 [trial 2/3]
      2  239.606 µs  ×2^9     C=29950.780 [trial 3/3]
      4    3.043 ms  ×2^6     C=47551.163 [trial 3/3]
      8   38.793 ms  ×2^2     C=75767.582 [trial 3/3]
  verdict: inconclusive (cMin=29950.780, cMax=75767.582, β=+0.669, looks slower than declared by ~n^0.669)
  per-spawn floor (harness self-measurement): 196.132 ms
  peak RSS: 68_268 kB..69_064 kB (across 9 ok row(s))
  trial summaries (3 trials per param; spread = (max-min)/median):
    param  trials  median      min         max         spread
        2  3/3     239.606 µs  239.058 µs  240.231 µs  0.490%
        4  3/3       3.043 ms    3.042 ms    3.057 ms  0.510%
        8  3/3      38.793 ms   38.717 ms   38.945 ms  0.589%

Hex.RowReduceBench.Field.functionsHalfErrorSolve    expected complexity: n ^ 3    [warm cache]
  env: lean=4.34.0-rc2, os=linux, arch=x86_64, commit=9c14175-dirty, 2026-09-12T22:07:34Z, host=chungus2
  param  per-call    repeats  C
      2  238.019 µs  ×2^9     C=29910.828 [trial 1/3]
      4    1.687 ms  ×2^7     C=26568.839 [trial 1/3]
      8   14.823 ms  ×2^3     C=29016.322 [trial 1/3]
      2  239.468 µs  ×2^9     C=29910.828 [trial 2/3]
      4    1.707 ms  ×2^7     C=26568.839 [trial 2/3]
      8   14.856 ms  ×2^3     C=29016.322 [trial 2/3]
      2  239.286 µs  ×2^9     C=29910.828 [trial 3/3]
      4    1.700 ms  ×2^7     C=26568.839 [trial 3/3]
      8   14.879 ms  ×2^3     C=29016.322 [trial 3/3]
  verdict: consistent with declared complexity (cMin=26568.839, cMax=29910.828, β=-0.022)
  per-spawn floor (harness self-measurement): 198.071 ms
  peak RSS: 68_204 kB..69_068 kB (across 9 ok row(s))
  trial summaries (3 trials per param; spread = (max-min)/median):
    param  trials  median      min         max         spread
        2  3/3     239.286 µs  238.019 µs  239.468 µs  0.605%
        4  3/3       1.700 ms    1.687 ms    1.707 ms  1.194%
        8  3/3      14.856 ms   14.823 ms   14.879 ms  0.376%

Hex.RowReduceBench.Field.functionsHalfErrorOption    expected complexity: n ^ 3    [warm cache]
  env: lean=4.34.0-rc2, os=linux, arch=x86_64, commit=9c14175-dirty, 2026-09-12T22:07:37Z, host=chungus2
  param  per-call    repeats  C
      2  237.682 µs  ×2^9     C=29715.795 [trial 1/3]
      4    1.693 ms  ×2^7     C=26446.105 [trial 1/3]
      8   14.807 ms  ×2^3     C=29080.398 [trial 1/3]
      2  237.726 µs  ×2^9     C=29715.795 [trial 2/3]
      4    1.685 ms  ×2^7     C=26446.105 [trial 2/3]
      8   14.953 ms  ×2^3     C=29080.398 [trial 2/3]
      2  239.140 µs  ×2^9     C=29715.795 [trial 3/3]
      4    1.693 ms  ×2^7     C=26446.105 [trial 3/3]
      8   14.889 ms  ×2^3     C=29080.398 [trial 3/3]
  verdict: consistent with declared complexity (cMin=26446.105, cMax=29715.795, β=-0.016)
  per-spawn floor (harness self-measurement): 197.121 ms
  peak RSS: 68_272 kB..69_028 kB (across 9 ok row(s))
  trial summaries (3 trials per param; spread = (max-min)/median):
    param  trials  median      min         max         spread
        2  3/3     237.726 µs  237.682 µs  239.140 µs  0.613%
        4  3/3       1.693 ms    1.685 ms    1.693 ms  0.472%
        8  3/3      14.889 ms   14.807 ms   14.953 ms  0.982%

Hex.RowReduceBench.Field.functionsTallSolve    expected complexity: n ^ 3    [warm cache]
  env: lean=4.34.0-rc2, os=linux, arch=x86_64, commit=9c14175-dirty, 2026-09-12T22:07:41Z, host=chungus2
  param  per-call   repeats  C
      2   1.234 ms  ×2^7     C=154307.950 [trial 1/3]
      4  10.221 ms  ×2^4     C=159516.474 [trial 1/3]
      8  83.822 ms  ×2^1     C=164741.408 [trial 1/3]
      2   1.238 ms  ×2^7     C=154307.950 [trial 2/3]
      4  10.150 ms  ×2^4     C=159516.474 [trial 2/3]
      8  84.348 ms  ×2^1     C=164741.408 [trial 2/3]
      2   1.234 ms  ×2^7     C=154307.950 [trial 3/3]
      4  10.209 ms  ×2^4     C=159516.474 [trial 3/3]
      8  84.617 ms  ×2^1     C=164741.408 [trial 3/3]
  verdict: consistent with declared complexity (cMin=154307.950, cMax=164741.408, β=+0.047)
  per-spawn floor (harness self-measurement): 195.230 ms
  peak RSS: 68_188 kB..69_060 kB (across 9 ok row(s))
  trial summaries (3 trials per param; spread = (max-min)/median):
    param  trials  median     min        max        spread
        2  3/3      1.234 ms   1.234 ms   1.238 ms  0.318%
        4  3/3     10.209 ms  10.150 ms  10.221 ms  0.698%
        8  3/3     84.348 ms  83.822 ms  84.617 ms  0.943%

Hex.RowReduceBench.Field.functionsTallOption    expected complexity: n ^ 3    [warm cache]
  env: lean=4.34.0-rc2, os=linux, arch=x86_64, commit=9c14175-dirty, 2026-09-12T22:07:45Z, host=chungus2
  param  per-call   repeats  C
      2   1.229 ms  ×2^7     C=154099.124 [trial 1/3]
      4  10.128 ms  ×2^4     C=159904.472 [trial 1/3]
      8  84.984 ms  ×2^1     C=165365.861 [trial 1/3]
      2   1.235 ms  ×2^7     C=154099.124 [trial 2/3]
      4  10.299 ms  ×2^4     C=159904.472 [trial 2/3]
      8  84.667 ms  ×2^1     C=165365.861 [trial 2/3]
      2   1.233 ms  ×2^7     C=154099.124 [trial 3/3]
      4  10.234 ms  ×2^4     C=159904.472 [trial 3/3]
      8  83.585 ms  ×2^1     C=165365.861 [trial 3/3]
  verdict: consistent with declared complexity (cMin=154099.124, cMax=165365.861, β=+0.051)
  per-spawn floor (harness self-measurement): 197.159 ms
  peak RSS: 68_168 kB..68_968 kB (across 9 ok row(s))
  trial summaries (3 trials per param; spread = (max-min)/median):
    param  trials  median     min        max        spread
        2  3/3      1.233 ms   1.229 ms   1.235 ms  0.471%
        4  3/3     10.234 ms  10.128 ms  10.299 ms  1.665%
        8  3/3     84.667 ms  83.585 ms  84.984 ms  1.652%

Hex.RowReduceBench.Field.functionsWideSolve    expected complexity: n ^ 3    [warm cache]
  env: lean=4.34.0-rc2, os=linux, arch=x86_64, commit=9c14175-dirty, 2026-09-12T22:07:50Z, host=chungus2
  param  per-call   repeats  C
      2   1.007 ms  ×2^7     C=125861.400 [trial 1/3]
      4   9.583 ms  ×2^4     C=148845.278 [trial 1/3]
      8  82.370 ms  ×2^1     C=160147.224 [trial 1/3]
      2   1.007 ms  ×2^7     C=125861.400 [trial 2/3]
      4   9.526 ms  ×2^4     C=148845.278 [trial 2/3]
      8  81.866 ms  ×2^1     C=160147.224 [trial 2/3]
      2   1.004 ms  ×2^7     C=125861.400 [trial 3/3]
      4   9.510 ms  ×2^4     C=148845.278 [trial 3/3]
      8  81.995 ms  ×2^1     C=160147.224 [trial 3/3]
  verdict: inconclusive (cMin=125861.400, cMax=160147.224, β=+0.174, looks slower than declared by ~n^0.174)
  per-spawn floor (harness self-measurement): 193.994 ms
  peak RSS: 68_208 kB..68_968 kB (across 9 ok row(s))
  trial summaries (3 trials per param; spread = (max-min)/median):
    param  trials  median     min        max        spread
        2  3/3      1.007 ms   1.004 ms   1.007 ms  0.324%
        4  3/3      9.526 ms   9.510 ms   9.583 ms  0.757%
        8  3/3     81.995 ms  81.866 ms  82.370 ms  0.614%

Hex.RowReduceBench.Field.functionsWideOption    expected complexity: n ^ 3    [warm cache]
  env: lean=4.34.0-rc2, os=linux, arch=x86_64, commit=9c14175-dirty, 2026-09-12T22:07:54Z, host=chungus2
  param  per-call   repeats  C
      2   1.009 ms  ×2^7     C=125520.347 [trial 1/3]
      4   9.599 ms  ×2^4     C=149512.001 [trial 1/3]
      8  81.917 ms  ×2^1     C=159994.252 [trial 1/3]
      2   1.002 ms  ×2^7     C=125520.347 [trial 2/3]
      4   9.569 ms  ×2^4     C=149512.001 [trial 2/3]
      8  80.962 ms  ×2^1     C=159994.252 [trial 2/3]
      2   1.004 ms  ×2^7     C=125520.347 [trial 3/3]
      4   9.567 ms  ×2^4     C=149512.001 [trial 3/3]
      8  82.072 ms  ×2^1     C=159994.252 [trial 3/3]
  verdict: inconclusive (cMin=125520.347, cMax=159994.252, β=+0.175, looks slower than declared by ~n^0.175)
  per-spawn floor (harness self-measurement): 195.539 ms
  peak RSS: 68_268 kB..69_072 kB (across 9 ok row(s))
  trial summaries (3 trials per param; spread = (max-min)/median):
    param  trials  median     min        max        spread
        2  3/3      1.004 ms   1.002 ms   1.009 ms  0.635%
        4  3/3      9.569 ms   9.567 ms   9.599 ms  0.335%
        8  3/3     81.917 ms  80.962 ms  82.072 ms  1.355%

Hex.RowReduceBench.Field.height8FullSolve    expected complexity: n ^ 2    [warm cache]
  env: lean=4.34.0-rc2, os=linux, arch=x86_64, commit=9c14175-dirty, 2026-09-12T22:07:58Z, host=chungus2
  param  per-call    repeats  C
      8  578.856 µs  ×2^8     C=5532.139 [trial 1/3] †
     16  623.099 µs  ×2^8     C=1514.469 [trial 1/3]
     32  953.326 µs  ×2^7     C= 593.623 [trial 1/3]
     64    1.064 ms  ×2^7     C= 259.858 [trial 1/3]
    128    1.287 ms  ×2^7     C=  78.551 [trial 1/3]
    256    1.663 ms  ×2^7     C=  25.795 [trial 1/3]
      8  353.838 µs  ×2^9     C=5532.139 [trial 2/3] †
     16  387.704 µs  ×2^9     C=1514.469 [trial 2/3]
     32  591.715 µs  ×2^8     C= 593.623 [trial 2/3]
     64    1.053 ms  ×2^7     C= 259.858 [trial 2/3]
    128    1.274 ms  ×2^7     C=  78.551 [trial 2/3]
    256    1.704 ms  ×2^7     C=  25.795 [trial 2/3]
      8  354.056 µs  ×2^9     C=5532.139 [trial 3/3] †
     16  383.699 µs  ×2^9     C=1514.469 [trial 3/3]
     32  607.869 µs  ×2^8     C= 593.623 [trial 3/3]
     64    1.069 ms  ×2^7     C= 259.858 [trial 3/3]
    128    1.318 ms  ×2^7     C=  78.551 [trial 3/3]
    256    1.691 ms  ×2^7     C=  25.795 [trial 3/3]
  verdict: inconclusive (cMin=25.795, cMax=1514.469, β=-1.467, looks faster than declared by ~n^1.467)
  per-spawn floor (harness self-measurement): 195.035 ms
  peak RSS: 68_508 kB..69_052 kB (across 18 ok row(s))
  trial summaries (3 trials per param; spread = (max-min)/median):
    param  trials  median      min         max         spread 
        8  3/3     354.056 µs  353.838 µs  578.856 µs  63.554%
       16  3/3     387.704 µs  383.699 µs  623.099 µs  61.748%
       32  3/3     607.869 µs  591.715 µs  953.326 µs  59.488%
       64  3/3       1.064 ms    1.053 ms    1.069 ms  1.535% 
      128  3/3       1.287 ms    1.274 ms    1.318 ms  3.422% 
      256  3/3       1.691 ms    1.663 ms    1.704 ms  2.445% 

Hex.RowReduceBench.Field.height8FullOption    expected complexity: n ^ 2    [warm cache]
  env: lean=4.34.0-rc2, os=linux, arch=x86_64, commit=9c14175-dirty, 2026-09-12T22:08:04Z, host=chungus2
  param  per-call    repeats  C
      8  349.994 µs  ×2^9     C=5532.496 [trial 1/3] †
     16  382.927 µs  ×2^9     C=1513.813 [trial 1/3]
     32  602.876 µs  ×2^8     C= 588.746 [trial 1/3]
     64    1.056 ms  ×2^7     C= 257.865 [trial 1/3]
    128    1.295 ms  ×2^7     C=  79.049 [trial 1/3]
    256    1.671 ms  ×2^7     C=  25.536 [trial 1/3]
      8  354.079 µs  ×2^9     C=5532.496 [trial 2/3] †
     16  387.536 µs  ×2^9     C=1513.813 [trial 2/3]
     32  605.621 µs  ×2^8     C= 588.746 [trial 2/3]
     64    1.050 ms  ×2^7     C= 257.865 [trial 2/3]
    128    1.302 ms  ×2^7     C=  79.049 [trial 2/3]
    256    1.684 ms  ×2^7     C=  25.536 [trial 2/3]
      8  357.825 µs  ×2^9     C=5532.496 [trial 3/3] †
     16  412.296 µs  ×2^8     C=1513.813 [trial 3/3]
     32  601.322 µs  ×2^8     C= 588.746 [trial 3/3]
     64    1.059 ms  ×2^7     C= 257.865 [trial 3/3]
    128    1.270 ms  ×2^7     C=  79.049 [trial 3/3]
    256    1.674 ms  ×2^7     C=  25.536 [trial 3/3]
  verdict: inconclusive (cMin=25.536, cMax=1513.813, β=-1.468, looks faster than declared by ~n^1.468)
  per-spawn floor (harness self-measurement): 120.606 ms
  peak RSS: 68_156 kB..69_068 kB (across 18 ok row(s))
  trial summaries (3 trials per param; spread = (max-min)/median):
    param  trials  median      min         max         spread
        8  3/3     354.079 µs  349.994 µs  357.825 µs  2.211%
       16  3/3     387.536 µs  382.927 µs  412.296 µs  7.579%
       32  3/3     602.876 µs  601.322 µs  605.621 µs  0.713%
       64  3/3       1.056 ms    1.050 ms    1.059 ms  0.855%
      128  3/3       1.295 ms    1.270 ms    1.302 ms  2.507%
      256  3/3       1.674 ms    1.671 ms    1.684 ms  0.819%

Hex.RowReduceBench.Field.height8FullInverse    expected complexity: n ^ 2    [warm cache]
  env: lean=4.34.0-rc2, os=linux, arch=x86_64, commit=9c14175-dirty, 2026-09-12T22:08:09Z, host=chungus2
  param  per-call    repeats  C
      8  320.701 µs  ×2^9     C=5010.968 [trial 1/3] †
     16  336.002 µs  ×2^9     C=1404.545 [trial 1/3]
     32  512.530 µs  ×2^8     C= 511.823 [trial 1/3]
     64  964.416 µs  ×2^7     C= 241.501 [trial 1/3]
    128    1.149 ms  ×2^7     C=  70.155 [trial 1/3]
    256    1.387 ms  ×2^7     C=  21.162 [trial 1/3]
      8  311.036 µs  ×2^9     C=5010.968 [trial 2/3] †
     16  359.563 µs  ×2^9     C=1404.545 [trial 2/3]
     32  524.107 µs  ×2^8     C= 511.823 [trial 2/3]
     64  989.188 µs  ×2^7     C= 241.501 [trial 2/3]
    128    1.147 ms  ×2^7     C=  70.155 [trial 2/3]
    256    1.381 ms  ×2^7     C=  21.162 [trial 2/3]
      8  519.111 µs  ×2^8     C=5010.968 [trial 3/3] †
     16  551.094 µs  ×2^8     C=1404.545 [trial 3/3]
     32  835.611 µs  ×2^8     C= 511.823 [trial 3/3]
     64    1.559 ms  ×2^7     C= 241.501 [trial 3/3]
    128    1.803 ms  ×2^6     C=  70.155 [trial 3/3]
    256    2.120 ms  ×2^6     C=  21.162 [trial 3/3]
  verdict: inconclusive (cMin=21.162, cMax=1404.545, β=-1.497, looks faster than declared by ~n^1.497)
  per-spawn floor (harness self-measurement): 121.808 ms
  peak RSS: 68_112 kB..69_080 kB (across 18 ok row(s))
  trial summaries (3 trials per param; spread = (max-min)/median):
    param  trials  median      min         max         spread 
        8  3/3     320.701 µs  311.036 µs  519.111 µs  64.881%
       16  3/3     359.563 µs  336.002 µs  551.094 µs  59.820%
       32  3/3     524.107 µs  512.530 µs  835.611 µs  61.644%
       64  3/3     989.188 µs  964.416 µs    1.559 ms  60.149%
      128  3/3       1.149 ms    1.147 ms    1.803 ms  57.085%
      256  3/3       1.387 ms    1.381 ms    2.120 ms  53.317%

Hex.RowReduceBench.Field.height8DeficientSolve    expected complexity: n ^ 2    [warm cache]
  env: lean=4.34.0-rc2, os=linux, arch=x86_64, commit=9c14175-dirty, 2026-09-12T22:08:15Z, host=chungus2
  param  per-call    repeats  C
      8  453.239 µs  ×2^8     C=7030.622 [trial 1/3] †
     16  485.433 µs  ×2^8     C=1893.329 [trial 1/3]
     32  707.259 µs  ×2^8     C= 693.601 [trial 1/3]
     64    1.250 ms  ×2^7     C= 306.062 [trial 1/3]
    128    1.450 ms  ×2^7     C=  89.948 [trial 1/3]
    256    1.836 ms  ×2^6     C=  28.020 [trial 1/3]
      8  449.924 µs  ×2^8     C=7030.622 [trial 2/3] †
     16  484.044 µs  ×2^8     C=1893.329 [trial 2/3]
     32  710.247 µs  ×2^8     C= 693.601 [trial 2/3]
     64    1.254 ms  ×2^7     C= 306.062 [trial 2/3]
    128    1.474 ms  ×2^7     C=  89.948 [trial 2/3]
    256    1.844 ms  ×2^6     C=  28.020 [trial 2/3]
      8  449.959 µs  ×2^8     C=7030.622 [trial 3/3] †
     16  484.692 µs  ×2^8     C=1893.329 [trial 3/3]
     32  710.643 µs  ×2^8     C= 693.601 [trial 3/3]
     64    1.273 ms  ×2^7     C= 306.062 [trial 3/3]
    128    1.475 ms  ×2^7     C=  89.948 [trial 3/3]
    256    1.834 ms  ×2^6     C=  28.020 [trial 3/3]
  verdict: inconclusive (cMin=28.020, cMax=1893.329, β=-1.510, looks faster than declared by ~n^1.510)
  per-spawn floor (harness self-measurement): 194.400 ms
  peak RSS: 68_148 kB..69_064 kB (across 18 ok row(s))
  trial summaries (3 trials per param; spread = (max-min)/median):
    param  trials  median      min         max         spread
        8  3/3     449.959 µs  449.924 µs  453.239 µs  0.737%
       16  3/3     484.692 µs  484.044 µs  485.433 µs  0.286%
       32  3/3     710.247 µs  707.259 µs  710.643 µs  0.476%
       64  3/3       1.254 ms    1.250 ms    1.273 ms  1.798%
      128  3/3       1.474 ms    1.450 ms    1.475 ms  1.681%
      256  3/3       1.836 ms    1.834 ms    1.844 ms  0.498%

Hex.RowReduceBench.Field.height8DeficientOption    expected complexity: n ^ 2    [warm cache]
  env: lean=4.34.0-rc2, os=linux, arch=x86_64, commit=9c14175-dirty, 2026-09-12T22:08:21Z, host=chungus2
  param  per-call    repeats  C
      8  450.261 µs  ×2^8     C=7140.930 [trial 1/3] †
     16  484.193 µs  ×2^8     C=1891.381 [trial 1/3]
     32  714.785 µs  ×2^8     C= 695.047 [trial 1/3]
     64    1.248 ms  ×2^7     C= 304.669 [trial 1/3]
    128    1.465 ms  ×2^7     C=  89.709 [trial 1/3]
    256    1.839 ms  ×2^6     C=  28.097 [trial 1/3]
      8  459.836 µs  ×2^8     C=7140.930 [trial 2/3] †
     16  486.731 µs  ×2^8     C=1891.381 [trial 2/3]
     32  711.285 µs  ×2^8     C= 695.047 [trial 2/3]
     64    1.248 ms  ×2^7     C= 304.669 [trial 2/3]
    128    1.471 ms  ×2^7     C=  89.709 [trial 2/3]
    256    1.849 ms  ×2^6     C=  28.097 [trial 2/3]
      8  457.019 µs  ×2^8     C=7140.930 [trial 3/3] †
     16  480.683 µs  ×2^8     C=1891.381 [trial 3/3]
     32  711.728 µs  ×2^8     C= 695.047 [trial 3/3]
     64    1.236 ms  ×2^7     C= 304.669 [trial 3/3]
    128    1.470 ms  ×2^7     C=  89.709 [trial 3/3]
    256    1.841 ms  ×2^6     C=  28.097 [trial 3/3]
  verdict: inconclusive (cMin=28.097, cMax=1891.381, β=-1.510, looks faster than declared by ~n^1.510)
  per-spawn floor (harness self-measurement): 194.071 ms
  peak RSS: 68_132 kB..69_044 kB (across 18 ok row(s))
  trial summaries (3 trials per param; spread = (max-min)/median):
    param  trials  median      min         max         spread
        8  3/3     457.019 µs  450.261 µs  459.836 µs  2.095%
       16  3/3     484.193 µs  480.683 µs  486.731 µs  1.249%
       32  3/3     711.728 µs  711.285 µs  714.785 µs  0.492%
       64  3/3       1.248 ms    1.236 ms    1.248 ms  0.954%
      128  3/3       1.470 ms    1.465 ms    1.471 ms  0.456%
      256  3/3       1.841 ms    1.839 ms    1.849 ms  0.505%

Hex.RowReduceBench.Field.height8DeficientInverse    expected complexity: n ^ 2    [warm cache]
  env: lean=4.34.0-rc2, os=linux, arch=x86_64, commit=9c14175-dirty, 2026-09-12T22:08:28Z, host=chungus2
  param  per-call    repeats  C
      8  393.894 µs  ×2^9     C=6109.928 [trial 1/3] †
     16  414.613 µs  ×2^8     C=1615.542 [trial 1/3]
     32  598.961 µs  ×2^8     C= 588.613 [trial 1/3]
     64    1.100 ms  ×2^7     C= 268.490 [trial 1/3]
    128    1.273 ms  ×2^7     C=  77.630 [trial 1/3]
    256    1.484 ms  ×2^7     C=  22.645 [trial 1/3]
      8  390.638 µs  ×2^9     C=6109.928 [trial 2/3] †
     16  412.958 µs  ×2^9     C=1615.542 [trial 2/3]
     32  602.739 µs  ×2^8     C= 588.613 [trial 2/3]
     64    1.088 ms  ×2^7     C= 268.490 [trial 2/3]
    128    1.266 ms  ×2^7     C=  77.630 [trial 2/3]
    256    1.482 ms  ×2^7     C=  22.645 [trial 2/3]
      8  391.035 µs  ×2^9     C=6109.928 [trial 3/3] †
     16  413.578 µs  ×2^9     C=1615.542 [trial 3/3]
     32  605.670 µs  ×2^8     C= 588.613 [trial 3/3]
     64    1.107 ms  ×2^7     C= 268.490 [trial 3/3]
    128    1.272 ms  ×2^7     C=  77.630 [trial 3/3]
    256    1.501 ms  ×2^7     C=  22.645 [trial 3/3]
  verdict: inconclusive (cMin=22.645, cMax=1615.542, β=-1.524, looks faster than declared by ~n^1.524)
  per-spawn floor (harness self-measurement): 193.634 ms
  peak RSS: 68_140 kB..69_020 kB (across 18 ok row(s))
  trial summaries (3 trials per param; spread = (max-min)/median):
    param  trials  median      min         max         spread
        8  3/3     391.035 µs  390.638 µs  393.894 µs  0.833%
       16  3/3     413.578 µs  412.958 µs  414.613 µs  0.400%
       32  3/3     602.739 µs  598.961 µs  605.670 µs  1.113%
       64  3/3       1.100 ms    1.088 ms    1.107 ms  1.693%
      128  3/3       1.272 ms    1.266 ms    1.273 ms  0.585%
      256  3/3       1.484 ms    1.482 ms    1.501 ms  1.285%

Hex.RowReduceBench.Field.height8HalfSolve    expected complexity: n ^ 2    [warm cache]
  env: lean=4.34.0-rc2, os=linux, arch=x86_64, commit=9c14175-dirty, 2026-09-12T22:08:35Z, host=chungus2
  param  per-call    repeats  C
      8  258.319 µs  ×2^9     C=4048.068 [trial 1/3] †
     16  270.287 µs  ×2^9     C=1056.234 [trial 1/3]
     32  374.005 µs  ×2^9     C= 363.071 [trial 1/3]
     64  611.087 µs  ×2^8     C= 149.008 [trial 1/3]
    128  686.642 µs  ×2^8     C=  41.968 [trial 1/3]
    256  798.627 µs  ×2^8     C=  12.187 [trial 1/3]
      8  259.076 µs  ×2^9     C=4048.068 [trial 2/3] †
     16  270.395 µs  ×2^9     C=1056.234 [trial 2/3]
     32  364.669 µs  ×2^9     C= 363.071 [trial 2/3]
     64  610.335 µs  ×2^8     C= 149.008 [trial 2/3]
    128  692.700 µs  ×2^8     C=  41.968 [trial 2/3]
    256  801.754 µs  ×2^8     C=  12.187 [trial 2/3]
      8  260.975 µs  ×2^9     C=4048.068 [trial 3/3] †
     16  271.250 µs  ×2^9     C=1056.234 [trial 3/3]
     32  371.784 µs  ×2^9     C= 363.071 [trial 3/3]
     64  610.332 µs  ×2^8     C= 149.008 [trial 3/3]
    128  687.595 µs  ×2^8     C=  41.968 [trial 3/3]
    256  798.680 µs  ×2^8     C=  12.187 [trial 3/3]
  verdict: inconclusive (cMin=12.187, cMax=1056.234, β=-1.599, looks faster than declared by ~n^1.599)
  per-spawn floor (harness self-measurement): 198.437 ms
  peak RSS: 68_268 kB..69_080 kB (across 18 ok row(s))
  trial summaries (3 trials per param; spread = (max-min)/median):
    param  trials  median      min         max         spread
        8  3/3     259.076 µs  258.319 µs  260.975 µs  1.025%
       16  3/3     270.395 µs  270.287 µs  271.250 µs  0.356%
       32  3/3     371.784 µs  364.669 µs  374.005 µs  2.511%
       64  3/3     610.335 µs  610.332 µs  611.087 µs  0.124%
      128  3/3     687.595 µs  686.642 µs  692.700 µs  0.881%
      256  3/3     798.680 µs  798.627 µs  801.754 µs  0.392%

Hex.RowReduceBench.Field.height8HalfOption    expected complexity: n ^ 2    [warm cache]
  env: lean=4.34.0-rc2, os=linux, arch=x86_64, commit=9c14175-dirty, 2026-09-12T22:08:42Z, host=chungus2
  param  per-call    repeats  C
      8  259.546 µs  ×2^9     C=4055.420 [trial 1/3] †
     16  270.938 µs  ×2^9     C=1060.863 [trial 1/3]
     32  373.800 µs  ×2^9     C= 365.756 [trial 1/3]
     64  605.326 µs  ×2^8     C= 148.618 [trial 1/3]
    128  688.308 µs  ×2^8     C=  42.096 [trial 1/3]
    256  800.860 µs  ×2^8     C=  12.232 [trial 1/3]
      8  258.592 µs  ×2^9     C=4055.420 [trial 2/3] †
     16  272.620 µs  ×2^9     C=1060.863 [trial 2/3]
     32  374.534 µs  ×2^9     C= 365.756 [trial 2/3]
     64  608.738 µs  ×2^8     C= 148.618 [trial 2/3]
    128  694.090 µs  ×2^8     C=  42.096 [trial 2/3]
    256  801.998 µs  ×2^8     C=  12.232 [trial 2/3]
      8  260.497 µs  ×2^9     C=4055.420 [trial 3/3] †
     16  271.580 µs  ×2^9     C=1060.863 [trial 3/3]
     32  374.560 µs  ×2^9     C= 365.756 [trial 3/3]
     64  610.121 µs  ×2^8     C= 148.618 [trial 3/3]
    128  689.702 µs  ×2^8     C=  42.096 [trial 3/3]
    256  801.641 µs  ×2^8     C=  12.232 [trial 3/3]
  verdict: inconclusive (cMin=12.232, cMax=1060.863, β=-1.600, looks faster than declared by ~n^1.600)
  per-spawn floor (harness self-measurement): 192.207 ms
  peak RSS: 68_204 kB..69_068 kB (across 18 ok row(s))
  trial summaries (3 trials per param; spread = (max-min)/median):
    param  trials  median      min         max         spread
        8  3/3     259.546 µs  258.592 µs  260.497 µs  0.734%
       16  3/3     271.580 µs  270.938 µs  272.620 µs  0.619%
       32  3/3     374.534 µs  373.800 µs  374.560 µs  0.203%
       64  3/3     608.738 µs  605.326 µs  610.121 µs  0.788%
      128  3/3     689.702 µs  688.308 µs  694.090 µs  0.838%
      256  3/3     801.641 µs  800.860 µs  801.998 µs  0.142%

Hex.RowReduceBench.Field.height8HalfInverse    expected complexity: n ^ 2    [warm cache]
  env: lean=4.34.0-rc2, os=linux, arch=x86_64, commit=9c14175-dirty, 2026-09-12T22:08:48Z, host=chungus2
  param  per-call    repeats  C
      8  198.695 µs  ×2^10    C=3104.625 [trial 1/3] †
     16  208.168 µs  ×2^10    C= 805.294 [trial 1/3]
     32  288.564 µs  ×2^9     C= 281.801 [trial 1/3]
     64  506.372 µs  ×2^8     C= 122.866 [trial 1/3]
    128  569.971 µs  ×2^8     C=  34.826 [trial 1/3]
    256  663.539 µs  ×2^8     C=  10.119 [trial 1/3]
      8  199.254 µs  ×2^10    C=3104.625 [trial 2/3] †
     16  206.154 µs  ×2^10    C= 805.294 [trial 2/3]
     32  292.725 µs  ×2^9     C= 281.801 [trial 2/3]
     64  503.258 µs  ×2^8     C= 122.866 [trial 2/3]
    128  571.232 µs  ×2^8     C=  34.826 [trial 2/3]
    256  663.145 µs  ×2^8     C=  10.119 [trial 2/3]
      8  198.496 µs  ×2^10    C=3104.625 [trial 3/3] †
     16  206.155 µs  ×2^10    C= 805.294 [trial 3/3]
     32  286.956 µs  ×2^9     C= 281.801 [trial 3/3]
     64  501.454 µs  ×2^8     C= 122.866 [trial 3/3]
    128  570.585 µs  ×2^8     C=  34.826 [trial 3/3]
    256  657.736 µs  ×2^8     C=  10.119 [trial 3/3]
  verdict: inconclusive (cMin=10.119, cMax=805.294, β=-1.565, looks faster than declared by ~n^1.565)
  per-spawn floor (harness self-measurement): 197.363 ms
  peak RSS: 68_148 kB..69_024 kB (across 18 ok row(s))
  trial summaries (3 trials per param; spread = (max-min)/median):
    param  trials  median      min         max         spread
        8  3/3     198.695 µs  198.496 µs  199.254 µs  0.382%
       16  3/3     206.155 µs  206.154 µs  208.168 µs  0.977%
       32  3/3     288.564 µs  286.956 µs  292.725 µs  1.999%
       64  3/3     503.258 µs  501.454 µs  506.372 µs  0.977%
      128  3/3     570.585 µs  569.971 µs  571.232 µs  0.221%
      256  3/3     663.145 µs  657.736 µs  663.539 µs  0.875%

Hex.RowReduceBench.Field.height8DeficientErrorSolve    expected complexity: n ^ 2    [warm cache]
  env: lean=4.34.0-rc2, os=linux, arch=x86_64, commit=9c14175-dirty, 2026-09-12T22:08:55Z, host=chungus2
  param  per-call    repeats  C
      8  429.155 µs  ×2^8     C=6705.548 [trial 1/3] †
     16  457.851 µs  ×2^8     C=1784.716 [trial 1/3]
     32  680.216 µs  ×2^8     C= 665.505 [trial 1/3]
     64    1.207 ms  ×2^7     C= 296.937 [trial 1/3]
    128    1.445 ms  ×2^7     C=  87.823 [trial 1/3]
    256    1.813 ms  ×2^6     C=  27.680 [trial 1/3]
      8  427.476 µs  ×2^9     C=6705.548 [trial 2/3] †
     16  455.903 µs  ×2^8     C=1784.716 [trial 2/3]
     32  681.477 µs  ×2^8     C= 665.505 [trial 2/3]
     64    1.218 ms  ×2^7     C= 296.937 [trial 2/3]
    128    1.439 ms  ×2^7     C=  87.823 [trial 2/3]
    256    1.814 ms  ×2^6     C=  27.680 [trial 2/3]
      8  431.655 µs  ×2^8     C=6705.548 [trial 3/3] †
     16  456.887 µs  ×2^8     C=1784.716 [trial 3/3]
     32  689.251 µs  ×2^8     C= 665.505 [trial 3/3]
     64    1.216 ms  ×2^7     C= 296.937 [trial 3/3]
    128    1.436 ms  ×2^7     C=  87.823 [trial 3/3]
    256    1.818 ms  ×2^6     C=  27.680 [trial 3/3]
  verdict: inconclusive (cMin=27.680, cMax=1784.716, β=-1.494, looks faster than declared by ~n^1.494)
  per-spawn floor (harness self-measurement): 194.269 ms
  peak RSS: 68_148 kB..69_076 kB (across 18 ok row(s))
  trial summaries (3 trials per param; spread = (max-min)/median):
    param  trials  median      min         max         spread
        8  3/3     429.155 µs  427.476 µs  431.655 µs  0.974%
       16  3/3     456.887 µs  455.903 µs  457.851 µs  0.426%
       32  3/3     681.477 µs  680.216 µs  689.251 µs  1.326%
       64  3/3       1.216 ms    1.207 ms    1.218 ms  0.943%
      128  3/3       1.439 ms    1.436 ms    1.445 ms  0.660%
      256  3/3       1.814 ms    1.813 ms    1.818 ms  0.297%

Hex.RowReduceBench.Field.height8DeficientErrorOption    expected complexity: n ^ 2    [warm cache]
  env: lean=4.34.0-rc2, os=linux, arch=x86_64, commit=9c14175-dirty, 2026-09-12T22:09:02Z, host=chungus2
  param  per-call    repeats  C
      8  427.894 µs  ×2^8     C=7661.307 [trial 1/3] †
     16  456.283 µs  ×2^8     C=2042.745 [trial 1/3]
     32  494.642 µs  ×2^8     C= 772.569 [trial 1/3]
     64  768.199 µs  ×2^8     C= 344.028 [trial 1/3]
    128    1.242 ms  ×2^7     C= 100.490 [trial 1/3]
    256    2.014 ms  ×2^6     C=  30.769 [trial 1/3]
      8  490.323 µs  ×2^8     C=7661.307 [trial 2/3] †
     16  522.942 µs  ×2^8     C=2042.745 [trial 2/3]
     32  791.110 µs  ×2^8     C= 772.569 [trial 2/3]
     64    1.409 ms  ×2^7     C= 344.028 [trial 2/3]
    128    1.646 ms  ×2^7     C= 100.490 [trial 2/3]
    256    2.017 ms  ×2^6     C=  30.769 [trial 2/3]
      8  492.339 µs  ×2^8     C=7661.307 [trial 3/3] †
     16  527.878 µs  ×2^8     C=2042.745 [trial 3/3]
     32  803.118 µs  ×2^8     C= 772.569 [trial 3/3]
     64    1.415 ms  ×2^7     C= 344.028 [trial 3/3]
    128    1.655 ms  ×2^7     C= 100.490 [trial 3/3]
    256    2.016 ms  ×2^6     C=  30.769 [trial 3/3]
  verdict: inconclusive (cMin=30.769, cMax=2042.745, β=-1.505, looks faster than declared by ~n^1.505)
  per-spawn floor (harness self-measurement): 198.299 ms
  peak RSS: 68_188 kB..69_068 kB (across 18 ok row(s))
  trial summaries (3 trials per param; spread = (max-min)/median):
    param  trials  median      min         max         spread 
        8  3/3     490.323 µs  427.894 µs  492.339 µs  13.144%
       16  3/3     522.942 µs  456.283 µs  527.878 µs  13.691%
       32  3/3     791.110 µs  494.642 µs  803.118 µs  38.993%
       64  3/3       1.409 ms  768.199 µs    1.415 ms  45.930%
      128  3/3       1.646 ms    1.242 ms    1.655 ms  25.106%
      256  3/3       2.016 ms    2.014 ms    2.017 ms  0.148% 

Hex.RowReduceBench.Field.height8HalfErrorSolve    expected complexity: n ^ 2    [warm cache]
  env: lean=4.34.0-rc2, os=linux, arch=x86_64, commit=9c14175-dirty, 2026-09-12T22:09:09Z, host=chungus2
  param  per-call    repeats  C
      8  261.666 µs  ×2^9     C=3600.078 [trial 1/3] †
     16  147.135 µs  ×2^10    C= 590.305 [trial 1/3]
     32  214.878 µs  ×2^9     C= 236.853 [trial 1/3]
     64  353.466 µs  ×2^9     C= 142.182 [trial 1/3]
    128  417.238 µs  ×2^8     C=  40.610 [trial 1/3]
    256  504.876 µs  ×2^8     C=  11.734 [trial 1/3]
      8  138.826 µs  ×2^10    C=3600.078 [trial 2/3] †
     16  151.118 µs  ×2^10    C= 590.305 [trial 2/3]
     32  242.537 µs  ×2^10    C= 236.853 [trial 2/3]
     64  584.140 µs  ×2^8     C= 142.182 [trial 2/3]
    128  665.359 µs  ×2^8     C=  40.610 [trial 2/3]
    256  772.560 µs  ×2^8     C=  11.734 [trial 2/3]
      8  230.405 µs  ×2^9     C=3600.078 [trial 3/3] †
     16  240.074 µs  ×2^9     C= 590.305 [trial 3/3]
     32  343.822 µs  ×2^9     C= 236.853 [trial 3/3]
     64  582.375 µs  ×2^8     C= 142.182 [trial 3/3]
    128  668.599 µs  ×2^8     C=  40.610 [trial 3/3]
    256  768.984 µs  ×2^8     C=  11.734 [trial 3/3]
  verdict: inconclusive (cMin=11.734, cMax=590.305, β=-1.385, looks faster than declared by ~n^1.385)
  per-spawn floor (harness self-measurement): 225.570 ms
  peak RSS: 68_128 kB..69_072 kB (across 18 ok row(s))
  trial summaries (3 trials per param; spread = (max-min)/median):
    param  trials  median      min         max         spread 
        8  3/3     230.405 µs  138.826 µs  261.666 µs  53.315%
       16  3/3     151.118 µs  147.135 µs  240.074 µs  61.501%
       32  3/3     242.537 µs  214.878 µs  343.822 µs  53.164%
       64  3/3     582.375 µs  353.466 µs  584.140 µs  39.609%
      128  3/3     665.359 µs  417.238 µs  668.599 µs  37.778%
      256  3/3     768.984 µs  504.876 µs  772.560 µs  34.810%

Hex.RowReduceBench.Field.height8HalfErrorOption    expected complexity: n ^ 2    [warm cache]
  env: lean=4.34.0-rc2, os=linux, arch=x86_64, commit=9c14175-dirty, 2026-09-12T22:09:15Z, host=chungus2
  param  per-call    repeats  C
      8  228.804 µs  ×2^9     C=3602.538 [trial 1/3] †
     16  243.376 µs  ×2^9     C= 947.589 [trial 1/3]
     32  345.099 µs  ×2^9     C= 335.339 [trial 1/3]
     64  592.515 µs  ×2^8     C= 142.933 [trial 1/3]
    128  663.454 µs  ×2^8     C=  40.462 [trial 1/3]
    256  772.939 µs  ×2^8     C=  11.851 [trial 1/3]
      8  230.562 µs  ×2^9     C=3602.538 [trial 2/3] †
     16  241.525 µs  ×2^9     C= 947.589 [trial 2/3]
     32  343.110 µs  ×2^9     C= 335.339 [trial 2/3]
     64  582.333 µs  ×2^8     C= 142.933 [trial 2/3]
    128  662.926 µs  ×2^8     C=  40.462 [trial 2/3]
    256  776.689 µs  ×2^8     C=  11.851 [trial 2/3]
      8  232.375 µs  ×2^9     C=3602.538 [trial 3/3] †
     16  242.582 µs  ×2^9     C= 947.589 [trial 3/3]
     32  343.386 µs  ×2^9     C= 335.339 [trial 3/3]
     64  585.455 µs  ×2^8     C= 142.933 [trial 3/3]
    128  661.634 µs  ×2^8     C=  40.462 [trial 3/3]
    256  782.429 µs  ×2^8     C=  11.851 [trial 3/3]
  verdict: inconclusive (cMin=11.851, cMax=947.589, β=-1.569, looks faster than declared by ~n^1.569)
  per-spawn floor (harness self-measurement): 195.421 ms
  peak RSS: 68_168 kB..69_096 kB (across 18 ok row(s))
  trial summaries (3 trials per param; spread = (max-min)/median):
    param  trials  median      min         max         spread
        8  3/3     230.562 µs  228.804 µs  232.375 µs  1.549%
       16  3/3     242.582 µs  241.525 µs  243.376 µs  0.763%
       32  3/3     343.386 µs  343.110 µs  345.099 µs  0.579%
       64  3/3     585.455 µs  582.333 µs  592.515 µs  1.739%
      128  3/3     662.926 µs  661.634 µs  663.454 µs  0.274%
      256  3/3     776.689 µs  772.939 µs  782.429 µs  1.222%

Hex.RowReduceBench.Field.height8TallSolve    expected complexity: n ^ 2    [warm cache]
  env: lean=4.34.0-rc2, os=linux, arch=x86_64, commit=9c14175-dirty, 2026-09-12T22:09:21Z, host=chungus2
  param  per-call  repeats  C
      8  1.310 ms  ×2^7     C=20475.141 [trial 1/3] †
     16  1.372 ms  ×2^7     C= 5359.579 [trial 1/3]
     32  1.918 ms  ×2^6     C= 1906.857 [trial 1/3]
     64  3.293 ms  ×2^6     C=  803.916 [trial 1/3]
    128  3.711 ms  ×2^5     C=  227.874 [trial 1/3]
    256  4.435 ms  ×2^5     C=   67.677 [trial 1/3]
      8  1.373 ms  ×2^7     C=20475.141 [trial 2/3] †
     16  1.360 ms  ×2^7     C= 5359.579 [trial 2/3]
     32  1.953 ms  ×2^6     C= 1906.857 [trial 2/3]
     64  3.308 ms  ×2^6     C=  803.916 [trial 2/3]
    128  3.761 ms  ×2^5     C=  227.874 [trial 2/3]
    256  4.441 ms  ×2^5     C=   67.677 [trial 2/3]
      8  1.299 ms  ×2^7     C=20475.141 [trial 3/3] †
     16  1.389 ms  ×2^7     C= 5359.579 [trial 3/3]
     32  1.963 ms  ×2^6     C= 1906.857 [trial 3/3]
     64  3.264 ms  ×2^6     C=  803.916 [trial 3/3]
    128  3.733 ms  ×2^5     C=  227.874 [trial 3/3]
    256  4.415 ms  ×2^5     C=   67.677 [trial 3/3]
  verdict: inconclusive (cMin=67.677, cMax=5359.579, β=-1.568, looks faster than declared by ~n^1.568)
  per-spawn floor (harness self-measurement): 194.603 ms
  peak RSS: 68_156 kB..69_084 kB (across 18 ok row(s))
  trial summaries (3 trials per param; spread = (max-min)/median):
    param  trials  median    min       max       spread
        8  3/3     1.310 ms  1.299 ms  1.373 ms  5.635%
       16  3/3     1.372 ms  1.360 ms  1.389 ms  2.134%
       32  3/3     1.953 ms  1.918 ms  1.963 ms  2.323%
       64  3/3     3.293 ms  3.264 ms  3.308 ms  1.363%
      128  3/3     3.733 ms  3.711 ms  3.761 ms  1.323%
      256  3/3     4.435 ms  4.415 ms  4.441 ms  0.579%

Hex.RowReduceBench.Field.height8TallOption    expected complexity: n ^ 2    [warm cache]
  env: lean=4.34.0-rc2, os=linux, arch=x86_64, commit=9c14175-dirty, 2026-09-12T22:09:28Z, host=chungus2
  param  per-call  repeats  C
      8  1.316 ms  ×2^7     C=20500.062 [trial 1/3] †
     16  1.367 ms  ×2^7     C= 5368.101 [trial 1/3]
     32  1.942 ms  ×2^6     C= 1896.925 [trial 1/3]
     64  3.298 ms  ×2^6     C=  805.134 [trial 1/3]
    128  3.744 ms  ×2^5     C=  227.905 [trial 1/3]
    256  4.439 ms  ×2^5     C=   67.730 [trial 1/3]
      8  1.309 ms  ×2^7     C=20500.062 [trial 2/3] †
     16  1.374 ms  ×2^7     C= 5368.101 [trial 2/3]
     32  1.915 ms  ×2^6     C= 1896.925 [trial 2/3]
     64  3.302 ms  ×2^6     C=  805.134 [trial 2/3]
    128  3.734 ms  ×2^5     C=  227.905 [trial 2/3]
    256  4.483 ms  ×2^5     C=   67.730 [trial 2/3]
      8  1.312 ms  ×2^7     C=20500.062 [trial 3/3] †
     16  1.376 ms  ×2^7     C= 5368.101 [trial 3/3]
     32  1.966 ms  ×2^6     C= 1896.925 [trial 3/3]
     64  3.288 ms  ×2^6     C=  805.134 [trial 3/3]
    128  3.729 ms  ×2^5     C=  227.905 [trial 3/3]
    256  4.431 ms  ×2^5     C=   67.730 [trial 3/3]
  verdict: inconclusive (cMin=67.730, cMax=5368.101, β=-1.567, looks faster than declared by ~n^1.567)
  per-spawn floor (harness self-measurement): 198.829 ms
  peak RSS: 68_164 kB..69_096 kB (across 18 ok row(s))
  trial summaries (3 trials per param; spread = (max-min)/median):
    param  trials  median    min       max       spread
        8  3/3     1.312 ms  1.309 ms  1.316 ms  0.512%
       16  3/3     1.374 ms  1.367 ms  1.376 ms  0.670%
       32  3/3     1.942 ms  1.915 ms  1.966 ms  2.647%
       64  3/3     3.298 ms  3.288 ms  3.302 ms  0.409%
      128  3/3     3.734 ms  3.729 ms  3.744 ms  0.415%
      256  3/3     4.439 ms  4.431 ms  4.483 ms  1.176%

Hex.RowReduceBench.Field.height8WideSolve    expected complexity: n ^ 2    [warm cache]
  env: lean=4.34.0-rc2, os=linux, arch=x86_64, commit=9c14175-dirty, 2026-09-12T22:09:35Z, host=chungus2
  param  per-call    repeats  C
      8  503.059 µs  ×2^8     C=8011.092 [trial 1/3] †
     16  550.744 µs  ×2^8     C=2174.318 [trial 1/3]
     32  847.698 µs  ×2^8     C= 844.796 [trial 1/3]
     64    1.490 ms  ×2^7     C= 369.609 [trial 1/3]
    128    1.864 ms  ×2^6     C= 113.985 [trial 1/3]
    256    2.335 ms  ×2^6     C=  35.798 [trial 1/3]
      8  512.709 µs  ×2^8     C=8011.092 [trial 2/3] †
     16  556.625 µs  ×2^8     C=2174.318 [trial 2/3]
     32  865.070 µs  ×2^7     C= 844.796 [trial 2/3]
     64    1.514 ms  ×2^7     C= 369.609 [trial 2/3]
    128    1.868 ms  ×2^6     C= 113.985 [trial 2/3]
    256    3.708 ms  ×2^6     C=  35.798 [trial 2/3]
      8  974.687 µs  ×2^7     C=8011.092 [trial 3/3] †
     16    1.037 ms  ×2^7     C=2174.318 [trial 3/3]
     32    1.630 ms  ×2^7     C= 844.796 [trial 3/3]
     64    2.852 ms  ×2^6     C= 369.609 [trial 3/3]
    128    1.878 ms  ×2^6     C= 113.985 [trial 3/3]
    256    2.346 ms  ×2^6     C=  35.798 [trial 3/3]
  verdict: inconclusive (cMin=35.798, cMax=2174.318, β=-1.474, looks faster than declared by ~n^1.474)
  per-spawn floor (harness self-measurement): 196.655 ms
  peak RSS: 68_112 kB..69_056 kB (across 18 ok row(s))
  trial summaries (3 trials per param; spread = (max-min)/median):
    param  trials  median      min         max         spread 
        8  3/3     512.709 µs  503.059 µs  974.687 µs  91.987%
       16  3/3     556.625 µs  550.744 µs    1.037 ms  87.388%
       32  3/3     865.070 µs  847.698 µs    1.630 ms  90.462%
       64  3/3       1.514 ms    1.490 ms    2.852 ms  90.019%
      128  3/3       1.868 ms    1.864 ms    1.878 ms  0.763% 
      256  3/3       2.346 ms    2.335 ms    3.708 ms  58.497%

Hex.RowReduceBench.Field.height8WideOption    expected complexity: n ^ 2    [warm cache]
  env: lean=4.34.0-rc2, os=linux, arch=x86_64, commit=9c14175-dirty, 2026-09-12T22:09:41Z, host=chungus2
  param  per-call    repeats  C
      8  507.700 µs  ×2^8     C=8163.830 [trial 1/3] †
     16  543.722 µs  ×2^8     C=2134.473 [trial 1/3]
     32  853.998 µs  ×2^7     C= 833.983 [trial 1/3]
     64    1.479 ms  ×2^7     C= 363.241 [trial 1/3]
    128    1.849 ms  ×2^6     C= 113.017 [trial 1/3]
    256    2.350 ms  ×2^6     C=  36.150 [trial 1/3]
      8  522.485 µs  ×2^8     C=8163.830 [trial 2/3] †
     16  556.988 µs  ×2^8     C=2134.473 [trial 2/3]
     32  863.504 µs  ×2^7     C= 833.983 [trial 2/3]
     64    1.488 ms  ×2^7     C= 363.241 [trial 2/3]
    128    1.879 ms  ×2^6     C= 113.017 [trial 2/3]
    256    2.369 ms  ×2^6     C=  36.150 [trial 2/3]
      8  522.818 µs  ×2^8     C=8163.830 [trial 3/3] †
     16  546.425 µs  ×2^8     C=2134.473 [trial 3/3]
     32  845.490 µs  ×2^8     C= 833.983 [trial 3/3]
     64    1.508 ms  ×2^7     C= 363.241 [trial 3/3]
    128    1.852 ms  ×2^6     C= 113.017 [trial 3/3]
    256    2.380 ms  ×2^6     C=  36.150 [trial 3/3]
  verdict: inconclusive (cMin=36.150, cMax=2134.473, β=-1.465, looks faster than declared by ~n^1.465)
  per-spawn floor (harness self-measurement): 124.781 ms
  peak RSS: 68_152 kB..69_052 kB (across 18 ok row(s))
  trial summaries (3 trials per param; spread = (max-min)/median):
    param  trials  median      min         max         spread
        8  3/3     522.485 µs  507.700 µs  522.818 µs  2.893%
       16  3/3     546.425 µs  543.722 µs  556.988 µs  2.428%
       32  3/3     853.998 µs  845.490 µs  863.504 µs  2.109%
       64  3/3       1.488 ms    1.479 ms    1.508 ms  1.960%
      128  3/3       1.852 ms    1.849 ms    1.879 ms  1.611%
      256  3/3       2.369 ms    2.350 ms    2.380 ms  1.244%

Hex.RowReduceBench.Field.height16FullSolve    expected complexity: n ^ 2    [warm cache]
  env: lean=4.34.0-rc2, os=linux, arch=x86_64, commit=9c14175-dirty, 2026-09-12T22:09:46Z, host=chungus2
  param  per-call   repeats  C
      8   2.652 ms  ×2^6     C=41247.272 [trial 1/3] †
     16   2.814 ms  ×2^6     C=10991.957 [trial 1/3]
     32   5.021 ms  ×2^5     C= 4815.326 [trial 1/3]
     64   8.454 ms  ×2^4     C= 2038.607 [trial 1/3]
    128  10.106 ms  ×2^4     C=  616.820 [trial 1/3]
    256  12.612 ms  ×2^4     C=  194.670 [trial 1/3]
      8   2.566 ms  ×2^6     C=41247.272 [trial 2/3] †
     16   2.831 ms  ×2^6     C=10991.957 [trial 2/3]
     32   4.931 ms  ×2^5     C= 4815.326 [trial 2/3]
     64   8.200 ms  ×2^4     C= 2038.607 [trial 2/3]
    128   9.980 ms  ×2^4     C=  616.820 [trial 2/3]
    256  12.862 ms  ×2^4     C=  194.670 [trial 2/3]
      8   2.640 ms  ×2^6     C=41247.272 [trial 3/3] †
     16   2.801 ms  ×2^6     C=10991.957 [trial 3/3]
     32   4.898 ms  ×2^5     C= 4815.326 [trial 3/3]
     64   8.350 ms  ×2^4     C= 2038.607 [trial 3/3]
    128  10.149 ms  ×2^4     C=  616.820 [trial 3/3]
    256  12.758 ms  ×2^4     C=  194.670 [trial 3/3]
  verdict: inconclusive (cMin=194.670, cMax=10991.957, β=-1.460, looks faster than declared by ~n^1.460)
  per-spawn floor (harness self-measurement): 123.527 ms
  peak RSS: 68_112 kB..69_104 kB (across 18 ok row(s))
  trial summaries (3 trials per param; spread = (max-min)/median):
    param  trials  median     min        max        spread
        8  3/3      2.640 ms   2.566 ms   2.652 ms  3.239%
       16  3/3      2.814 ms   2.801 ms   2.831 ms  1.079%
       32  3/3      4.931 ms   4.898 ms   5.021 ms  2.500%
       64  3/3      8.350 ms   8.200 ms   8.454 ms  3.040%
      128  3/3     10.106 ms   9.980 ms  10.149 ms  1.679%
      256  3/3     12.758 ms  12.612 ms  12.862 ms  1.953%

Hex.RowReduceBench.Field.height16FullOption    expected complexity: n ^ 2    [warm cache]
  env: lean=4.34.0-rc2, os=linux, arch=x86_64, commit=9c14175-dirty, 2026-09-12T22:09:52Z, host=chungus2
  param  per-call   repeats  C
      8   2.617 ms  ×2^6     C=66829.110 [trial 1/3] †
     16   2.813 ms  ×2^6     C=17985.065 [trial 1/3]
     32   4.909 ms  ×2^5     C= 7826.386 [trial 1/3]
     64   8.423 ms  ×2^4     C= 3273.881 [trial 1/3]
    128   9.995 ms  ×2^4     C=  950.882 [trial 1/3]
    256  19.446 ms  ×2^3     C=  292.496 [trial 1/3]
      8   4.277 ms  ×2^5     C=66829.110 [trial 2/3] †
     16   4.623 ms  ×2^5     C=17985.065 [trial 2/3]
     32   8.043 ms  ×2^4     C= 7826.386 [trial 2/3]
     64  13.410 ms  ×2^4     C= 3273.881 [trial 2/3]
    128  15.579 ms  ×2^3     C=  950.882 [trial 2/3]
    256  19.136 ms  ×2^3     C=  292.496 [trial 2/3]
      8   4.296 ms  ×2^5     C=66829.110 [trial 3/3] †
     16   4.604 ms  ×2^5     C=17985.065 [trial 3/3]
     32   8.014 ms  ×2^4     C= 7826.386 [trial 3/3]
     64  13.457 ms  ×2^4     C= 3273.881 [trial 3/3]
    128  15.758 ms  ×2^3     C=  950.882 [trial 3/3]
    256  19.169 ms  ×2^3     C=  292.496 [trial 3/3]
  verdict: inconclusive (cMin=292.496, cMax=17985.065, β=-1.493, looks faster than declared by ~n^1.493)
  per-spawn floor (harness self-measurement): 125.389 ms
  peak RSS: 68_184 kB..69_120 kB (across 18 ok row(s))
  trial summaries (3 trials per param; spread = (max-min)/median):
    param  trials  median     min        max        spread 
        8  3/3      4.277 ms   2.617 ms   4.296 ms  39.244%
       16  3/3      4.604 ms   2.813 ms   4.623 ms  39.332%
       32  3/3      8.014 ms   4.909 ms   8.043 ms  39.107%
       64  3/3     13.410 ms   8.423 ms  13.457 ms  37.537%
      128  3/3     15.579 ms   9.995 ms  15.758 ms  36.993%
      256  3/3     19.169 ms  19.136 ms  19.446 ms  1.614% 

Hex.RowReduceBench.Field.height16FullInverse    expected complexity: n ^ 2    [warm cache]
  env: lean=4.34.0-rc2, os=linux, arch=x86_64, commit=9c14175-dirty, 2026-09-12T22:09:58Z, host=chungus2
  param  per-call   repeats  C
      8   4.042 ms  ×2^5     C=63163.594 [trial 1/3] †
     16   4.350 ms  ×2^5     C=16991.553 [trial 1/3]
     32   7.529 ms  ×2^4     C= 7352.861 [trial 1/3]
     64  12.742 ms  ×2^4     C= 3110.804 [trial 1/3]
    128  14.720 ms  ×2^3     C=  898.463 [trial 1/3]
    256  17.636 ms  ×2^3     C=  269.101 [trial 1/3]
      8   2.571 ms  ×2^5     C=63163.594 [trial 2/3] †
     16   2.647 ms  ×2^6     C=16991.553 [trial 2/3]
     32   4.625 ms  ×2^5     C= 7352.861 [trial 2/3]
     64   7.947 ms  ×2^4     C= 3110.804 [trial 2/3]
    128   9.486 ms  ×2^4     C=  898.463 [trial 2/3]
    256  11.595 ms  ×2^4     C=  269.101 [trial 2/3]
      8   4.681 ms  ×2^5     C=63163.594 [trial 3/3] †
     16   4.992 ms  ×2^5     C=16991.553 [trial 3/3]
     32   8.888 ms  ×2^4     C= 7352.861 [trial 3/3]
     64  14.771 ms  ×2^3     C= 3110.804 [trial 3/3]
    128  16.886 ms  ×2^3     C=  898.463 [trial 3/3]
    256  19.889 ms  ×2^3     C=  269.101 [trial 3/3]
  verdict: inconclusive (cMin=269.101, cMax=16991.553, β=-1.499, looks faster than declared by ~n^1.499)
  per-spawn floor (harness self-measurement): 194.851 ms
  peak RSS: 68_120 kB..69_092 kB (across 18 ok row(s))
  trial summaries (3 trials per param; spread = (max-min)/median):
    param  trials  median     min        max        spread 
        8  3/3      4.042 ms   2.571 ms   4.681 ms  52.205%
       16  3/3      4.350 ms   2.647 ms   4.992 ms  53.905%
       32  3/3      7.529 ms   4.625 ms   8.888 ms  56.624%
       64  3/3     12.742 ms   7.947 ms  14.771 ms  53.555%
      128  3/3     14.720 ms   9.486 ms  16.886 ms  50.266%
      256  3/3     17.636 ms  11.595 ms  19.889 ms  47.032%

Hex.RowReduceBench.Field.height16DeficientSolve    expected complexity: n ^ 2    [warm cache]
  env: lean=4.34.0-rc2, os=linux, arch=x86_64, commit=9c14175-dirty, 2026-09-12T22:10:05Z, host=chungus2
  param  per-call   repeats  C
      8   4.329 ms  ×2^5     C=36013.635 [trial 1/3] †
     16   4.680 ms  ×2^5     C= 9695.607 [trial 1/3]
     32   7.986 ms  ×2^4     C= 4241.864 [trial 1/3]
     64  13.230 ms  ×2^4     C= 1733.880 [trial 1/3]
    128  15.311 ms  ×2^3     C=  521.980 [trial 1/3]
    256  18.220 ms  ×2^3     C=  173.870 [trial 1/3]
      8   2.304 ms  ×2^6     C=36013.635 [trial 2/3] †
     16   2.479 ms  ×2^6     C= 9695.607 [trial 2/3]
     32   4.222 ms  ×2^5     C= 4241.864 [trial 2/3]
     64   7.081 ms  ×2^4     C= 1733.880 [trial 2/3]
    128   8.552 ms  ×2^4     C=  521.980 [trial 2/3]
    256  10.932 ms  ×2^4     C=  173.870 [trial 2/3]
      8   2.305 ms  ×2^6     C=36013.635 [trial 3/3] †
     16   2.482 ms  ×2^6     C= 9695.607 [trial 3/3]
     32   4.344 ms  ×2^5     C= 4241.864 [trial 3/3]
     64   7.102 ms  ×2^4     C= 1733.880 [trial 3/3]
    128   8.486 ms  ×2^4     C=  521.980 [trial 3/3]
    256  11.395 ms  ×2^4     C=  173.870 [trial 3/3]
  verdict: inconclusive (cMin=173.870, cMax=9695.607, β=-1.463, looks faster than declared by ~n^1.463)
  per-spawn floor (harness self-measurement): 226.934 ms
  peak RSS: 68_196 kB..69_112 kB (across 18 ok row(s))
  trial summaries (3 trials per param; spread = (max-min)/median):
    param  trials  median     min        max        spread 
        8  3/3      2.305 ms   2.304 ms   4.329 ms  87.840%
       16  3/3      2.482 ms   2.479 ms   4.680 ms  88.684%
       32  3/3      4.344 ms   4.222 ms   7.986 ms  86.646%
       64  3/3      7.102 ms   7.081 ms  13.230 ms  86.572%
      128  3/3      8.552 ms   8.486 ms  15.311 ms  79.810%
      256  3/3     11.395 ms  10.932 ms  18.220 ms  63.959%

Hex.RowReduceBench.Field.height16DeficientOption    expected complexity: n ^ 2    [warm cache]
  env: lean=4.34.0-rc2, os=linux, arch=x86_64, commit=9c14175-dirty, 2026-09-12T22:10:11Z, host=chungus2
  param  per-call   repeats  C
      8   2.327 ms  ×2^6     C=36353.539 [trial 1/3] †
     16   2.487 ms  ×2^6     C=16249.620 [trial 1/3]
     32   4.350 ms  ×2^5     C= 6825.292 [trial 1/3]
     64   7.006 ms  ×2^4     C= 2797.944 [trial 1/3]
    128   8.584 ms  ×2^4     C=  809.775 [trial 1/3]
    256  10.730 ms  ×2^4     C=  245.228 [trial 1/3]
      8   2.309 ms  ×2^6     C=36353.539 [trial 2/3] †
     16   4.160 ms  ×2^5     C=16249.620 [trial 2/3]
     32   6.989 ms  ×2^4     C= 6825.292 [trial 2/3]
     64  11.460 ms  ×2^4     C= 2797.944 [trial 2/3]
    128  13.267 ms  ×2^4     C=  809.775 [trial 2/3]
    256  16.071 ms  ×2^3     C=  245.228 [trial 2/3]
      8   4.025 ms  ×2^5     C=36353.539 [trial 3/3] †
     16   4.217 ms  ×2^5     C=16249.620 [trial 3/3]
     32   7.075 ms  ×2^4     C= 6825.292 [trial 3/3]
     64  11.722 ms  ×2^4     C= 2797.944 [trial 3/3]
    128  13.488 ms  ×2^4     C=  809.775 [trial 3/3]
    256  16.224 ms  ×2^3     C=  245.228 [trial 3/3]
  verdict: inconclusive (cMin=245.228, cMax=16249.620, β=-1.518, looks faster than declared by ~n^1.518)
  per-spawn floor (harness self-measurement): 125.585 ms
  peak RSS: 68_188 kB..69_096 kB (across 18 ok row(s))
  trial summaries (3 trials per param; spread = (max-min)/median):
    param  trials  median     min        max        spread 
        8  3/3      2.327 ms   2.309 ms   4.025 ms  73.770%
       16  3/3      4.160 ms   2.487 ms   4.217 ms  41.586%
       32  3/3      6.989 ms   4.350 ms   7.075 ms  38.976%
       64  3/3     11.460 ms   7.006 ms  11.722 ms  41.156%
      128  3/3     13.267 ms   8.584 ms  13.488 ms  36.963%
      256  3/3     16.071 ms  10.730 ms  16.224 ms  34.184%

Hex.RowReduceBench.Field.height16DeficientInverse    expected complexity: n ^ 2    [warm cache]
  env: lean=4.34.0-rc2, os=linux, arch=x86_64, commit=9c14175-dirty, 2026-09-12T22:10:17Z, host=chungus2
  param  per-call   repeats  C
      8   3.657 ms  ×2^5     C=56657.069 [trial 1/3] †
     16   3.940 ms  ×2^5     C=15227.547 [trial 1/3]
     32   6.584 ms  ×2^5     C= 6396.944 [trial 1/3]
     64  10.968 ms  ×2^4     C= 2629.569 [trial 1/3]
    128  12.562 ms  ×2^4     C=  756.420 [trial 1/3]
    256  14.509 ms  ×2^3     C=  223.531 [trial 1/3]
      8   3.623 ms  ×2^5     C=56657.069 [trial 2/3] †
     16   3.898 ms  ×2^5     C=15227.547 [trial 2/3]
     32   6.550 ms  ×2^5     C= 6396.944 [trial 2/3]
     64  10.771 ms  ×2^4     C= 2629.569 [trial 2/3]
    128  12.085 ms  ×2^4     C=  756.420 [trial 2/3]
    256  14.649 ms  ×2^3     C=  223.531 [trial 2/3]
      8   3.626 ms  ×2^5     C=56657.069 [trial 3/3] †
     16   3.814 ms  ×2^5     C=15227.547 [trial 3/3]
     32   6.520 ms  ×2^5     C= 6396.944 [trial 3/3]
     64  10.761 ms  ×2^4     C= 2629.569 [trial 3/3]
    128  12.393 ms  ×2^4     C=  756.420 [trial 3/3]
    256  14.692 ms  ×2^3     C=  223.531 [trial 3/3]
  verdict: inconclusive (cMin=223.531, cMax=15227.547, β=-1.526, looks faster than declared by ~n^1.526)
  per-spawn floor (harness self-measurement): 200.087 ms
  peak RSS: 68_236 kB..69_100 kB (across 18 ok row(s))
  trial summaries (3 trials per param; spread = (max-min)/median):
    param  trials  median     min        max        spread
        8  3/3      3.626 ms   3.623 ms   3.657 ms  0.945%
       16  3/3      3.898 ms   3.814 ms   3.940 ms  3.221%
       32  3/3      6.550 ms   6.520 ms   6.584 ms  0.975%
       64  3/3     10.771 ms  10.761 ms  10.968 ms  1.926%
      128  3/3     12.393 ms  12.085 ms  12.562 ms  3.852%
      256  3/3     14.649 ms  14.509 ms  14.692 ms  1.246%

Hex.RowReduceBench.Field.height16HalfSolve    expected complexity: n ^ 2    [warm cache]
  env: lean=4.34.0-rc2, os=linux, arch=x86_64, commit=9c14175-dirty, 2026-09-12T22:10:24Z, host=chungus2
  param  per-call  repeats  C
      8  1.800 ms  ×2^6     C=27667.964 [trial 1/3] †
     16  1.886 ms  ×2^6     C= 7277.221 [trial 1/3]
     32  2.716 ms  ×2^6     C= 2618.136 [trial 1/3]
     64  4.511 ms  ×2^5     C= 1112.998 [trial 1/3]
    128  5.172 ms  ×2^5     C=  315.650 [trial 1/3]
    256  6.083 ms  ×2^5     C=   92.915 [trial 1/3]
      8  1.771 ms  ×2^6     C=27667.964 [trial 2/3] †
     16  1.859 ms  ×2^6     C= 7277.221 [trial 2/3]
     32  2.681 ms  ×2^6     C= 2618.136 [trial 2/3]
     64  4.559 ms  ×2^5     C= 1112.998 [trial 2/3]
    128  5.174 ms  ×2^5     C=  315.650 [trial 2/3]
    256  6.089 ms  ×2^5     C=   92.915 [trial 2/3]
      8  1.762 ms  ×2^6     C=27667.964 [trial 3/3] †
     16  1.863 ms  ×2^6     C= 7277.221 [trial 3/3]
     32  2.633 ms  ×2^6     C= 2618.136 [trial 3/3]
     64  4.581 ms  ×2^5     C= 1112.998 [trial 3/3]
    128  5.164 ms  ×2^5     C=  315.650 [trial 3/3]
    256  6.129 ms  ×2^5     C=   92.915 [trial 3/3]
  verdict: inconclusive (cMin=92.915, cMax=7277.221, β=-1.563, looks faster than declared by ~n^1.563)
  per-spawn floor (harness self-measurement): 197.690 ms
  peak RSS: 68_164 kB..68_956 kB (across 18 ok row(s))
  trial summaries (3 trials per param; spread = (max-min)/median):
    param  trials  median    min       max       spread
        8  3/3     1.771 ms  1.762 ms  1.800 ms  2.167%
       16  3/3     1.863 ms  1.859 ms  1.886 ms  1.471%
       32  3/3     2.681 ms  2.633 ms  2.716 ms  3.073%
       64  3/3     4.559 ms  4.511 ms  4.581 ms  1.518%
      128  3/3     5.172 ms  5.164 ms  5.174 ms  0.204%
      256  3/3     6.089 ms  6.083 ms  6.129 ms  0.760%

Hex.RowReduceBench.Field.height16HalfOption    expected complexity: n ^ 2    [warm cache]
  env: lean=4.34.0-rc2, os=linux, arch=x86_64, commit=9c14175-dirty, 2026-09-12T22:10:31Z, host=chungus2
  param  per-call  repeats  C
      8  1.787 ms  ×2^6     C=27927.898 [trial 1/3] †
     16  1.900 ms  ×2^6     C= 7370.681 [trial 1/3]
     32  2.669 ms  ×2^6     C= 2382.502 [trial 1/3]
     64  4.530 ms  ×2^5     C= 1106.055 [trial 1/3]
    128  5.167 ms  ×2^5     C=  315.347 [trial 1/3]
    256  6.184 ms  ×2^5     C=   94.359 [trial 1/3]
      8  1.825 ms  ×2^6     C=27927.898 [trial 2/3] †
     16  1.887 ms  ×2^6     C= 7370.681 [trial 2/3]
     32  2.332 ms  ×2^6     C= 2382.502 [trial 2/3]
     64  2.809 ms  ×2^6     C= 1106.055 [trial 2/3]
    128  3.262 ms  ×2^6     C=  315.347 [trial 2/3]
    256  4.006 ms  ×2^5     C=   94.359 [trial 2/3]
      8  1.071 ms  ×2^7     C=27927.898 [trial 3/3] †
     16  1.130 ms  ×2^7     C= 7370.681 [trial 3/3]
     32  2.440 ms  ×2^7     C= 2382.502 [trial 3/3]
     64  5.276 ms  ×2^5     C= 1106.055 [trial 3/3]
    128  5.926 ms  ×2^5     C=  315.347 [trial 3/3]
    256  6.992 ms  ×2^4     C=   94.359 [trial 3/3]
  verdict: inconclusive (cMin=94.359, cMax=7370.681, β=-1.549, looks faster than declared by ~n^1.549)
  per-spawn floor (harness self-measurement): 195.143 ms
  peak RSS: 68_184 kB..69_116 kB (across 18 ok row(s))
  trial summaries (3 trials per param; spread = (max-min)/median):
    param  trials  median    min       max       spread 
        8  3/3     1.787 ms  1.071 ms  1.825 ms  42.193%
       16  3/3     1.887 ms  1.130 ms  1.900 ms  40.817%
       32  3/3     2.440 ms  2.332 ms  2.669 ms  13.824%
       64  3/3     4.530 ms  2.809 ms  5.276 ms  54.460%
      128  3/3     5.167 ms  3.262 ms  5.926 ms  51.550%
      256  3/3     6.184 ms  4.006 ms  6.992 ms  48.288%

Hex.RowReduceBench.Field.height16HalfInverse    expected complexity: n ^ 2    [warm cache]
  env: lean=4.34.0-rc2, os=linux, arch=x86_64, commit=9c14175-dirty, 2026-09-12T22:10:37Z, host=chungus2
  param  per-call  repeats  C
      8  1.757 ms  ×2^6     C=23565.571 [trial 1/3] †
     16  1.843 ms  ×2^6     C= 6294.965 [trial 1/3]
     32  2.752 ms  ×2^6     C= 2317.236 [trial 1/3]
     64  4.792 ms  ×2^5     C= 1003.439 [trial 1/3]
    128  3.167 ms  ×2^6     C=  288.404 [trial 1/3]
    256  5.412 ms  ×2^5     C=   82.585 [trial 1/3]
      8  1.507 ms  ×2^7     C=23565.571 [trial 2/3] †
     16  1.612 ms  ×2^7     C= 6294.965 [trial 2/3]
     32  2.373 ms  ×2^6     C= 2317.236 [trial 2/3]
     64  4.101 ms  ×2^5     C= 1003.439 [trial 2/3]
    128  4.730 ms  ×2^5     C=  288.404 [trial 2/3]
    256  5.453 ms  ×2^5     C=   82.585 [trial 2/3]
      8  1.508 ms  ×2^7     C=23565.571 [trial 3/3] †
     16  1.597 ms  ×2^7     C= 6294.965 [trial 3/3]
     32  2.326 ms  ×2^6     C= 2317.236 [trial 3/3]
     64  4.110 ms  ×2^5     C= 1003.439 [trial 3/3]
    128  4.725 ms  ×2^5     C=  288.404 [trial 3/3]
    256  5.411 ms  ×2^5     C=   82.585 [trial 3/3]
  verdict: inconclusive (cMin=82.585, cMax=6294.965, β=-1.551, looks faster than declared by ~n^1.551)
  per-spawn floor (harness self-measurement): 226.843 ms
  peak RSS: 68_188 kB..69_100 kB (across 18 ok row(s))
  trial summaries (3 trials per param; spread = (max-min)/median):
    param  trials  median    min       max       spread 
        8  3/3     1.508 ms  1.507 ms  1.757 ms  16.629%
       16  3/3     1.612 ms  1.597 ms  1.843 ms  15.291%
       32  3/3     2.373 ms  2.326 ms  2.752 ms  17.936%
       64  3/3     4.110 ms  4.101 ms  4.792 ms  16.817%
      128  3/3     4.725 ms  3.167 ms  4.730 ms  33.092%
      256  3/3     5.412 ms  5.411 ms  5.453 ms  0.780% 

Hex.RowReduceBench.Field.height16DeficientErrorSolve    expected complexity: n ^ 2    [warm cache]
  env: lean=4.34.0-rc2, os=linux, arch=x86_64, commit=9c14175-dirty, 2026-09-12T22:10:45Z, host=chungus2
  param  per-call   repeats  C
      8   3.679 ms  ×2^5     C=57655.436 [trial 1/3] †
     16   3.909 ms  ×2^5     C=15326.808 [trial 1/3]
     32   6.928 ms  ×2^4     C= 6635.985 [trial 1/3]
     64  11.377 ms  ×2^4     C= 2769.841 [trial 1/3]
    128  13.381 ms  ×2^4     C=  812.151 [trial 1/3]
    256  16.184 ms  ×2^3     C=  248.977 [trial 1/3]
      8   3.693 ms  ×2^5     C=57655.436 [trial 2/3] †
     16   3.945 ms  ×2^5     C=15326.808 [trial 2/3]
     32   6.694 ms  ×2^5     C= 6635.985 [trial 2/3]
     64  11.333 ms  ×2^4     C= 2769.841 [trial 2/3]
    128  13.279 ms  ×2^4     C=  812.151 [trial 2/3]
    256  16.365 ms  ×2^3     C=  248.977 [trial 2/3]
      8   3.690 ms  ×2^5     C=57655.436 [trial 3/3] †
     16   3.924 ms  ×2^5     C=15326.808 [trial 3/3]
     32   6.795 ms  ×2^5     C= 6635.985 [trial 3/3]
     64  11.345 ms  ×2^4     C= 2769.841 [trial 3/3]
    128  13.306 ms  ×2^4     C=  812.151 [trial 3/3]
    256  16.317 ms  ×2^3     C=  248.977 [trial 3/3]
  verdict: inconclusive (cMin=248.977, cMax=15326.808, β=-1.492, looks faster than declared by ~n^1.492)
  per-spawn floor (harness self-measurement): 197.970 ms
  peak RSS: 68_128 kB..69_092 kB (across 18 ok row(s))
  trial summaries (3 trials per param; spread = (max-min)/median):
    param  trials  median     min        max        spread
        8  3/3      3.690 ms   3.679 ms   3.693 ms  0.381%
       16  3/3      3.924 ms   3.909 ms   3.945 ms  0.922%
       32  3/3      6.795 ms   6.694 ms   6.928 ms  3.443%
       64  3/3     11.345 ms  11.333 ms  11.377 ms  0.389%
      128  3/3     13.306 ms  13.279 ms  13.381 ms  0.770%
      256  3/3     16.317 ms  16.184 ms  16.365 ms  1.113%

Hex.RowReduceBench.Field.height16DeficientErrorOption    expected complexity: n ^ 2    [warm cache]
  env: lean=4.34.0-rc2, os=linux, arch=x86_64, commit=9c14175-dirty, 2026-09-12T22:10:52Z, host=chungus2
  param  per-call   repeats  C
      8   3.733 ms  ×2^5     C=58043.966 [trial 1/3] †
     16   3.982 ms  ×2^5     C=15546.633 [trial 1/3]
     32   6.782 ms  ×2^5     C= 6681.973 [trial 1/3]
     64  11.230 ms  ×2^4     C= 2778.810 [trial 1/3]
    128  13.563 ms  ×2^4     C=  821.631 [trial 1/3]
    256  16.266 ms  ×2^3     C=  248.630 [trial 1/3]
      8   3.649 ms  ×2^5     C=58043.966 [trial 2/3] †
     16   3.972 ms  ×2^5     C=15546.633 [trial 2/3]
     32   6.842 ms  ×2^5     C= 6681.973 [trial 2/3]
     64  11.395 ms  ×2^4     C= 2778.810 [trial 2/3]
    128  13.462 ms  ×2^4     C=  821.631 [trial 2/3]
    256  16.294 ms  ×2^3     C=  248.630 [trial 2/3]
      8   3.715 ms  ×2^5     C=58043.966 [trial 3/3] †
     16   3.980 ms  ×2^5     C=15546.633 [trial 3/3]
     32   6.892 ms  ×2^4     C= 6681.973 [trial 3/3]
     64  11.382 ms  ×2^4     C= 2778.810 [trial 3/3]
    128  13.130 ms  ×2^4     C=  821.631 [trial 3/3]
    256  16.313 ms  ×2^3     C=  248.630 [trial 3/3]
  verdict: inconclusive (cMin=248.630, cMax=15546.633, β=-1.496, looks faster than declared by ~n^1.496)
  per-spawn floor (harness self-measurement): 198.271 ms
  peak RSS: 68_252 kB..69_072 kB (across 18 ok row(s))
  trial summaries (3 trials per param; spread = (max-min)/median):
    param  trials  median     min        max        spread
        8  3/3      3.715 ms   3.649 ms   3.733 ms  2.241%
       16  3/3      3.980 ms   3.972 ms   3.982 ms  0.241%
       32  3/3      6.842 ms   6.782 ms   6.892 ms  1.609%
       64  3/3     11.382 ms  11.230 ms  11.395 ms  1.453%
      128  3/3     13.462 ms  13.130 ms  13.563 ms  3.215%
      256  3/3     16.294 ms  16.266 ms  16.313 ms  0.285%

Hex.RowReduceBench.Field.height16HalfErrorSolve    expected complexity: n ^ 2    [warm cache]
  env: lean=4.34.0-rc2, os=linux, arch=x86_64, commit=9c14175-dirty, 2026-09-12T22:10:59Z, host=chungus2
  param  per-call  repeats  C
      8  1.649 ms  ×2^7     C=25400.239 [trial 1/3] †
     16  1.726 ms  ×2^6     C= 6740.270 [trial 1/3]
     32  2.499 ms  ×2^6     C= 2506.852 [trial 1/3]
     64  4.388 ms  ×2^5     C= 1083.958 [trial 1/3]
    128  5.102 ms  ×2^5     C=  311.413 [trial 1/3]
    256  6.086 ms  ×2^5     C=   92.704 [trial 1/3]
      8  1.620 ms  ×2^7     C=25400.239 [trial 2/3] †
     16  1.733 ms  ×2^6     C= 6740.270 [trial 2/3]
     32  2.620 ms  ×2^6     C= 2506.852 [trial 2/3]
     64  4.459 ms  ×2^5     C= 1083.958 [trial 2/3]
    128  5.046 ms  ×2^5     C=  311.413 [trial 2/3]
    256  6.075 ms  ×2^5     C=   92.704 [trial 2/3]
      8  1.626 ms  ×2^7     C=25400.239 [trial 3/3] †
     16  1.712 ms  ×2^6     C= 6740.270 [trial 3/3]
     32  2.567 ms  ×2^6     C= 2506.852 [trial 3/3]
     64  4.440 ms  ×2^5     C= 1083.958 [trial 3/3]
    128  5.119 ms  ×2^5     C=  311.413 [trial 3/3]
    256  5.997 ms  ×2^5     C=   92.704 [trial 3/3]
  verdict: inconclusive (cMin=92.704, cMax=6740.270, β=-1.538, looks faster than declared by ~n^1.538)
  per-spawn floor (harness self-measurement): 198.976 ms
  peak RSS: 68_148 kB..69_108 kB (across 18 ok row(s))
  trial summaries (3 trials per param; spread = (max-min)/median):
    param  trials  median    min       max       spread
        8  3/3     1.626 ms  1.620 ms  1.649 ms  1.780%
       16  3/3     1.726 ms  1.712 ms  1.733 ms  1.241%
       32  3/3     2.567 ms  2.499 ms  2.620 ms  4.728%
       64  3/3     4.440 ms  4.388 ms  4.459 ms  1.591%
      128  3/3     5.102 ms  5.046 ms  5.119 ms  1.433%
      256  3/3     6.075 ms  5.997 ms  6.086 ms  1.464%

Hex.RowReduceBench.Field.height16HalfErrorOption    expected complexity: n ^ 2    [warm cache]
  env: lean=4.34.0-rc2, os=linux, arch=x86_64, commit=9c14175-dirty, 2026-09-12T22:11:06Z, host=chungus2
  param  per-call  repeats  C
      8  1.632 ms  ×2^7     C=25802.669 [trial 1/3] †
     16  1.739 ms  ×2^6     C= 6766.311 [trial 1/3]
     32  2.515 ms  ×2^6     C= 2456.516 [trial 1/3]
     64  4.451 ms  ×2^5     C= 1090.593 [trial 1/3]
    128  5.094 ms  ×2^5     C=  310.929 [trial 1/3]
    256  6.061 ms  ×2^5     C=   92.840 [trial 1/3]
      8  1.651 ms  ×2^7     C=25802.669 [trial 2/3] †
     16  1.732 ms  ×2^6     C= 6766.311 [trial 2/3]
     32  2.515 ms  ×2^6     C= 2456.516 [trial 2/3]
     64  4.487 ms  ×2^5     C= 1090.593 [trial 2/3]
    128  5.112 ms  ×2^5     C=  310.929 [trial 2/3]
    256  6.085 ms  ×2^5     C=   92.840 [trial 2/3]
      8  1.659 ms  ×2^7     C=25802.669 [trial 3/3] †
     16  1.717 ms  ×2^6     C= 6766.311 [trial 3/3]
     32  2.557 ms  ×2^6     C= 2456.516 [trial 3/3]
     64  4.467 ms  ×2^5     C= 1090.593 [trial 3/3]
    128  5.074 ms  ×2^5     C=  310.929 [trial 3/3]
    256  6.084 ms  ×2^5     C=   92.840 [trial 3/3]
  verdict: inconclusive (cMin=92.840, cMax=6766.311, β=-1.536, looks faster than declared by ~n^1.536)
  per-spawn floor (harness self-measurement): 196.237 ms
  peak RSS: 68_124 kB..69_108 kB (across 18 ok row(s))
  trial summaries (3 trials per param; spread = (max-min)/median):
    param  trials  median    min       max       spread
        8  3/3     1.651 ms  1.632 ms  1.659 ms  1.583%
       16  3/3     1.732 ms  1.717 ms  1.739 ms  1.237%
       32  3/3     2.515 ms  2.515 ms  2.557 ms  1.686%
       64  3/3     4.467 ms  4.451 ms  4.487 ms  0.817%
      128  3/3     5.094 ms  5.074 ms  5.112 ms  0.736%
      256  3/3     6.084 ms  6.061 ms  6.085 ms  0.406%

Hex.RowReduceBench.Field.height16TallSolve    expected complexity: n ^ 2    [warm cache]
  env: lean=4.34.0-rc2, os=linux, arch=x86_64, commit=9c14175-dirty, 2026-09-12T22:11:13Z, host=chungus2
  param  per-call   repeats  C
      8   9.418 ms  ×2^4     C=147148.827 [trial 1/3] †
     16   9.945 ms  ×2^4     C= 38417.999 [trial 1/3]
     32  15.442 ms  ×2^3     C= 15080.455 [trial 1/3]
     64  25.225 ms  ×2^3     C=  6171.669 [trial 1/3]
    128  28.264 ms  ×2^2     C=  1739.845 [trial 1/3]
    256  33.310 ms  ×2^2     C=   508.267 [trial 1/3]
      8   9.452 ms  ×2^4     C=147148.827 [trial 2/3] †
     16   9.835 ms  ×2^4     C= 38417.999 [trial 2/3]
     32  15.335 ms  ×2^3     C= 15080.455 [trial 2/3]
     64  25.710 ms  ×2^3     C=  6171.669 [trial 2/3]
    128  28.544 ms  ×2^2     C=  1739.845 [trial 2/3]
    256  33.198 ms  ×2^2     C=   508.267 [trial 2/3]
      8   9.402 ms  ×2^4     C=147148.827 [trial 3/3] †
     16   9.779 ms  ×2^4     C= 38417.999 [trial 3/3]
     32  15.801 ms  ×2^3     C= 15080.455 [trial 3/3]
     64  25.279 ms  ×2^3     C=  6171.669 [trial 3/3]
    128  28.506 ms  ×2^2     C=  1739.845 [trial 3/3]
    256  33.367 ms  ×2^2     C=   508.267 [trial 3/3]
  verdict: inconclusive (cMin=508.267, cMax=38417.999, β=-1.560, looks faster than declared by ~n^1.560)
  per-spawn floor (harness self-measurement): 199.731 ms
  peak RSS: 68_232 kB..69_164 kB (across 18 ok row(s))
  trial summaries (3 trials per param; spread = (max-min)/median):
    param  trials  median     min        max        spread
        8  3/3      9.418 ms   9.402 ms   9.452 ms  0.534%
       16  3/3      9.835 ms   9.779 ms   9.945 ms  1.679%
       32  3/3     15.442 ms  15.335 ms  15.801 ms  3.014%
       64  3/3     25.279 ms  25.225 ms  25.710 ms  1.918%
      128  3/3     28.506 ms  28.264 ms  28.544 ms  0.981%
      256  3/3     33.310 ms  33.198 ms  33.367 ms  0.508%

Hex.RowReduceBench.Field.height16TallOption    expected complexity: n ^ 2    [warm cache]
  env: lean=4.34.0-rc2, os=linux, arch=x86_64, commit=9c14175-dirty, 2026-09-12T22:11:20Z, host=chungus2
  param  per-call   repeats  C
      8   9.475 ms  ×2^4     C=145907.755 [trial 1/3] †
     16   9.955 ms  ×2^4     C= 38544.522 [trial 1/3]
     32  15.457 ms  ×2^3     C= 14880.838 [trial 1/3]
     64  24.992 ms  ×2^3     C=  6131.768 [trial 1/3]
    128  28.513 ms  ×2^2     C=  1731.145 [trial 1/3]
    256  33.398 ms  ×2^2     C=   509.616 [trial 1/3]
      8   9.337 ms  ×2^4     C=145907.755 [trial 2/3] †
     16   9.779 ms  ×2^4     C= 38544.522 [trial 2/3]
     32  15.238 ms  ×2^3     C= 14880.838 [trial 2/3]
     64  25.225 ms  ×2^3     C=  6131.768 [trial 2/3]
    128  28.363 ms  ×2^2     C=  1731.145 [trial 2/3]
    256  33.858 ms  ×2^2     C=   509.616 [trial 2/3]
      8   9.338 ms  ×2^4     C=145907.755 [trial 3/3] †
     16   9.867 ms  ×2^4     C= 38544.522 [trial 3/3]
     32  15.231 ms  ×2^3     C= 14880.838 [trial 3/3]
     64  25.116 ms  ×2^3     C=  6131.768 [trial 3/3]
    128  28.257 ms  ×2^2     C=  1731.145 [trial 3/3]
    256  33.009 ms  ×2^2     C=   509.616 [trial 3/3]
  verdict: inconclusive (cMin=509.616, cMax=38544.522, β=-1.559, looks faster than declared by ~n^1.559)
  per-spawn floor (harness self-measurement): 197.130 ms
  peak RSS: 68_192 kB..69_040 kB (across 18 ok row(s))
  trial summaries (3 trials per param; spread = (max-min)/median):
    param  trials  median     min        max        spread
        8  3/3      9.338 ms   9.337 ms   9.475 ms  1.479%
       16  3/3      9.867 ms   9.779 ms   9.955 ms  1.782%
       32  3/3     15.238 ms  15.231 ms  15.457 ms  1.485%
       64  3/3     25.116 ms  24.992 ms  25.225 ms  0.929%
      128  3/3     28.363 ms  28.257 ms  28.513 ms  0.905%
      256  3/3     33.398 ms  33.009 ms  33.858 ms  2.543%

Hex.RowReduceBench.Field.height16WideSolve    expected complexity: n ^ 2    [warm cache]
  env: lean=4.34.0-rc2, os=linux, arch=x86_64, commit=9c14175-dirty, 2026-09-12T22:11:28Z, host=chungus2
  param  per-call   repeats  C
      8   6.397 ms  ×2^5     C=99957.412 [trial 1/3] †
     16   6.837 ms  ×2^5     C=26654.007 [trial 1/3]
     32  11.662 ms  ×2^4     C=11398.259 [trial 1/3]
     64  19.687 ms  ×2^3     C= 4806.349 [trial 1/3]
    128  23.562 ms  ×2^3     C= 1414.742 [trial 1/3]
    256  27.921 ms  ×2^2     C=  426.033 [trial 1/3]
      8   6.414 ms  ×2^5     C=99957.412 [trial 2/3] †
     16   6.816 ms  ×2^5     C=26654.007 [trial 2/3]
     32  11.672 ms  ×2^4     C=11398.259 [trial 2/3]
     64  19.668 ms  ×2^3     C= 4806.349 [trial 2/3]
    128  23.179 ms  ×2^3     C= 1414.742 [trial 2/3]
    256  27.945 ms  ×2^2     C=  426.033 [trial 2/3]
      8   6.311 ms  ×2^5     C=99957.412 [trial 3/3] †
     16   6.823 ms  ×2^5     C=26654.007 [trial 3/3]
     32  11.741 ms  ×2^4     C=11398.259 [trial 3/3]
     64  19.899 ms  ×2^3     C= 4806.349 [trial 3/3]
    128  23.120 ms  ×2^3     C= 1414.742 [trial 3/3]
    256  27.540 ms  ×2^3     C=  426.033 [trial 3/3]
  verdict: inconclusive (cMin=426.033, cMax=26654.007, β=-1.494, looks faster than declared by ~n^1.494)
  per-spawn floor (harness self-measurement): 195.656 ms
  peak RSS: 68_564 kB..69_172 kB (across 18 ok row(s))
  trial summaries (3 trials per param; spread = (max-min)/median):
    param  trials  median     min        max        spread
        8  3/3      6.397 ms   6.311 ms   6.414 ms  1.600%
       16  3/3      6.823 ms   6.816 ms   6.837 ms  0.308%
       32  3/3     11.672 ms  11.662 ms  11.741 ms  0.685%
       64  3/3     19.687 ms  19.668 ms  19.899 ms  1.171%
      128  3/3     23.179 ms  23.120 ms  23.562 ms  1.905%
      256  3/3     27.921 ms  27.540 ms  27.945 ms  1.447%

Hex.RowReduceBench.Field.height16WideOption    expected complexity: n ^ 2    [warm cache]
  env: lean=4.34.0-rc2, os=linux, arch=x86_64, commit=9c14175-dirty, 2026-09-12T22:11:36Z, host=chungus2
  param  per-call   repeats  C
      8   6.409 ms  ×2^5     C=100017.403 [trial 1/3] †
     16   6.797 ms  ×2^5     C= 26551.454 [trial 1/3]
     32  11.651 ms  ×2^4     C= 11383.624 [trial 1/3]
     64  19.777 ms  ×2^3     C=  4799.650 [trial 1/3]
    128  23.107 ms  ×2^3     C=  1410.316 [trial 1/3]
    256  27.768 ms  ×2^2     C=   423.708 [trial 1/3]
      8   6.401 ms  ×2^5     C=100017.403 [trial 2/3] †
     16   6.825 ms  ×2^5     C= 26551.454 [trial 2/3]
     32  11.693 ms  ×2^4     C= 11383.624 [trial 2/3]
     64  19.641 ms  ×2^3     C=  4799.650 [trial 2/3]
    128  23.272 ms  ×2^3     C=  1410.316 [trial 2/3]
    256  27.693 ms  ×2^2     C=   423.708 [trial 2/3]
      8   6.317 ms  ×2^5     C=100017.403 [trial 3/3] †
     16   6.781 ms  ×2^5     C= 26551.454 [trial 3/3]
     32  11.657 ms  ×2^4     C= 11383.624 [trial 3/3]
     64  19.659 ms  ×2^3     C=  4799.650 [trial 3/3]
    128  22.999 ms  ×2^3     C=  1410.316 [trial 3/3]
    256  27.829 ms  ×2^2     C=   423.708 [trial 3/3]
  verdict: inconclusive (cMin=423.708, cMax=26551.454, β=-1.495, looks faster than declared by ~n^1.495)
  per-spawn floor (harness self-measurement): 199.006 ms
  peak RSS: 68_204 kB..69_088 kB (across 18 ok row(s))
  trial summaries (3 trials per param; spread = (max-min)/median):
    param  trials  median     min        max        spread
        8  3/3      6.401 ms   6.317 ms   6.409 ms  1.443%
       16  3/3      6.797 ms   6.781 ms   6.825 ms  0.649%
       32  3/3     11.657 ms  11.651 ms  11.693 ms  0.360%
       64  3/3     19.659 ms  19.641 ms  19.777 ms  0.689%
      128  3/3     23.107 ms  22.999 ms  23.272 ms  1.180%
      256  3/3     27.768 ms  27.693 ms  27.829 ms  0.489%

exported to /home/kim/worktrees/hex-dev/hex-dev-issue-10222/reports/bench-results/hex-row-reduce-fields-bounded.json
