Hex.RowReduceBench.Field.rat8FullSolve    expected complexity: n ^ 3    [warm cache]
  env: lean=4.34.0-rc2, os=linux, arch=x86_64, commit=1f10e6e-dirty, 2026-09-12T21:23:58Z, host=chungus2
  param  per-call    repeats  C
      4   79.169 µs  ×2^11    C=1944.118 [trial 1/3] †
      8  665.219 µs  ×2^8     C=1192.757 [trial 1/3]
     16    4.584 ms  ×2^5     C=1177.180 [trial 1/3]
     32   34.985 ms  ×2^2     C=1106.698 [trial 1/3]
     64  264.698 ms  ×2^0     C=1009.742 [trial 1/3]
      4  124.423 µs  ×2^11    C=1944.118 [trial 2/3] †
      8  593.403 µs  ×2^8     C=1192.757 [trial 2/3]
     16    4.822 ms  ×2^5     C=1177.180 [trial 2/3]
     32   36.264 ms  ×2^2     C=1106.698 [trial 2/3]
     64  297.255 ms  ×2^0     C=1009.742 [trial 2/3]
      4  152.627 µs  ×2^11    C=1944.118 [trial 3/3] †
      8  610.691 µs  ×2^8     C=1192.757 [trial 3/3]
     16    5.712 ms  ×2^5     C=1177.180 [trial 3/3]
     32   41.365 ms  ×2^2     C=1106.698 [trial 3/3]
     64  253.449 ms  ×2^0     C=1009.742 [trial 3/3]
  verdict: consistent with declared complexity (cMin=1009.742, cMax=1192.757, β=-0.081)
  per-spawn floor (harness self-measurement): 405.658 ms
  peak RSS: 63_352 kB..68_156 kB (across 15 ok row(s))
  trial summaries (3 trials per param; spread = (max-min)/median):
    param  trials  median      min         max         spread 
        4  3/3     124.423 µs   79.169 µs  152.627 µs  59.039%
        8  3/3     610.691 µs  593.403 µs  665.219 µs  11.760%
       16  3/3       4.822 ms    4.584 ms    5.712 ms  23.377%
       32  3/3      36.264 ms   34.985 ms   41.365 ms  17.591%
       64  3/3     264.698 ms  253.449 ms  297.255 ms  16.550%

Hex.RowReduceBench.Field.rat8FullOption    expected complexity: n ^ 3    [warm cache]
  env: lean=4.34.0-rc2, os=linux, arch=x86_64, commit=1f10e6e-dirty, 2026-09-12T21:24:11Z, host=chungus2
  param  per-call    repeats  C
      4   94.666 µs  ×2^11    C=1479.165 [trial 1/3] †
      8    1.168 ms  ×2^8     C=1439.439 [trial 1/3]
     16    4.884 ms  ×2^4     C=1212.372 [trial 1/3]
     32   37.609 ms  ×2^2     C=1081.674 [trial 1/3]
     64  557.673 ms  ×2^0     C= 992.328 [trial 1/3]
      4  100.749 µs  ×2^7     C=1479.165 [trial 2/3] †
      8  736.992 µs  ×2^6     C=1439.439 [trial 2/3]
     16    6.521 ms  ×2^4     C=1212.372 [trial 2/3]
     32   35.444 ms  ×2^1     C=1081.674 [trial 2/3]
     64  246.303 ms  ×2^0     C= 992.328 [trial 2/3]
      4   77.622 µs  ×2^11    C=1479.165 [trial 3/3] †
      8  591.454 µs  ×2^8     C=1439.439 [trial 3/3]
     16    4.966 ms  ×2^5     C=1212.372 [trial 3/3]
     32   34.157 ms  ×2^2     C=1081.674 [trial 3/3]
     64  260.133 ms  ×2^0     C= 992.328 [trial 3/3]
  verdict: inconclusive (cMin=992.328, cMax=1439.439, β=-0.177, looks faster than declared by ~n^0.177)
  per-spawn floor (harness self-measurement): 267.942 ms
  peak RSS: 63_124 kB..67_008 kB (across 15 ok row(s))
  trial summaries (3 trials per param; spread = (max-min)/median):
    param  trials  median      min         max         spread  
        4  3/3      94.666 µs   77.622 µs  100.749 µs  24.430% 
        8  3/3     736.992 µs  591.454 µs    1.168 ms  78.247% 
       16  3/3       4.966 ms    4.884 ms    6.521 ms  32.970% 
       32  3/3      35.444 ms   34.157 ms   37.609 ms  9.739%  
       64  3/3     260.133 ms  246.303 ms  557.673 ms  119.696%

Hex.RowReduceBench.Field.rat8FullInverse    expected complexity: n ^ 3    [warm cache]
  env: lean=4.34.0-rc2, os=linux, arch=x86_64, commit=1f10e6e-dirty, 2026-09-12T21:24:25Z, host=chungus2
  param  per-call    repeats  C
      4   66.665 µs  ×2^11    C= 987.375 [trial 1/3] †
      8  509.753 µs  ×2^8     C=1001.239 [trial 1/3]
     16    4.225 ms  ×2^5     C=1010.790 [trial 1/3]
     32   37.644 ms  ×2^2     C=1051.755 [trial 1/3]
     64  246.165 ms  ×2^0     C=1029.716 [trial 1/3]
      4   63.192 µs  ×2^11    C= 987.375 [trial 2/3] †
      8  512.634 µs  ×2^8     C=1001.239 [trial 2/3]
     16    4.037 ms  ×2^5     C=1010.790 [trial 2/3]
     32   34.464 ms  ×2^2     C=1051.755 [trial 2/3]
     64  269.934 ms  ×2^0     C=1029.716 [trial 2/3]
      4   62.876 µs  ×2^11    C= 987.375 [trial 3/3] †
      8  588.201 µs  ×2^8     C=1001.239 [trial 3/3]
     16    4.140 ms  ×2^5     C=1010.790 [trial 3/3]
     32   32.423 ms  ×2^2     C=1051.755 [trial 3/3]
     64  349.580 ms  ×2^0     C=1029.716 [trial 3/3]
  verdict: consistent with declared complexity (cMin=1001.239, cMax=1051.755, β=+0.018)
  per-spawn floor (harness self-measurement): 453.721 ms
  peak RSS: 62_452 kB..66_056 kB (across 15 ok row(s))
  trial summaries (3 trials per param; spread = (max-min)/median):
    param  trials  median      min         max         spread 
        4  3/3      63.192 µs   62.876 µs   66.665 µs  5.997% 
        8  3/3     512.634 µs  509.753 µs  588.201 µs  15.303%
       16  3/3       4.140 ms    4.037 ms    4.225 ms  4.530% 
       32  3/3      34.464 ms   32.423 ms   37.644 ms  15.150%
       64  3/3     269.934 ms  246.165 ms  349.580 ms  38.311%

Hex.RowReduceBench.Field.rat8DeficientSolve    expected complexity: n ^ 3    [warm cache]
  env: lean=4.34.0-rc2, os=linux, arch=x86_64, commit=1f10e6e-dirty, 2026-09-12T21:24:37Z, host=chungus2
  param  per-call    repeats  C
      4   53.630 µs  ×2^12    C= 852.154 [trial 1/3] †
      8  458.889 µs  ×2^9     C= 886.589 [trial 1/3]
     16    3.695 ms  ×2^5     C= 940.914 [trial 1/3]
     32   45.403 ms  ×2^2     C=1213.588 [trial 1/3]
     64  296.344 ms  ×2^0     C= 946.391 [trial 1/3]
      4   54.537 µs  ×2^11    C= 852.154 [trial 2/3] †
      8  453.933 µs  ×2^8     C= 886.589 [trial 2/3]
     16    4.207 ms  ×2^5     C= 940.914 [trial 2/3]
     32   39.767 ms  ×2^2     C=1213.588 [trial 2/3]
     64  248.091 ms  ×2^0     C= 946.391 [trial 2/3]
      4   60.035 µs  ×2^11    C= 852.154 [trial 3/3] †
      8  445.266 µs  ×2^9     C= 886.589 [trial 3/3]
     16    3.854 ms  ×2^5     C= 940.914 [trial 3/3]
     32   31.041 ms  ×2^2     C=1213.588 [trial 3/3]
     64  245.937 ms  ×2^0     C= 946.391 [trial 3/3]
  verdict: consistent with declared complexity (cMin=886.589, cMax=1213.588, β=+0.065)
  per-spawn floor (harness self-measurement): 463.226 ms
  peak RSS: 63_004 kB..68_996 kB (across 15 ok row(s))
  trial summaries (3 trials per param; spread = (max-min)/median):
    param  trials  median      min         max         spread 
        4  3/3      54.537 µs   53.630 µs   60.035 µs  11.745%
        8  3/3     453.933 µs  445.266 µs  458.889 µs  3.001% 
       16  3/3       3.854 ms    3.695 ms    4.207 ms  13.304%
       32  3/3      39.767 ms   31.041 ms   45.403 ms  36.116%
       64  3/3     248.091 ms  245.937 ms  296.344 ms  20.318%

Hex.RowReduceBench.Field.rat8DeficientOption    expected complexity: n ^ 3    [warm cache]
  env: lean=4.34.0-rc2, os=linux, arch=x86_64, commit=1f10e6e-dirty, 2026-09-12T21:24:49Z, host=chungus2
  param  per-call    repeats  C
      4   74.724 µs  ×2^11    C= 928.981 [trial 1/3] †
      8  461.772 µs  ×2^8     C= 859.952 [trial 1/3]
     16    3.824 ms  ×2^5     C= 928.076 [trial 1/3]
     32   34.496 ms  ×2^2     C=1000.465 [trial 1/3]
     64  278.222 ms  ×2^0     C=1061.332 [trial 1/3]
      4   53.163 µs  ×2^12    C= 928.981 [trial 2/3] †
      8  437.318 µs  ×2^8     C= 859.952 [trial 2/3]
     16    3.691 ms  ×2^5     C= 928.076 [trial 2/3]
     32   30.063 ms  ×2^2     C=1000.465 [trial 2/3]
     64  241.581 ms  ×2^0     C=1061.332 [trial 2/3]
      4   59.454 µs  ×2^11    C= 928.981 [trial 3/3] †
      8  440.295 µs  ×2^8     C= 859.952 [trial 3/3]
     16    3.801 ms  ×2^5     C= 928.076 [trial 3/3]
     32   32.783 ms  ×2^2     C=1000.465 [trial 3/3]
     64  278.452 ms  ×2^0     C=1061.332 [trial 3/3]
  verdict: consistent with declared complexity (cMin=859.952, cMax=1061.332, β=+0.102)
  per-spawn floor (harness self-measurement): 283.518 ms
  peak RSS: 62_680 kB..67_400 kB (across 15 ok row(s))
  trial summaries (3 trials per param; spread = (max-min)/median):
    param  trials  median      min         max         spread 
        4  3/3      59.454 µs   53.163 µs   74.724 µs  36.264%
        8  3/3     440.295 µs  437.318 µs  461.772 µs  5.554% 
       16  3/3       3.801 ms    3.691 ms    3.824 ms  3.486% 
       32  3/3      32.783 ms   30.063 ms   34.496 ms  13.524%
       64  3/3     278.222 ms  241.581 ms  278.452 ms  13.252%

Hex.RowReduceBench.Field.rat8DeficientInverse    expected complexity: n ^ 3    [warm cache]
  env: lean=4.34.0-rc2, os=linux, arch=x86_64, commit=1f10e6e-dirty, 2026-09-12T21:25:00Z, host=chungus2
  param  per-call    repeats  C
      4   36.422 µs  ×2^12    C=569.109 [trial 1/3] †
      8  395.579 µs  ×2^9     C=772.617 [trial 1/3]
     16    3.776 ms  ×2^5     C=921.878 [trial 1/3]
     32   30.165 ms  ×2^2     C=920.570 [trial 1/3]
     64  251.260 ms  ×2^0     C=931.900 [trial 1/3]
      4   36.289 µs  ×2^12    C=569.109 [trial 2/3] †
      8  464.757 µs  ×2^9     C=772.617 [trial 2/3]
     16    3.508 ms  ×2^5     C=921.878 [trial 2/3]
     32   35.232 ms  ×2^2     C=920.570 [trial 2/3]
     64  238.355 ms  ×2^0     C=931.900 [trial 2/3]
      4   40.545 µs  ×2^12    C=569.109 [trial 3/3] †
      8  387.148 µs  ×2^9     C=772.617 [trial 3/3]
     16    3.933 ms  ×2^6     C=921.878 [trial 3/3]
     32   28.772 ms  ×2^2     C=920.570 [trial 3/3]
     64  244.292 ms  ×2^0     C=931.900 [trial 3/3]
  verdict: consistent with declared complexity (cMin=772.617, cMax=931.900, β=+0.081)
  per-spawn floor (harness self-measurement): 365.495 ms
  peak RSS: 62_560 kB..68_912 kB (across 15 ok row(s))
  trial summaries (3 trials per param; spread = (max-min)/median):
    param  trials  median      min         max         spread 
        4  3/3      36.422 µs   36.289 µs   40.545 µs  11.685%
        8  3/3     395.579 µs  387.148 µs  464.757 µs  19.619%
       16  3/3       3.776 ms    3.508 ms    3.933 ms  11.261%
       32  3/3      30.165 ms   28.772 ms   35.232 ms  21.416%
       64  3/3     244.292 ms  238.355 ms  251.260 ms  5.283% 

Hex.RowReduceBench.Field.rat8HalfSolve    expected complexity: n ^ 3    [warm cache]
  env: lean=4.34.0-rc2, os=linux, arch=x86_64, commit=1f10e6e-dirty, 2026-09-12T21:25:11Z, host=chungus2
  param  per-call    repeats  C
      4   44.604 µs  ×2^12    C=678.333 [trial 1/3] †
      8  277.832 µs  ×2^9     C=542.642 [trial 1/3]
     16    1.730 ms  ×2^7     C=422.400 [trial 1/3]
     32   15.329 ms  ×2^3     C=395.565 [trial 1/3]
     64   93.408 ms  ×2^1     C=356.324 [trial 1/3]
      4   41.125 µs  ×2^12    C=678.333 [trial 2/3] †
      8  282.224 µs  ×2^9     C=542.642 [trial 2/3]
     16    1.716 ms  ×2^6     C=422.400 [trial 2/3]
     32   12.849 ms  ×2^4     C=395.565 [trial 2/3]
     64  104.876 ms  ×2^0     C=356.324 [trial 2/3]
      4   43.413 µs  ×2^12    C=678.333 [trial 3/3] †
      8  264.177 µs  ×2^9     C=542.642 [trial 3/3]
     16    1.832 ms  ×2^6     C=422.400 [trial 3/3]
     32   12.962 ms  ×2^3     C=395.565 [trial 3/3]
     64   86.696 ms  ×2^1     C=356.324 [trial 3/3]
  verdict: inconclusive (cMin=356.324, cMax=542.642, β=-0.192, looks faster than declared by ~n^0.192)
  per-spawn floor (harness self-measurement): 361.497 ms
  peak RSS: 62_636 kB..67_144 kB (across 15 ok row(s))
  trial summaries (3 trials per param; spread = (max-min)/median):
    param  trials  median      min         max         spread 
        4  3/3      43.413 µs   41.125 µs   44.604 µs  8.013% 
        8  3/3     277.832 µs  264.177 µs  282.224 µs  6.496% 
       16  3/3       1.730 ms    1.716 ms    1.832 ms  6.748% 
       32  3/3      12.962 ms   12.849 ms   15.329 ms  19.136%
       64  3/3      93.408 ms   86.696 ms  104.876 ms  19.463%

Hex.RowReduceBench.Field.rat8HalfOption    expected complexity: n ^ 3    [warm cache]
  env: lean=4.34.0-rc2, os=linux, arch=x86_64, commit=1f10e6e-dirty, 2026-09-12T21:25:20Z, host=chungus2
  param  per-call    repeats  C
      4   43.994 µs  ×2^12    C=687.412 [trial 1/3] †
      8  226.931 µs  ×2^9     C=499.835 [trial 1/3]
     16    1.624 ms  ×2^7     C=435.447 [trial 1/3]
     32   12.858 ms  ×2^4     C=392.400 [trial 1/3]
     64   87.410 ms  ×2^1     C=353.022 [trial 1/3]
      4   40.773 µs  ×2^12    C=687.412 [trial 2/3] †
      8  274.507 µs  ×2^9     C=499.835 [trial 2/3]
     16    1.784 ms  ×2^6     C=435.447 [trial 2/3]
     32   13.144 ms  ×2^4     C=392.400 [trial 2/3]
     64   97.962 ms  ×2^1     C=353.022 [trial 2/3]
      4   45.045 µs  ×2^12    C=687.412 [trial 3/3] †
      8  255.915 µs  ×2^9     C=499.835 [trial 3/3]
     16    1.837 ms  ×2^7     C=435.447 [trial 3/3]
     32   11.965 ms  ×2^3     C=392.400 [trial 3/3]
     64   92.543 ms  ×2^1     C=353.022 [trial 3/3]
  verdict: inconclusive (cMin=353.022, cMax=499.835, β=-0.166, looks faster than declared by ~n^0.166)
  per-spawn floor (harness self-measurement): 417.485 ms
  peak RSS: 62_772 kB..67_120 kB (across 15 ok row(s))
  trial summaries (3 trials per param; spread = (max-min)/median):
    param  trials  median      min         max         spread 
        4  3/3      43.994 µs   40.773 µs   45.045 µs  9.711% 
        8  3/3     255.915 µs  226.931 µs  274.507 µs  18.591%
       16  3/3       1.784 ms    1.624 ms    1.837 ms  11.978%
       32  3/3      12.858 ms   11.965 ms   13.144 ms  9.172% 
       64  3/3      92.543 ms   87.410 ms   97.962 ms  11.402%

Hex.RowReduceBench.Field.rat8HalfInverse    expected complexity: n ^ 3    [warm cache]
  env: lean=4.34.0-rc2, os=linux, arch=x86_64, commit=1f10e6e-dirty, 2026-09-12T21:25:29Z, host=chungus2
  param  per-call    repeats  C
      4   27.868 µs  ×2^12    C=435.449 [trial 1/3] †
      8  193.657 µs  ×2^10    C=362.989 [trial 1/3]
     16    1.415 ms  ×2^7     C=367.963 [trial 1/3]
     32   12.574 ms  ×2^4     C=373.895 [trial 1/3]
     64   92.384 ms  ×2^1     C=352.418 [trial 1/3]
      4   26.295 µs  ×2^13    C=435.449 [trial 2/3] †
      8  185.850 µs  ×2^10    C=362.989 [trial 2/3]
     16    1.576 ms  ×2^7     C=367.963 [trial 2/3]
     32   11.373 ms  ×2^4     C=373.895 [trial 2/3]
     64   86.124 ms  ×2^1     C=352.418 [trial 2/3]
      4   27.950 µs  ×2^12    C=435.449 [trial 3/3] †
      8  179.819 µs  ×2^10    C=362.989 [trial 3/3]
     16    1.507 ms  ×2^7     C=367.963 [trial 3/3]
     32   12.252 ms  ×2^4     C=373.895 [trial 3/3]
     64   95.736 ms  ×2^1     C=352.418 [trial 3/3]
  verdict: consistent with declared complexity (cMin=352.418, cMax=373.895, β=-0.010)
  per-spawn floor (harness self-measurement): 342.416 ms
  peak RSS: 62_476 kB..68_252 kB (across 15 ok row(s))
  trial summaries (3 trials per param; spread = (max-min)/median):
    param  trials  median      min         max         spread 
        4  3/3      27.868 µs   26.295 µs   27.950 µs  5.936% 
        8  3/3     185.850 µs  179.819 µs  193.657 µs  7.446% 
       16  3/3       1.507 ms    1.415 ms    1.576 ms  10.699%
       32  3/3      12.252 ms   11.373 ms   12.574 ms  9.802% 
       64  3/3      92.384 ms   86.124 ms   95.736 ms  10.404%

Hex.RowReduceBench.Field.rat8DeficientErrorSolve    expected complexity: n ^ 3    [warm cache]
  env: lean=4.34.0-rc2, os=linux, arch=x86_64, commit=1f10e6e-dirty, 2026-09-12T21:25:39Z, host=chungus2
  param  per-call    repeats  C
      4   48.452 µs  ×2^12    C=733.257 [trial 1/3] †
      8  405.541 µs  ×2^9     C=804.537 [trial 1/3]
     16    4.181 ms  ×2^5     C=898.589 [trial 1/3]
     32   34.774 ms  ×2^2     C=953.863 [trial 1/3]
     64  260.418 ms  ×2^0     C=933.580 [trial 1/3]
      4   46.597 µs  ×2^12    C=733.257 [trial 2/3] †
      8  411.923 µs  ×2^9     C=804.537 [trial 2/3]
     16    3.630 ms  ×2^6     C=898.589 [trial 2/3]
     32   31.256 ms  ×2^2     C=953.863 [trial 2/3]
     64  244.732 ms  ×2^0     C=933.580 [trial 2/3]
      4   46.928 µs  ×2^12    C=733.257 [trial 3/3] †
      8  425.953 µs  ×2^8     C=804.537 [trial 3/3]
     16    3.681 ms  ×2^5     C=898.589 [trial 3/3]
     32   29.390 ms  ×2^2     C=953.863 [trial 3/3]
     64  234.396 ms  ×2^0     C=933.580 [trial 3/3]
  verdict: consistent with declared complexity (cMin=804.537, cMax=953.863, β=+0.073)
  per-spawn floor (harness self-measurement): 270.435 ms
  peak RSS: 62_516 kB..68_952 kB (across 15 ok row(s))
  trial summaries (3 trials per param; spread = (max-min)/median):
    param  trials  median      min         max         spread 
        4  3/3      46.928 µs   46.597 µs   48.452 µs  3.953% 
        8  3/3     411.923 µs  405.541 µs  425.953 µs  4.955% 
       16  3/3       3.681 ms    3.630 ms    4.181 ms  14.981%
       32  3/3      31.256 ms   29.390 ms   34.774 ms  17.226%
       64  3/3     244.732 ms  234.396 ms  260.418 ms  10.633%

Hex.RowReduceBench.Field.rat8DeficientErrorOption    expected complexity: n ^ 3    [warm cache]
  env: lean=4.34.0-rc2, os=linux, arch=x86_64, commit=1f10e6e-dirty, 2026-09-12T21:25:49Z, host=chungus2
  param  per-call    repeats  C
      4   61.551 µs  ×2^12    C=822.729 [trial 1/3] †
      8  460.301 µs  ×2^8     C=899.026 [trial 1/3]
     16    3.548 ms  ×2^5     C=933.915 [trial 1/3]
     32   31.149 ms  ×2^2     C=904.697 [trial 1/3]
     64  260.413 ms  ×2^0     C=940.976 [trial 1/3]
      4   48.458 µs  ×2^12    C=822.729 [trial 2/3] †
      8  411.570 µs  ×2^9     C=899.026 [trial 2/3]
     16    3.825 ms  ×2^5     C=933.915 [trial 2/3]
     32   28.618 ms  ×2^2     C=904.697 [trial 2/3]
     64  246.671 ms  ×2^0     C=940.976 [trial 2/3]
      4   52.654 µs  ×2^12    C=822.729 [trial 3/3] †
      8  655.747 µs  ×2^8     C=899.026 [trial 3/3]
     16    4.107 ms  ×2^5     C=933.915 [trial 3/3]
     32   29.645 ms  ×2^2     C=904.697 [trial 3/3]
     64  243.096 ms  ×2^0     C=940.976 [trial 3/3]
  verdict: consistent with declared complexity (cMin=899.026, cMax=940.976, β=+0.015)
  per-spawn floor (harness self-measurement): 281.396 ms
  peak RSS: 62_480 kB..65_384 kB (across 15 ok row(s))
  trial summaries (3 trials per param; spread = (max-min)/median):
    param  trials  median      min         max         spread 
        4  3/3      52.654 µs   48.458 µs   61.551 µs  24.866%
        8  3/3     460.301 µs  411.570 µs  655.747 µs  53.047%
       16  3/3       3.825 ms    3.548 ms    4.107 ms  14.615%
       32  3/3      29.645 ms   28.618 ms   31.149 ms  8.540% 
       64  3/3     246.671 ms  243.096 ms  260.413 ms  7.020% 

Hex.RowReduceBench.Field.rat8HalfErrorSolve    expected complexity: n ^ 3    [warm cache]
  env: lean=4.34.0-rc2, os=linux, arch=x86_64, commit=1f10e6e-dirty, 2026-09-12T21:25:59Z, host=chungus2
  param  per-call    repeats  C
      4   36.255 µs  ×2^12    C=528.387 [trial 1/3] †
      8  221.065 µs  ×2^9     C=433.050 [trial 1/3]
     16    2.275 ms  ×2^7     C=397.082 [trial 1/3]
     32   11.507 ms  ×2^4     C=359.245 [trial 1/3]
     64   91.563 ms  ×2^1     C=369.738 [trial 1/3]
      4   33.816 µs  ×2^12    C=528.387 [trial 2/3] †
      8  221.721 µs  ×2^9     C=433.050 [trial 2/3]
     16    1.626 ms  ×2^7     C=397.082 [trial 2/3]
     32   11.772 ms  ×2^4     C=359.245 [trial 2/3]
     64   96.925 ms  ×2^1     C=369.738 [trial 2/3]
      4   33.642 µs  ×2^12    C=528.387 [trial 3/3] †
      8  228.678 µs  ×2^9     C=433.050 [trial 3/3]
     16    1.568 ms  ×2^7     C=397.082 [trial 3/3]
     32   12.335 ms  ×2^4     C=359.245 [trial 3/3]
     64   99.978 ms  ×2^1     C=369.738 [trial 3/3]
  verdict: consistent with declared complexity (cMin=359.245, cMax=433.050, β=-0.083)
  per-spawn floor (harness self-measurement): 300.971 ms
  peak RSS: 62_724 kB..68_240 kB (across 15 ok row(s))
  trial summaries (3 trials per param; spread = (max-min)/median):
    param  trials  median      min         max         spread 
        4  3/3      33.816 µs   33.642 µs   36.255 µs  7.729% 
        8  3/3     221.721 µs  221.065 µs  228.678 µs  3.433% 
       16  3/3       1.626 ms    1.568 ms    2.275 ms  43.491%
       32  3/3      11.772 ms   11.507 ms   12.335 ms  7.036% 
       64  3/3      96.925 ms   91.563 ms   99.978 ms  8.682% 

Hex.RowReduceBench.Field.rat8HalfErrorOption    expected complexity: n ^ 3    [warm cache]
  env: lean=4.34.0-rc2, os=linux, arch=x86_64, commit=1f10e6e-dirty, 2026-09-12T21:26:08Z, host=chungus2
  param  per-call    repeats  C
      4   35.718 µs  ×2^12    C=512.606 [trial 1/3] †
      8  225.748 µs  ×2^10    C=419.933 [trial 1/3]
     16    1.612 ms  ×2^7     C=393.536 [trial 1/3]
     32   12.065 ms  ×2^4     C=360.791 [trial 1/3]
     64   91.963 ms  ×2^1     C=350.812 [trial 1/3]
      4   32.802 µs  ×2^12    C=512.606 [trial 2/3] †
      8  215.005 µs  ×2^10    C=419.933 [trial 2/3]
     16    1.625 ms  ×2^7     C=393.536 [trial 2/3]
     32   11.752 ms  ×2^4     C=360.791 [trial 2/3]
     64  101.006 ms  ×2^0     C=350.812 [trial 2/3]
      4   32.806 µs  ×2^12    C=512.606 [trial 3/3] †
      8  214.597 µs  ×2^10    C=419.933 [trial 3/3]
     16    1.542 ms  ×2^7     C=393.536 [trial 3/3]
     32   11.822 ms  ×2^4     C=360.791 [trial 3/3]
     64   84.050 ms  ×2^1     C=350.812 [trial 3/3]
  verdict: consistent with declared complexity (cMin=350.812, cMax=419.933, β=-0.090)
  per-spawn floor (harness self-measurement): 386.287 ms
  peak RSS: 62_668 kB..66_508 kB (across 15 ok row(s))
  trial summaries (3 trials per param; spread = (max-min)/median):
    param  trials  median      min         max         spread 
        4  3/3      32.806 µs   32.802 µs   35.718 µs  8.889% 
        8  3/3     215.005 µs  214.597 µs  225.748 µs  5.186% 
       16  3/3       1.612 ms    1.542 ms    1.625 ms  5.139% 
       32  3/3      11.822 ms   11.752 ms   12.065 ms  2.650% 
       64  3/3      91.963 ms   84.050 ms  101.006 ms  18.437%

Hex.RowReduceBench.Field.rat8TallSolve    expected complexity: n ^ 3    [warm cache]
  env: lean=4.34.0-rc2, os=linux, arch=x86_64, commit=1f10e6e-dirty, 2026-09-12T21:26:17Z, host=chungus2
  param  per-call    repeats  C
      4  192.648 µs  ×2^10    C=3010.127 [trial 1/3] †
      8    1.309 ms  ×2^7     C=2557.230 [trial 1/3]
     16    9.123 ms  ×2^4     C=2227.235 [trial 1/3]
     32   68.078 ms  ×2^1     C=2121.809 [trial 1/3]
     64  638.931 ms  ×2^0     C=2234.003 [trial 1/3]
      4  176.102 µs  ×2^8     C=3010.127 [trial 2/3] †
      8    1.265 ms  ×2^7     C=2557.230 [trial 2/3]
     16    9.120 ms  ×2^4     C=2227.235 [trial 2/3]
     32   74.687 ms  ×2^1     C=2121.809 [trial 2/3]
     64  561.326 ms  ×2^0     C=2234.003 [trial 2/3]
      4  194.119 µs  ×2^10    C=3010.127 [trial 3/3] †
      8    1.350 ms  ×2^7     C=2557.230 [trial 3/3]
     16    9.398 ms  ×2^4     C=2227.235 [trial 3/3]
     32   69.527 ms  ×2^1     C=2121.809 [trial 3/3]
     64  585.630 ms  ×2^0     C=2234.003 [trial 3/3]
  verdict: consistent with declared complexity (cMin=2121.809, cMax=2557.230, β=-0.065)
  per-spawn floor (harness self-measurement): 298.570 ms
  peak RSS: 62_744 kB..68_868 kB (across 15 ok row(s))
  trial summaries (3 trials per param; spread = (max-min)/median):
    param  trials  median      min         max         spread 
        4  3/3     192.648 µs  176.102 µs  194.119 µs  9.352% 
        8  3/3       1.309 ms    1.265 ms    1.350 ms  6.494% 
       16  3/3       9.123 ms    9.120 ms    9.398 ms  3.048% 
       32  3/3      69.527 ms   68.078 ms   74.687 ms  9.505% 
       64  3/3     585.630 ms  561.326 ms  638.931 ms  13.252%

Hex.RowReduceBench.Field.rat8TallOption    expected complexity: n ^ 3    [warm cache]
  env: lean=4.34.0-rc2, os=linux, arch=x86_64, commit=1f10e6e-dirty, 2026-09-12T21:26:31Z, host=chungus2
  param  per-call    repeats  C
      4  180.554 µs  ×2^10    C=2827.693 [trial 1/3] †
      8    1.239 ms  ×2^7     C=2420.157 [trial 1/3]
     16    9.691 ms  ×2^4     C=2295.849 [trial 1/3]
     32   68.824 ms  ×2^1     C=2107.345 [trial 1/3]
     64  739.796 ms  ×2^0     C=2024.891 [trial 1/3]
      4  180.972 µs  ×2^10    C=2827.693 [trial 2/3] †
      8    1.222 ms  ×2^7     C=2420.157 [trial 2/3]
     16    8.382 ms  ×2^4     C=2295.849 [trial 2/3]
     32   69.053 ms  ×2^1     C=2107.345 [trial 2/3]
     64  526.768 ms  ×2^0     C=2024.891 [trial 2/3]
      4  206.860 µs  ×2^10    C=2827.693 [trial 3/3] †
      8    1.257 ms  ×2^7     C=2420.157 [trial 3/3]
     16    9.404 ms  ×2^4     C=2295.849 [trial 3/3]
     32   69.910 ms  ×2^1     C=2107.345 [trial 3/3]
     64  530.813 ms  ×2^0     C=2024.891 [trial 3/3]
  verdict: consistent with declared complexity (cMin=2024.891, cMax=2420.157, β=-0.090)
  per-spawn floor (harness self-measurement): 307.034 ms
  peak RSS: 62_644 kB..67_928 kB (across 15 ok row(s))
  trial summaries (3 trials per param; spread = (max-min)/median):
    param  trials  median      min         max         spread 
        4  3/3     180.972 µs  180.554 µs  206.860 µs  14.536%
        8  3/3       1.239 ms    1.222 ms    1.257 ms  2.807% 
       16  3/3       9.404 ms    8.382 ms    9.691 ms  13.919%
       32  3/3      69.053 ms   68.824 ms   69.910 ms  1.573% 
       64  3/3     530.813 ms  526.768 ms  739.796 ms  40.132%

Hex.RowReduceBench.Field.rat8WideSolve    expected complexity: n ^ 3    [warm cache]
  env: lean=4.34.0-rc2, os=linux, arch=x86_64, commit=1f10e6e-dirty, 2026-09-12T21:26:46Z, host=chungus2
  param  per-call    repeats  C
      4  112.585 µs  ×2^10    C=1816.499 [trial 1/3] †
      8  822.636 µs  ×2^8     C=1610.260 [trial 1/3]
     16    6.134 ms  ×2^5     C=1526.285 [trial 1/3]
     32   49.740 ms  ×2^2     C=1517.946 [trial 1/3]
     64  424.894 ms  ×2^0     C=1620.842 [trial 1/3]
      4  116.255 µs  ×2^10    C=1816.499 [trial 2/3] †
      8  824.452 µs  ×2^8     C=1610.260 [trial 2/3]
     16    6.452 ms  ×2^5     C=1526.285 [trial 2/3]
     32   47.203 ms  ×2^2     C=1517.946 [trial 2/3]
     64  383.677 ms  ×2^0     C=1620.842 [trial 2/3]
      4  119.465 µs  ×2^10    C=1816.499 [trial 3/3] †
      8  837.861 µs  ×2^8     C=1610.260 [trial 3/3]
     16    6.252 ms  ×2^5     C=1526.285 [trial 3/3]
     32   54.434 ms  ×2^1     C=1517.946 [trial 3/3]
     64  439.535 ms  ×2^0     C=1620.842 [trial 3/3]
  verdict: consistent with declared complexity (cMin=1517.946, cMax=1620.842, β=+0.002)
  per-spawn floor (harness self-measurement): 260.708 ms
  peak RSS: 62_916 kB..68_424 kB (across 15 ok row(s))
  trial summaries (3 trials per param; spread = (max-min)/median):
    param  trials  median      min         max         spread 
        4  3/3     116.255 µs  112.585 µs  119.465 µs  5.918% 
        8  3/3     824.452 µs  822.636 µs  837.861 µs  1.847% 
       16  3/3       6.252 ms    6.134 ms    6.452 ms  5.083% 
       32  3/3      49.740 ms   47.203 ms   54.434 ms  14.537%
       64  3/3     424.894 ms  383.677 ms  439.535 ms  13.146%

Hex.RowReduceBench.Field.rat8WideOption    expected complexity: n ^ 3    [warm cache]
  env: lean=4.34.0-rc2, os=linux, arch=x86_64, commit=1f10e6e-dirty, 2026-09-12T21:26:57Z, host=chungus2
  param  per-call    repeats  C
      4  118.903 µs  ×2^10    C=1909.026 [trial 1/3] †
      8  853.499 µs  ×2^7     C=1666.992 [trial 1/3]
     16    7.295 ms  ×2^5     C=1781.060 [trial 1/3]
     32   55.503 ms  ×2^2     C=1693.818 [trial 1/3]
     64  423.561 ms  ×2^0     C=1615.758 [trial 1/3]
      4  137.922 µs  ×2^10    C=1909.026 [trial 2/3] †
      8  815.383 µs  ×2^8     C=1666.992 [trial 2/3]
     16    6.135 ms  ×2^5     C=1781.060 [trial 2/3]
     32   48.128 ms  ×2^2     C=1693.818 [trial 2/3]
     64  535.033 ms  ×2^0     C=1615.758 [trial 2/3]
      4  122.177 µs  ×2^10    C=1909.026 [trial 3/3] †
      8  867.870 µs  ×2^7     C=1666.992 [trial 3/3]
     16    7.591 ms  ×2^4     C=1781.060 [trial 3/3]
     32   59.715 ms  ×2^2     C=1693.818 [trial 3/3]
     64  397.775 ms  ×2^0     C=1615.758 [trial 3/3]
  verdict: consistent with declared complexity (cMin=1615.758, cMax=1781.060, β=-0.021)
  per-spawn floor (harness self-measurement): 347.028 ms
  peak RSS: 62_584 kB..69_732 kB (across 15 ok row(s))
  trial summaries (3 trials per param; spread = (max-min)/median):
    param  trials  median      min         max         spread 
        4  3/3     122.177 µs  118.903 µs  137.922 µs  15.567%
        8  3/3     853.499 µs  815.383 µs  867.870 µs  6.150% 
       16  3/3       7.295 ms    6.135 ms    7.591 ms  19.954%
       32  3/3      55.503 ms   48.128 ms   59.715 ms  20.876%
       64  3/3     423.561 ms  397.775 ms  535.033 ms  32.406%

Hex.RowReduceBench.Field.rat32FullSolve    expected complexity: n ^ 3    [warm cache]
  env: lean=4.34.0-rc2, os=linux, arch=x86_64, commit=1f10e6e-dirty, 2026-09-12T21:27:11Z, host=chungus2
  param  per-call    repeats  C
      4  179.194 µs  ×2^10    C=2838.909 [trial 1/3] †
      8    1.534 ms  ×2^7     C=2996.453 [trial 1/3]
     16   11.435 ms  ×2^4     C=2791.807 [trial 1/3]
     32   98.627 ms  ×2^1     C=2885.098 [trial 1/3]
     64  764.571 ms  ×2^0     C=2916.608 [trial 1/3]
      4  192.951 µs  ×2^10    C=2838.909 [trial 2/3] †
      8    1.431 ms  ×2^7     C=2996.453 [trial 2/3]
     16   11.969 ms  ×2^4     C=2791.807 [trial 2/3]
     32   92.145 ms  ×2^1     C=2885.098 [trial 2/3]
     64  823.492 ms  ×2^0     C=2916.608 [trial 2/3]
      4  181.690 µs  ×2^10    C=2838.909 [trial 3/3] †
      8    1.606 ms  ×2^7     C=2996.453 [trial 3/3]
     16   10.910 ms  ×2^4     C=2791.807 [trial 3/3]
     32   94.539 ms  ×2^1     C=2885.098 [trial 3/3]
     64  745.579 ms  ×2^0     C=2916.608 [trial 3/3]
  verdict: consistent with declared complexity (cMin=2791.807, cMax=2996.453, β=-0.007)
  per-spawn floor (harness self-measurement): 450.515 ms
  peak RSS: 62_628 kB..68_604 kB (across 15 ok row(s))
  trial summaries (3 trials per param; spread = (max-min)/median):
    param  trials  median      min         max         spread 
        4  3/3     181.690 µs  179.194 µs  192.951 µs  7.571% 
        8  3/3       1.534 ms    1.431 ms    1.606 ms  11.405%
       16  3/3      11.435 ms   10.910 ms   11.969 ms  9.261% 
       32  3/3      94.539 ms   92.145 ms   98.627 ms  6.857% 
       64  3/3     764.571 ms  745.579 ms  823.492 ms  10.190%

Hex.RowReduceBench.Field.rat32FullOption    expected complexity: n ^ 3    [warm cache]
  env: lean=4.34.0-rc2, os=linux, arch=x86_64, commit=1f10e6e-dirty, 2026-09-12T21:27:28Z, host=chungus2
  param  per-call    repeats  C
      4  209.056 µs  ×2^10    C=3123.941 [trial 1/3] †
      8    1.452 ms  ×2^7     C=2908.000 [trial 1/3]
     16   11.524 ms  ×2^4     C=2813.403 [trial 1/3]
     32  102.405 ms  ×2^1     C=2849.199 [trial 1/3]
     64  769.168 ms  ×2^0     C=2946.406 [trial 1/3]
      4  199.932 µs  ×2^10    C=3123.941 [trial 2/3] †
      8    1.489 ms  ×2^7     C=2908.000 [trial 2/3]
     16   11.335 ms  ×2^4     C=2813.403 [trial 2/3]
     32   90.516 ms  ×2^1     C=2849.199 [trial 2/3]
     64  800.513 ms  ×2^0     C=2946.406 [trial 2/3]
      4  181.778 µs  ×2^10    C=3123.941 [trial 3/3] †
      8    1.531 ms  ×2^7     C=2908.000 [trial 3/3]
     16   11.645 ms  ×2^4     C=2813.403 [trial 3/3]
     32   93.363 ms  ×2^1     C=2849.199 [trial 3/3]
     64  772.383 ms  ×2^0     C=2946.406 [trial 3/3]
  verdict: consistent with declared complexity (cMin=2813.403, cMax=2946.406, β=+0.008)
  per-spawn floor (harness self-measurement): 450.298 ms
  peak RSS: 62_780 kB..69_000 kB (across 15 ok row(s))
  trial summaries (3 trials per param; spread = (max-min)/median):
    param  trials  median      min         max         spread 
        4  3/3     199.932 µs  181.778 µs  209.056 µs  13.644%
        8  3/3       1.489 ms    1.452 ms    1.531 ms  5.332% 
       16  3/3      11.524 ms   11.335 ms   11.645 ms  2.689% 
       32  3/3      93.363 ms   90.516 ms  102.405 ms  12.734%
       64  3/3     772.383 ms  769.168 ms  800.513 ms  4.058% 

Hex.RowReduceBench.Field.rat32FullInverse    expected complexity: n ^ 3    [warm cache]
  env: lean=4.34.0-rc2, os=linux, arch=x86_64, commit=1f10e6e-dirty, 2026-09-12T21:27:45Z, host=chungus2
  param  per-call    repeats  C
      4  178.809 µs  ×2^10    C=2503.477 [trial 1/3] †
      8    1.646 ms  ×2^7     C=2774.378 [trial 1/3]
     16   12.620 ms  ×2^4     C=3029.423 [trial 1/3]
     32   90.359 ms  ×2^1     C=2780.966 [trial 1/3]
     64  772.719 ms  ×2^0     C=3031.201 [trial 1/3]
      4  157.080 µs  ×2^10    C=2503.477 [trial 2/3] †
      8    1.337 ms  ×2^7     C=2774.378 [trial 2/3]
     16   12.409 ms  ×2^4     C=3029.423 [trial 2/3]
     32   93.732 ms  ×2^1     C=2780.966 [trial 2/3]
     64  846.268 ms  ×2^0     C=3031.201 [trial 2/3]
      4  160.222 µs  ×2^10    C=2503.477 [trial 3/3] †
      8    1.420 ms  ×2^7     C=2774.378 [trial 3/3]
     16   10.935 ms  ×2^4     C=3029.423 [trial 3/3]
     32   91.127 ms  ×2^1     C=2780.966 [trial 3/3]
     64  794.611 ms  ×2^0     C=3031.201 [trial 3/3]
  verdict: consistent with declared complexity (cMin=2774.378, cMax=3031.201, β=+0.026)
  per-spawn floor (harness self-measurement): 350.680 ms
  peak RSS: 62_276 kB..68_420 kB (across 15 ok row(s))
  trial summaries (3 trials per param; spread = (max-min)/median):
    param  trials  median      min         max         spread 
        4  3/3     160.222 µs  157.080 µs  178.809 µs  13.562%
        8  3/3       1.420 ms    1.337 ms    1.646 ms  21.780%
       16  3/3      12.409 ms   10.935 ms   12.620 ms  13.583%
       32  3/3      91.127 ms   90.359 ms   93.732 ms  3.701% 
       64  3/3     794.611 ms  772.719 ms  846.268 ms  9.256% 

Hex.RowReduceBench.Field.rat32DeficientSolve    expected complexity: n ^ 3    [warm cache]
  env: lean=4.34.0-rc2, os=linux, arch=x86_64, commit=1f10e6e-dirty, 2026-09-12T21:28:01Z, host=chungus2
  param  per-call    repeats  C
      4  196.124 µs  ×2^10    C=1957.728 [trial 1/3] †
      8    1.106 ms  ×2^7     C=2204.005 [trial 1/3]
     16   10.412 ms  ×2^4     C=2477.655 [trial 1/3]
     32   88.870 ms  ×2^1     C=2712.091 [trial 1/3]
     64  776.969 ms  ×2^0     C=2843.537 [trial 1/3]
      4  111.972 µs  ×2^10    C=1957.728 [trial 2/3] †
      8    1.128 ms  ×2^7     C=2204.005 [trial 2/3]
     16    9.942 ms  ×2^4     C=2477.655 [trial 2/3]
     32   84.960 ms  ×2^1     C=2712.091 [trial 2/3]
     64  745.416 ms  ×2^0     C=2843.537 [trial 2/3]
      4  125.294 µs  ×2^10    C=1957.728 [trial 3/3] †
      8    1.201 ms  ×2^7     C=2204.005 [trial 3/3]
     16   10.148 ms  ×2^4     C=2477.655 [trial 3/3]
     32  102.406 ms  ×2^0     C=2712.091 [trial 3/3]
     64  742.601 ms  ×2^0     C=2843.537 [trial 3/3]
  verdict: consistent with declared complexity (cMin=2204.005, cMax=2843.537, β=+0.123)
  per-spawn floor (harness self-measurement): 402.444 ms
  peak RSS: 63_020 kB..68_280 kB (across 15 ok row(s))
  trial summaries (3 trials per param; spread = (max-min)/median):
    param  trials  median      min         max         spread 
        4  3/3     125.294 µs  111.972 µs  196.124 µs  67.163%
        8  3/3       1.128 ms    1.106 ms    1.201 ms  8.414% 
       16  3/3      10.148 ms    9.942 ms   10.412 ms  4.626% 
       32  3/3      88.870 ms   84.960 ms  102.406 ms  19.630%
       64  3/3     745.416 ms  742.601 ms  776.969 ms  4.611% 

Hex.RowReduceBench.Field.rat32DeficientOption    expected complexity: n ^ 3    [warm cache]
  env: lean=4.34.0-rc2, os=linux, arch=x86_64, commit=1f10e6e-dirty, 2026-09-12T21:28:17Z, host=chungus2
  param  per-call    repeats  C
      4  122.128 µs  ×2^10    C=1793.815 [trial 1/3] †
      8    1.136 ms  ×2^7     C=2164.576 [trial 1/3]
     16    9.808 ms  ×2^4     C=2394.429 [trial 1/3]
     32   82.812 ms  ×2^1     C=2616.162 [trial 1/3]
     64  815.258 ms  ×2^0     C=2863.383 [trial 1/3]
      4  114.804 µs  ×2^11    C=1793.815 [trial 2/3] †
      8    1.108 ms  ×2^7     C=2164.576 [trial 2/3]
     16    8.977 ms  ×2^4     C=2394.429 [trial 2/3]
     32   97.662 ms  ×2^1     C=2616.162 [trial 2/3]
     64  715.400 ms  ×2^0     C=2863.383 [trial 2/3]
      4  114.045 µs  ×2^10    C=1793.815 [trial 3/3] †
      8    1.092 ms  ×2^7     C=2164.576 [trial 3/3]
     16   10.049 ms  ×2^4     C=2394.429 [trial 3/3]
     32   85.726 ms  ×2^1     C=2616.162 [trial 3/3]
     64  750.619 ms  ×2^0     C=2863.383 [trial 3/3]
  verdict: consistent with declared complexity (cMin=2164.576, cMax=2863.383, β=+0.134)
  per-spawn floor (harness self-measurement): 310.101 ms
  peak RSS: 63_140 kB..69_076 kB (across 15 ok row(s))
  trial summaries (3 trials per param; spread = (max-min)/median):
    param  trials  median      min         max         spread 
        4  3/3     114.804 µs  114.045 µs  122.128 µs  7.041% 
        8  3/3       1.108 ms    1.092 ms    1.136 ms  3.945% 
       16  3/3       9.808 ms    8.977 ms   10.049 ms  10.926%
       32  3/3      85.726 ms   82.812 ms   97.662 ms  17.322%
       64  3/3     750.619 ms  715.400 ms  815.258 ms  13.304%

Hex.RowReduceBench.Field.rat32DeficientInverse    expected complexity: n ^ 3    [warm cache]
  env: lean=4.34.0-rc2, os=linux, arch=x86_64, commit=1f10e6e-dirty, 2026-09-12T21:28:32Z, host=chungus2
  param  per-call    repeats  C
      4   84.510 µs  ×2^11    C=1268.746 [trial 1/3] †
      8  957.420 µs  ×2^7     C=1888.536 [trial 1/3]
     16    9.286 ms  ×2^4     C=2256.272 [trial 1/3]
     32   82.812 ms  ×2^1     C=2625.835 [trial 1/3]
     64  721.983 ms  ×2^0     C=2754.145 [trial 1/3]
      4   81.199 µs  ×2^9     C=1268.746 [trial 2/3] †
      8  982.962 µs  ×2^7     C=1888.536 [trial 2/3]
     16    9.242 ms  ×2^4     C=2256.272 [trial 2/3]
     32   86.043 ms  ×2^1     C=2625.835 [trial 2/3]
     64  751.135 ms  ×2^0     C=2754.145 [trial 2/3]
      4   74.792 µs  ×2^11    C=1268.746 [trial 3/3] †
      8  966.930 µs  ×2^7     C=1888.536 [trial 3/3]
     16    9.100 ms  ×2^4     C=2256.272 [trial 3/3]
     32   90.331 ms  ×2^1     C=2625.835 [trial 3/3]
     64  710.965 ms  ×2^0     C=2754.145 [trial 3/3]
  verdict: inconclusive (cMin=1888.536, cMax=2754.145, β=+0.185, looks slower than declared by ~n^0.185)
  per-spawn floor (harness self-measurement): 314.556 ms
  peak RSS: 62_296 kB..67_852 kB (across 15 ok row(s))
  trial summaries (3 trials per param; spread = (max-min)/median):
    param  trials  median      min         max         spread 
        4  3/3      81.199 µs   74.792 µs   84.510 µs  11.968%
        8  3/3     966.930 µs  957.420 µs  982.962 µs  2.642% 
       16  3/3       9.242 ms    9.100 ms    9.286 ms  2.010% 
       32  3/3      86.043 ms   82.812 ms   90.331 ms  8.738% 
       64  3/3     721.983 ms  710.965 ms  751.135 ms  5.564% 

Hex.RowReduceBench.Field.rat32HalfSolve    expected complexity: n ^ 3    [warm cache]
  env: lean=4.34.0-rc2, os=linux, arch=x86_64, commit=1f10e6e-dirty, 2026-09-12T21:28:48Z, host=chungus2
  param  per-call    repeats  C
      4   75.806 µs  ×2^11    C=1184.484 [trial 1/3] †
      8  515.868 µs  ×2^8     C=1021.855 [trial 1/3]
     16    3.903 ms  ×2^5     C= 952.887 [trial 1/3]
     32   30.976 ms  ×2^2     C= 945.297 [trial 1/3]
     64  255.526 ms  ×2^0     C=1120.371 [trial 1/3]
      4   75.665 µs  ×2^11    C=1184.484 [trial 2/3] †
      8  523.189 µs  ×2^8     C=1021.855 [trial 2/3]
     16    3.833 ms  ×2^5     C= 952.887 [trial 2/3]
     32   29.992 ms  ×2^2     C= 945.297 [trial 2/3]
     64  350.257 ms  ×2^0     C=1120.371 [trial 2/3]
      4   77.512 µs  ×2^11    C=1184.484 [trial 3/3] †
      8  848.743 µs  ×2^8     C=1021.855 [trial 3/3]
     16    4.023 ms  ×2^5     C= 952.887 [trial 3/3]
     32   31.864 ms  ×2^2     C= 945.297 [trial 3/3]
     64  293.698 ms  ×2^0     C=1120.371 [trial 3/3]
  verdict: consistent with declared complexity (cMin=945.297, cMax=1120.371, β=+0.039)
  per-spawn floor (harness self-measurement): 387.349 ms
  peak RSS: 62_840 kB..69_512 kB (across 15 ok row(s))
  trial summaries (3 trials per param; spread = (max-min)/median):
    param  trials  median      min         max         spread 
        4  3/3      75.806 µs   75.665 µs   77.512 µs  2.436% 
        8  3/3     523.189 µs  515.868 µs  848.743 µs  63.624%
       16  3/3       3.903 ms    3.833 ms    4.023 ms  4.861% 
       32  3/3      30.976 ms   29.992 ms   31.864 ms  6.045% 
       64  3/3     293.698 ms  255.526 ms  350.257 ms  32.254%

Hex.RowReduceBench.Field.rat32HalfOption    expected complexity: n ^ 3    [warm cache]
  env: lean=4.34.0-rc2, os=linux, arch=x86_64, commit=1f10e6e-dirty, 2026-09-12T21:29:00Z, host=chungus2
  param  per-call    repeats  C
      4   72.745 µs  ×2^10    C=1161.526 [trial 1/3] †
      8  534.176 µs  ×2^8     C=1054.257 [trial 1/3]
     16    3.887 ms  ×2^5     C= 948.940 [trial 1/3]
     32   31.442 ms  ×2^2     C= 959.530 [trial 1/3]
     64  349.196 ms  ×2^0     C= 999.687 [trial 1/3]
      4   74.337 µs  ×2^11    C=1161.526 [trial 2/3] †
      8  555.188 µs  ×2^8     C=1054.257 [trial 2/3]
     16    3.879 ms  ×2^5     C= 948.940 [trial 2/3]
     32   31.375 ms  ×2^2     C= 959.530 [trial 2/3]
     64  257.712 ms  ×2^0     C= 999.687 [trial 2/3]
      4   76.926 µs  ×2^11    C=1161.526 [trial 3/3] †
      8  539.779 µs  ×2^8     C=1054.257 [trial 3/3]
     16    4.080 ms  ×2^5     C= 948.940 [trial 3/3]
     32   31.448 ms  ×2^2     C= 959.530 [trial 3/3]
     64  262.062 ms  ×2^0     C= 999.687 [trial 3/3]
  verdict: consistent with declared complexity (cMin=948.940, cMax=1054.257, β=-0.021)
  per-spawn floor (harness self-measurement): 304.299 ms
  peak RSS: 62_408 kB..68_200 kB (across 15 ok row(s))
  trial summaries (3 trials per param; spread = (max-min)/median):
    param  trials  median      min         max         spread 
        4  3/3      74.337 µs   72.745 µs   76.926 µs  5.625% 
        8  3/3     539.779 µs  534.176 µs  555.188 µs  3.893% 
       16  3/3       3.887 ms    3.879 ms    4.080 ms  5.191% 
       32  3/3      31.442 ms   31.375 ms   31.448 ms  0.234% 
       64  3/3     262.062 ms  257.712 ms  349.196 ms  34.909%

Hex.RowReduceBench.Field.rat32HalfInverse    expected complexity: n ^ 3    [warm cache]
  env: lean=4.34.0-rc2, os=linux, arch=x86_64, commit=1f10e6e-dirty, 2026-09-12T21:29:10Z, host=chungus2
  param  per-call    repeats  C
      4   57.840 µs  ×2^11    C=903.752 [trial 1/3] †
      8  450.137 µs  ×2^8     C=877.327 [trial 1/3]
     16    3.539 ms  ×2^5     C=873.835 [trial 1/3]
     32   37.166 ms  ×2^2     C=971.082 [trial 1/3]
     64  257.986 ms  ×2^0     C=932.772 [trial 1/3]
      4   61.669 µs  ×2^11    C=903.752 [trial 2/3] †
      8  449.191 µs  ×2^8     C=877.327 [trial 2/3]
     16    3.874 ms  ×2^5     C=873.835 [trial 2/3]
     32   29.262 ms  ×2^2     C=971.082 [trial 2/3]
     64  244.521 ms  ×2^0     C=932.772 [trial 2/3]
      4   50.791 µs  ×2^12    C=903.752 [trial 3/3] †
      8  440.393 µs  ×2^8     C=877.327 [trial 3/3]
     16    3.579 ms  ×2^6     C=873.835 [trial 3/3]
     32   31.820 ms  ×2^2     C=971.082 [trial 3/3]
     64  236.424 ms  ×2^0     C=932.772 [trial 3/3]
  verdict: consistent with declared complexity (cMin=873.835, cMax=971.082, β=+0.042)
  per-spawn floor (harness self-measurement): 948.199 ms
  peak RSS: 62_400 kB..67_472 kB (across 15 ok row(s))
  trial summaries (3 trials per param; spread = (max-min)/median):
    param  trials  median      min         max         spread 
        4  3/3      57.840 µs   50.791 µs   61.669 µs  18.808%
        8  3/3     449.191 µs  440.393 µs  450.137 µs  2.169% 
       16  3/3       3.579 ms    3.539 ms    3.874 ms  9.362% 
       32  3/3      31.820 ms   29.262 ms   37.166 ms  24.839%
       64  3/3     244.521 ms  236.424 ms  257.986 ms  8.818% 

Hex.RowReduceBench.Field.rat32DeficientErrorSolve    expected complexity: n ^ 3    [warm cache]
  env: lean=4.34.0-rc2, os=linux, arch=x86_64, commit=1f10e6e-dirty, 2026-09-12T21:29:21Z, host=chungus2
  param  per-call    repeats  C
      4  105.361 µs  ×2^11    C=1646.275 [trial 1/3] †
      8  961.133 µs  ×2^7     C=2082.765 [trial 1/3]
     16    9.833 ms  ×2^4     C=2400.536 [trial 1/3]
     32   84.874 ms  ×2^1     C=2546.196 [trial 1/3]
     64  727.898 ms  ×2^0     C=2773.329 [trial 1/3]
      4  114.185 µs  ×2^11    C=1646.275 [trial 2/3] †
      8    1.066 ms  ×2^7     C=2082.765 [trial 2/3]
     16   13.309 ms  ×2^4     C=2400.536 [trial 2/3]
     32   81.571 ms  ×2^1     C=2546.196 [trial 2/3]
     64  727.012 ms  ×2^0     C=2773.329 [trial 2/3]
      4  103.722 µs  ×2^10    C=1646.275 [trial 3/3] †
      8    1.072 ms  ×2^7     C=2082.765 [trial 3/3]
     16    9.734 ms  ×2^4     C=2400.536 [trial 3/3]
     32   83.434 ms  ×2^1     C=2546.196 [trial 3/3]
     64  726.994 ms  ×2^0     C=2773.329 [trial 3/3]
  verdict: consistent with declared complexity (cMin=2082.765, cMax=2773.329, β=+0.132)
  per-spawn floor (harness self-measurement): 403.916 ms
  peak RSS: 62_252 kB..68_672 kB (across 15 ok row(s))
  trial summaries (3 trials per param; spread = (max-min)/median):
    param  trials  median      min         max         spread 
        4  3/3     105.361 µs  103.722 µs  114.185 µs  9.931% 
        8  3/3       1.066 ms  961.133 µs    1.072 ms  10.361%
       16  3/3       9.833 ms    9.734 ms   13.309 ms  36.361%
       32  3/3      83.434 ms   81.571 ms   84.874 ms  3.958% 
       64  3/3     727.012 ms  726.994 ms  727.898 ms  0.124% 

Hex.RowReduceBench.Field.rat32DeficientErrorOption    expected complexity: n ^ 3    [warm cache]
  env: lean=4.34.0-rc2, os=linux, arch=x86_64, commit=1f10e6e-dirty, 2026-09-12T21:29:38Z, host=chungus2
  param  per-call    repeats  C
      4  104.692 µs  ×2^11    C=1635.816 [trial 1/3] †
      8    1.051 ms  ×2^7     C=2064.539 [trial 1/3]
     16    9.675 ms  ×2^4     C=2454.603 [trial 1/3]
     32   82.839 ms  ×2^1     C=2637.917 [trial 1/3]
     64  737.294 ms  ×2^0     C=2834.728 [trial 1/3]
      4  100.421 µs  ×2^11    C=1635.816 [trial 2/3] †
      8    1.077 ms  ×2^7     C=2064.539 [trial 2/3]
     16   11.272 ms  ×2^4     C=2454.603 [trial 2/3]
     32   94.838 ms  ×2^1     C=2637.917 [trial 2/3]
     64  803.718 ms  ×2^0     C=2834.728 [trial 2/3]
      4  106.826 µs  ×2^10    C=1635.816 [trial 3/3] †
      8    1.057 ms  ×2^8     C=2064.539 [trial 3/3]
     16   10.054 ms  ×2^4     C=2454.603 [trial 3/3]
     32   86.439 ms  ×2^1     C=2637.917 [trial 3/3]
     64  743.107 ms  ×2^0     C=2834.728 [trial 3/3]
  verdict: consistent with declared complexity (cMin=2064.539, cMax=2834.728, β=+0.148)
  per-spawn floor (harness self-measurement): 364.509 ms
  peak RSS: 62_316 kB..68_528 kB (across 15 ok row(s))
  trial summaries (3 trials per param; spread = (max-min)/median):
    param  trials  median      min         max         spread 
        4  3/3     104.692 µs  100.421 µs  106.826 µs  6.118% 
        8  3/3       1.057 ms    1.051 ms    1.077 ms  2.446% 
       16  3/3      10.054 ms    9.675 ms   11.272 ms  15.883%
       32  3/3      86.439 ms   82.839 ms   94.838 ms  13.881%
       64  3/3     743.107 ms  737.294 ms  803.718 ms  8.939% 

Hex.RowReduceBench.Field.rat32HalfErrorSolve    expected complexity: n ^ 3    [warm cache]
  env: lean=4.34.0-rc2, os=linux, arch=x86_64, commit=2f7d86c-dirty, 2026-09-12T21:29:54Z, host=chungus2
  param  per-call    repeats  C
      4   67.926 µs  ×2^11    C=1077.698 [trial 1/3] †
      8  464.534 µs  ×2^8     C= 938.710 [trial 1/3]
     16    4.112 ms  ×2^5     C= 988.509 [trial 1/3]
     32   31.039 ms  ×2^2     C= 937.849 [trial 1/3]
     64  245.364 ms  ×2^0     C= 946.709 [trial 1/3]
      4   68.972 µs  ×2^11    C=1077.698 [trial 2/3] †
      8  480.619 µs  ×2^8     C= 938.710 [trial 2/3]
     16    4.049 ms  ×2^5     C= 988.509 [trial 2/3]
     32   30.731 ms  ×2^2     C= 937.849 [trial 2/3]
     64  248.974 ms  ×2^0     C= 946.709 [trial 2/3]
      4   70.953 µs  ×2^11    C=1077.698 [trial 3/3] †
      8  523.271 µs  ×2^8     C= 938.710 [trial 3/3]
     16    3.703 ms  ×2^5     C= 988.509 [trial 3/3]
     32   29.951 ms  ×2^2     C= 937.849 [trial 3/3]
     64  248.174 ms  ×2^0     C= 946.709 [trial 3/3]
  verdict: consistent with declared complexity (cMin=937.849, cMax=988.509, β=-0.004)
  per-spawn floor (harness self-measurement): 321.638 ms
  peak RSS: 62_588 kB..68_520 kB (across 15 ok row(s))
  trial summaries (3 trials per param; spread = (max-min)/median):
    param  trials  median      min         max         spread 
        4  3/3      68.972 µs   67.926 µs   70.953 µs  4.390% 
        8  3/3     480.619 µs  464.534 µs  523.271 µs  12.221%
       16  3/3       4.049 ms    3.703 ms    4.112 ms  10.096%
       32  3/3      30.731 ms   29.951 ms   31.039 ms  3.539% 
       64  3/3     248.174 ms  245.364 ms  248.974 ms  1.455% 

Hex.RowReduceBench.Field.rat32HalfErrorOption    expected complexity: n ^ 3    [warm cache]
  env: lean=4.34.0-rc2, os=linux, arch=x86_64, commit=2f7d86c-dirty, 2026-09-12T21:30:04Z, host=chungus2
  param  per-call    repeats  C
      4   68.674 µs  ×2^11    C=1081.840 [trial 1/3] †
      8  475.904 µs  ×2^8     C=1016.353 [trial 1/3]
     16    6.507 ms  ×2^5     C=1027.658 [trial 1/3]
     32   30.002 ms  ×2^2     C= 932.982 [trial 1/3]
     64  236.991 ms  ×2^0     C= 904.048 [trial 1/3]
      4   73.984 µs  ×2^11    C=1081.840 [trial 2/3] †
      8  520.372 µs  ×2^8     C=1016.353 [trial 2/3]
     16    3.978 ms  ×2^5     C=1027.658 [trial 2/3]
     32   30.572 ms  ×2^2     C= 932.982 [trial 2/3]
     64  262.195 ms  ×2^0     C= 904.048 [trial 2/3]
      4   69.237 µs  ×2^11    C=1081.840 [trial 3/3] †
      8  561.125 µs  ×2^8     C=1016.353 [trial 3/3]
     16    4.209 ms  ×2^5     C=1027.658 [trial 3/3]
     32   31.308 ms  ×2^2     C= 932.982 [trial 3/3]
     64  230.664 ms  ×2^0     C= 904.048 [trial 3/3]
  verdict: consistent with declared complexity (cMin=904.048, cMax=1027.658, β=-0.065)
  per-spawn floor (harness self-measurement): 257.930 ms
  peak RSS: 62_652 kB..68_032 kB (across 15 ok row(s))
  trial summaries (3 trials per param; spread = (max-min)/median):
    param  trials  median      min         max         spread 
        4  3/3      69.237 µs   68.674 µs   73.984 µs  7.670% 
        8  3/3     520.372 µs  475.904 µs  561.125 µs  16.377%
       16  3/3       4.209 ms    3.978 ms    6.507 ms  60.085%
       32  3/3      30.572 ms   30.002 ms   31.308 ms  4.274% 
       64  3/3     236.991 ms  230.664 ms  262.195 ms  13.305%

Hex.RowReduceBench.Field.rat32TallSolve    expected complexity: n ^ 3    [warm cache]
  env: lean=4.34.0-rc2, os=linux, arch=x86_64, commit=2f7d86c-dirty, 2026-09-12T21:30:16Z, host=chungus2
  param  per-call    repeats  C
      4  393.614 µs  ×2^9     C=6150.227 [trial 1/3] †
      8    2.865 ms  ×2^6     C=5642.145 [trial 1/3]
     16   23.643 ms  ×2^3     C=5355.605 [trial 1/3]
     32  168.583 ms  ×2^0     C=5144.745 [trial 1/3]
     64    1.553 s   ×2^0     C=5926.055 [trial 1/3]
      4  396.033 µs  ×2^9     C=6150.227 [trial 2/3] †
      8    2.889 ms  ×2^6     C=5642.145 [trial 2/3]
     16   21.893 ms  ×2^3     C=5355.605 [trial 2/3]
     32  166.487 ms  ×2^0     C=5144.745 [trial 2/3]
     64    1.521 s   ×2^0     C=5926.055 [trial 2/3]
      4  371.371 µs  ×2^9     C=6150.227 [trial 3/3] †
      8    2.901 ms  ×2^5     C=5642.145 [trial 3/3]
     16   21.937 ms  ×2^3     C=5355.605 [trial 3/3]
     32  181.803 ms  ×2^0     C=5144.745 [trial 3/3]
     64    1.627 s   ×2^0     C=5926.055 [trial 3/3]
  verdict: consistent with declared complexity (cMin=5144.745, cMax=5926.055, β=+0.015)
  per-spawn floor (harness self-measurement): 281.433 ms
  peak RSS: 62_928 kB..71_116 kB (across 15 ok row(s))
  trial summaries (3 trials per param; spread = (max-min)/median):
    param  trials  median      min         max         spread
        4  3/3     393.614 µs  371.371 µs  396.033 µs  6.265%
        8  3/3       2.889 ms    2.865 ms    2.901 ms  1.262%
       16  3/3      21.937 ms   21.893 ms   23.643 ms  7.977%
       32  3/3     168.583 ms  166.487 ms  181.803 ms  9.086%
       64  3/3       1.553 s     1.521 s     1.627 s   6.824%

Hex.RowReduceBench.Field.rat32TallOption    expected complexity: n ^ 3    [warm cache]
  env: lean=4.34.0-rc2, os=linux, arch=x86_64, commit=2f7d86c-dirty, 2026-09-12T21:30:40Z, host=chungus2
  param  per-call    repeats  C
      4  397.018 µs  ×2^9     C=6203.420 [trial 1/3] †
      8    2.862 ms  ×2^6     C=5589.840 [trial 1/3]
     16   21.830 ms  ×2^3     C=5329.618 [trial 1/3]
     32  171.487 ms  ×2^0     C=5640.121 [trial 1/3]
     64    1.509 s   ×2^0     C=6469.982 [trial 1/3]
      4  394.433 µs  ×2^9     C=6203.420 [trial 2/3] †
      8    2.614 ms  ×2^6     C=5589.840 [trial 2/3]
     16   20.537 ms  ×2^3     C=5329.618 [trial 2/3]
     32  184.815 ms  ×2^0     C=5640.121 [trial 2/3]
     64    1.696 s   ×2^0     C=6469.982 [trial 2/3]
      4  415.632 µs  ×2^9     C=6203.420 [trial 3/3] †
      8    3.435 ms  ×2^6     C=5589.840 [trial 3/3]
     16   23.398 ms  ×2^3     C=5329.618 [trial 3/3]
     32  265.499 ms  ×2^0     C=5640.121 [trial 3/3]
     64    2.088 s   ×2^0     C=6469.982 [trial 3/3]
  verdict: consistent with declared complexity (cMin=5329.618, cMax=6469.982, β=+0.071)
  per-spawn floor (harness self-measurement): 418.267 ms
  peak RSS: 64_016 kB..69_888 kB (across 15 ok row(s))
  trial summaries (3 trials per param; spread = (max-min)/median):
    param  trials  median      min         max         spread 
        4  3/3     397.018 µs  394.433 µs  415.632 µs  5.340% 
        8  3/3       2.862 ms    2.614 ms    3.435 ms  28.667%
       16  3/3      21.830 ms   20.537 ms   23.398 ms  13.104%
       32  3/3     184.815 ms  171.487 ms  265.499 ms  50.868%
       64  3/3       1.696 s     1.509 s     2.088 s   34.162%

Hex.RowReduceBench.Field.rat32WideSolve    expected complexity: n ^ 3    [warm cache]
  env: lean=4.34.0-rc2, os=linux, arch=x86_64, commit=f589e37-dirty, 2026-09-12T21:31:05Z, host=chungus2
  param  per-call    repeats  C
      4  264.567 µs  ×2^9     C=6266.254 [trial 1/3] †
      8    2.185 ms  ×2^6     C=4400.208 [trial 1/3]
     16   17.474 ms  ×2^3     C=4275.629 [trial 1/3]
     32  167.021 ms  ×2^0     C=5097.074 [trial 1/3]
     64    1.303 s   ×2^0     C=6858.241 [trial 1/3]
      4  626.470 µs  ×2^6     C=6266.254 [trial 2/3] †
      8    2.253 ms  ×2^6     C=4400.208 [trial 2/3]
     16   17.513 ms  ×2^3     C=4275.629 [trial 2/3]
     32  159.209 ms  ×2^0     C=5097.074 [trial 2/3]
     64    1.798 s   ×2^0     C=6858.241 [trial 2/3]
      4  401.040 µs  ×2^9     C=6266.254 [trial 3/3] †
      8    2.322 ms  ×2^6     C=4400.208 [trial 3/3]
     16   17.981 ms  ×2^3     C=4275.629 [trial 3/3]
     32  181.437 ms  ×2^0     C=5097.074 [trial 3/3]
     64    2.858 s   ×2^0     C=6858.241 [trial 3/3]
  verdict: inconclusive (cMin=4275.629, cMax=6858.241, β=+0.217, looks slower than declared by ~n^0.217)
  per-spawn floor (harness self-measurement): 301.748 ms
  peak RSS: 61_568 kB..67_472 kB (across 15 ok row(s))
  trial summaries (3 trials per param; spread = (max-min)/median):
    param  trials  median      min         max         spread 
        4  3/3     401.040 µs  264.567 µs  626.470 µs  90.241%
        8  3/3       2.253 ms    2.185 ms    2.322 ms  6.064% 
       16  3/3      17.513 ms   17.474 ms   17.981 ms  2.897% 
       32  3/3     167.021 ms  159.209 ms  181.437 ms  13.309%
       64  3/3       1.798 s     1.303 s     2.858 s   86.463%

Hex.RowReduceBench.Field.rat32WideOption    expected complexity: n ^ 3    [warm cache]
  env: lean=4.34.0-rc2, os=linux, arch=x86_64, commit=f589e37-dirty, 2026-09-12T21:31:32Z, host=chungus2
  param  per-call    repeats  C
      4  811.184 µs  ×2^9     C=4716.550 [trial 1/3] †
      8    2.260 ms  ×2^6     C=4559.673 [trial 1/3]
     16   19.838 ms  ×2^3     C=4843.342 [trial 1/3]
     32  136.158 ms  ×2^0     C=4776.883 [trial 1/3]
     64    1.598 s   ×2^0     C=6147.207 [trial 1/3]
      4  299.667 µs  ×2^7     C=4716.550 [trial 2/3] †
      8    2.335 ms  ×2^6     C=4559.673 [trial 2/3]
     16   19.205 ms  ×2^3     C=4843.342 [trial 2/3]
     32  196.599 ms  ×2^0     C=4776.883 [trial 2/3]
     64    1.611 s   ×2^0     C=6147.207 [trial 2/3]
      4  301.859 µs  ×2^9     C=4716.550 [trial 3/3] †
      8    3.707 ms  ×2^5     C=4559.673 [trial 3/3]
     16   21.149 ms  ×2^3     C=4843.342 [trial 3/3]
     32  156.529 ms  ×2^0     C=4776.883 [trial 3/3]
     64    1.727 s   ×2^0     C=6147.207 [trial 3/3]
  verdict: consistent with declared complexity (cMin=4559.673, cMax=6147.207, β=+0.127)
  per-spawn floor (harness self-measurement): 388.104 ms
  peak RSS: 61_516 kB..66_260 kB (across 15 ok row(s))
  trial summaries (3 trials per param; spread = (max-min)/median):
    param  trials  median      min         max         spread  
        4  3/3     301.859 µs  299.667 µs  811.184 µs  169.456%
        8  3/3       2.335 ms    2.260 ms    3.707 ms  61.986% 
       16  3/3      19.838 ms   19.205 ms   21.149 ms  9.800%  
       32  3/3     156.529 ms  136.158 ms  196.599 ms  38.613% 
       64  3/3       1.611 s     1.598 s     1.727 s   7.999%  

Hex.RowReduceBench.Field.rat128FullSolve    expected complexity: n ^ 3    [warm cache]
  env: lean=4.34.0-rc2, os=linux, arch=x86_64, commit=f589e37-dirty, 2026-09-12T21:31:57Z, host=chungus2
  param  per-call    repeats  C
      4  294.129 µs  ×2^9     C=4435.627 [trial 1/3] †
      8    2.132 ms  ×2^6     C=4365.641 [trial 1/3]
     16   18.449 ms  ×2^3     C=5973.884 [trial 1/3]
     32  173.961 ms  ×2^0     C=5166.301 [trial 1/3]
     64    1.457 s   ×2^0     C=5557.661 [trial 1/3]
      4  280.211 µs  ×2^9     C=4435.627 [trial 2/3] †
      8    2.235 ms  ×2^6     C=4365.641 [trial 2/3]
     16   31.905 ms  ×2^3     C=5973.884 [trial 2/3]
     32  169.289 ms  ×2^0     C=5166.301 [trial 2/3]
     64    1.521 s   ×2^0     C=5557.661 [trial 2/3]
      4  283.880 µs  ×2^9     C=4435.627 [trial 3/3] †
      8    2.274 ms  ×2^6     C=4365.641 [trial 3/3]
     16   24.469 ms  ×2^3     C=5973.884 [trial 3/3]
     32  123.714 ms  ×2^0     C=5166.301 [trial 3/3]
     64    1.171 s   ×2^0     C=5557.661 [trial 3/3]
  verdict: consistent with declared complexity (cMin=4365.641, cMax=5973.884, β=+0.084)
  per-spawn floor (harness self-measurement): 392.121 ms
  peak RSS: 61_236 kB..66_104 kB (across 15 ok row(s))
  trial summaries (3 trials per param; spread = (max-min)/median):
    param  trials  median      min         max         spread 
        4  3/3     283.880 µs  280.211 µs  294.129 µs  4.903% 
        8  3/3       2.235 ms    2.132 ms    2.274 ms  6.336% 
       16  3/3      24.469 ms   18.449 ms   31.905 ms  54.993%
       32  3/3     169.289 ms  123.714 ms  173.961 ms  29.681%
       64  3/3       1.457 s     1.171 s     1.521 s   24.013%

Hex.RowReduceBench.Field.rat128FullOption    expected complexity: n ^ 3    [warm cache]
  env: lean=4.34.0-rc2, os=linux, arch=x86_64, commit=f589e37-dirty, 2026-09-12T21:32:20Z, host=chungus2
  param  per-call    repeats  C
      4  288.525 µs  ×2^9     C=4508.214 [trial 1/3] †
      8    2.250 ms  ×2^6     C=4401.031 [trial 1/3]
     16   18.503 ms  ×2^3     C=4044.154 [trial 1/3]
     32  160.507 ms  ×2^0     C=7037.086 [trial 1/3]
     64    1.157 s   ×2^0     C=4415.329 [trial 1/3]
      4  270.194 µs  ×2^9     C=4508.214 [trial 2/3] †
      8    3.019 ms  ×2^6     C=4401.031 [trial 2/3]
     16   16.368 ms  ×2^3     C=4044.154 [trial 2/3]
     32  360.759 ms  ×2^0     C=7037.086 [trial 2/3]
     64    1.537 s   ×2^0     C=4415.329 [trial 2/3]
      4  342.332 µs  ×2^9     C=4508.214 [trial 3/3] †
      8    2.253 ms  ×2^6     C=4401.031 [trial 3/3]
     16   16.565 ms  ×2^3     C=4044.154 [trial 3/3]
     32  230.591 ms  ×2^0     C=7037.086 [trial 3/3]
     64    1.105 s   ×2^0     C=4415.329 [trial 3/3]
  verdict: consistent with declared complexity (cMin=4044.154, cMax=7037.086, β=+0.081)
  per-spawn floor (harness self-measurement): 334.698 ms
  peak RSS: 61_216 kB..67_780 kB (across 15 ok row(s))
  trial summaries (3 trials per param; spread = (max-min)/median):
    param  trials  median      min         max         spread 
        4  3/3     288.525 µs  270.194 µs  342.332 µs  25.002%
        8  3/3       2.253 ms    2.250 ms    3.019 ms  34.101%
       16  3/3      16.565 ms   16.368 ms   18.503 ms  12.885%
       32  3/3     230.591 ms  160.507 ms  360.759 ms  86.843%
       64  3/3       1.157 s     1.105 s     1.537 s   37.280%

Hex.RowReduceBench.Field.rat128FullInverse    expected complexity: n ^ 3    [warm cache]
  env: lean=4.34.0-rc2, os=linux, arch=x86_64, commit=f589e37-dirty, 2026-09-12T21:32:42Z, host=chungus2
  param  per-call    repeats  C
      4  217.880 µs  ×2^10    C=3473.874 [trial 1/3] †
      8    3.433 ms  ×2^6     C=5638.219 [trial 1/3]
     16   15.303 ms  ×2^3     C=4139.597 [trial 1/3]
     32  137.201 ms  ×2^0     C=4774.715 [trial 1/3]
     64    1.132 s   ×2^0     C=4779.092 [trial 1/3]
      4  224.611 µs  ×2^9     C=3473.874 [trial 2/3] †
      8    1.996 ms  ×2^6     C=5638.219 [trial 2/3]
     16   17.596 ms  ×2^3     C=4139.597 [trial 2/3]
     32  182.598 ms  ×2^0     C=4774.715 [trial 2/3]
     64    1.262 s   ×2^0     C=4779.092 [trial 2/3]
      4  222.327 µs  ×2^9     C=3473.874 [trial 3/3] †
      8    2.887 ms  ×2^6     C=5638.219 [trial 3/3]
     16   16.956 ms  ×2^3     C=4139.597 [trial 3/3]
     32  156.458 ms  ×2^0     C=4774.715 [trial 3/3]
     64    1.253 s   ×2^0     C=4779.092 [trial 3/3]
  verdict: consistent with declared complexity (cMin=4139.597, cMax=5638.219, β=-0.051)
  per-spawn floor (harness self-measurement): 293.947 ms
  peak RSS: 61_028 kB..67_660 kB (across 15 ok row(s))
  trial summaries (3 trials per param; spread = (max-min)/median):
    param  trials  median      min         max         spread 
        4  3/3     222.327 µs  217.880 µs  224.611 µs  3.027% 
        8  3/3       2.887 ms    1.996 ms    3.433 ms  49.792%
       16  3/3      16.956 ms   15.303 ms   17.596 ms  13.522%
       32  3/3     156.458 ms  137.201 ms  182.598 ms  29.015%
       64  3/3       1.253 s     1.132 s     1.262 s   10.342%

Hex.RowReduceBench.Field.rat128DeficientSolve    expected complexity: n ^ 3    [warm cache]
  env: lean=4.34.0-rc2, os=linux, arch=x86_64, commit=f589e37-dirty, 2026-09-12T21:33:02Z, host=chungus2
  param  per-call    repeats  C
      4  150.052 µs  ×2^10    C=2437.223 [trial 1/3] †
      8    1.704 ms  ×2^7     C=3328.080 [trial 1/3]
     16   15.913 ms  ×2^4     C=3504.406 [trial 1/3]
     32  112.350 ms  ×2^0     C=3755.928 [trial 1/3]
     64    2.147 s   ×2^0     C=5023.519 [trial 1/3]
      4  155.982 µs  ×2^10    C=2437.223 [trial 2/3] †
      8    1.961 ms  ×2^6     C=3328.080 [trial 2/3]
     16   13.464 ms  ×2^3     C=3504.406 [trial 2/3]
     32  155.439 ms  ×2^0     C=3755.928 [trial 2/3]
     64    1.317 s   ×2^0     C=5023.519 [trial 2/3]
      4  175.337 µs  ×2^10    C=2437.223 [trial 3/3] †
      8    1.583 ms  ×2^7     C=3328.080 [trial 3/3]
     16   14.354 ms  ×2^4     C=3504.406 [trial 3/3]
     32  123.074 ms  ×2^0     C=3755.928 [trial 3/3]
     64    1.088 s   ×2^0     C=5023.519 [trial 3/3]
  verdict: inconclusive (cMin=3328.080, cMax=5023.519, β=+0.188, looks slower than declared by ~n^0.188)
  per-spawn floor (harness self-measurement): 379.632 ms
  peak RSS: 61_088 kB..67_816 kB (across 15 ok row(s))
  trial summaries (3 trials per param; spread = (max-min)/median):
    param  trials  median      min         max         spread 
        4  3/3     155.982 µs  150.052 µs  175.337 µs  16.210%
        8  3/3       1.704 ms    1.583 ms    1.961 ms  22.156%
       16  3/3      14.354 ms   13.464 ms   15.913 ms  17.059%
       32  3/3     123.074 ms  112.350 ms  155.439 ms  35.010%
       64  3/3       1.317 s     1.088 s     2.147 s   80.402%

Hex.RowReduceBench.Field.rat128DeficientOption    expected complexity: n ^ 3    [warm cache]
  env: lean=4.34.0-rc2, os=linux, arch=x86_64, commit=f589e37-dirty, 2026-09-12T21:33:23Z, host=chungus2
  param  per-call    repeats  C
      4  150.369 µs  ×2^10    C=2333.668 [trial 1/3] †
      8    1.529 ms  ×2^7     C=3135.001 [trial 1/3]
     16   15.258 ms  ×2^4     C=3725.152 [trial 1/3]
     32  107.842 ms  ×2^0     C=4084.528 [trial 1/3]
     64    1.079 s   ×2^0     C=4550.204 [trial 1/3]
      4  149.344 µs  ×2^10    C=2333.668 [trial 2/3] †
      8    3.191 ms  ×2^7     C=3135.001 [trial 2/3]
     16   16.864 ms  ×2^3     C=3725.152 [trial 2/3]
     32  181.181 ms  ×2^0     C=4084.528 [trial 2/3]
     64    1.193 s   ×2^0     C=4550.204 [trial 2/3]
      4  149.354 µs  ×2^10    C=2333.668 [trial 3/3] †
      8    1.605 ms  ×2^7     C=3135.001 [trial 3/3]
     16   13.537 ms  ×2^4     C=3725.152 [trial 3/3]
     32  133.842 ms  ×2^0     C=4084.528 [trial 3/3]
     64    1.271 s   ×2^0     C=4550.204 [trial 3/3]
  verdict: inconclusive (cMin=3135.001, cMax=4550.204, β=+0.175, looks slower than declared by ~n^0.175)
  per-spawn floor (harness self-measurement): 344.230 ms
  peak RSS: 59_816 kB..66_976 kB (across 15 ok row(s))
  trial summaries (3 trials per param; spread = (max-min)/median):
    param  trials  median      min         max         spread  
        4  3/3     149.354 µs  149.344 µs  150.369 µs  0.686%  
        8  3/3       1.605 ms    1.529 ms    3.191 ms  103.588%
       16  3/3      15.258 ms   13.537 ms   16.864 ms  21.805% 
       32  3/3     133.842 ms  107.842 ms  181.181 ms  54.795% 
       64  3/3       1.193 s     1.079 s     1.271 s   16.103% 

Hex.RowReduceBench.Field.rat128DeficientInverse    expected complexity: n ^ 3    [warm cache]
  env: lean=4.34.0-rc2, os=linux, arch=x86_64, commit=f589e37-dirty, 2026-09-12T21:33:43Z, host=chungus2
  param  per-call    repeats  C
      4  105.399 µs  ×2^9     C=1694.291 [trial 1/3] †
      8    1.298 ms  ×2^7     C=2535.226 [trial 1/3]
     16   16.022 ms  ×2^4     C=3911.579 [trial 1/3]
     32  180.353 ms  ×2^0     C=4566.639 [trial 1/3]
     64    1.324 s   ×2^0     C=4388.148 [trial 1/3]
      4  114.999 µs  ×2^11    C=1694.291 [trial 2/3] †
      8    1.287 ms  ×2^7     C=2535.226 [trial 2/3]
     16   17.593 ms  ×2^3     C=3911.579 [trial 2/3]
     32  149.640 ms  ×2^0     C=4566.639 [trial 2/3]
     64    1.112 s   ×2^0     C=4388.148 [trial 2/3]
      4  108.434 µs  ×2^11    C=1694.291 [trial 3/3] †
      8    1.451 ms  ×2^7     C=2535.226 [trial 3/3]
     16   12.997 ms  ×2^4     C=3911.579 [trial 3/3]
     32  106.313 ms  ×2^0     C=4566.639 [trial 3/3]
     64    1.150 s   ×2^0     C=4388.148 [trial 3/3]
  verdict: inconclusive (cMin=2535.226, cMax=4566.639, β=+0.260, looks slower than declared by ~n^0.260)
  per-spawn floor (harness self-measurement): 271.322 ms
  peak RSS: 59_760 kB..67_036 kB (across 15 ok row(s))
  trial summaries (3 trials per param; spread = (max-min)/median):
    param  trials  median      min         max         spread 
        4  3/3     108.434 µs  105.399 µs  114.999 µs  8.854% 
        8  3/3       1.298 ms    1.287 ms    1.451 ms  12.683%
       16  3/3      16.022 ms   12.997 ms   17.593 ms  28.687%
       32  3/3     149.640 ms  106.313 ms  180.353 ms  49.479%
       64  3/3       1.150 s     1.112 s     1.324 s   18.365%

Hex.RowReduceBench.Field.rat128HalfSolve    expected complexity: n ^ 3    [warm cache]
  env: lean=4.34.0-rc2, os=linux, arch=x86_64, commit=f589e37-dirty, 2026-09-12T21:34:02Z, host=chungus2
  param  per-call    repeats  C
      4  102.198 µs  ×2^11    C=1639.437 [trial 1/3] †
      8  711.890 µs  ×2^8     C=1390.411 [trial 1/3]
     16    5.598 ms  ×2^5     C=1320.678 [trial 1/3]
     32   48.181 ms  ×2^2     C=1470.374 [trial 1/3]
     64  353.443 ms  ×2^0     C=1348.278 [trial 1/3]
      4  104.923 µs  ×2^11    C=1639.437 [trial 2/3] †
      8  678.051 µs  ×2^8     C=1390.411 [trial 2/3]
     16    5.409 ms  ×2^5     C=1320.678 [trial 2/3]
     32   48.696 ms  ×2^2     C=1470.374 [trial 2/3]
     64  348.949 ms  ×2^0     C=1348.278 [trial 2/3]
      4  107.191 µs  ×2^11    C=1639.437 [trial 3/3] †
      8  714.132 µs  ×2^8     C=1390.411 [trial 3/3]
     16    5.180 ms  ×2^5     C=1320.678 [trial 3/3]
     32   47.917 ms  ×2^2     C=1470.374 [trial 3/3]
     64  381.362 ms  ×2^0     C=1348.278 [trial 3/3]
  verdict: consistent with declared complexity (cMin=1320.678, cMax=1470.374, β=+0.002)
  per-spawn floor (harness self-measurement): 317.727 ms
  peak RSS: 59_072 kB..67_256 kB (across 15 ok row(s))
  trial summaries (3 trials per param; spread = (max-min)/median):
    param  trials  median      min         max         spread
        4  3/3     104.923 µs  102.198 µs  107.191 µs  4.759%
        8  3/3     711.890 µs  678.051 µs  714.132 µs  5.068%
       16  3/3       5.409 ms    5.180 ms    5.598 ms  7.726%
       32  3/3      48.181 ms   47.917 ms   48.696 ms  1.617%
       64  3/3     353.443 ms  348.949 ms  381.362 ms  9.171%

Hex.RowReduceBench.Field.rat128HalfOption    expected complexity: n ^ 3    [warm cache]
  env: lean=4.34.0-rc2, os=linux, arch=x86_64, commit=f589e37-dirty, 2026-09-12T21:34:13Z, host=chungus2
  param  per-call    repeats  C
      4  115.730 µs  ×2^10    C=1582.294 [trial 1/3] †
      8  748.479 µs  ×2^8     C=1461.875 [trial 1/3]
     16    6.034 ms  ×2^5     C=1311.996 [trial 1/3]
     32   52.813 ms  ×2^2     C=1376.154 [trial 1/3]
     64  419.662 ms  ×2^0     C=1297.922 [trial 1/3]
      4  101.194 µs  ×2^11    C=1582.294 [trial 2/3] †
      8  707.201 µs  ×2^8     C=1461.875 [trial 2/3]
     16    5.374 ms  ×2^4     C=1311.996 [trial 2/3]
     32   39.507 ms  ×2^2     C=1376.154 [trial 2/3]
     64  338.984 ms  ×2^0     C=1297.922 [trial 2/3]
      4  101.266 µs  ×2^10    C=1582.294 [trial 3/3] †
      8  784.405 µs  ×2^8     C=1461.875 [trial 3/3]
     16    5.181 ms  ×2^5     C=1311.996 [trial 3/3]
     32   45.094 ms  ×2^2     C=1376.154 [trial 3/3]
     64  340.242 ms  ×2^0     C=1297.922 [trial 3/3]
  verdict: consistent with declared complexity (cMin=1297.922, cMax=1461.875, β=-0.045)
  per-spawn floor (harness self-measurement): 308.151 ms
  peak RSS: 59_424 kB..65_680 kB (across 15 ok row(s))
  trial summaries (3 trials per param; spread = (max-min)/median):
    param  trials  median      min         max         spread 
        4  3/3     101.266 µs  101.194 µs  115.730 µs  14.354%
        8  3/3     748.479 µs  707.201 µs  784.405 µs  10.315%
       16  3/3       5.374 ms    5.181 ms    6.034 ms  15.883%
       32  3/3      45.094 ms   39.507 ms   52.813 ms  29.507%
       64  3/3     340.242 ms  338.984 ms  419.662 ms  23.712%

Hex.RowReduceBench.Field.rat128HalfInverse    expected complexity: n ^ 3    [warm cache]
  env: lean=4.34.0-rc2, os=linux, arch=x86_64, commit=f589e37-dirty, 2026-09-12T21:34:24Z, host=chungus2
  param  per-call    repeats  C
      4   70.783 µs  ×2^11    C=1105.992 [trial 1/3] †
      8  620.644 µs  ×2^8     C=1212.196 [trial 1/3]
     16    4.767 ms  ×2^5     C=1175.536 [trial 1/3]
     32   38.574 ms  ×2^2     C=1327.770 [trial 1/3]
     64  440.708 ms  ×2^0     C=1405.839 [trial 1/3]
      4   74.472 µs  ×2^4     C=1105.992 [trial 2/3] †
      8  608.383 µs  ×2^8     C=1212.196 [trial 2/3]
     16    4.815 ms  ×2^5     C=1175.536 [trial 2/3]
     32   46.087 ms  ×2^2     C=1327.770 [trial 2/3]
     64  368.532 ms  ×2^0     C=1405.839 [trial 2/3]
      4   70.710 µs  ×2^11    C=1105.992 [trial 3/3] †
      8  702.833 µs  ×2^8     C=1212.196 [trial 3/3]
     16    5.969 ms  ×2^5     C=1175.536 [trial 3/3]
     32   43.508 ms  ×2^2     C=1327.770 [trial 3/3]
     64  363.521 ms  ×2^0     C=1405.839 [trial 3/3]
  verdict: consistent with declared complexity (cMin=1175.536, cMax=1405.839, β=+0.082)
  per-spawn floor (harness self-measurement): 420.049 ms
  peak RSS: 59_788 kB..65_808 kB (across 15 ok row(s))
  trial summaries (3 trials per param; spread = (max-min)/median):
    param  trials  median      min         max         spread 
        4  3/3      70.783 µs   70.710 µs   74.472 µs  5.314% 
        8  3/3     620.644 µs  608.383 µs  702.833 µs  15.218%
       16  3/3       4.815 ms    4.767 ms    5.969 ms  24.956%
       32  3/3      43.508 ms   38.574 ms   46.087 ms  17.268%
       64  3/3     368.532 ms  363.521 ms  440.708 ms  20.944%

Hex.RowReduceBench.Field.rat128DeficientErrorSolve    expected complexity: n ^ 3    [warm cache]
  env: lean=4.34.0-rc2, os=linux, arch=x86_64, commit=f589e37-dirty, 2026-09-12T21:34:35Z, host=chungus2
  param  per-call    repeats  C
      4  139.784 µs  ×2^10    C=2252.711 [trial 1/3] †
      8    1.538 ms  ×2^7     C=4057.688 [trial 1/3]
     16   13.512 ms  ×2^3     C=3458.339 [trial 1/3]
     32  124.320 ms  ×2^0     C=3912.825 [trial 1/3]
     64    1.398 s   ×2^0     C=5406.379 [trial 1/3]
      4  243.756 µs  ×2^10    C=2252.711 [trial 2/3] †
      8    2.078 ms  ×2^7     C=4057.688 [trial 2/3]
     16   14.165 ms  ×2^3     C=3458.339 [trial 2/3]
     32  128.215 ms  ×2^0     C=3912.825 [trial 2/3]
     64    1.417 s   ×2^0     C=5406.379 [trial 2/3]
      4  144.173 µs  ×2^10    C=2252.711 [trial 3/3] †
      8    2.081 ms  ×2^6     C=4057.688 [trial 3/3]
     16   22.845 ms  ×2^4     C=3458.339 [trial 3/3]
     32  193.762 ms  ×2^0     C=3912.825 [trial 3/3]
     64    1.829 s   ×2^0     C=5406.379 [trial 3/3]
  verdict: consistent with declared complexity (cMin=3458.339, cMax=5406.379, β=+0.142)
  per-spawn floor (harness self-measurement): 447.560 ms
  peak RSS: 59_108 kB..67_000 kB (across 15 ok row(s))
  trial summaries (3 trials per param; spread = (max-min)/median):
    param  trials  median      min         max         spread 
        4  3/3     144.173 µs  139.784 µs  243.756 µs  72.116%
        8  3/3       2.078 ms    1.538 ms    2.081 ms  26.150%
       16  3/3      14.165 ms   13.512 ms   22.845 ms  65.887%
       32  3/3     128.215 ms  124.320 ms  193.762 ms  54.160%
       64  3/3       1.417 s     1.398 s     1.829 s   30.417%

Hex.RowReduceBench.Field.rat128DeficientErrorOption    expected complexity: n ^ 3    [warm cache]
  env: lean=4.34.0-rc2, os=linux, arch=x86_64, commit=f589e37-dirty, 2026-09-12T21:34:58Z, host=chungus2
  param  per-call    repeats  C
      4  141.478 µs  ×2^10    C=2791.105 [trial 1/3] †
      8    1.879 ms  ×2^7     C=3669.787 [trial 1/3]
     16   15.881 ms  ×2^3     C=3808.304 [trial 1/3]
     32  114.101 ms  ×2^0     C=4369.193 [trial 1/3]
     64    1.263 s   ×2^0     C=5119.986 [trial 1/3]
      4  178.630 µs  ×2^10    C=2791.105 [trial 2/3] †
      8    1.489 ms  ×2^7     C=3669.787 [trial 2/3]
     16   15.599 ms  ×2^3     C=3808.304 [trial 2/3]
     32  143.170 ms  ×2^0     C=4369.193 [trial 2/3]
     64    1.342 s   ×2^0     C=5119.986 [trial 2/3]
      4  300.191 µs  ×2^9     C=2791.105 [trial 3/3] †
      8    2.047 ms  ×2^7     C=3669.787 [trial 3/3]
     16   15.233 ms  ×2^3     C=3808.304 [trial 3/3]
     32  176.447 ms  ×2^0     C=4369.193 [trial 3/3]
     64    1.584 s   ×2^0     C=5119.986 [trial 3/3]
  verdict: inconclusive (cMin=3669.787, cMax=5119.986, β=+0.164, looks slower than declared by ~n^0.164)
  per-spawn floor (harness self-measurement): 342.236 ms
  peak RSS: 59_756 kB..67_164 kB (across 15 ok row(s))
  trial summaries (3 trials per param; spread = (max-min)/median):
    param  trials  median      min         max         spread 
        4  3/3     178.630 µs  141.478 µs  300.191 µs  88.850%
        8  3/3       1.879 ms    1.489 ms    2.047 ms  29.693%
       16  3/3      15.599 ms   15.233 ms   15.881 ms  4.154% 
       32  3/3     143.170 ms  114.101 ms  176.447 ms  43.547%
       64  3/3       1.342 s     1.263 s     1.584 s   23.893%

Hex.RowReduceBench.Field.rat128HalfErrorSolve    expected complexity: n ^ 3    [warm cache]
  env: lean=4.34.0-rc2, os=linux, arch=x86_64, commit=f589e37-dirty, 2026-09-12T21:35:22Z, host=chungus2
  param  per-call    repeats  C
      4  136.847 µs  ×2^11    C=2138.245 [trial 1/3] †
      8  641.627 µs  ×2^8     C=1357.885 [trial 1/3]
     16    9.847 ms  ×2^4     C=1636.215 [trial 1/3]
     32   49.043 ms  ×2^1     C=1796.432 [trial 1/3]
     64  345.095 ms  ×2^0     C=1328.176 [trial 1/3]
      4  177.855 µs  ×2^11    C=2138.245 [trial 2/3] †
      8  806.411 µs  ×2^8     C=1357.885 [trial 2/3]
     16    6.702 ms  ×2^5     C=1636.215 [trial 2/3]
     32  169.588 ms  ×2^1     C=1796.432 [trial 2/3]
     64  348.173 ms  ×2^0     C=1328.176 [trial 2/3]
      4   94.444 µs  ×2^11    C=2138.245 [trial 3/3] †
      8  695.237 µs  ×2^8     C=1357.885 [trial 3/3]
     16    5.160 ms  ×2^5     C=1636.215 [trial 3/3]
     32   58.865 ms  ×2^2     C=1796.432 [trial 3/3]
     64  599.284 ms  ×2^0     C=1328.176 [trial 3/3]
  verdict: consistent with declared complexity (cMin=1328.176, cMax=1796.432, β=+0.004)
  per-spawn floor (harness self-measurement): 271.447 ms
  peak RSS: 62_092 kB..67_064 kB (across 15 ok row(s))
  trial summaries (3 trials per param; spread = (max-min)/median):
    param  trials  median      min         max         spread  
        4  3/3     136.847 µs   94.444 µs  177.855 µs  60.952% 
        8  3/3     695.237 µs  641.627 µs  806.411 µs  23.702% 
       16  3/3       6.702 ms    5.160 ms    9.847 ms  69.934% 
       32  3/3      58.865 ms   49.043 ms  169.588 ms  204.780%
       64  3/3     348.173 ms  345.095 ms  599.284 ms  73.006% 

Hex.RowReduceBench.Field.rat128HalfErrorOption    expected complexity: n ^ 3    [warm cache]
  env: lean=4.34.0-rc2, os=linux, arch=x86_64, commit=f589e37-dirty, 2026-09-12T21:35:35Z, host=chungus2
  param  per-call    repeats  C
      4  116.472 µs  ×2^11    C=1619.660 [trial 1/3] †
      8  730.406 µs  ×2^8     C=1426.575 [trial 1/3]
     16    5.468 ms  ×2^5     C=1317.482 [trial 1/3]
     32   48.927 ms  ×2^2     C=1493.129 [trial 1/3]
     64  472.769 ms  ×2^0     C=1481.887 [trial 1/3]
      4  103.658 µs  ×2^11    C=1619.660 [trial 2/3] †
      8    1.059 ms  ×2^8     C=1426.575 [trial 2/3]
     16    5.396 ms  ×2^5     C=1317.482 [trial 2/3]
     32   41.562 ms  ×2^2     C=1493.129 [trial 2/3]
     64  388.468 ms  ×2^0     C=1481.887 [trial 2/3]
      4   93.269 µs  ×2^11    C=1619.660 [trial 3/3] †
      8  713.067 µs  ×2^8     C=1426.575 [trial 3/3]
     16    5.144 ms  ×2^5     C=1317.482 [trial 3/3]
     32   55.979 ms  ×2^2     C=1493.129 [trial 3/3]
     64  380.351 ms  ×2^0     C=1481.887 [trial 3/3]
  verdict: consistent with declared complexity (cMin=1317.482, cMax=1493.129, β=+0.035)
  per-spawn floor (harness self-measurement): 318.485 ms
  peak RSS: 60_016 kB..66_692 kB (across 15 ok row(s))
  trial summaries (3 trials per param; spread = (max-min)/median):
    param  trials  median      min         max         spread 
        4  3/3     103.658 µs   93.269 µs  116.472 µs  22.385%
        8  3/3     730.406 µs  713.067 µs    1.059 ms  47.308%
       16  3/3       5.396 ms    5.144 ms    5.468 ms  6.016% 
       32  3/3      48.927 ms   41.562 ms   55.979 ms  29.466%
       64  3/3     388.468 ms  380.351 ms  472.769 ms  23.790%

Hex.RowReduceBench.Field.rat128TallSolve    expected complexity: n ^ 3    [warm cache]
  env: lean=4.34.0-rc2, os=linux, arch=x86_64, commit=f589e37-dirty, 2026-09-12T21:35:48Z, host=chungus2
  param  per-call    repeats  C
      4  558.886 µs  ×2^8     C=8594.050 [trial 1/3] †
      8    6.448 ms  ×2^5     C=8745.374 [trial 1/3]
     16   31.326 ms  ×2^2     C=7647.935 [trial 1/3]
     32  228.425 ms  ×2^0     C=7270.741 [trial 1/3]
     64    2.197 s   ×2^0     C=8438.124 [trial 1/3]
      4  550.019 µs  ×2^8     C=8594.050 [trial 2/3] †
      8    4.478 ms  ×2^5     C=8745.374 [trial 2/3]
     16   39.591 ms  ×2^2     C=7647.935 [trial 2/3]
     32  249.356 ms  ×2^0     C=7270.741 [trial 2/3]
     64    2.212 s   ×2^0     C=8438.124 [trial 2/3]
      4  522.138 µs  ×2^8     C=8594.050 [trial 3/3] †
      8    3.836 ms  ×2^5     C=8745.374 [trial 3/3]
     16   28.752 ms  ×2^2     C=7647.935 [trial 3/3]
     32  238.248 ms  ×2^0     C=7270.741 [trial 3/3]
     64    2.421 s   ×2^0     C=8438.124 [trial 3/3]
  verdict: consistent with declared complexity (cMin=7270.741, cMax=8745.374, β=-0.023)
  per-spawn floor (harness self-measurement): 503.673 ms
  peak RSS: 63_004 kB..71_400 kB (across 15 ok row(s))
  trial summaries (3 trials per param; spread = (max-min)/median):
    param  trials  median      min         max         spread 
        4  3/3     550.019 µs  522.138 µs  558.886 µs  6.681% 
        8  3/3       4.478 ms    3.836 ms    6.448 ms  58.338%
       16  3/3      31.326 ms   28.752 ms   39.591 ms  34.600%
       32  3/3     238.248 ms  228.425 ms  249.356 ms  8.785% 
       64  3/3       2.212 s     2.197 s     2.421 s   10.132%

Hex.RowReduceBench.Field.rat128TallOption    expected complexity: n ^ 3    [warm cache]
  env: lean=4.34.0-rc2, os=linux, arch=x86_64, commit=f589e37-dirty, 2026-09-12T21:36:19Z, host=chungus2
  param  per-call    repeats  C
      4  525.467 µs  ×2^8     C= 8338.252 [trial 1/3] †
      8    3.963 ms  ×2^5     C= 7740.435 [trial 1/3]
     16   29.786 ms  ×2^3     C= 7568.584 [trial 1/3]
     32  238.742 ms  ×2^0     C=11970.562 [trial 1/3]
     64    2.127 s   ×2^0     C= 8942.011 [trial 1/3]
      4  533.648 µs  ×2^8     C= 8338.252 [trial 2/3] †
      8    3.937 ms  ×2^5     C= 7740.435 [trial 2/3]
     16   32.111 ms  ×2^2     C= 7568.584 [trial 2/3]
     32  409.449 ms  ×2^0     C=11970.562 [trial 2/3]
     64    2.477 s   ×2^0     C= 8942.011 [trial 2/3]
      4  562.379 µs  ×2^8     C= 8338.252 [trial 3/3] †
      8    4.207 ms  ×2^5     C= 7740.435 [trial 3/3]
     16   31.001 ms  ×2^2     C= 7568.584 [trial 3/3]
     32  392.251 ms  ×2^0     C=11970.562 [trial 3/3]
     64    2.344 s   ×2^0     C= 8942.011 [trial 3/3]
  verdict: consistent with declared complexity (cMin=7568.584, cMax=11970.562, β=+0.129)
  per-spawn floor (harness self-measurement): 293.379 ms
  peak RSS: 61_928 kB..71_876 kB (across 15 ok row(s))
  trial summaries (3 trials per param; spread = (max-min)/median):
    param  trials  median      min         max         spread 
        4  3/3     533.648 µs  525.467 µs  562.379 µs  6.917% 
        8  3/3       3.963 ms    3.937 ms    4.207 ms  6.814% 
       16  3/3      31.001 ms   29.786 ms   32.111 ms  7.500% 
       32  3/3     392.251 ms  238.742 ms  409.449 ms  43.520%
       64  3/3       2.344 s     2.127 s     2.477 s   14.942%

Hex.RowReduceBench.Field.rat128WideSolve    expected complexity: n ^ 3    [warm cache]
  env: lean=4.34.0-rc2, os=linux, arch=x86_64, commit=f589e37-dirty, 2026-09-12T21:36:51Z, host=chungus2
  param  per-call    repeats  C
      4  398.671 µs  ×2^6     C=6229.241 [trial 1/3] †
      8    3.147 ms  ×2^6     C=6146.193 [trial 1/3]
     16   24.101 ms  ×2^3     C=5884.054 [trial 1/3]
     32  189.982 ms  ×2^0     C=5813.014 [trial 1/3]
     64    1.799 s   ×2^0     C=6408.241 [trial 1/3]
      4  504.630 µs  ×2^9     C=6229.241 [trial 2/3] †
      8    3.110 ms  ×2^6     C=6146.193 [trial 2/3]
     16   24.256 ms  ×2^3     C=5884.054 [trial 2/3]
     32  228.377 ms  ×2^0     C=5813.014 [trial 2/3]
     64    1.680 s   ×2^0     C=6408.241 [trial 2/3]
      4  383.572 µs  ×2^9     C=6229.241 [trial 3/3] †
      8    3.166 ms  ×2^6     C=6146.193 [trial 3/3]
     16   23.460 ms  ×2^3     C=5884.054 [trial 3/3]
     32  190.481 ms  ×2^0     C=5813.014 [trial 3/3]
     64    1.654 s   ×2^0     C=6408.241 [trial 3/3]
  verdict: consistent with declared complexity (cMin=5813.014, cMax=6408.241, β=+0.016)
  per-spawn floor (harness self-measurement): 909.275 ms
  peak RSS: 63_136 kB..69_012 kB (across 15 ok row(s))
  trial summaries (3 trials per param; spread = (max-min)/median):
    param  trials  median      min         max         spread 
        4  3/3     398.671 µs  383.572 µs  504.630 µs  30.365%
        8  3/3       3.147 ms    3.110 ms    3.166 ms  1.791% 
       16  3/3      24.101 ms   23.460 ms   24.256 ms  3.305% 
       32  3/3     190.481 ms  189.982 ms  228.377 ms  20.157%
       64  3/3       1.680 s     1.654 s     1.799 s   8.653% 

Hex.RowReduceBench.Field.rat128WideOption    expected complexity: n ^ 3    [warm cache]
  env: lean=4.34.0-rc2, os=linux, arch=x86_64, commit=f589e37-dirty, 2026-09-12T21:37:17Z, host=chungus2
  param  per-call    repeats  C
      4  383.468 µs  ×2^9     C=5991.697 [trial 1/3] †
      8    3.441 ms  ×2^6     C=6719.854 [trial 1/3]
     16   23.703 ms  ×2^3     C=5893.950 [trial 1/3]
     32  214.634 ms  ×2^0     C=6550.101 [trial 1/3]
     64    1.711 s   ×2^0     C=6806.746 [trial 1/3]
      4  367.299 µs  ×2^9     C=5991.697 [trial 2/3] †
      8    2.994 ms  ×2^6     C=6719.854 [trial 2/3]
     16   25.651 ms  ×2^3     C=5893.950 [trial 2/3]
     32  228.609 ms  ×2^0     C=6550.101 [trial 2/3]
     64    1.795 s   ×2^0     C=6806.746 [trial 2/3]
      4  390.003 µs  ×2^9     C=5991.697 [trial 3/3] †
      8    3.485 ms  ×2^6     C=6719.854 [trial 3/3]
     16   24.142 ms  ×2^2     C=5893.950 [trial 3/3]
     32  197.778 ms  ×2^0     C=6550.101 [trial 3/3]
     64    1.784 s   ×2^0     C=6806.746 [trial 3/3]
  verdict: consistent with declared complexity (cMin=5893.950, cMax=6806.746, β=+0.021)
  per-spawn floor (harness self-measurement): 292.144 ms
  peak RSS: 61_516 kB..69_100 kB (across 15 ok row(s))
  trial summaries (3 trials per param; spread = (max-min)/median):
    param  trials  median      min         max         spread 
        4  3/3     383.468 µs  367.299 µs  390.003 µs  5.921% 
        8  3/3       3.441 ms    2.994 ms    3.485 ms  14.283%
       16  3/3      24.142 ms   23.703 ms   25.651 ms  8.069% 
       32  3/3     214.634 ms  197.778 ms  228.609 ms  14.365%
       64  3/3       1.784 s     1.711 s     1.795 s   4.726% 

Hex.RowReduceBench.Field.modularFullSolve    expected complexity: n ^ 3    [warm cache]
  env: lean=4.34.0-rc2, os=linux, arch=x86_64, commit=f589e37-dirty, 2026-09-12T21:37:42Z, host=chungus2
  param  per-call    repeats  C
      4   13.219 µs  ×2^14    C=217.628 [trial 1/3] †
      8   80.149 µs  ×2^11    C=156.541 [trial 1/3]
     16  449.978 µs  ×2^8     C=120.755 [trial 1/3]
     32    3.530 ms  ×2^6     C=115.398 [trial 1/3]
     64   27.390 ms  ×2^3     C=103.624 [trial 1/3]
      4   14.108 µs  ×2^14    C=217.628 [trial 2/3] †
      8   77.821 µs  ×2^11    C=156.541 [trial 2/3]
     16  512.475 µs  ×2^8     C=120.755 [trial 2/3]
     32    3.781 ms  ×2^5     C=115.398 [trial 2/3]
     64   27.164 ms  ×2^2     C=103.624 [trial 2/3]
      4   13.928 µs  ×2^13    C=217.628 [trial 3/3] †
      8   81.033 µs  ×2^11    C=156.541 [trial 3/3]
     16  494.614 µs  ×2^8     C=120.755 [trial 3/3]
     32    3.995 ms  ×2^5     C=115.398 [trial 3/3]
     64   25.903 ms  ×2^3     C=103.624 [trial 3/3]
  verdict: inconclusive (cMin=103.624, cMax=156.541, β=-0.185, looks faster than declared by ~n^0.185)
  per-spawn floor (harness self-measurement): 516.036 ms
  peak RSS: 60_136 kB..65_960 kB (across 15 ok row(s))
  trial summaries (3 trials per param; spread = (max-min)/median):
    param  trials  median      min         max         spread 
        4  3/3      13.928 µs   13.219 µs   14.108 µs  6.386% 
        8  3/3      80.149 µs   77.821 µs   81.033 µs  4.007% 
       16  3/3     494.614 µs  449.978 µs  512.475 µs  12.636%
       32  3/3       3.781 ms    3.530 ms    3.995 ms  12.319%
       64  3/3      27.164 ms   25.903 ms   27.390 ms  5.476% 

Hex.RowReduceBench.Field.modularFullOption    expected complexity: n ^ 3    [warm cache]
  env: lean=4.34.0-rc2, os=linux, arch=x86_64, commit=f589e37-dirty, 2026-09-12T21:37:50Z, host=chungus2
  param  per-call    repeats  C
      4   12.838 µs  ×2^14    C=206.516 [trial 1/3] †
      8   72.004 µs  ×2^11    C=140.634 [trial 1/3]
     16  491.075 µs  ×2^8     C=119.053 [trial 1/3]
     32    3.464 ms  ×2^5     C=103.541 [trial 1/3]
     64   25.181 ms  ×2^3     C= 95.274 [trial 1/3]
      4   13.274 µs  ×2^14    C=206.516 [trial 2/3] †
      8   75.825 µs  ×2^11    C=140.634 [trial 2/3]
     16  461.103 µs  ×2^8     C=119.053 [trial 2/3]
     32    3.393 ms  ×2^6     C=103.541 [trial 2/3]
     64   24.467 ms  ×2^3     C= 95.274 [trial 2/3]
      4   13.217 µs  ×2^13    C=206.516 [trial 3/3] †
      8   71.678 µs  ×2^11    C=140.634 [trial 3/3]
     16  487.641 µs  ×2^8     C=119.053 [trial 3/3]
     32    3.254 ms  ×2^6     C=103.541 [trial 3/3]
     64   24.975 ms  ×2^3     C= 95.274 [trial 3/3]
  verdict: inconclusive (cMin=95.274, cMax=140.634, β=-0.189, looks faster than declared by ~n^0.189)
  per-spawn floor (harness self-measurement): 286.947 ms
  peak RSS: 60_268 kB..66_460 kB (across 15 ok row(s))
  trial summaries (3 trials per param; spread = (max-min)/median):
    param  trials  median      min         max         spread
        4  3/3      13.217 µs   12.838 µs   13.274 µs  3.297%
        8  3/3      72.004 µs   71.678 µs   75.825 µs  5.758%
       16  3/3     487.641 µs  461.103 µs  491.075 µs  6.146%
       32  3/3       3.393 ms    3.254 ms    3.464 ms  6.194%
       64  3/3      24.975 ms   24.467 ms   25.181 ms  2.858%

Hex.RowReduceBench.Field.modularFullInverse    expected complexity: n ^ 3    [warm cache]
  env: lean=4.34.0-rc2, os=linux, arch=x86_64, commit=f589e37-dirty, 2026-09-12T21:37:59Z, host=chungus2
  param  per-call    repeats  C
      4   10.685 µs  ×2^14    C=166.955 [trial 1/3] †
      8   66.153 µs  ×2^11    C=134.495 [trial 1/3]
     16  767.279 µs  ×2^8     C=125.533 [trial 1/3]
     32    3.185 ms  ×2^6     C=106.576 [trial 1/3]
     64   24.618 ms  ×2^3     C=100.327 [trial 1/3]
      4   10.754 µs  ×2^14    C=166.955 [trial 2/3] †
      8   68.861 µs  ×2^11    C=134.495 [trial 2/3]
     16  514.181 µs  ×2^8     C=125.533 [trial 2/3]
     32    3.577 ms  ×2^6     C=106.576 [trial 2/3]
     64   26.300 ms  ×2^3     C=100.327 [trial 2/3]
      4   10.512 µs  ×2^14    C=166.955 [trial 3/3] †
      8   68.906 µs  ×2^11    C=134.495 [trial 3/3]
     16  461.637 µs  ×2^9     C=125.533 [trial 3/3]
     32    3.492 ms  ×2^6     C=106.576 [trial 3/3]
     64   26.913 ms  ×2^3     C=100.327 [trial 3/3]
  verdict: inconclusive (cMin=100.327, cMax=134.495, β=-0.150, looks faster than declared by ~n^0.150)
  per-spawn floor (harness self-measurement): 259.432 ms
  peak RSS: 59_656 kB..66_560 kB (across 15 ok row(s))
  trial summaries (3 trials per param; spread = (max-min)/median):
    param  trials  median      min         max         spread 
        4  3/3      10.685 µs   10.512 µs   10.754 µs  2.269% 
        8  3/3      68.861 µs   66.153 µs   68.906 µs  3.998% 
       16  3/3     514.181 µs  461.637 µs  767.279 µs  59.442%
       32  3/3       3.492 ms    3.185 ms    3.577 ms  11.223%
       64  3/3      26.300 ms   24.618 ms   26.913 ms  8.728% 

Hex.RowReduceBench.Field.modularDeficientSolve    expected complexity: n ^ 3    [warm cache]
  env: lean=4.34.0-rc2, os=linux, arch=x86_64, commit=f589e37-dirty, 2026-09-12T21:38:07Z, host=chungus2
  param  per-call    repeats  C
      4    9.954 µs  ×2^14    C=155.532 [trial 1/3] †
      8   59.397 µs  ×2^11    C=115.508 [trial 1/3]
     16  457.146 µs  ×2^8     C=101.610 [trial 1/3]
     32    3.907 ms  ×2^6     C= 97.993 [trial 1/3]
     64   23.974 ms  ×2^3     C= 93.117 [trial 1/3]
      4   10.241 µs  ×2^14    C=155.532 [trial 2/3] †
      8   58.977 µs  ×2^11    C=115.508 [trial 2/3]
     16  416.193 µs  ×2^9     C=101.610 [trial 2/3]
     32    3.211 ms  ×2^5     C= 97.993 [trial 2/3]
     64   39.282 ms  ×2^2     C= 93.117 [trial 2/3]
      4    9.228 µs  ×2^14    C=155.532 [trial 3/3] †
      8   59.139 µs  ×2^12    C=115.508 [trial 3/3]
     16  406.614 µs  ×2^9     C=101.610 [trial 3/3]
     32    3.108 ms  ×2^6     C= 97.993 [trial 3/3]
     64   24.410 ms  ×2^3     C= 93.117 [trial 3/3]
  verdict: consistent with declared complexity (cMin=93.117, cMax=115.508, β=-0.098)
  per-spawn floor (harness self-measurement): 262.567 ms
  peak RSS: 61_708 kB..66_800 kB (across 15 ok row(s))
  trial summaries (3 trials per param; spread = (max-min)/median):
    param  trials  median      min         max         spread 
        4  3/3       9.954 µs    9.228 µs   10.241 µs  10.169%
        8  3/3      59.139 µs   58.977 µs   59.397 µs  0.710% 
       16  3/3     416.193 µs  406.614 µs  457.146 µs  12.141%
       32  3/3       3.211 ms    3.108 ms    3.907 ms  24.892%
       64  3/3      24.410 ms   23.974 ms   39.282 ms  62.714%

Hex.RowReduceBench.Field.modularDeficientOption    expected complexity: n ^ 3    [warm cache]
  env: lean=4.34.0-rc2, os=linux, arch=x86_64, commit=f589e37-dirty, 2026-09-12T21:38:15Z, host=chungus2
  param  per-call    repeats  C
      4   10.475 µs  ×2^14    C=150.279 [trial 1/3] †
      8   59.532 µs  ×2^11    C=119.452 [trial 1/3]
     16  456.488 µs  ×2^8     C=110.810 [trial 1/3]
     32    3.222 ms  ×2^6     C= 96.352 [trial 1/3]
     64   25.195 ms  ×2^3     C= 99.262 [trial 1/3]
      4    9.528 µs  ×2^14    C=150.279 [trial 2/3] †
      8   61.159 µs  ×2^11    C=119.452 [trial 2/3]
     16  453.877 µs  ×2^9     C=110.810 [trial 2/3]
     32    3.064 ms  ×2^6     C= 96.352 [trial 2/3]
     64   38.179 ms  ×2^3     C= 99.262 [trial 2/3]
      4    9.617 µs  ×2^14    C=150.279 [trial 3/3] †
      8   65.454 µs  ×2^11    C=119.452 [trial 3/3]
     16  406.708 µs  ×2^9     C=110.810 [trial 3/3]
     32    3.157 ms  ×2^6     C= 96.352 [trial 3/3]
     64   26.021 ms  ×2^3     C= 99.262 [trial 3/3]
  verdict: consistent with declared complexity (cMin=96.352, cMax=119.452, β=-0.100)
  per-spawn floor (harness self-measurement): 385.557 ms
  peak RSS: 60_664 kB..66_432 kB (across 15 ok row(s))
  trial summaries (3 trials per param; spread = (max-min)/median):
    param  trials  median      min         max         spread 
        4  3/3       9.617 µs    9.528 µs   10.475 µs  9.845% 
        8  3/3      61.159 µs   59.532 µs   65.454 µs  9.683% 
       16  3/3     453.877 µs  406.708 µs  456.488 µs  10.968%
       32  3/3       3.157 ms    3.064 ms    3.222 ms  5.016% 
       64  3/3      26.021 ms   25.195 ms   38.179 ms  49.900%

Hex.RowReduceBench.Field.modularDeficientInverse    expected complexity: n ^ 3    [warm cache]
  env: lean=4.34.0-rc2, os=linux, arch=x86_64, commit=f589e37-dirty, 2026-09-12T21:38:23Z, host=chungus2
  param  per-call    repeats  C
      4    6.692 µs  ×2^14    C=104.567 [trial 1/3] †
      8   58.913 µs  ×2^12    C=104.616 [trial 1/3]
     16  399.065 µs  ×2^9     C= 97.428 [trial 1/3]
     32    3.182 ms  ×2^6     C= 92.329 [trial 1/3]
     64   22.879 ms  ×2^3     C= 91.372 [trial 1/3]
      4    8.321 µs  ×2^14    C=104.567 [trial 2/3] †
      8   53.563 µs  ×2^12    C=104.616 [trial 2/3]
     16  479.408 µs  ×2^9     C= 97.428 [trial 2/3]
     32    2.971 ms  ×2^6     C= 92.329 [trial 2/3]
     64   23.953 ms  ×2^3     C= 91.372 [trial 2/3]
      4    6.511 µs  ×2^15    C=104.567 [trial 3/3] †
      8   50.878 µs  ×2^12    C=104.616 [trial 3/3]
     16  381.684 µs  ×2^9     C= 97.428 [trial 3/3]
     32    3.025 ms  ×2^6     C= 92.329 [trial 3/3]
     64   24.869 ms  ×2^3     C= 91.372 [trial 3/3]
  verdict: consistent with declared complexity (cMin=91.372, cMax=104.616, β=-0.066)
  per-spawn floor (harness self-measurement): 453.709 ms
  peak RSS: 59_752 kB..65_964 kB (across 15 ok row(s))
  trial summaries (3 trials per param; spread = (max-min)/median):
    param  trials  median      min         max         spread 
        4  3/3       6.692 µs    6.511 µs    8.321 µs  27.052%
        8  3/3      53.563 µs   50.878 µs   58.913 µs  15.000%
       16  3/3     399.065 µs  381.684 µs  479.408 µs  24.488%
       32  3/3       3.025 ms    2.971 ms    3.182 ms  6.959% 
       64  3/3      23.953 ms   22.879 ms   24.869 ms  8.309% 

Hex.RowReduceBench.Field.modularHalfSolve    expected complexity: n ^ 3    [warm cache]
  env: lean=4.34.0-rc2, os=linux, arch=x86_64, commit=f589e37-dirty, 2026-09-12T21:38:31Z, host=chungus2
  param  per-call    repeats  C
      4    8.190 µs  ×2^14    C=127.979 [trial 1/3] †
      8   39.106 µs  ×2^12    C= 76.380 [trial 1/3]
     16  215.636 µs  ×2^9     C= 55.474 [trial 1/3]
     32    1.564 ms  ×2^7     C= 44.123 [trial 1/3]
     64    9.822 ms  ×2^4     C= 38.086 [trial 1/3]
      4    9.047 µs  ×2^14    C=127.979 [trial 2/3] †
      8   35.354 µs  ×2^12    C= 76.380 [trial 2/3]
     16  388.352 µs  ×2^10    C= 55.474 [trial 2/3]
     32    1.361 ms  ×2^7     C= 44.123 [trial 2/3]
     64   10.004 ms  ×2^2     C= 38.086 [trial 2/3]
      4    7.993 µs  ×2^14    C=127.979 [trial 3/3] †
      8   43.359 µs  ×2^12    C= 76.380 [trial 3/3]
     16  227.223 µs  ×2^9     C= 55.474 [trial 3/3]
     32    1.446 ms  ×2^5     C= 44.123 [trial 3/3]
     64    9.984 ms  ×2^4     C= 38.086 [trial 3/3]
  verdict: inconclusive (cMin=38.086, cMax=76.380, β=-0.334, looks faster than declared by ~n^0.334)
  per-spawn floor (harness self-measurement): 262.016 ms
  peak RSS: 58_984 kB..64_476 kB (across 15 ok row(s))
  trial summaries (3 trials per param; spread = (max-min)/median):
    param  trials  median      min         max         spread 
        4  3/3       8.190 µs    7.993 µs    9.047 µs  12.868%
        8  3/3      39.106 µs   35.354 µs   43.359 µs  20.467%
       16  3/3     227.223 µs  215.636 µs  388.352 µs  76.012%
       32  3/3       1.446 ms    1.361 ms    1.564 ms  14.078%
       64  3/3       9.984 ms    9.822 ms   10.004 ms  1.827% 

Hex.RowReduceBench.Field.modularHalfOption    expected complexity: n ^ 3    [warm cache]
  env: lean=4.34.0-rc2, os=linux, arch=x86_64, commit=f589e37-dirty, 2026-09-12T21:38:39Z, host=chungus2
  param  per-call    repeats  C
      4    9.595 µs  ×2^14    C=158.590 [trial 1/3] †
      8   37.505 µs  ×2^12    C= 80.189 [trial 1/3]
     16  218.282 µs  ×2^8     C= 53.292 [trial 1/3]
     32    1.394 ms  ×2^7     C= 40.647 [trial 1/3]
     64   27.946 ms  ×2^3     C= 42.571 [trial 1/3]
      4   10.149 µs  ×2^14    C=158.590 [trial 2/3] †
      8   47.584 µs  ×2^12    C= 80.189 [trial 2/3]
     16  210.572 µs  ×2^10    C= 53.292 [trial 2/3]
     32    1.332 ms  ×2^7     C= 40.647 [trial 2/3]
     64   10.600 ms  ×2^4     C= 42.571 [trial 2/3]
      4   13.025 µs  ×2^14    C=158.590 [trial 3/3] †
      8   41.056 µs  ×2^10    C= 80.189 [trial 3/3]
     16  219.147 µs  ×2^10    C= 53.292 [trial 3/3]
     32    1.322 ms  ×2^6     C= 40.647 [trial 3/3]
     64   11.160 ms  ×2^4     C= 42.571 [trial 3/3]
  verdict: inconclusive (cMin=40.647, cMax=80.189, β=-0.313, looks faster than declared by ~n^0.313)
  per-spawn floor (harness self-measurement): 383.226 ms
  peak RSS: 59_744 kB..65_648 kB (across 15 ok row(s))
  trial summaries (3 trials per param; spread = (max-min)/median):
    param  trials  median      min         max         spread  
        4  3/3      10.149 µs    9.595 µs   13.025 µs  33.790% 
        8  3/3      41.056 µs   37.505 µs   47.584 µs  24.548% 
       16  3/3     218.282 µs  210.572 µs  219.147 µs  3.928%  
       32  3/3       1.332 ms    1.322 ms    1.394 ms  5.414%  
       64  3/3      11.160 ms   10.600 ms   27.946 ms  155.437%

Hex.RowReduceBench.Field.modularHalfInverse    expected complexity: n ^ 3    [warm cache]
  env: lean=4.34.0-rc2, os=linux, arch=x86_64, commit=f589e37-dirty, 2026-09-12T21:38:47Z, host=chungus2
  param  per-call    repeats  C
      4    5.765 µs  ×2^15    C=79.727 [trial 1/3] †
      8   28.548 µs  ×2^12    C=54.960 [trial 1/3]
     16  179.403 µs  ×2^10    C=43.084 [trial 1/3]
     32    1.199 ms  ×2^7     C=36.596 [trial 1/3]
     64    9.420 ms  ×2^4     C=36.483 [trial 1/3]
      4    5.102 µs  ×2^15    C=79.727 [trial 2/3] †
      8   28.139 µs  ×2^13    C=54.960 [trial 2/3]
     16  175.830 µs  ×2^10    C=43.084 [trial 2/3]
     32    1.280 ms  ×2^7     C=36.596 [trial 2/3]
     64    9.564 ms  ×2^4     C=36.483 [trial 2/3]
      4    4.557 µs  ×2^15    C=79.727 [trial 3/3] †
      8   26.672 µs  ×2^12    C=54.960 [trial 3/3]
     16  176.470 µs  ×2^10    C=43.084 [trial 3/3]
     32    1.190 ms  ×2^7     C=36.596 [trial 3/3]
     64    9.863 ms  ×2^4     C=36.483 [trial 3/3]
  verdict: inconclusive (cMin=36.483, cMax=54.960, β=-0.201, looks faster than declared by ~n^0.201)
  per-spawn floor (harness self-measurement): 369.484 ms
  peak RSS: 59_824 kB..65_152 kB (across 15 ok row(s))
  trial summaries (3 trials per param; spread = (max-min)/median):
    param  trials  median      min         max         spread 
        4  3/3       5.102 µs    4.557 µs    5.765 µs  23.680%
        8  3/3      28.139 µs   26.672 µs   28.548 µs  6.667% 
       16  3/3     176.470 µs  175.830 µs  179.403 µs  2.025% 
       32  3/3       1.199 ms    1.190 ms    1.280 ms  7.539% 
       64  3/3       9.564 ms    9.420 ms    9.863 ms  4.633% 

Hex.RowReduceBench.Field.modularDeficientErrorSolve    expected complexity: n ^ 3    [warm cache]
  env: lean=4.34.0-rc2, os=linux, arch=x86_64, commit=f589e37-dirty, 2026-09-12T21:38:55Z, host=chungus2
  param  per-call    repeats  C
      4    7.597 µs  ×2^14    C=123.263 [trial 1/3] †
      8   55.138 µs  ×2^11    C=105.834 [trial 1/3]
     16  416.025 µs  ×2^9     C= 99.246 [trial 1/3]
     32    3.308 ms  ×2^6     C= 98.519 [trial 1/3]
     64   24.628 ms  ×2^3     C= 99.236 [trial 1/3]
      4    8.322 µs  ×2^14    C=123.263 [trial 2/3] †
      8   54.026 µs  ×2^12    C=105.834 [trial 2/3]
     16  406.512 µs  ×2^9     C= 99.246 [trial 2/3]
     32    3.148 ms  ×2^5     C= 98.519 [trial 2/3]
     64   26.944 ms  ×2^3     C= 99.236 [trial 2/3]
      4    7.888 µs  ×2^14    C=123.263 [trial 3/3] †
      8   54.186 µs  ×2^12    C=105.834 [trial 3/3]
     16  399.531 µs  ×2^9     C= 99.246 [trial 3/3]
     32    3.228 ms  ×2^6     C= 98.519 [trial 3/3]
     64   26.014 ms  ×2^3     C= 99.236 [trial 3/3]
  verdict: consistent with declared complexity (cMin=98.519, cMax=105.834, β=-0.029)
  per-spawn floor (harness self-measurement): 267.109 ms
  peak RSS: 59_548 kB..65_640 kB (across 15 ok row(s))
  trial summaries (3 trials per param; spread = (max-min)/median):
    param  trials  median      min         max         spread
        4  3/3       7.888 µs    7.597 µs    8.322 µs  9.199%
        8  3/3      54.186 µs   54.026 µs   55.138 µs  2.052%
       16  3/3     406.512 µs  399.531 µs  416.025 µs  4.057%
       32  3/3       3.228 ms    3.148 ms    3.308 ms  4.958%
       64  3/3      26.014 ms   24.628 ms   26.944 ms  8.902%

Hex.RowReduceBench.Field.modularDeficientErrorOption    expected complexity: n ^ 3    [warm cache]
  env: lean=4.34.0-rc2, os=linux, arch=x86_64, commit=f589e37-dirty, 2026-09-12T21:39:03Z, host=chungus2
  param  per-call    repeats  C
      4    7.655 µs  ×2^14    C=119.619 [trial 1/3] †
      8   51.910 µs  ×2^12    C=106.955 [trial 1/3]
     16  399.007 µs  ×2^9     C=103.332 [trial 1/3]
     32    3.070 ms  ×2^6     C= 93.684 [trial 1/3]
     64   31.777 ms  ×2^3     C=100.164 [trial 1/3]
      4    8.354 µs  ×2^14    C=119.619 [trial 2/3] †
      8   57.289 µs  ×2^11    C=106.955 [trial 2/3]
     16  423.248 µs  ×2^9     C=103.332 [trial 2/3]
     32    2.986 ms  ×2^6     C= 93.684 [trial 2/3]
     64   26.257 ms  ×2^3     C=100.164 [trial 2/3]
      4    7.315 µs  ×2^15    C=119.619 [trial 3/3] †
      8   54.761 µs  ×2^11    C=106.955 [trial 3/3]
     16  435.285 µs  ×2^9     C=103.332 [trial 3/3]
     32    3.854 ms  ×2^6     C= 93.684 [trial 3/3]
     64   23.181 ms  ×2^3     C=100.164 [trial 3/3]
  verdict: consistent with declared complexity (cMin=93.684, cMax=106.955, β=-0.043)
  per-spawn floor (harness self-measurement): 267.507 ms
  peak RSS: 59_800 kB..65_112 kB (across 15 ok row(s))
  trial summaries (3 trials per param; spread = (max-min)/median):
    param  trials  median      min         max         spread 
        4  3/3       7.655 µs    7.315 µs    8.354 µs  13.575%
        8  3/3      54.761 µs   51.910 µs   57.289 µs  9.824% 
       16  3/3     423.248 µs  399.007 µs  435.285 µs  8.571% 
       32  3/3       3.070 ms    2.986 ms    3.854 ms  28.277%
       64  3/3      26.257 ms   23.181 ms   31.777 ms  32.738%

Hex.RowReduceBench.Field.modularHalfErrorSolve    expected complexity: n ^ 3    [warm cache]
  env: lean=4.34.0-rc2, os=linux, arch=x86_64, commit=f589e37-dirty, 2026-09-12T21:39:12Z, host=chungus2
  param  per-call    repeats  C
      4    6.441 µs  ×2^15    C=94.337 [trial 1/3] †
      8   31.034 µs  ×2^12    C=60.615 [trial 1/3]
     16  175.677 µs  ×2^10    C=44.396 [trial 1/3]
     32    1.260 ms  ×2^7     C=38.458 [trial 1/3]
     64    9.471 ms  ×2^4     C=36.214 [trial 1/3]
      4    6.037 µs  ×2^15    C=94.337 [trial 2/3] †
      8   34.811 µs  ×2^12    C=60.615 [trial 2/3]
     16  196.879 µs  ×2^10    C=44.396 [trial 2/3]
     32    1.248 ms  ×2^7     C=38.458 [trial 2/3]
     64    9.493 ms  ×2^3     C=36.214 [trial 2/3]
      4    5.969 µs  ×2^15    C=94.337 [trial 3/3] †
      8   29.964 µs  ×2^12    C=60.615 [trial 3/3]
     16  181.846 µs  ×2^10    C=44.396 [trial 3/3]
     32    1.352 ms  ×2^7     C=38.458 [trial 3/3]
     64    9.935 ms  ×2^4     C=36.214 [trial 3/3]
  verdict: inconclusive (cMin=36.214, cMax=60.615, β=-0.244, looks faster than declared by ~n^0.244)
  per-spawn floor (harness self-measurement): 416.063 ms
  peak RSS: 59_436 kB..65_316 kB (across 15 ok row(s))
  trial summaries (3 trials per param; spread = (max-min)/median):
    param  trials  median      min         max         spread 
        4  3/3       6.037 µs    5.969 µs    6.441 µs  7.826% 
        8  3/3      31.034 µs   29.964 µs   34.811 µs  15.619%
       16  3/3     181.846 µs  175.677 µs  196.879 µs  11.659%
       32  3/3       1.260 ms    1.248 ms    1.352 ms  8.255% 
       64  3/3       9.493 ms    9.471 ms    9.935 ms  4.882% 

Hex.RowReduceBench.Field.modularHalfErrorOption    expected complexity: n ^ 3    [warm cache]
  env: lean=4.34.0-rc2, os=linux, arch=x86_64, commit=f589e37-dirty, 2026-09-12T21:39:20Z, host=chungus2
  param  per-call    repeats  C
      4    5.638 µs  ×2^15    C=93.218 [trial 1/3] †
      8   31.516 µs  ×2^12    C=61.555 [trial 1/3]
     16  190.755 µs  ×2^10    C=47.544 [trial 1/3]
     32    1.285 ms  ×2^7     C=43.547 [trial 1/3]
     64    9.337 ms  ×2^4     C=39.767 [trial 1/3]
      4    5.965 µs  ×2^15    C=93.218 [trial 2/3] †
      8   32.876 µs  ×2^12    C=61.555 [trial 2/3]
     16  195.207 µs  ×2^10    C=47.544 [trial 2/3]
     32    1.531 ms  ×2^7     C=43.547 [trial 2/3]
     64   10.425 ms  ×2^4     C=39.767 [trial 2/3]
      4    6.373 µs  ×2^15    C=93.218 [trial 3/3] †
      8   30.667 µs  ×2^12    C=61.555 [trial 3/3]
     16  194.741 µs  ×2^10    C=47.544 [trial 3/3]
     32    1.427 ms  ×2^7     C=43.547 [trial 3/3]
     64   12.764 ms  ×2^4     C=39.767 [trial 3/3]
  verdict: inconclusive (cMin=39.767, cMax=61.555, β=-0.202, looks faster than declared by ~n^0.202)
  per-spawn floor (harness self-measurement): 306.466 ms
  peak RSS: 61_608 kB..65_680 kB (across 15 ok row(s))
  trial summaries (3 trials per param; spread = (max-min)/median):
    param  trials  median      min         max         spread 
        4  3/3       5.965 µs    5.638 µs    6.373 µs  12.315%
        8  3/3      31.516 µs   30.667 µs   32.876 µs  7.009% 
       16  3/3     194.741 µs  190.755 µs  195.207 µs  2.286% 
       32  3/3       1.427 ms    1.285 ms    1.531 ms  17.245%
       64  3/3      10.425 ms    9.337 ms   12.764 ms  32.870%

Hex.RowReduceBench.Field.modularTallSolve    expected complexity: n ^ 3    [warm cache]
  env: lean=4.34.0-rc2, os=linux, arch=x86_64, commit=f589e37-dirty, 2026-09-12T21:39:28Z, host=chungus2
  param  per-call    repeats  C
      4   30.893 µs  ×2^12    C=453.843 [trial 1/3] †
      8  164.517 µs  ×2^9     C=321.323 [trial 1/3]
     16    1.008 ms  ×2^7     C=260.181 [trial 1/3]
     32    6.990 ms  ×2^4     C=224.478 [trial 1/3]
     64   52.428 ms  ×2^2     C=201.994 [trial 1/3]
      4   29.045 µs  ×2^12    C=453.843 [trial 2/3] †
      8  162.438 µs  ×2^10    C=321.323 [trial 2/3]
     16    1.071 ms  ×2^7     C=260.181 [trial 2/3]
     32    7.356 ms  ×2^4     C=224.478 [trial 2/3]
     64   68.477 ms  ×2^1     C=201.994 [trial 2/3]
      4   27.810 µs  ×2^13    C=453.843 [trial 3/3] †
      8  446.926 µs  ×2^7     C=321.323 [trial 3/3]
     16    1.066 ms  ×2^7     C=260.181 [trial 3/3]
     32    7.556 ms  ×2^4     C=224.478 [trial 3/3]
     64   52.952 ms  ×2^1     C=201.994 [trial 3/3]
  verdict: inconclusive (cMin=201.994, cMax=321.323, β=-0.222, looks faster than declared by ~n^0.222)
  per-spawn floor (harness self-measurement): 357.541 ms
  peak RSS: 59_876 kB..65_488 kB (across 15 ok row(s))
  trial summaries (3 trials per param; spread = (max-min)/median):
    param  trials  median      min         max         spread  
        4  3/3      29.045 µs   27.810 µs   30.893 µs  10.617% 
        8  3/3     164.517 µs  162.438 µs  446.926 µs  172.923%
       16  3/3       1.066 ms    1.008 ms    1.071 ms  5.840%  
       32  3/3       7.356 ms    6.990 ms    7.556 ms  7.696%  
       64  3/3      52.952 ms   52.428 ms   68.477 ms  30.308% 

Hex.RowReduceBench.Field.modularTallOption    expected complexity: n ^ 3    [warm cache]
  env: lean=4.34.0-rc2, os=linux, arch=x86_64, commit=f589e37-dirty, 2026-09-12T21:39:36Z, host=chungus2
  param  per-call    repeats  C
      4   29.776 µs  ×2^12    C=465.262 [trial 1/3] †
      8  180.388 µs  ×2^10    C=352.321 [trial 1/3]
     16    1.018 ms  ×2^7     C=248.486 [trial 1/3]
     32    7.003 ms  ×2^4     C=220.810 [trial 1/3]
     64   59.078 ms  ×2^1     C=225.366 [trial 1/3]
      4   28.803 µs  ×2^12    C=465.262 [trial 2/3] †
      8  191.089 µs  ×2^10    C=352.321 [trial 2/3]
     16  978.349 µs  ×2^7     C=248.486 [trial 2/3]
     32    7.303 ms  ×2^4     C=220.810 [trial 2/3]
     64   60.233 ms  ×2^1     C=225.366 [trial 2/3]
      4   32.826 µs  ×2^12    C=465.262 [trial 3/3] †
      8  169.262 µs  ×2^10    C=352.321 [trial 3/3]
     16    1.189 ms  ×2^7     C=248.486 [trial 3/3]
     32    7.235 ms  ×2^4     C=220.810 [trial 3/3]
     64   57.682 ms  ×2^1     C=225.366 [trial 3/3]
  verdict: inconclusive (cMin=220.810, cMax=352.321, β=-0.210, looks faster than declared by ~n^0.210)
  per-spawn floor (harness self-measurement): 314.318 ms
  peak RSS: 59_764 kB..65_652 kB (across 15 ok row(s))
  trial summaries (3 trials per param; spread = (max-min)/median):
    param  trials  median      min         max         spread 
        4  3/3      29.776 µs   28.803 µs   32.826 µs  13.512%
        8  3/3     180.388 µs  169.262 µs  191.089 µs  12.100%
       16  3/3       1.018 ms  978.349 µs    1.189 ms  20.658%
       32  3/3       7.235 ms    7.003 ms    7.303 ms  4.139% 
       64  3/3      59.078 ms   57.682 ms   60.233 ms  4.319% 

Hex.RowReduceBench.Field.modularWideSolve    expected complexity: n ^ 3    [warm cache]
  env: lean=4.34.0-rc2, os=linux, arch=x86_64, commit=f589e37-dirty, 2026-09-12T21:39:44Z, host=chungus2
  param  per-call    repeats  C
      4   27.437 µs  ×2^13    C=317.170 [trial 1/3] †
      8  114.236 µs  ×2^10    C=219.568 [trial 1/3]
     16  708.662 µs  ×2^8     C=173.013 [trial 1/3]
     32    4.931 ms  ×2^5     C=150.486 [trial 1/3]
     64   40.232 ms  ×2^2     C=149.504 [trial 1/3]
      4   20.298 µs  ×2^13    C=317.170 [trial 2/3] †
      8  112.418 µs  ×2^10    C=219.568 [trial 2/3]
     16  721.966 µs  ×2^8     C=173.013 [trial 2/3]
     32    5.157 ms  ×2^5     C=150.486 [trial 2/3]
     64   39.191 ms  ×2^2     C=149.504 [trial 2/3]
      4   19.525 µs  ×2^9     C=317.170 [trial 3/3] †
      8  111.866 µs  ×2^10    C=219.568 [trial 3/3]
     16  676.223 µs  ×2^8     C=173.013 [trial 3/3]
     32    4.910 ms  ×2^5     C=150.486 [trial 3/3]
     64   35.652 ms  ×2^2     C=149.504 [trial 3/3]
  verdict: inconclusive (cMin=149.504, cMax=219.568, β=-0.186, looks faster than declared by ~n^0.186)
  per-spawn floor (harness self-measurement): 335.581 ms
  peak RSS: 59_068 kB..65_308 kB (across 15 ok row(s))
  trial summaries (3 trials per param; spread = (max-min)/median):
    param  trials  median      min         max         spread 
        4  3/3      20.298 µs   19.525 µs   27.437 µs  38.980%
        8  3/3     112.418 µs  111.866 µs  114.236 µs  2.108% 
       16  3/3     708.662 µs  676.223 µs  721.966 µs  6.455% 
       32  3/3       4.931 ms    4.910 ms    5.157 ms  5.021% 
       64  3/3      39.191 ms   35.652 ms   40.232 ms  11.687%

Hex.RowReduceBench.Field.modularWideOption    expected complexity: n ^ 3    [warm cache]
  env: lean=4.34.0-rc2, os=linux, arch=x86_64, commit=f589e37-dirty, 2026-09-12T21:39:52Z, host=chungus2
  param  per-call    repeats  C
      4   20.538 µs  ×2^13    C=320.913 [trial 1/3] †
      8  111.478 µs  ×2^10    C=225.355 [trial 1/3]
     16  706.444 µs  ×2^8     C=175.307 [trial 1/3]
     32    5.049 ms  ×2^5     C=160.965 [trial 1/3]
     64   37.306 ms  ×2^2     C=146.272 [trial 1/3]
      4   19.884 µs  ×2^13    C=320.913 [trial 2/3] †
      8  175.437 µs  ×2^11    C=225.355 [trial 2/3]
     16  747.527 µs  ×2^8     C=175.307 [trial 2/3]
     32    5.275 ms  ×2^5     C=160.965 [trial 2/3]
     64   38.981 ms  ×2^2     C=146.272 [trial 2/3]
      4   22.153 µs  ×2^13    C=320.913 [trial 3/3] †
      8  115.381 µs  ×2^10    C=225.355 [trial 3/3]
     16  718.057 µs  ×2^8     C=175.307 [trial 3/3]
     32    5.371 ms  ×2^5     C=160.965 [trial 3/3]
     64   38.344 ms  ×2^2     C=146.272 [trial 3/3]
  verdict: inconclusive (cMin=146.272, cMax=225.355, β=-0.199, looks faster than declared by ~n^0.199)
  per-spawn floor (harness self-measurement): 331.872 ms
  peak RSS: 59_368 kB..65_236 kB (across 15 ok row(s))
  trial summaries (3 trials per param; spread = (max-min)/median):
    param  trials  median      min         max         spread 
        4  3/3      20.538 µs   19.884 µs   22.153 µs  11.047%
        8  3/3     115.381 µs  111.478 µs  175.437 µs  55.433%
       16  3/3     718.057 µs  706.444 µs  747.527 µs  5.721% 
       32  3/3       5.275 ms    5.049 ms    5.371 ms  6.114% 
       64  3/3      38.344 ms   37.306 ms   38.981 ms  4.368% 

Hex.RowReduceBench.Field.functionsFullSolve    expected complexity: n ^ 3    [warm cache]
  env: lean=4.34.0-rc2, os=linux, arch=x86_64, commit=f589e37-dirty, 2026-09-12T21:40:00Z, host=chungus2
  param  per-call    repeats  C
      2  890.780 µs  ×2^8     C=104005.084 [trial 1/3]
      4    7.068 ms  ×2^4     C=112934.155 [trial 1/3]
      8   71.845 ms  ×2^1     C=116339.591 [trial 1/3]
      2  813.743 µs  ×2^8     C=104005.084 [trial 2/3]
      4    8.721 ms  ×2^5     C=112934.155 [trial 2/3]
      8   59.566 ms  ×2^1     C=116339.591 [trial 2/3]
      2  832.040 µs  ×2^8     C=104005.084 [trial 3/3]
      4    7.228 ms  ×2^4     C=112934.155 [trial 3/3]
      8   57.231 ms  ×2^1     C=116339.591 [trial 3/3]
  verdict: consistent with declared complexity (cMin=104005.084, cMax=116339.591, β=+0.081)
  per-spawn floor (harness self-measurement): 402.660 ms
  peak RSS: 59_776 kB..64_592 kB (across 9 ok row(s))
  trial summaries (3 trials per param; spread = (max-min)/median):
    param  trials  median      min         max         spread 
        2  3/3     832.040 µs  813.743 µs  890.780 µs  9.259% 
        4  3/3       7.228 ms    7.068 ms    8.721 ms  22.869%
        8  3/3      59.566 ms   57.231 ms   71.845 ms  24.534%

Hex.RowReduceBench.Field.functionsFullOption    expected complexity: n ^ 3    [warm cache]
  env: lean=4.34.0-rc2, os=linux, arch=x86_64, commit=f589e37-dirty, 2026-09-12T21:40:06Z, host=chungus2
  param  per-call    repeats  C
      2  814.555 µs  ×2^8     C=112319.111 [trial 1/3]
      4    7.457 ms  ×2^4     C=116499.857 [trial 1/3]
      8   68.250 ms  ×2^1     C=133301.556 [trial 1/3]
      2  898.552 µs  ×2^8     C=112319.111 [trial 2/3]
      4    7.456 ms  ×2^4     C=116499.857 [trial 2/3]
      8   64.387 ms  ×2^1     C=133301.556 [trial 2/3]
      2    1.131 ms  ×2^6     C=112319.111 [trial 3/3]
      4    7.077 ms  ×2^4     C=116499.857 [trial 3/3]
      8  101.387 ms  ×2^0     C=133301.556 [trial 3/3]
  verdict: consistent with declared complexity (cMin=112319.111, cMax=133301.556, β=+0.124)
  per-spawn floor (harness self-measurement): 295.813 ms
  peak RSS: 60_948 kB..66_512 kB (across 9 ok row(s))
  trial summaries (3 trials per param; spread = (max-min)/median):
    param  trials  median      min         max         spread 
        2  3/3     898.552 µs  814.555 µs    1.131 ms  35.184%
        4  3/3       7.456 ms    7.077 ms    7.457 ms  5.098% 
        8  3/3      68.250 ms   64.387 ms  101.387 ms  54.213%

Hex.RowReduceBench.Field.functionsFullInverse    expected complexity: n ^ 3    [warm cache]
  env: lean=4.34.0-rc2, os=linux, arch=x86_64, commit=f589e37-dirty, 2026-09-12T21:40:11Z, host=chungus2
  param  per-call    repeats  C
      2  573.583 µs  ×2^8     C= 71697.967 [trial 1/3]
      4    6.418 ms  ×2^4     C=100286.777 [trial 1/3]
      8   69.489 ms  ×2^1     C=109530.987 [trial 1/3]
      2  534.402 µs  ×2^8     C= 71697.967 [trial 2/3]
      4    6.827 ms  ×2^5     C=100286.777 [trial 2/3]
      8   49.855 ms  ×2^2     C=109530.987 [trial 2/3]
      2  927.405 µs  ×2^8     C= 71697.967 [trial 3/3]
      4    5.654 ms  ×2^5     C=100286.777 [trial 3/3]
      8   56.080 ms  ×2^2     C=109530.987 [trial 3/3]
  verdict: inconclusive (cMin=71697.967, cMax=109530.987, β=+0.306, looks slower than declared by ~n^0.306)
  per-spawn floor (harness self-measurement): 331.220 ms
  peak RSS: 61_444 kB..65_708 kB (across 9 ok row(s))
  trial summaries (3 trials per param; spread = (max-min)/median):
    param  trials  median      min         max         spread 
        2  3/3     573.583 µs  534.402 µs  927.405 µs  68.517%
        4  3/3       6.418 ms    5.654 ms    6.827 ms  18.276%
        8  3/3      56.080 ms   49.855 ms   69.489 ms  35.009%

Hex.RowReduceBench.Field.functionsDeficientSolve    expected complexity: n ^ 3    [warm cache]
  env: lean=4.34.0-rc2, os=linux, arch=x86_64, commit=f589e37-dirty, 2026-09-12T21:40:16Z, host=chungus2
  param  per-call    repeats  C
      2  235.510 µs  ×2^9     C=29811.804 [trial 1/3]
      4    3.429 ms  ×2^6     C=53571.348 [trial 1/3]
      8   43.828 ms  ×2^2     C=79531.088 [trial 1/3]
      2  241.217 µs  ×2^9     C=29811.804 [trial 2/3]
      4    3.051 ms  ×2^6     C=53571.348 [trial 2/3]
      8   39.217 ms  ×2^2     C=79531.088 [trial 2/3]
      2  238.494 µs  ×2^9     C=29811.804 [trial 3/3]
      4    3.880 ms  ×2^6     C=53571.348 [trial 3/3]
      8   40.720 ms  ×2^2     C=79531.088 [trial 3/3]
  verdict: inconclusive (cMin=29811.804, cMax=79531.088, β=+0.708, looks slower than declared by ~n^0.708)
  per-spawn floor (harness self-measurement): 247.895 ms
  peak RSS: 60_884 kB..65_140 kB (across 9 ok row(s))
  trial summaries (3 trials per param; spread = (max-min)/median):
    param  trials  median      min         max         spread 
        2  3/3     238.494 µs  235.510 µs  241.217 µs  2.393% 
        4  3/3       3.429 ms    3.051 ms    3.880 ms  24.163%
        8  3/3      40.720 ms   39.217 ms   43.828 ms  11.325%

Hex.RowReduceBench.Field.functionsDeficientOption    expected complexity: n ^ 3    [warm cache]
  env: lean=4.34.0-rc2, os=linux, arch=x86_64, commit=f589e37-dirty, 2026-09-12T21:40:21Z, host=chungus2
  param  per-call    repeats  C
      2  248.749 µs  ×2^9     C=31093.727 [trial 1/3]
      4    3.029 ms  ×2^6     C=51447.519 [trial 1/3]
      8   39.454 ms  ×2^2     C=78948.876 [trial 1/3]
      2  219.939 µs  ×2^9     C=31093.727 [trial 2/3]
      4    3.422 ms  ×2^6     C=51447.519 [trial 2/3]
      8   53.807 ms  ×2^2     C=78948.876 [trial 2/3]
      2  261.699 µs  ×2^9     C=31093.727 [trial 3/3]
      4    3.293 ms  ×2^6     C=51447.519 [trial 3/3]
      8   40.422 ms  ×2^2     C=78948.876 [trial 3/3]
  verdict: inconclusive (cMin=31093.727, cMax=78948.876, β=+0.672, looks slower than declared by ~n^0.672)
  per-spawn floor (harness self-measurement): 327.723 ms
  peak RSS: 61_924 kB..65_308 kB (across 9 ok row(s))
  trial summaries (3 trials per param; spread = (max-min)/median):
    param  trials  median      min         max         spread 
        2  3/3     248.749 µs  219.939 µs  261.699 µs  16.788%
        4  3/3       3.293 ms    3.029 ms    3.422 ms  11.956%
        8  3/3      40.422 ms   39.454 ms   53.807 ms  35.508%

Hex.RowReduceBench.Field.functionsDeficientInverse    expected complexity: n ^ 3    [warm cache]
  env: lean=4.34.0-rc2, os=linux, arch=x86_64, commit=f589e37-dirty, 2026-09-12T21:40:27Z, host=chungus2
  param  per-call    repeats  C
      2  153.042 µs  ×2^10    C= 20032.737 [trial 1/3]
      4    2.427 ms  ×2^6     C= 39411.876 [trial 1/3]
      8   39.384 ms  ×2^2     C=112994.638 [trial 1/3]
      2  242.783 µs  ×2^10    C= 20032.737 [trial 2/3]
      4    2.522 ms  ×2^5     C= 39411.876 [trial 2/3]
      8   57.853 ms  ×2^2     C=112994.638 [trial 2/3]
      2  160.261 µs  ×2^10    C= 20032.737 [trial 3/3]
      4    2.556 ms  ×2^6     C= 39411.876 [trial 3/3]
      8   88.524 ms  ×2^1     C=112994.638 [trial 3/3]
  verdict: inconclusive (cMin=20032.737, cMax=112994.638, β=+1.248, looks slower than declared by ~n^1.248)
  per-spawn floor (harness self-measurement): 353.771 ms
  peak RSS: 59_752 kB..65_496 kB (across 9 ok row(s))
  trial summaries (3 trials per param; spread = (max-min)/median):
    param  trials  median      min         max         spread 
        2  3/3     160.261 µs  153.042 µs  242.783 µs  55.996%
        4  3/3       2.522 ms    2.427 ms    2.556 ms  5.113% 
        8  3/3      57.853 ms   39.384 ms   88.524 ms  84.938%

Hex.RowReduceBench.Field.functionsHalfSolve    expected complexity: n ^ 3    [warm cache]
  env: lean=4.34.0-rc2, os=linux, arch=x86_64, commit=f589e37-dirty, 2026-09-12T21:40:33Z, host=chungus2
  param  per-call    repeats  C
      2  275.342 µs  ×2^9     C=31239.656 [trial 1/3]
      4    1.906 ms  ×2^6     C=29784.387 [trial 1/3]
      8   14.662 ms  ×2^3     C=33620.189 [trial 1/3]
      2  249.917 µs  ×2^9     C=31239.656 [trial 2/3]
      4    2.021 ms  ×2^6     C=29784.387 [trial 2/3]
      8   18.936 ms  ×2^3     C=33620.189 [trial 2/3]
      2  241.630 µs  ×2^9     C=31239.656 [trial 3/3]
      4    1.797 ms  ×2^6     C=29784.387 [trial 3/3]
      8   17.214 ms  ×2^3     C=33620.189 [trial 3/3]
  verdict: consistent with declared complexity (cMin=29784.387, cMax=33620.189, β=+0.053)
  per-spawn floor (harness self-measurement): 407.745 ms
  peak RSS: 60_848 kB..66_144 kB (across 9 ok row(s))
  trial summaries (3 trials per param; spread = (max-min)/median):
    param  trials  median      min         max         spread 
        2  3/3     249.917 µs  241.630 µs  275.342 µs  13.489%
        4  3/3       1.906 ms    1.797 ms    2.021 ms  11.751%
        8  3/3      17.214 ms   14.662 ms   18.936 ms  24.831%

Hex.RowReduceBench.Field.functionsHalfOption    expected complexity: n ^ 3    [warm cache]
  env: lean=4.34.0-rc2, os=linux, arch=x86_64, commit=f589e37-dirty, 2026-09-12T21:40:38Z, host=chungus2
  param  per-call    repeats  C
      2  259.774 µs  ×2^10    C=32936.189 [trial 1/3]
      4    2.534 ms  ×2^6     C=34986.528 [trial 1/3]
      8   17.286 ms  ×2^3     C=30422.207 [trial 1/3]
      2  274.839 µs  ×2^9     C=32936.189 [trial 2/3]
      4    1.846 ms  ×2^6     C=34986.528 [trial 2/3]
      8   15.576 ms  ×2^3     C=30422.207 [trial 2/3]
      2  263.489 µs  ×2^8     C=32936.189 [trial 3/3]
      4    2.239 ms  ×2^5     C=34986.528 [trial 3/3]
      8   15.097 ms  ×2^3     C=30422.207 [trial 3/3]
  verdict: consistent with declared complexity (cMin=30422.207, cMax=34986.528, β=-0.057)
  per-spawn floor (harness self-measurement): 300.126 ms
  peak RSS: 59_644 kB..64_640 kB (across 9 ok row(s))
  trial summaries (3 trials per param; spread = (max-min)/median):
    param  trials  median      min         max         spread 
        2  3/3     263.489 µs  259.774 µs  274.839 µs  5.717% 
        4  3/3       2.239 ms    1.846 ms    2.534 ms  30.760%
        8  3/3      15.576 ms   15.097 ms   17.286 ms  14.057%

Hex.RowReduceBench.Field.functionsHalfInverse    expected complexity: n ^ 3    [warm cache]
  env: lean=4.34.0-rc2, os=linux, arch=x86_64, commit=f589e37-dirty, 2026-09-12T21:40:43Z, host=chungus2
  param  per-call    repeats  C
      2  143.885 µs  ×2^10    C=17985.665 [trial 1/3]
      4    1.360 ms  ×2^7     C=21252.503 [trial 1/3]
      8   13.580 ms  ×2^4     C=27596.371 [trial 1/3]
      2  133.998 µs  ×2^10    C=17985.665 [trial 2/3]
      4    1.304 ms  ×2^7     C=21252.503 [trial 2/3]
      8   18.633 ms  ×2^4     C=27596.371 [trial 2/3]
      2  207.459 µs  ×2^10    C=17985.665 [trial 3/3]
      4    1.953 ms  ×2^7     C=21252.503 [trial 3/3]
      8   14.129 ms  ×2^3     C=27596.371 [trial 3/3]
  verdict: inconclusive (cMin=17985.665, cMax=27596.371, β=+0.309, looks slower than declared by ~n^0.309)
  per-spawn floor (harness self-measurement): 280.813 ms
  peak RSS: 63_008 kB..65_592 kB (across 9 ok row(s))
  trial summaries (3 trials per param; spread = (max-min)/median):
    param  trials  median      min         max         spread 
        2  3/3     143.885 µs  133.998 µs  207.459 µs  51.055%
        4  3/3       1.360 ms    1.304 ms    1.953 ms  47.690%
        8  3/3      14.129 ms   13.580 ms   18.633 ms  35.762%

Hex.RowReduceBench.Field.functionsDeficientErrorSolve    expected complexity: n ^ 3    [warm cache]
  env: lean=4.34.0-rc2, os=linux, arch=x86_64, commit=f589e37-dirty, 2026-09-12T21:40:48Z, host=chungus2
  param  per-call    repeats  C
      2  229.643 µs  ×2^9     C=30507.702 [trial 1/3]
      4    3.024 ms  ×2^6     C=50452.757 [trial 1/3]
      8   44.182 ms  ×2^2     C=88281.409 [trial 1/3]
      2  244.061 µs  ×2^9     C=30507.702 [trial 2/3]
      4    3.229 ms  ×2^6     C=50452.757 [trial 2/3]
      8   45.200 ms  ×2^2     C=88281.409 [trial 2/3]
      2  260.115 µs  ×2^10    C=30507.702 [trial 3/3]
      4    3.743 ms  ×2^5     C=50452.757 [trial 3/3]
      8   51.853 ms  ×2^2     C=88281.409 [trial 3/3]
  verdict: inconclusive (cMin=30507.702, cMax=88281.409, β=+0.766, looks slower than declared by ~n^0.766)
  per-spawn floor (harness self-measurement): 285.986 ms
  peak RSS: 60_492 kB..63_972 kB (across 9 ok row(s))
  trial summaries (3 trials per param; spread = (max-min)/median):
    param  trials  median      min         max         spread 
        2  3/3     244.061 µs  229.643 µs  260.115 µs  12.485%
        4  3/3       3.229 ms    3.024 ms    3.743 ms  22.265%
        8  3/3      45.200 ms   44.182 ms   51.853 ms  16.970%

Hex.RowReduceBench.Field.functionsDeficientErrorOption    expected complexity: n ^ 3    [warm cache]
  env: lean=4.34.0-rc2, os=linux, arch=x86_64, commit=f589e37-dirty, 2026-09-12T21:40:53Z, host=chungus2
  param  per-call    repeats  C
      2  231.293 µs  ×2^9     C=30276.893 [trial 1/3]
      4    4.666 ms  ×2^6     C=61874.323 [trial 1/3]
      8   39.666 ms  ×2^2     C=90412.854 [trial 1/3]
      2  285.267 µs  ×2^9     C=30276.893 [trial 2/3]
      4    3.468 ms  ×2^6     C=61874.323 [trial 2/3]
      8   46.291 ms  ×2^2     C=90412.854 [trial 2/3]
      2  242.215 µs  ×2^9     C=30276.893 [trial 3/3]
      4    3.960 ms  ×2^6     C=61874.323 [trial 3/3]
      8   66.453 ms  ×2^2     C=90412.854 [trial 3/3]
  verdict: inconclusive (cMin=30276.893, cMax=90412.854, β=+0.789, looks slower than declared by ~n^0.789)
  per-spawn floor (harness self-measurement): 322.471 ms
  peak RSS: 59_700 kB..66_080 kB (across 9 ok row(s))
  trial summaries (3 trials per param; spread = (max-min)/median):
    param  trials  median      min         max         spread 
        2  3/3     242.215 µs  231.293 µs  285.267 µs  22.284%
        4  3/3       3.960 ms    3.468 ms    4.666 ms  30.248%
        8  3/3      46.291 ms   39.666 ms   66.453 ms  57.867%

Hex.RowReduceBench.Field.functionsHalfErrorSolve    expected complexity: n ^ 3    [warm cache]
  env: lean=4.34.0-rc2, os=linux, arch=x86_64, commit=f589e37-dirty, 2026-09-12T21:40:59Z, host=chungus2
  param  per-call    repeats  C
      2  235.265 µs  ×2^9     C=32914.986 [trial 1/3]
      4    1.777 ms  ×2^7     C=27770.453 [trial 1/3]
      8   15.070 ms  ×2^3     C=31671.979 [trial 1/3]
      2  265.611 µs  ×2^9     C=32914.986 [trial 2/3]
      4    1.731 ms  ×2^5     C=27770.453 [trial 2/3]
      8   16.216 ms  ×2^3     C=31671.979 [trial 2/3]
      2  263.319 µs  ×2^9     C=32914.986 [trial 3/3]
      4    1.819 ms  ×2^7     C=27770.453 [trial 3/3]
      8   17.047 ms  ×2^3     C=31671.979 [trial 3/3]
  verdict: consistent with declared complexity (cMin=27770.453, cMax=32914.986, β=-0.028)
  per-spawn floor (harness self-measurement): 327.419 ms
  peak RSS: 58_848 kB..66_060 kB (across 9 ok row(s))
  trial summaries (3 trials per param; spread = (max-min)/median):
    param  trials  median      min         max         spread 
        2  3/3     263.319 µs  235.265 µs  265.611 µs  11.524%
        4  3/3       1.777 ms    1.731 ms    1.819 ms  4.941% 
        8  3/3      16.216 ms   15.070 ms   17.047 ms  12.187%

Hex.RowReduceBench.Field.functionsHalfErrorOption    expected complexity: n ^ 3    [warm cache]
  env: lean=4.34.0-rc2, os=linux, arch=x86_64, commit=f589e37-dirty, 2026-09-12T21:41:04Z, host=chungus2
  param  per-call    repeats  C
      2  252.903 µs  ×2^9     C=30875.150 [trial 1/3]
      4    1.673 ms  ×2^5     C=28627.208 [trial 1/3]
      8   14.874 ms  ×2^3     C=30291.773 [trial 1/3]
      2  245.107 µs  ×2^9     C=30875.150 [trial 2/3]
      4    1.946 ms  ×2^7     C=28627.208 [trial 2/3]
      8   15.509 ms  ×2^3     C=30291.773 [trial 2/3]
      2  247.001 µs  ×2^10    C=30875.150 [trial 3/3]
      4    1.832 ms  ×2^6     C=28627.208 [trial 3/3]
      8   19.658 ms  ×2^3     C=30291.773 [trial 3/3]
  verdict: consistent with declared complexity (cMin=28627.208, cMax=30875.150, β=-0.014)
  per-spawn floor (harness self-measurement): 337.114 ms
  peak RSS: 62_072 kB..65_644 kB (across 9 ok row(s))
  trial summaries (3 trials per param; spread = (max-min)/median):
    param  trials  median      min         max         spread 
        2  3/3     247.001 µs  245.107 µs  252.903 µs  3.156% 
        4  3/3       1.832 ms    1.673 ms    1.946 ms  14.884%
        8  3/3      15.509 ms   14.874 ms   19.658 ms  30.841%

Hex.RowReduceBench.Field.functionsTallSolve    expected complexity: n ^ 3    [warm cache]
  env: lean=4.34.0-rc2, os=linux, arch=x86_64, commit=f589e37-dirty, 2026-09-12T21:41:09Z, host=chungus2
  param  per-call    repeats  C
      2    1.514 ms  ×2^7     C=176432.046 [trial 1/3]
      4   11.163 ms  ×2^4     C=189103.345 [trial 1/3]
      8  176.717 ms  ×2^1     C=191665.037 [trial 1/3]
      2    1.411 ms  ×2^7     C=176432.046 [trial 2/3]
      4   12.103 ms  ×2^4     C=189103.345 [trial 2/3]
      8   87.861 ms  ×2^1     C=191665.037 [trial 2/3]
      2    1.397 ms  ×2^7     C=176432.046 [trial 3/3]
      4   12.259 ms  ×2^4     C=189103.345 [trial 3/3]
      8   98.132 ms  ×2^1     C=191665.037 [trial 3/3]
  verdict: consistent with declared complexity (cMin=176432.046, cMax=191665.037, β=+0.060)
  per-spawn floor (harness self-measurement): 317.096 ms
  peak RSS: 61_736 kB..65_656 kB (across 9 ok row(s))
  trial summaries (3 trials per param; spread = (max-min)/median):
    param  trials  median     min        max         spread 
        2  3/3      1.411 ms   1.397 ms    1.514 ms  8.328% 
        4  3/3     12.103 ms  11.163 ms   12.259 ms  9.059% 
        8  3/3     98.132 ms  87.861 ms  176.717 ms  90.547%

Hex.RowReduceBench.Field.functionsTallOption    expected complexity: n ^ 3    [warm cache]
  env: lean=4.34.0-rc2, os=linux, arch=x86_64, commit=f589e37-dirty, 2026-09-12T21:41:16Z, host=chungus2
  param  per-call    repeats  C
      2    1.301 ms  ×2^7     C=164547.567 [trial 1/3]
      4   10.783 ms  ×2^4     C=168483.283 [trial 1/3]
      8   92.373 ms  ×2^1     C=180751.563 [trial 1/3]
      2    1.498 ms  ×2^7     C=164547.567 [trial 2/3]
      4   12.182 ms  ×2^4     C=168483.283 [trial 2/3]
      8   92.545 ms  ×2^1     C=180751.563 [trial 2/3]
      2    1.316 ms  ×2^7     C=164547.567 [trial 3/3]
      4   10.408 ms  ×2^4     C=168483.283 [trial 3/3]
      8  110.169 ms  ×2^1     C=180751.563 [trial 3/3]
  verdict: consistent with declared complexity (cMin=164547.567, cMax=180751.563, β=+0.068)
  per-spawn floor (harness self-measurement): 267.912 ms
  peak RSS: 62_660 kB..66_512 kB (across 9 ok row(s))
  trial summaries (3 trials per param; spread = (max-min)/median):
    param  trials  median     min        max         spread 
        2  3/3      1.316 ms   1.301 ms    1.498 ms  14.936%
        4  3/3     10.783 ms  10.408 ms   12.182 ms  16.443%
        8  3/3     92.545 ms  92.373 ms  110.169 ms  19.230%

Hex.RowReduceBench.Field.functionsWideSolve    expected complexity: n ^ 3    [warm cache]
  env: lean=4.34.0-rc2, os=linux, arch=x86_64, commit=f589e37-dirty, 2026-09-12T21:41:21Z, host=chungus2
  param  per-call    repeats  C
      2    1.061 ms  ×2^7     C=132635.619 [trial 1/3]
      4   12.805 ms  ×2^4     C=152836.463 [trial 1/3]
      8  133.781 ms  ×2^0     C=267357.732 [trial 1/3]
      2    1.580 ms  ×2^6     C=132635.619 [trial 2/3]
      4    9.600 ms  ×2^4     C=152836.463 [trial 2/3]
      8  136.887 ms  ×2^0     C=267357.732 [trial 2/3]
      2    1.042 ms  ×2^7     C=132635.619 [trial 3/3]
      4    9.782 ms  ×2^4     C=152836.463 [trial 3/3]
      8  161.035 ms  ×2^1     C=267357.732 [trial 3/3]
  verdict: inconclusive (cMin=132635.619, cMax=267357.732, β=+0.506, looks slower than declared by ~n^0.506)
  per-spawn floor (harness self-measurement): 368.049 ms
  peak RSS: 64_648 kB..65_708 kB (across 9 ok row(s))
  trial summaries (3 trials per param; spread = (max-min)/median):
    param  trials  median      min         max         spread 
        2  3/3       1.061 ms    1.042 ms    1.580 ms  50.680%
        4  3/3       9.782 ms    9.600 ms   12.805 ms  32.767%
        8  3/3     136.887 ms  133.781 ms  161.035 ms  19.910%

Hex.RowReduceBench.Field.functionsWideOption    expected complexity: n ^ 3    [warm cache]
  env: lean=4.34.0-rc2, os=linux, arch=x86_64, commit=f589e37-dirty, 2026-09-12T21:41:27Z, host=chungus2
  param  per-call    repeats  C
      2    1.652 ms  ×2^7     C=159342.320 [trial 1/3]
      4   17.246 ms  ×2^3     C=178402.536 [trial 1/3]
      8  114.283 ms  ×2^0     C=244093.063 [trial 1/3]
      2    1.275 ms  ×2^7     C=159342.320 [trial 2/3]
      4    9.823 ms  ×2^4     C=178402.536 [trial 2/3]
      8  124.976 ms  ×2^0     C=244093.063 [trial 2/3]
      2    1.239 ms  ×2^7     C=159342.320 [trial 3/3]
      4   11.418 ms  ×2^4     C=178402.536 [trial 3/3]
      8  134.234 ms  ×2^0     C=244093.063 [trial 3/3]
  verdict: inconclusive (cMin=159342.320, cMax=244093.063, β=+0.308, looks slower than declared by ~n^0.308)
  per-spawn floor (harness self-measurement): 254.245 ms
  peak RSS: 64_364 kB..66_516 kB (across 9 ok row(s))
  trial summaries (3 trials per param; spread = (max-min)/median):
    param  trials  median      min         max         spread 
        2  3/3       1.275 ms    1.239 ms    1.652 ms  32.385%
        4  3/3      11.418 ms    9.823 ms   17.246 ms  65.006%
        8  3/3     124.976 ms  114.283 ms  134.234 ms  15.964%

Hex.RowReduceBench.Field.height8FullSolve    expected complexity: n ^ 2    [warm cache]
  env: lean=4.34.0-rc2, os=linux, arch=x86_64, commit=f589e37-dirty, 2026-09-12T21:41:33Z, host=chungus2
  param  per-call    repeats  C
      8  718.188 µs  ×2^6     C=10265.685 [trial 1/3] †
     16  869.043 µs  ×2^8     C= 3372.831 [trial 1/3]
     32    1.595 ms  ×2^7     C= 1558.018 [trial 1/3]
     64    2.234 ms  ×2^6     C=  463.976 [trial 1/3]
    128    2.437 ms  ×2^6     C=  145.138 [trial 1/3]
    256    2.858 ms  ×2^6     C=   42.793 [trial 1/3]
      8  657.003 µs  ×2^8     C=10265.685 [trial 2/3] †
     16  863.444 µs  ×2^7     C= 3372.831 [trial 2/3]
     32    1.695 ms  ×2^7     C= 1558.018 [trial 2/3]
     64    1.788 ms  ×2^6     C=  463.976 [trial 2/3]
    128    2.194 ms  ×2^6     C=  145.138 [trial 2/3]
    256    2.580 ms  ×2^6     C=   42.793 [trial 2/3]
      8  576.836 µs  ×2^8     C=10265.685 [trial 3/3] †
     16  803.798 µs  ×2^8     C= 3372.831 [trial 3/3]
     32    1.460 ms  ×2^7     C= 1558.018 [trial 3/3]
     64    1.900 ms  ×2^6     C=  463.976 [trial 3/3]
    128    2.378 ms  ×2^6     C=  145.138 [trial 3/3]
    256    2.805 ms  ×2^6     C=   42.793 [trial 3/3]
  verdict: inconclusive (cMin=42.793, cMax=3372.831, β=-1.603, looks faster than declared by ~n^1.603)
  per-spawn floor (harness self-measurement): 303.869 ms
  peak RSS: 64_356 kB..66_556 kB (across 18 ok row(s))
  trial summaries (3 trials per param; spread = (max-min)/median):
    param  trials  median      min         max         spread 
        8  3/3     657.003 µs  576.836 µs  718.188 µs  21.515%
       16  3/3     863.444 µs  803.798 µs  869.043 µs  7.556% 
       32  3/3       1.595 ms    1.460 ms    1.695 ms  14.744%
       64  3/3       1.900 ms    1.788 ms    2.234 ms  23.494%
      128  3/3       2.378 ms    2.194 ms    2.437 ms  10.193%
      256  3/3       2.805 ms    2.580 ms    2.858 ms  9.928% 

Hex.RowReduceBench.Field.height8FullOption    expected complexity: n ^ 2    [warm cache]
  env: lean=4.34.0-rc2, os=linux, arch=x86_64, commit=f589e37-dirty, 2026-09-12T21:41:41Z, host=chungus2
  param  per-call    repeats  C
      8  588.127 µs  ×2^8     C=9437.347 [trial 1/3] †
     16  864.882 µs  ×2^7     C=3378.448 [trial 1/3]
     32    1.786 ms  ×2^7     C=1498.594 [trial 1/3]
     64    1.904 ms  ×2^6     C= 464.784 [trial 1/3]
    128    2.236 ms  ×2^6     C= 136.498 [trial 1/3]
    256    2.756 ms  ×2^6     C=  41.034 [trial 1/3]
      8  603.990 µs  ×2^8     C=9437.347 [trial 2/3] †
     16  850.557 µs  ×2^6     C=3378.448 [trial 2/3]
     32    1.483 ms  ×2^7     C=1498.594 [trial 2/3]
     64    1.936 ms  ×2^6     C= 464.784 [trial 2/3]
    128    2.269 ms  ×2^6     C= 136.498 [trial 2/3]
    256    2.689 ms  ×2^6     C=  41.034 [trial 2/3]
      8  700.594 µs  ×2^8     C=9437.347 [trial 3/3] †
     16  902.660 µs  ×2^8     C=3378.448 [trial 3/3]
     32    1.535 ms  ×2^7     C=1498.594 [trial 3/3]
     64    1.847 ms  ×2^7     C= 464.784 [trial 3/3]
    128    2.148 ms  ×2^6     C= 136.498 [trial 3/3]
    256    2.527 ms  ×2^6     C=  41.034 [trial 3/3]
  verdict: inconclusive (cMin=41.034, cMax=3378.448, β=-1.618, looks faster than declared by ~n^1.618)
  per-spawn floor (harness self-measurement): 258.258 ms
  peak RSS: 64_400 kB..66_156 kB (across 18 ok row(s))
  trial summaries (3 trials per param; spread = (max-min)/median):
    param  trials  median      min         max         spread 
        8  3/3     603.990 µs  588.127 µs  700.594 µs  18.621%
       16  3/3     864.882 µs  850.557 µs  902.660 µs  6.024% 
       32  3/3       1.535 ms    1.483 ms    1.786 ms  19.727%
       64  3/3       1.904 ms    1.847 ms    1.936 ms  4.659% 
      128  3/3       2.236 ms    2.148 ms    2.269 ms  5.389% 
      256  3/3       2.689 ms    2.527 ms    2.756 ms  8.524% 

Hex.RowReduceBench.Field.height8FullInverse    expected complexity: n ^ 2    [warm cache]
  env: lean=4.34.0-rc2, os=linux, arch=x86_64, commit=f589e37-dirty, 2026-09-12T21:41:50Z, host=chungus2
  param  per-call    repeats  C
      8  587.876 µs  ×2^8     C=9030.693 [trial 1/3] †
     16  679.328 µs  ×2^8     C=2774.055 [trial 1/3]
     32    2.116 ms  ×2^6     C=1425.373 [trial 1/3]
     64    2.280 ms  ×2^7     C= 407.762 [trial 1/3]
    128    2.019 ms  ×2^6     C= 117.746 [trial 1/3]
    256    2.408 ms  ×2^6     C=  36.739 [trial 1/3]
      8  577.964 µs  ×2^8     C=9030.693 [trial 2/3] †
     16  780.997 µs  ×2^8     C=2774.055 [trial 2/3]
     32    1.384 ms  ×2^7     C=1425.373 [trial 2/3]
     64    1.670 ms  ×2^7     C= 407.762 [trial 2/3]
    128    1.929 ms  ×2^6     C= 117.746 [trial 2/3]
    256    2.501 ms  ×2^6     C=  36.739 [trial 2/3]
      8  526.617 µs  ×2^8     C=9030.693 [trial 3/3] †
     16  710.157 µs  ×2^8     C=2774.055 [trial 3/3]
     32    1.460 ms  ×2^7     C=1425.373 [trial 3/3]
     64    1.587 ms  ×2^7     C= 407.762 [trial 3/3]
    128    1.846 ms  ×2^6     C= 117.746 [trial 3/3]
    256    2.019 ms  ×2^6     C=  36.739 [trial 3/3]
  verdict: inconclusive (cMin=36.739, cMax=2774.055, β=-1.607, looks faster than declared by ~n^1.607)
  per-spawn floor (harness self-measurement): 274.000 ms
  peak RSS: 64_876 kB..66_124 kB (across 18 ok row(s))
  trial summaries (3 trials per param; spread = (max-min)/median):
    param  trials  median      min         max         spread 
        8  3/3     577.964 µs  526.617 µs  587.876 µs  10.599%
       16  3/3     710.157 µs  679.328 µs  780.997 µs  14.316%
       32  3/3       1.460 ms    1.384 ms    2.116 ms  50.092%
       64  3/3       1.670 ms    1.587 ms    2.280 ms  41.518%
      128  3/3       1.929 ms    1.846 ms    2.019 ms  8.959% 
      256  3/3       2.408 ms    2.019 ms    2.501 ms  20.034%

Hex.RowReduceBench.Field.height8DeficientSolve    expected complexity: n ^ 2    [warm cache]
  env: lean=4.34.0-rc2, os=linux, arch=x86_64, commit=f589e37-dirty, 2026-09-12T21:41:58Z, host=chungus2
  param  per-call    repeats  C
      8  429.624 µs  ×2^8     C=7567.242 [trial 1/3] †
     16  555.889 µs  ×2^8     C=2519.572 [trial 1/3]
     32    1.135 ms  ×2^7     C=1125.834 [trial 1/3]
     64    1.664 ms  ×2^7     C= 323.255 [trial 1/3]
    128    1.567 ms  ×2^5     C=  95.666 [trial 1/3]
    256    1.893 ms  ×2^6     C=  28.884 [trial 1/3]
      8  484.303 µs  ×2^8     C=7567.242 [trial 2/3] †
     16  649.419 µs  ×2^8     C=2519.572 [trial 2/3]
     32    1.531 ms  ×2^7     C=1125.834 [trial 2/3]
     64    1.324 ms  ×2^7     C= 323.255 [trial 2/3]
    128    1.553 ms  ×2^7     C=  95.666 [trial 2/3]
    256    1.826 ms  ×2^6     C=  28.884 [trial 2/3]
      8  519.448 µs  ×2^8     C=7567.242 [trial 3/3] †
     16  645.010 µs  ×2^8     C=2519.572 [trial 3/3]
     32    1.153 ms  ×2^7     C=1125.834 [trial 3/3]
     64    1.296 ms  ×2^7     C= 323.255 [trial 3/3]
    128    1.691 ms  ×2^6     C=  95.666 [trial 3/3]
    256    2.044 ms  ×2^6     C=  28.884 [trial 3/3]
  verdict: inconclusive (cMin=28.884, cMax=2519.572, β=-1.645, looks faster than declared by ~n^1.645)
  per-spawn floor (harness self-measurement): 241.488 ms
  peak RSS: 64_312 kB..66_500 kB (across 18 ok row(s))
  trial summaries (3 trials per param; spread = (max-min)/median):
    param  trials  median      min         max         spread 
        8  3/3     484.303 µs  429.624 µs  519.448 µs  18.547%
       16  3/3     645.010 µs  555.889 µs  649.419 µs  14.500%
       32  3/3       1.153 ms    1.135 ms    1.531 ms  34.307%
       64  3/3       1.324 ms    1.296 ms    1.664 ms  27.822%
      128  3/3       1.567 ms    1.553 ms    1.691 ms  8.818% 
      256  3/3       1.893 ms    1.826 ms    2.044 ms  11.508%

Hex.RowReduceBench.Field.height8DeficientOption    expected complexity: n ^ 2    [warm cache]
  env: lean=4.34.0-rc2, os=linux, arch=x86_64, commit=f589e37-dirty, 2026-09-12T21:42:06Z, host=chungus2
  param  per-call    repeats  C
      8  527.192 µs  ×2^8     C=8237.381 [trial 1/3] †
     16  620.093 µs  ×2^8     C=2443.628 [trial 1/3]
     32    1.382 ms  ×2^7     C=1160.796 [trial 1/3]
     64    1.334 ms  ×2^7     C= 351.098 [trial 1/3]
    128    1.936 ms  ×2^7     C=  99.661 [trial 1/3]
    256    1.909 ms  ×2^6     C=  29.212 [trial 1/3]
      8  860.464 µs  ×2^8     C=8237.381 [trial 2/3] †
     16  625.568 µs  ×2^8     C=2443.628 [trial 2/3]
     32    1.189 ms  ×2^7     C=1160.796 [trial 2/3]
     64    1.438 ms  ×2^7     C= 351.098 [trial 2/3]
    128    1.633 ms  ×2^7     C=  99.661 [trial 2/3]
    256    1.995 ms  ×2^6     C=  29.212 [trial 2/3]
      8  479.455 µs  ×2^8     C=8237.381 [trial 3/3] †
     16  649.329 µs  ×2^8     C=2443.628 [trial 3/3]
     32    1.172 ms  ×2^7     C=1160.796 [trial 3/3]
     64    1.526 ms  ×2^7     C= 351.098 [trial 3/3]
    128    1.570 ms  ×2^7     C=  99.661 [trial 3/3]
    256    1.914 ms  ×2^6     C=  29.212 [trial 3/3]
  verdict: inconclusive (cMin=29.212, cMax=2443.628, β=-1.631, looks faster than declared by ~n^1.631)
  per-spawn floor (harness self-measurement): 290.274 ms
  peak RSS: 64_348 kB..66_512 kB (across 18 ok row(s))
  trial summaries (3 trials per param; spread = (max-min)/median):
    param  trials  median      min         max         spread 
        8  3/3     527.192 µs  479.455 µs  860.464 µs  72.271%
       16  3/3     625.568 µs  620.093 µs  649.329 µs  4.673% 
       32  3/3       1.189 ms    1.172 ms    1.382 ms  17.688%
       64  3/3       1.438 ms    1.334 ms    1.526 ms  13.383%
      128  3/3       1.633 ms    1.570 ms    1.936 ms  22.395%
      256  3/3       1.914 ms    1.909 ms    1.995 ms  4.499% 

Hex.RowReduceBench.Field.height8DeficientInverse    expected complexity: n ^ 2    [warm cache]
  env: lean=4.34.0-rc2, os=linux, arch=x86_64, commit=f589e37-dirty, 2026-09-12T21:42:15Z, host=chungus2
  param  per-call    repeats  C
      8  393.624 µs  ×2^6     C=6162.071 [trial 1/3] †
     16  502.452 µs  ×2^8     C=2147.328 [trial 1/3]
     32    1.112 ms  ×2^7     C=1085.692 [trial 1/3]
     64    1.091 ms  ×2^7     C= 294.143 [trial 1/3]
    128    1.459 ms  ×2^7     C=  83.707 [trial 1/3]
    256    1.462 ms  ×2^7     C=  26.244 [trial 1/3]
      8  574.344 µs  ×2^9     C=6162.071 [trial 2/3] †
     16  767.196 µs  ×2^8     C=2147.328 [trial 2/3]
     32    1.244 ms  ×2^6     C=1085.692 [trial 2/3]
     64    1.205 ms  ×2^7     C= 294.143 [trial 2/3]
    128    1.371 ms  ×2^7     C=  83.707 [trial 2/3]
    256    2.130 ms  ×2^6     C=  26.244 [trial 2/3]
      8  394.372 µs  ×2^9     C=6162.071 [trial 3/3] †
     16  549.715 µs  ×2^8     C=2147.328 [trial 3/3]
     32  990.990 µs  ×2^7     C=1085.692 [trial 3/3]
     64    1.228 ms  ×2^7     C= 294.143 [trial 3/3]
    128    1.313 ms  ×2^7     C=  83.707 [trial 3/3]
    256    1.720 ms  ×2^7     C=  26.244 [trial 3/3]
  verdict: inconclusive (cMin=26.244, cMax=2147.328, β=-1.641, looks faster than declared by ~n^1.641)
  per-spawn floor (harness self-measurement): 342.684 ms
  peak RSS: 62_596 kB..66_528 kB (across 18 ok row(s))
  trial summaries (3 trials per param; spread = (max-min)/median):
    param  trials  median      min         max         spread 
        8  3/3     394.372 µs  393.624 µs  574.344 µs  45.825%
       16  3/3     549.715 µs  502.452 µs  767.196 µs  48.160%
       32  3/3       1.112 ms  990.990 µs    1.244 ms  22.775%
       64  3/3       1.205 ms    1.091 ms    1.228 ms  11.361%
      128  3/3       1.371 ms    1.313 ms    1.459 ms  10.667%
      256  3/3       1.720 ms    1.462 ms    2.130 ms  38.829%

Hex.RowReduceBench.Field.height8HalfSolve    expected complexity: n ^ 2    [warm cache]
  env: lean=4.34.0-rc2, os=linux, arch=x86_64, commit=f589e37-dirty, 2026-09-12T21:42:24Z, host=chungus2
  param  per-call    repeats  C
      8  273.959 µs  ×2^9     C=4280.618 [trial 1/3] †
     16  332.976 µs  ×2^9     C=1300.690 [trial 1/3]
     32  573.686 µs  ×2^8     C= 560.241 [trial 1/3]
     64  683.822 µs  ×2^8     C= 158.139 [trial 1/3]
    128  732.733 µs  ×2^8     C=  44.723 [trial 1/3]
    256  810.966 µs  ×2^7     C=  12.877 [trial 1/3]
      8  311.568 µs  ×2^9     C=4280.618 [trial 2/3] †
     16  345.350 µs  ×2^9     C=1300.690 [trial 2/3]
     32  607.608 µs  ×2^8     C= 560.241 [trial 2/3]
     64  647.738 µs  ×2^8     C= 158.139 [trial 2/3]
    128  737.146 µs  ×2^8     C=  44.723 [trial 2/3]
    256  848.967 µs  ×2^8     C=  12.877 [trial 2/3]
      8  266.118 µs  ×2^9     C=4280.618 [trial 3/3] †
     16  284.746 µs  ×2^9     C=1300.690 [trial 3/3]
     32  529.439 µs  ×2^8     C= 560.241 [trial 3/3]
     64  637.875 µs  ×2^8     C= 158.139 [trial 3/3]
    128  721.178 µs  ×2^8     C=  44.723 [trial 3/3]
    256  843.920 µs  ×2^8     C=  12.877 [trial 3/3]
  verdict: inconclusive (cMin=12.877, cMax=1300.690, β=-1.696, looks faster than declared by ~n^1.696)
  per-spawn floor (harness self-measurement): 281.411 ms
  peak RSS: 64_368 kB..66_548 kB (across 18 ok row(s))
  trial summaries (3 trials per param; spread = (max-min)/median):
    param  trials  median      min         max         spread 
        8  3/3     273.959 µs  266.118 µs  311.568 µs  16.590%
       16  3/3     332.976 µs  284.746 µs  345.350 µs  18.201%
       32  3/3     573.686 µs  529.439 µs  607.608 µs  13.626%
       64  3/3     647.738 µs  637.875 µs  683.822 µs  7.093% 
      128  3/3     732.733 µs  721.178 µs  737.146 µs  2.179% 
      256  3/3     843.920 µs  810.966 µs  848.967 µs  4.503% 

Hex.RowReduceBench.Field.height8HalfOption    expected complexity: n ^ 2    [warm cache]
  env: lean=4.34.0-rc2, os=linux, arch=x86_64, commit=f589e37-dirty, 2026-09-12T21:42:32Z, host=chungus2
  param  per-call    repeats  C
      8  261.700 µs  ×2^9     C=4150.173 [trial 1/3] †
     16  304.241 µs  ×2^9     C=1230.651 [trial 1/3]
     32  622.432 µs  ×2^8     C= 582.799 [trial 1/3]
     64  785.488 µs  ×2^8     C= 191.770 [trial 1/3]
    128  836.560 µs  ×2^8     C=  46.102 [trial 1/3]
    256  853.276 µs  ×2^8     C=  12.896 [trial 1/3]
      8  278.531 µs  ×2^9     C=4150.173 [trial 2/3] †
     16  411.386 µs  ×2^9     C=1230.651 [trial 2/3]
     32  596.785 µs  ×2^8     C= 582.799 [trial 2/3]
     64  983.968 µs  ×2^8     C= 191.770 [trial 2/3]
    128  755.339 µs  ×2^8     C=  46.102 [trial 2/3]
    256  845.151 µs  ×2^8     C=  12.896 [trial 2/3]
      8  265.611 µs  ×2^9     C=4150.173 [trial 3/3] †
     16  315.046 µs  ×2^9     C=1230.651 [trial 3/3]
     32  586.949 µs  ×2^8     C= 582.799 [trial 3/3]
     64  660.453 µs  ×2^8     C= 191.770 [trial 3/3]
    128  745.027 µs  ×2^8     C=  46.102 [trial 3/3]
    256  812.187 µs  ×2^7     C=  12.896 [trial 3/3]
  verdict: inconclusive (cMin=12.896, cMax=1230.651, β=-1.681, looks faster than declared by ~n^1.681)
  per-spawn floor (harness self-measurement): 260.418 ms
  peak RSS: 64_364 kB..66_512 kB (across 18 ok row(s))
  trial summaries (3 trials per param; spread = (max-min)/median):
    param  trials  median      min         max         spread 
        8  3/3     265.611 µs  261.700 µs  278.531 µs  6.337% 
       16  3/3     315.046 µs  304.241 µs  411.386 µs  34.009%
       32  3/3     596.785 µs  586.949 µs  622.432 µs  5.946% 
       64  3/3     785.488 µs  660.453 µs  983.968 µs  41.187%
      128  3/3     755.339 µs  745.027 µs  836.560 µs  12.118%
      256  3/3     845.151 µs  812.187 µs  853.276 µs  4.862% 

Hex.RowReduceBench.Field.height8HalfInverse    expected complexity: n ^ 2    [warm cache]
  env: lean=4.34.0-rc2, os=linux, arch=x86_64, commit=f589e37-dirty, 2026-09-12T21:42:41Z, host=chungus2
  param  per-call    repeats  C
      8  201.350 µs  ×2^10    C=3219.720 [trial 1/3] †
     16  253.751 µs  ×2^9     C= 991.039 [trial 1/3]
     32  476.805 µs  ×2^8     C= 465.630 [trial 1/3]
     64  574.484 µs  ×2^8     C= 140.255 [trial 1/3]
    128  668.261 µs  ×2^8     C=  40.787 [trial 1/3]
    256  987.387 µs  ×2^8     C=  11.382 [trial 1/3]
      8  218.457 µs  ×2^10    C=3219.720 [trial 2/3] †
     16  244.746 µs  ×2^9     C= 991.039 [trial 2/3]
     32  481.068 µs  ×2^8     C= 465.630 [trial 2/3]
     64  609.166 µs  ×2^8     C= 140.255 [trial 2/3]
    128  700.659 µs  ×2^8     C=  40.787 [trial 2/3]
    256  731.854 µs  ×2^8     C=  11.382 [trial 2/3]
      8  206.062 µs  ×2^10    C=3219.720 [trial 3/3] †
     16  253.706 µs  ×2^9     C= 991.039 [trial 3/3]
     32  460.775 µs  ×2^8     C= 465.630 [trial 3/3]
     64  521.481 µs  ×2^8     C= 140.255 [trial 3/3]
    128  630.447 µs  ×2^8     C=  40.787 [trial 3/3]
    256  745.952 µs  ×2^8     C=  11.382 [trial 3/3]
  verdict: inconclusive (cMin=11.382, cMax=991.039, β=-1.640, looks faster than declared by ~n^1.640)
  per-spawn floor (harness self-measurement): 271.058 ms
  peak RSS: 64_324 kB..66_528 kB (across 18 ok row(s))
  trial summaries (3 trials per param; spread = (max-min)/median):
    param  trials  median      min         max         spread 
        8  3/3     206.062 µs  201.350 µs  218.457 µs  8.302% 
       16  3/3     253.706 µs  244.746 µs  253.751 µs  3.550% 
       32  3/3     476.805 µs  460.775 µs  481.068 µs  4.256% 
       64  3/3     574.484 µs  521.481 µs  609.166 µs  15.263%
      128  3/3     668.261 µs  630.447 µs  700.659 µs  10.507%
      256  3/3     745.952 µs  731.854 µs  987.387 µs  34.256%

Hex.RowReduceBench.Field.height8DeficientErrorSolve    expected complexity: n ^ 2    [warm cache]
  env: lean=4.34.0-rc2, os=linux, arch=x86_64, commit=f589e37-dirty, 2026-09-12T21:42:49Z, host=chungus2
  param  per-call    repeats  C
      8  488.200 µs  ×2^8     C=7176.403 [trial 1/3] †
     16  578.387 µs  ×2^8     C=2259.328 [trial 1/3]
     32    1.077 ms  ×2^7     C=1050.460 [trial 1/3]
     64    1.514 ms  ×2^7     C= 329.657 [trial 1/3]
    128    1.427 ms  ×2^7     C= 100.202 [trial 1/3]
    256    1.838 ms  ×2^6     C=  28.150 [trial 1/3]
      8  436.914 µs  ×2^8     C=7176.403 [trial 2/3] †
     16  548.605 µs  ×2^8     C=2259.328 [trial 2/3]
     32  989.702 µs  ×2^7     C=1050.460 [trial 2/3]
     64    1.213 ms  ×2^7     C= 329.657 [trial 2/3]
    128    1.642 ms  ×2^7     C= 100.202 [trial 2/3]
    256    1.984 ms  ×2^6     C=  28.150 [trial 2/3]
      8  459.289 µs  ×2^8     C=7176.403 [trial 3/3] †
     16  600.172 µs  ×2^8     C=2259.328 [trial 3/3]
     32    1.076 ms  ×2^7     C=1050.460 [trial 3/3]
     64    1.350 ms  ×2^7     C= 329.657 [trial 3/3]
    128    3.065 ms  ×2^7     C= 100.202 [trial 3/3]
    256    1.845 ms  ×2^6     C=  28.150 [trial 3/3]
  verdict: inconclusive (cMin=28.150, cMax=2259.328, β=-1.604, looks faster than declared by ~n^1.604)
  per-spawn floor (harness self-measurement): 271.643 ms
  peak RSS: 64_336 kB..66_516 kB (across 18 ok row(s))
  trial summaries (3 trials per param; spread = (max-min)/median):
    param  trials  median      min         max         spread 
        8  3/3     459.289 µs  436.914 µs  488.200 µs  11.166%
       16  3/3     578.387 µs  548.605 µs  600.172 µs  8.916% 
       32  3/3       1.076 ms  989.702 µs    1.077 ms  8.089% 
       64  3/3       1.350 ms    1.213 ms    1.514 ms  22.248%
      128  3/3       1.642 ms    1.427 ms    3.065 ms  99.791%
      256  3/3       1.845 ms    1.838 ms    1.984 ms  7.891% 

Hex.RowReduceBench.Field.height8DeficientErrorOption    expected complexity: n ^ 2    [warm cache]
  env: lean=4.34.0-rc2, os=linux, arch=x86_64, commit=f589e37-dirty, 2026-09-12T21:42:57Z, host=chungus2
  param  per-call    repeats  C
      8  450.752 µs  ×2^8     C=7043.009 [trial 1/3] †
     16  572.784 µs  ×2^8     C=2237.441 [trial 1/3]
     32    1.318 ms  ×2^7     C=1216.657 [trial 1/3]
     64    1.260 ms  ×2^7     C= 314.604 [trial 1/3]
    128    1.486 ms  ×2^7     C=  94.338 [trial 1/3]
    256    1.832 ms  ×2^6     C=  28.260 [trial 1/3]
      8  438.178 µs  ×2^8     C=7043.009 [trial 2/3] †
     16  558.552 µs  ×2^8     C=2237.441 [trial 2/3]
     32    1.246 ms  ×2^7     C=1216.657 [trial 2/3]
     64    1.341 ms  ×2^7     C= 314.604 [trial 2/3]
    128    1.597 ms  ×2^7     C=  94.338 [trial 2/3]
    256    1.914 ms  ×2^6     C=  28.260 [trial 2/3]
      8  452.289 µs  ×2^8     C=7043.009 [trial 3/3] †
     16  914.028 µs  ×2^8     C=2237.441 [trial 3/3]
     32    1.085 ms  ×2^7     C=1216.657 [trial 3/3]
     64    1.289 ms  ×2^7     C= 314.604 [trial 3/3]
    128    1.546 ms  ×2^7     C=  94.338 [trial 3/3]
    256    1.852 ms  ×2^6     C=  28.260 [trial 3/3]
  verdict: inconclusive (cMin=28.260, cMax=2237.441, β=-1.630, looks faster than declared by ~n^1.630)
  per-spawn floor (harness self-measurement): 243.183 ms
  peak RSS: 64_364 kB..66_528 kB (across 18 ok row(s))
  trial summaries (3 trials per param; spread = (max-min)/median):
    param  trials  median      min         max         spread 
        8  3/3     450.752 µs  438.178 µs  452.289 µs  3.131% 
       16  3/3     572.784 µs  558.552 µs  914.028 µs  62.061%
       32  3/3       1.246 ms    1.085 ms    1.318 ms  18.671%
       64  3/3       1.289 ms    1.260 ms    1.341 ms  6.303% 
      128  3/3       1.546 ms    1.486 ms    1.597 ms  7.196% 
      256  3/3       1.852 ms    1.832 ms    1.914 ms  4.427% 

Hex.RowReduceBench.Field.height8HalfErrorSolve    expected complexity: n ^ 2    [warm cache]
  env: lean=4.34.0-rc2, os=linux, arch=x86_64, commit=f589e37-dirty, 2026-09-12T21:43:05Z, host=chungus2
  param  per-call    repeats  C
      8  233.979 µs  ×2^9     C=3686.347 [trial 1/3] †
     16  286.737 µs  ×2^9     C=1078.509 [trial 1/3]
     32  464.779 µs  ×2^8     C= 491.296 [trial 1/3]
     64  621.799 µs  ×2^8     C= 150.133 [trial 1/3]
    128  681.328 µs  ×2^8     C=  42.916 [trial 1/3]
    256  792.875 µs  ×2^8     C=  12.048 [trial 1/3]
      8  235.926 µs  ×2^9     C=3686.347 [trial 2/3] †
     16  276.098 µs  ×2^9     C=1078.509 [trial 2/3]
     32  503.086 µs  ×2^8     C= 491.296 [trial 2/3]
     64  614.944 µs  ×2^8     C= 150.133 [trial 2/3]
    128  710.405 µs  ×2^8     C=  42.916 [trial 2/3]
    256  789.610 µs  ×2^8     C=  12.048 [trial 2/3]
      8  237.007 µs  ×2^9     C=3686.347 [trial 3/3] †
     16  272.629 µs  ×2^9     C=1078.509 [trial 3/3]
     32  519.204 µs  ×2^8     C= 491.296 [trial 3/3]
     64  608.916 µs  ×2^8     C= 150.133 [trial 3/3]
    128  703.138 µs  ×2^8     C=  42.916 [trial 3/3]
    256  732.983 µs  ×2^8     C=  12.048 [trial 3/3]
  verdict: inconclusive (cMin=12.048, cMax=1078.509, β=-1.649, looks faster than declared by ~n^1.649)
  per-spawn floor (harness self-measurement): 263.837 ms
  peak RSS: 64_928 kB..66_600 kB (across 18 ok row(s))
  trial summaries (3 trials per param; spread = (max-min)/median):
    param  trials  median      min         max         spread 
        8  3/3     235.926 µs  233.979 µs  237.007 µs  1.283% 
       16  3/3     276.098 µs  272.629 µs  286.737 µs  5.110% 
       32  3/3     503.086 µs  464.779 µs  519.204 µs  10.818%
       64  3/3     614.944 µs  608.916 µs  621.799 µs  2.095% 
      128  3/3     703.138 µs  681.328 µs  710.405 µs  4.135% 
      256  3/3     789.610 µs  732.983 µs  792.875 µs  7.585% 

Hex.RowReduceBench.Field.height8HalfErrorOption    expected complexity: n ^ 2    [warm cache]
  env: lean=4.34.0-rc2, os=linux, arch=x86_64, commit=f589e37-dirty, 2026-09-12T21:43:13Z, host=chungus2
  param  per-call    repeats  C
      8  227.325 µs  ×2^9     C=3651.740 [trial 1/3] †
     16  272.513 µs  ×2^9     C=1064.507 [trial 1/3]
     32  479.777 µs  ×2^8     C= 476.071 [trial 1/3]
     64  606.417 µs  ×2^8     C= 148.051 [trial 1/3]
    128  678.300 µs  ×2^7     C=  42.570 [trial 1/3]
    256  742.083 µs  ×2^8     C=  11.501 [trial 1/3]
      8  233.711 µs  ×2^9     C=3651.740 [trial 2/3] †
     16  313.421 µs  ×2^9     C=1064.507 [trial 2/3]
     32  580.026 µs  ×2^8     C= 476.071 [trial 2/3]
     64  606.880 µs  ×2^8     C= 148.051 [trial 2/3]
    128  705.685 µs  ×2^8     C=  42.570 [trial 2/3]
    256  753.742 µs  ×2^8     C=  11.501 [trial 2/3]
      8  234.783 µs  ×2^9     C=3651.740 [trial 3/3] †
     16  269.892 µs  ×2^9     C=1064.507 [trial 3/3]
     32  487.497 µs  ×2^8     C= 476.071 [trial 3/3]
     64  603.774 µs  ×2^8     C= 148.051 [trial 3/3]
    128  697.463 µs  ×2^8     C=  42.570 [trial 3/3]
    256  821.911 µs  ×2^7     C=  11.501 [trial 3/3]
  verdict: inconclusive (cMin=11.501, cMax=1064.507, β=-1.655, looks faster than declared by ~n^1.655)
  per-spawn floor (harness self-measurement): 249.011 ms
  peak RSS: 64_704 kB..66_560 kB (across 18 ok row(s))
  trial summaries (3 trials per param; spread = (max-min)/median):
    param  trials  median      min         max         spread 
        8  3/3     233.711 µs  227.325 µs  234.783 µs  3.191% 
       16  3/3     272.513 µs  269.892 µs  313.421 µs  15.973%
       32  3/3     487.497 µs  479.777 µs  580.026 µs  20.564%
       64  3/3     606.417 µs  603.774 µs  606.880 µs  0.512% 
      128  3/3     697.463 µs  678.300 µs  705.685 µs  3.926% 
      256  3/3     753.742 µs  742.083 µs  821.911 µs  10.591%

Hex.RowReduceBench.Field.height8TallSolve    expected complexity: n ^ 2    [warm cache]
  env: lean=4.34.0-rc2, os=linux, arch=x86_64, commit=f589e37-dirty, 2026-09-12T21:43:21Z, host=chungus2
  param  per-call  repeats  C
      8  1.335 ms  ×2^7     C=20806.652 [trial 1/3] †
     16  1.616 ms  ×2^7     C= 6312.865 [trial 1/3]
     32  3.234 ms  ×2^6     C= 2931.099 [trial 1/3]
     64  3.242 ms  ×2^6     C=  791.543 [trial 1/3]
    128  3.910 ms  ×2^5     C=  232.651 [trial 1/3]
    256  4.131 ms  ×2^5     C=   69.429 [trial 1/3]
      8  1.330 ms  ×2^7     C=20806.652 [trial 2/3] †
     16  1.656 ms  ×2^6     C= 6312.865 [trial 2/3]
     32  2.863 ms  ×2^6     C= 2931.099 [trial 2/3]
     64  3.523 ms  ×2^6     C=  791.543 [trial 2/3]
    128  3.786 ms  ×2^5     C=  232.651 [trial 2/3]
    256  4.550 ms  ×2^5     C=   69.429 [trial 2/3]
      8  1.332 ms  ×2^7     C=20806.652 [trial 3/3] †
     16  1.580 ms  ×2^7     C= 6312.865 [trial 3/3]
     32  3.001 ms  ×2^6     C= 2931.099 [trial 3/3]
     64  3.058 ms  ×2^6     C=  791.543 [trial 3/3]
    128  3.812 ms  ×2^5     C=  232.651 [trial 3/3]
    256  5.062 ms  ×2^5     C=   69.429 [trial 3/3]
  verdict: inconclusive (cMin=69.429, cMax=6312.865, β=-1.667, looks faster than declared by ~n^1.667)
  per-spawn floor (harness self-measurement): 273.233 ms
  peak RSS: 64_980 kB..66_528 kB (across 18 ok row(s))
  trial summaries (3 trials per param; spread = (max-min)/median):
    param  trials  median    min       max       spread 
        8  3/3     1.332 ms  1.330 ms  1.335 ms  0.356% 
       16  3/3     1.616 ms  1.580 ms  1.656 ms  4.665% 
       32  3/3     3.001 ms  2.863 ms  3.234 ms  12.344%
       64  3/3     3.242 ms  3.058 ms  3.523 ms  14.334%
      128  3/3     3.812 ms  3.786 ms  3.910 ms  3.237% 
      256  3/3     4.550 ms  4.131 ms  5.062 ms  20.455%

Hex.RowReduceBench.Field.height8TallOption    expected complexity: n ^ 2    [warm cache]
  env: lean=4.34.0-rc2, os=linux, arch=x86_64, commit=f589e37-dirty, 2026-09-12T21:43:29Z, host=chungus2
  param  per-call  repeats  C
      8  1.496 ms  ×2^7     C=20921.284 [trial 1/3] †
     16  1.798 ms  ×2^6     C= 6953.795 [trial 1/3]
     32  3.586 ms  ×2^5     C= 3008.894 [trial 1/3]
     64  3.826 ms  ×2^5     C=  837.750 [trial 1/3]
    128  4.555 ms  ×2^5     C=  242.173 [trial 1/3]
    256  4.557 ms  ×2^5     C=   69.539 [trial 1/3]
      8  1.339 ms  ×2^7     C=20921.284 [trial 2/3] †
     16  1.653 ms  ×2^7     C= 6953.795 [trial 2/3]
     32  3.081 ms  ×2^6     C= 3008.894 [trial 2/3]
     64  3.204 ms  ×2^6     C=  837.750 [trial 2/3]
    128  3.968 ms  ×2^5     C=  242.173 [trial 2/3]
    256  5.347 ms  ×2^5     C=   69.539 [trial 2/3]
      8  1.325 ms  ×2^7     C=20921.284 [trial 3/3] †
     16  1.780 ms  ×2^7     C= 6953.795 [trial 3/3]
     32  2.911 ms  ×2^6     C= 3008.894 [trial 3/3]
     64  3.431 ms  ×2^6     C=  837.750 [trial 3/3]
    128  3.794 ms  ×2^5     C=  242.173 [trial 3/3]
    256  4.448 ms  ×2^5     C=   69.539 [trial 3/3]
  verdict: inconclusive (cMin=69.539, cMax=6953.795, β=-1.692, looks faster than declared by ~n^1.692)
  per-spawn floor (harness self-measurement): 290.619 ms
  peak RSS: 64_384 kB..66_528 kB (across 18 ok row(s))
  trial summaries (3 trials per param; spread = (max-min)/median):
    param  trials  median    min       max       spread 
        8  3/3     1.339 ms  1.325 ms  1.496 ms  12.742%
       16  3/3     1.780 ms  1.653 ms  1.798 ms  8.141% 
       32  3/3     3.081 ms  2.911 ms  3.586 ms  21.933%
       64  3/3     3.431 ms  3.204 ms  3.826 ms  18.127%
      128  3/3     3.968 ms  3.794 ms  4.555 ms  19.187%
      256  3/3     4.557 ms  4.448 ms  5.347 ms  19.716%

Hex.RowReduceBench.Field.height8WideSolve    expected complexity: n ^ 2    [warm cache]
  env: lean=4.34.0-rc2, os=linux, arch=x86_64, commit=f589e37-dirty, 2026-09-12T21:43:38Z, host=chungus2
  param  per-call    repeats  C
      8  907.138 µs  ×2^7     C=13410.058 [trial 1/3] †
     16    1.173 ms  ×2^7     C= 4516.498 [trial 1/3]
     32    2.293 ms  ×2^6     C= 2238.895 [trial 1/3]
     64    2.668 ms  ×2^6     C=  651.363 [trial 1/3]
    128    3.199 ms  ×2^6     C=  184.642 [trial 1/3]
    256    3.602 ms  ×2^5     C=   54.969 [trial 1/3]
      8  858.243 µs  ×2^7     C=13410.058 [trial 2/3] †
     16    1.148 ms  ×2^7     C= 4516.498 [trial 2/3]
     32    3.209 ms  ×2^5     C= 2238.895 [trial 2/3]
     64    2.714 ms  ×2^6     C=  651.363 [trial 2/3]
    128    3.012 ms  ×2^6     C=  184.642 [trial 2/3]
    256    3.557 ms  ×2^5     C=   54.969 [trial 2/3]
      8  857.863 µs  ×2^8     C=13410.058 [trial 3/3] †
     16    1.156 ms  ×2^7     C= 4516.498 [trial 3/3]
     32    1.962 ms  ×2^6     C= 2238.895 [trial 3/3]
     64    2.601 ms  ×2^6     C=  651.363 [trial 3/3]
    128    3.025 ms  ×2^6     C=  184.642 [trial 3/3]
    256    3.972 ms  ×2^5     C=   54.969 [trial 3/3]
  verdict: inconclusive (cMin=54.969, cMax=4516.498, β=-1.632, looks faster than declared by ~n^1.632)
  per-spawn floor (harness self-measurement): 319.254 ms
  peak RSS: 64_644 kB..66_152 kB (across 18 ok row(s))
  trial summaries (3 trials per param; spread = (max-min)/median):
    param  trials  median      min         max         spread 
        8  3/3     858.243 µs  857.863 µs  907.138 µs  5.741% 
       16  3/3       1.156 ms    1.148 ms    1.173 ms  2.105% 
       32  3/3       2.293 ms    1.962 ms    3.209 ms  54.392%
       64  3/3       2.668 ms    2.601 ms    2.714 ms  4.247% 
      128  3/3       3.025 ms    3.012 ms    3.199 ms  6.184% 
      256  3/3       3.602 ms    3.557 ms    3.972 ms  11.521%

Hex.RowReduceBench.Field.height8WideOption    expected complexity: n ^ 2    [warm cache]
  env: lean=4.34.0-rc2, os=linux, arch=x86_64, commit=f589e37-dirty, 2026-09-12T21:43:46Z, host=chungus2
  param  per-call    repeats  C
      8  897.267 µs  ×2^7     C=13761.849 [trial 1/3] †
     16    1.140 ms  ×2^7     C= 4458.718 [trial 1/3]
     32    2.198 ms  ×2^6     C= 2146.336 [trial 1/3]
     64    2.528 ms  ×2^6     C=  617.966 [trial 1/3]
    128    2.970 ms  ×2^6     C=  183.598 [trial 1/3]
    256    3.514 ms  ×2^6     C=   53.915 [trial 1/3]
      8  876.359 µs  ×2^8     C=13761.849 [trial 2/3] †
     16    1.141 ms  ×2^7     C= 4458.718 [trial 2/3]
     32    2.235 ms  ×2^6     C= 2146.336 [trial 2/3]
     64    2.531 ms  ×2^6     C=  617.966 [trial 2/3]
    128    3.008 ms  ×2^6     C=  183.598 [trial 2/3]
    256    3.533 ms  ×2^5     C=   53.915 [trial 2/3]
      8  880.758 µs  ×2^7     C=13761.849 [trial 3/3] †
     16    1.162 ms  ×2^7     C= 4458.718 [trial 3/3]
     32    2.153 ms  ×2^6     C= 2146.336 [trial 3/3]
     64    2.545 ms  ×2^6     C=  617.966 [trial 3/3]
    128    3.044 ms  ×2^6     C=  183.598 [trial 3/3]
    256    3.607 ms  ×2^5     C=   53.915 [trial 3/3]
  verdict: inconclusive (cMin=53.915, cMax=4458.718, β=-1.629, looks faster than declared by ~n^1.629)
  per-spawn floor (harness self-measurement): 257.827 ms
  peak RSS: 64_644 kB..66_532 kB (across 18 ok row(s))
  trial summaries (3 trials per param; spread = (max-min)/median):
    param  trials  median      min         max         spread
        8  3/3     880.758 µs  876.359 µs  897.267 µs  2.374%
       16  3/3       1.141 ms    1.140 ms    1.162 ms  1.944%
       32  3/3       2.198 ms    2.153 ms    2.235 ms  3.734%
       64  3/3       2.531 ms    2.528 ms    2.545 ms  0.700%
      128  3/3       3.008 ms    2.970 ms    3.044 ms  2.462%
      256  3/3       3.533 ms    3.514 ms    3.607 ms  2.637%

Hex.RowReduceBench.Field.height16FullSolve    expected complexity: n ^ 2    [warm cache]
  env: lean=4.34.0-rc2, os=linux, arch=x86_64, commit=f589e37-dirty, 2026-09-12T21:43:54Z, host=chungus2
  param  per-call   repeats  C
      8   4.475 ms  ×2^5     C=69927.042 [trial 1/3] †
     16   6.304 ms  ×2^5     C=24626.742 [trial 1/3]
     32  11.788 ms  ×2^4     C=11511.569 [trial 1/3]
     64  14.444 ms  ×2^3     C= 3417.362 [trial 1/3]
    128  16.701 ms  ×2^3     C= 1007.201 [trial 1/3]
    256  20.328 ms  ×2^3     C=  301.125 [trial 1/3]
      8   4.530 ms  ×2^5     C=69927.042 [trial 2/3] †
     16   6.516 ms  ×2^5     C=24626.742 [trial 2/3]
     32  14.787 ms  ×2^4     C=11511.569 [trial 2/3]
     64  13.998 ms  ×2^3     C= 3417.362 [trial 2/3]
    128  16.502 ms  ×2^3     C= 1007.201 [trial 2/3]
    256  19.558 ms  ×2^3     C=  301.125 [trial 2/3]
      8   4.448 ms  ×2^5     C=69927.042 [trial 3/3] †
     16   5.535 ms  ×2^5     C=24626.742 [trial 3/3]
     32  11.157 ms  ×2^4     C=11511.569 [trial 3/3]
     64  13.901 ms  ×2^4     C= 3417.362 [trial 3/3]
    128  15.263 ms  ×2^3     C= 1007.201 [trial 3/3]
    256  19.735 ms  ×2^3     C=  301.125 [trial 3/3]
  verdict: inconclusive (cMin=301.125, cMax=24626.742, β=-1.622, looks faster than declared by ~n^1.622)
  per-spawn floor (harness self-measurement): 266.418 ms
  peak RSS: 64_364 kB..66_544 kB (across 18 ok row(s))
  trial summaries (3 trials per param; spread = (max-min)/median):
    param  trials  median     min        max        spread 
        8  3/3      4.475 ms   4.448 ms   4.530 ms  1.831% 
       16  3/3      6.304 ms   5.535 ms   6.516 ms  15.554%
       32  3/3     11.788 ms  11.157 ms  14.787 ms  30.793%
       64  3/3     13.998 ms  13.901 ms  14.444 ms  3.875% 
      128  3/3     16.502 ms  15.263 ms  16.701 ms  8.709% 
      256  3/3     19.735 ms  19.558 ms  20.328 ms  3.903% 

Hex.RowReduceBench.Field.height16FullOption    expected complexity: n ^ 2    [warm cache]
  env: lean=4.34.0-rc2, os=linux, arch=x86_64, commit=f589e37-dirty, 2026-09-12T21:44:02Z, host=chungus2
  param  per-call   repeats  C
      8   4.411 ms  ×2^5     C=68926.254 [trial 1/3] †
     16   6.218 ms  ×2^5     C=24290.958 [trial 1/3]
     32  11.930 ms  ×2^4     C=11668.886 [trial 1/3]
     64  13.609 ms  ×2^3     C= 3322.593 [trial 1/3]
    128  16.558 ms  ×2^3     C= 1137.080 [trial 1/3]
    256  19.393 ms  ×2^3     C=  297.582 [trial 1/3]
      8   7.077 ms  ×2^5     C=68926.254 [trial 2/3] †
     16   6.145 ms  ×2^5     C=24290.958 [trial 2/3]
     32  11.949 ms  ×2^4     C=11668.886 [trial 2/3]
     64  13.692 ms  ×2^4     C= 3322.593 [trial 2/3]
    128  18.814 ms  ×2^3     C= 1137.080 [trial 2/3]
    256  19.502 ms  ×2^3     C=  297.582 [trial 2/3]
      8   4.079 ms  ×2^5     C=68926.254 [trial 3/3] †
     16   6.414 ms  ×2^5     C=24290.958 [trial 3/3]
     32  12.594 ms  ×2^4     C=11668.886 [trial 3/3]
     64  13.247 ms  ×2^4     C= 3322.593 [trial 3/3]
    128  18.630 ms  ×2^3     C= 1137.080 [trial 3/3]
    256  21.522 ms  ×2^3     C=  297.582 [trial 3/3]
  verdict: inconclusive (cMin=297.582, cMax=24290.958, β=-1.606, looks faster than declared by ~n^1.606)
  per-spawn floor (harness self-measurement): 269.847 ms
  peak RSS: 64_324 kB..66_588 kB (across 18 ok row(s))
  trial summaries (3 trials per param; spread = (max-min)/median):
    param  trials  median     min        max        spread 
        8  3/3      4.411 ms   4.079 ms   7.077 ms  67.944%
       16  3/3      6.218 ms   6.145 ms   6.414 ms  4.321% 
       32  3/3     11.949 ms  11.930 ms  12.594 ms  5.557% 
       64  3/3     13.609 ms  13.247 ms  13.692 ms  3.272% 
      128  3/3     18.630 ms  16.558 ms  18.814 ms  12.108%
      256  3/3     19.502 ms  19.393 ms  21.522 ms  10.917%

Hex.RowReduceBench.Field.height16FullInverse    expected complexity: n ^ 2    [warm cache]
  env: lean=4.34.0-rc2, os=linux, arch=x86_64, commit=f589e37-dirty, 2026-09-12T21:44:11Z, host=chungus2
  param  per-call   repeats  C
      8   4.076 ms  ×2^5     C=63680.749 [trial 1/3] †
     16   5.827 ms  ×2^5     C=22901.665 [trial 1/3]
     32  11.250 ms  ×2^4     C=11004.267 [trial 1/3]
     64  13.236 ms  ×2^4     C= 3231.944 [trial 1/3]
    128  15.482 ms  ×2^3     C=  945.112 [trial 1/3]
    256  18.103 ms  ×2^3     C=  275.235 [trial 1/3]
      8   4.244 ms  ×2^5     C=63680.749 [trial 2/3] †
     16   6.077 ms  ×2^5     C=22901.665 [trial 2/3]
     32  11.401 ms  ×2^4     C=11004.267 [trial 2/3]
     64  13.238 ms  ×2^4     C= 3231.944 [trial 2/3]
    128  15.485 ms  ×2^3     C=  945.112 [trial 2/3]
    256  18.038 ms  ×2^3     C=  275.235 [trial 2/3]
      8   4.060 ms  ×2^5     C=63680.749 [trial 3/3] †
     16   5.863 ms  ×2^5     C=22901.665 [trial 3/3]
     32  11.268 ms  ×2^4     C=11004.267 [trial 3/3]
     64  13.328 ms  ×2^4     C= 3231.944 [trial 3/3]
    128  15.653 ms  ×2^3     C=  945.112 [trial 3/3]
    256  17.921 ms  ×2^3     C=  275.235 [trial 3/3]
  verdict: inconclusive (cMin=275.235, cMax=22901.665, β=-1.630, looks faster than declared by ~n^1.630)
  per-spawn floor (harness self-measurement): 290.474 ms
  peak RSS: 64_684 kB..66_512 kB (across 18 ok row(s))
  trial summaries (3 trials per param; spread = (max-min)/median):
    param  trials  median     min        max        spread
        8  3/3      4.076 ms   4.060 ms   4.244 ms  4.512%
       16  3/3      5.863 ms   5.827 ms   6.077 ms  4.266%
       32  3/3     11.268 ms  11.250 ms  11.401 ms  1.346%
       64  3/3     13.238 ms  13.236 ms  13.328 ms  0.693%
      128  3/3     15.485 ms  15.482 ms  15.653 ms  1.108%
      256  3/3     18.038 ms  17.921 ms  18.103 ms  1.006%

Hex.RowReduceBench.Field.height16DeficientSolve    expected complexity: n ^ 2    [warm cache]
  env: lean=4.34.0-rc2, os=linux, arch=x86_64, commit=f589e37-dirty, 2026-09-12T21:44:20Z, host=chungus2
  param  per-call   repeats  C
      8   4.181 ms  ×2^5     C=61385.076 [trial 1/3] †
     16   6.220 ms  ×2^5     C=21030.894 [trial 1/3]
     32  11.839 ms  ×2^4     C=10038.209 [trial 1/3]
     64  12.163 ms  ×2^4     C= 2893.004 [trial 1/3]
    128  12.476 ms  ×2^4     C=  857.469 [trial 1/3]
    256  16.800 ms  ×2^3     C=  252.356 [trial 1/3]
      8   3.929 ms  ×2^5     C=61385.076 [trial 2/3] †
     16   5.384 ms  ×2^5     C=21030.894 [trial 2/3]
     32  10.279 ms  ×2^4     C=10038.209 [trial 2/3]
     64  11.850 ms  ×2^4     C= 2893.004 [trial 2/3]
    128  14.059 ms  ×2^3     C=  857.469 [trial 2/3]
    256  16.513 ms  ×2^3     C=  252.356 [trial 2/3]
      8   3.894 ms  ×2^5     C=61385.076 [trial 3/3] †
     16   5.276 ms  ×2^5     C=21030.894 [trial 3/3]
     32  10.194 ms  ×2^4     C=10038.209 [trial 3/3]
     64  11.650 ms  ×2^4     C= 2893.004 [trial 3/3]
    128  14.049 ms  ×2^3     C=  857.469 [trial 3/3]
    256  16.538 ms  ×2^3     C=  252.356 [trial 3/3]
  verdict: inconclusive (cMin=252.356, cMax=21030.894, β=-1.631, looks faster than declared by ~n^1.631)
  per-spawn floor (harness self-measurement): 269.194 ms
  peak RSS: 65_176 kB..66_564 kB (across 18 ok row(s))
  trial summaries (3 trials per param; spread = (max-min)/median):
    param  trials  median     min        max        spread 
        8  3/3      3.929 ms   3.894 ms   4.181 ms  7.297% 
       16  3/3      5.384 ms   5.276 ms   6.220 ms  17.523%
       32  3/3     10.279 ms  10.194 ms  11.839 ms  15.995%
       64  3/3     11.850 ms  11.650 ms  12.163 ms  4.327% 
      128  3/3     14.049 ms  12.476 ms  14.059 ms  11.268%
      256  3/3     16.538 ms  16.513 ms  16.800 ms  1.731% 

Hex.RowReduceBench.Field.height16DeficientOption    expected complexity: n ^ 2    [warm cache]
  env: lean=4.34.0-rc2, os=linux, arch=x86_64, commit=f589e37-dirty, 2026-09-12T21:44:29Z, host=chungus2
  param  per-call   repeats  C
      8   3.875 ms  ×2^5     C=61342.761 [trial 1/3] †
     16   5.278 ms  ×2^5     C=20617.723 [trial 1/3]
     32  10.169 ms  ×2^4     C=10016.501 [trial 1/3]
     64  11.869 ms  ×2^4     C= 2897.628 [trial 1/3]
    128  14.059 ms  ×2^3     C=  834.846 [trial 1/3]
    256  16.636 ms  ×2^3     C=  253.840 [trial 1/3]
      8   3.926 ms  ×2^5     C=61342.761 [trial 2/3] †
     16   5.409 ms  ×2^5     C=20617.723 [trial 2/3]
     32  10.257 ms  ×2^4     C=10016.501 [trial 2/3]
     64  12.415 ms  ×2^4     C= 2897.628 [trial 2/3]
    128  13.678 ms  ×2^4     C=  834.846 [trial 2/3]
    256  16.886 ms  ×2^3     C=  253.840 [trial 2/3]
      8   3.963 ms  ×2^5     C=61342.761 [trial 3/3] †
     16   5.275 ms  ×2^5     C=20617.723 [trial 3/3]
     32  10.405 ms  ×2^4     C=10016.501 [trial 3/3]
     64  10.830 ms  ×2^4     C= 2897.628 [trial 3/3]
    128  12.971 ms  ×2^4     C=  834.846 [trial 3/3]
    256  15.258 ms  ×2^3     C=  253.840 [trial 3/3]
  verdict: inconclusive (cMin=253.840, cMax=20617.723, β=-1.627, looks faster than declared by ~n^1.627)
  per-spawn floor (harness self-measurement): 259.775 ms
  peak RSS: 65_036 kB..66_576 kB (across 18 ok row(s))
  trial summaries (3 trials per param; spread = (max-min)/median):
    param  trials  median     min        max        spread 
        8  3/3      3.926 ms   3.875 ms   3.963 ms  2.239% 
       16  3/3      5.278 ms   5.275 ms   5.409 ms  2.529% 
       32  3/3     10.257 ms  10.169 ms  10.405 ms  2.294% 
       64  3/3     11.869 ms  10.830 ms  12.415 ms  13.351%
      128  3/3     13.678 ms  12.971 ms  14.059 ms  7.955% 
      256  3/3     16.636 ms  15.258 ms  16.886 ms  9.786% 

Hex.RowReduceBench.Field.height16DeficientInverse    expected complexity: n ^ 2    [warm cache]
  env: lean=4.34.0-rc2, os=linux, arch=x86_64, commit=f589e37-dirty, 2026-09-12T21:44:37Z, host=chungus2
  param  per-call   repeats  C
      8   3.614 ms  ×2^6     C=56476.415 [trial 1/3] †
     16   4.991 ms  ×2^5     C=19512.325 [trial 1/3]
     32   9.623 ms  ×2^4     C= 9320.569 [trial 1/3]
     64  10.915 ms  ×2^4     C= 2712.885 [trial 1/3]
    128  12.989 ms  ×2^4     C=  797.603 [trial 1/3]
    256  14.958 ms  ×2^3     C=  228.238 [trial 1/3]
      8   3.603 ms  ×2^5     C=56476.415 [trial 2/3] †
     16   4.995 ms  ×2^5     C=19512.325 [trial 2/3]
     32   9.520 ms  ×2^4     C= 9320.569 [trial 2/3]
     64  11.112 ms  ×2^4     C= 2712.885 [trial 2/3]
    128  13.068 ms  ×2^4     C=  797.603 [trial 2/3]
    256  15.035 ms  ×2^3     C=  228.238 [trial 2/3]
      8   3.624 ms  ×2^5     C=56476.415 [trial 3/3] †
     16   5.144 ms  ×2^5     C=19512.325 [trial 3/3]
     32   9.544 ms  ×2^4     C= 9320.569 [trial 3/3]
     64  11.112 ms  ×2^4     C= 2712.885 [trial 3/3]
    128  13.079 ms  ×2^4     C=  797.603 [trial 3/3]
    256  14.957 ms  ×2^3     C=  228.238 [trial 3/3]
  verdict: inconclusive (cMin=228.238, cMax=19512.325, β=-1.638, looks faster than declared by ~n^1.638)
  per-spawn floor (harness self-measurement): 281.361 ms
  peak RSS: 64_364 kB..66_564 kB (across 18 ok row(s))
  trial summaries (3 trials per param; spread = (max-min)/median):
    param  trials  median     min        max        spread
        8  3/3      3.614 ms   3.603 ms   3.624 ms  0.576%
       16  3/3      4.995 ms   4.991 ms   5.144 ms  3.049%
       32  3/3      9.544 ms   9.520 ms   9.623 ms  1.077%
       64  3/3     11.112 ms  10.915 ms  11.112 ms  1.771%
      128  3/3     13.068 ms  12.989 ms  13.079 ms  0.694%
      256  3/3     14.958 ms  14.957 ms  15.035 ms  0.519%

Hex.RowReduceBench.Field.height16HalfSolve    expected complexity: n ^ 2    [warm cache]
  env: lean=4.34.0-rc2, os=linux, arch=x86_64, commit=f589e37-dirty, 2026-09-12T21:44:45Z, host=chungus2
  param  per-call  repeats  C
      8  1.792 ms  ×2^6     C=28001.407 [trial 1/3] †
     16  2.213 ms  ×2^6     C= 8731.021 [trial 1/3]
     32  4.069 ms  ×2^5     C= 3937.418 [trial 1/3]
     64  4.728 ms  ×2^5     C= 1148.246 [trial 1/3]
    128  5.509 ms  ×2^5     C=  334.546 [trial 1/3]
    256  6.319 ms  ×2^5     C=   95.488 [trial 1/3]
      8  1.788 ms  ×2^6     C=28001.407 [trial 2/3] †
     16  2.235 ms  ×2^6     C= 8731.021 [trial 2/3]
     32  4.032 ms  ×2^5     C= 3937.418 [trial 2/3]
     64  4.691 ms  ×2^5     C= 1148.246 [trial 2/3]
    128  5.481 ms  ×2^5     C=  334.546 [trial 2/3]
    256  6.258 ms  ×2^5     C=   95.488 [trial 2/3]
      8  1.809 ms  ×2^6     C=28001.407 [trial 3/3] †
     16  2.239 ms  ×2^6     C= 8731.021 [trial 3/3]
     32  4.013 ms  ×2^5     C= 3937.418 [trial 3/3]
     64  4.703 ms  ×2^5     C= 1148.246 [trial 3/3]
    128  5.469 ms  ×2^5     C=  334.546 [trial 3/3]
    256  6.237 ms  ×2^5     C=   95.488 [trial 3/3]
  verdict: inconclusive (cMin=95.488, cMax=8731.021, β=-1.659, looks faster than declared by ~n^1.659)
  per-spawn floor (harness self-measurement): 262.453 ms
  peak RSS: 64_628 kB..66_560 kB (across 18 ok row(s))
  trial summaries (3 trials per param; spread = (max-min)/median):
    param  trials  median    min       max       spread
        8  3/3     1.792 ms  1.788 ms  1.809 ms  1.149%
       16  3/3     2.235 ms  2.213 ms  2.239 ms  1.148%
       32  3/3     4.032 ms  4.013 ms  4.069 ms  1.368%
       64  3/3     4.703 ms  4.691 ms  4.728 ms  0.775%
      128  3/3     5.481 ms  5.469 ms  5.509 ms  0.736%
      256  3/3     6.258 ms  6.237 ms  6.319 ms  1.313%

Hex.RowReduceBench.Field.height16HalfOption    expected complexity: n ^ 2    [warm cache]
  env: lean=4.34.0-rc2, os=linux, arch=x86_64, commit=f589e37-dirty, 2026-09-12T21:44:53Z, host=chungus2
  param  per-call  repeats  C
      8  1.761 ms  ×2^6     C=28113.810 [trial 1/3] †
     16  2.213 ms  ×2^6     C= 8722.894 [trial 1/3]
     32  4.059 ms  ×2^5     C= 3963.664 [trial 1/3]
     64  4.764 ms  ×2^5     C= 1163.089 [trial 1/3]
    128  5.461 ms  ×2^5     C=  333.426 [trial 1/3]
    256  6.337 ms  ×2^5     C=   96.699 [trial 1/3]
      8  1.803 ms  ×2^6     C=28113.810 [trial 2/3] †
     16  2.233 ms  ×2^6     C= 8722.894 [trial 2/3]
     32  4.052 ms  ×2^5     C= 3963.664 [trial 2/3]
     64  4.665 ms  ×2^5     C= 1163.089 [trial 2/3]
    128  5.463 ms  ×2^5     C=  333.426 [trial 2/3]
    256  6.281 ms  ×2^5     C=   96.699 [trial 2/3]
      8  1.799 ms  ×2^6     C=28113.810 [trial 3/3] †
     16  2.291 ms  ×2^6     C= 8722.894 [trial 3/3]
     32  4.249 ms  ×2^5     C= 3963.664 [trial 3/3]
     64  5.217 ms  ×2^5     C= 1163.089 [trial 3/3]
    128  5.737 ms  ×2^5     C=  333.426 [trial 3/3]
    256  6.566 ms  ×2^5     C=   96.699 [trial 3/3]
  verdict: inconclusive (cMin=96.699, cMax=8722.894, β=-1.656, looks faster than declared by ~n^1.656)
  per-spawn floor (harness self-measurement): 259.341 ms
  peak RSS: 64_332 kB..66_540 kB (across 18 ok row(s))
  trial summaries (3 trials per param; spread = (max-min)/median):
    param  trials  median    min       max       spread 
        8  3/3     1.799 ms  1.761 ms  1.803 ms  2.343% 
       16  3/3     2.233 ms  2.213 ms  2.291 ms  3.500% 
       32  3/3     4.059 ms  4.052 ms  4.249 ms  4.847% 
       64  3/3     4.764 ms  4.665 ms  5.217 ms  11.591%
      128  3/3     5.463 ms  5.461 ms  5.737 ms  5.056% 
      256  3/3     6.337 ms  6.281 ms  6.566 ms  4.500% 

Hex.RowReduceBench.Field.height16HalfInverse    expected complexity: n ^ 2    [warm cache]
  env: lean=4.34.0-rc2, os=linux, arch=x86_64, commit=f589e37-dirty, 2026-09-12T21:45:01Z, host=chungus2
  param  per-call  repeats  C
      8  1.597 ms  ×2^7     C=24958.379 [trial 1/3] †
     16  2.025 ms  ×2^6     C= 7908.724 [trial 1/3]
     32  3.858 ms  ×2^5     C= 3767.322 [trial 1/3]
     64  4.511 ms  ×2^5     C= 1183.484 [trial 1/3]
    128  5.026 ms  ×2^5     C=  347.914 [trial 1/3]
    256  5.626 ms  ×2^5     C=   96.675 [trial 1/3]
      8  1.562 ms  ×2^7     C=24958.379 [trial 2/3] †
     16  1.970 ms  ×2^6     C= 7908.724 [trial 2/3]
     32  3.693 ms  ×2^5     C= 3767.322 [trial 2/3]
     64  4.848 ms  ×2^6     C= 1183.484 [trial 2/3]
    128  5.706 ms  ×2^5     C=  347.914 [trial 2/3]
    256  6.415 ms  ×2^5     C=   96.675 [trial 2/3]
      8  1.805 ms  ×2^6     C=24958.379 [trial 3/3] †
     16  2.266 ms  ×2^6     C= 7908.724 [trial 3/3]
     32  4.306 ms  ×2^5     C= 3767.322 [trial 3/3]
     64  4.919 ms  ×2^5     C= 1183.484 [trial 3/3]
    128  5.700 ms  ×2^5     C=  347.914 [trial 3/3]
    256  6.336 ms  ×2^5     C=   96.675 [trial 3/3]
  verdict: inconclusive (cMin=96.675, cMax=7908.724, β=-1.615, looks faster than declared by ~n^1.615)
  per-spawn floor (harness self-measurement): 268.772 ms
  peak RSS: 64_620 kB..66_524 kB (across 18 ok row(s))
  trial summaries (3 trials per param; spread = (max-min)/median):
    param  trials  median    min       max       spread 
        8  3/3     1.597 ms  1.562 ms  1.805 ms  15.186%
       16  3/3     2.025 ms  1.970 ms  2.266 ms  14.620%
       32  3/3     3.858 ms  3.693 ms  4.306 ms  15.901%
       64  3/3     4.848 ms  4.511 ms  4.919 ms  8.418% 
      128  3/3     5.700 ms  5.026 ms  5.706 ms  11.928%
      256  3/3     6.336 ms  5.626 ms  6.415 ms  12.461%

Hex.RowReduceBench.Field.height16DeficientErrorSolve    expected complexity: n ^ 2    [warm cache]
  env: lean=4.34.0-rc2, os=linux, arch=x86_64, commit=f589e37-dirty, 2026-09-12T21:45:10Z, host=chungus2
  param  per-call   repeats  C
      8   4.390 ms  ×2^5     C=68142.472 [trial 1/3] †
     16   6.131 ms  ×2^5     C=23948.841 [trial 1/3]
     32  11.849 ms  ×2^4     C=11615.507 [trial 1/3]
     64  13.761 ms  ×2^3     C= 3359.653 [trial 1/3]
    128  16.085 ms  ×2^3     C=  981.768 [trial 1/3]
    256  18.879 ms  ×2^3     C=  285.358 [trial 1/3]
      8   4.361 ms  ×2^5     C=68142.472 [trial 2/3] †
     16   6.164 ms  ×2^5     C=23948.841 [trial 2/3]
     32  11.900 ms  ×2^4     C=11615.507 [trial 2/3]
     64  13.831 ms  ×2^3     C= 3359.653 [trial 2/3]
    128  16.136 ms  ×2^3     C=  981.768 [trial 2/3]
    256  18.701 ms  ×2^3     C=  285.358 [trial 2/3]
      8   4.285 ms  ×2^5     C=68142.472 [trial 3/3] †
     16   6.087 ms  ×2^5     C=23948.841 [trial 3/3]
     32  11.894 ms  ×2^4     C=11615.507 [trial 3/3]
     64  13.621 ms  ×2^4     C= 3359.653 [trial 3/3]
    128  15.983 ms  ×2^3     C=  981.768 [trial 3/3]
    256  18.651 ms  ×2^3     C=  285.358 [trial 3/3]
  verdict: inconclusive (cMin=285.358, cMax=23948.841, β=-1.635, looks faster than declared by ~n^1.635)
  per-spawn floor (harness self-measurement): 305.162 ms
  peak RSS: 64_652 kB..66_552 kB (across 18 ok row(s))
  trial summaries (3 trials per param; spread = (max-min)/median):
    param  trials  median     min        max        spread
        8  3/3      4.361 ms   4.285 ms   4.390 ms  2.398%
       16  3/3      6.131 ms   6.087 ms   6.164 ms  1.259%
       32  3/3     11.894 ms  11.849 ms  11.900 ms  0.428%
       64  3/3     13.761 ms  13.621 ms  13.831 ms  1.526%
      128  3/3     16.085 ms  15.983 ms  16.136 ms  0.951%
      256  3/3     18.701 ms  18.651 ms  18.879 ms  1.220%

Hex.RowReduceBench.Field.height16DeficientErrorOption    expected complexity: n ^ 2    [warm cache]
  env: lean=4.34.0-rc2, os=linux, arch=x86_64, commit=f589e37-dirty, 2026-09-12T21:45:19Z, host=chungus2
  param  per-call   repeats  C
      8   4.230 ms  ×2^5     C=67346.119 [trial 1/3] †
     16   6.206 ms  ×2^5     C=24028.910 [trial 1/3]
     32  11.536 ms  ×2^4     C=11265.870 [trial 1/3]
     64  13.630 ms  ×2^4     C= 3327.545 [trial 1/3]
    128  15.944 ms  ×2^3     C=  973.114 [trial 1/3]
    256  18.804 ms  ×2^3     C=  287.820 [trial 1/3]
      8   4.310 ms  ×2^5     C=67346.119 [trial 2/3] †
     16   6.151 ms  ×2^5     C=24028.910 [trial 2/3]
     32  12.139 ms  ×2^4     C=11265.870 [trial 2/3]
     64  13.707 ms  ×2^3     C= 3327.545 [trial 2/3]
    128  16.224 ms  ×2^3     C=  973.114 [trial 2/3]
    256  18.863 ms  ×2^3     C=  287.820 [trial 2/3]
      8   4.439 ms  ×2^5     C=67346.119 [trial 3/3] †
     16   4.835 ms  ×2^5     C=24028.910 [trial 3/3]
     32  10.224 ms  ×2^4     C=11265.870 [trial 3/3]
     64  11.994 ms  ×2^4     C= 3327.545 [trial 3/3]
    128  14.235 ms  ×2^3     C=  973.114 [trial 3/3]
    256  18.953 ms  ×2^3     C=  287.820 [trial 3/3]
  verdict: inconclusive (cMin=287.820, cMax=24028.910, β=-1.630, looks faster than declared by ~n^1.630)
  per-spawn floor (harness self-measurement): 299.818 ms
  peak RSS: 64_960 kB..66_508 kB (across 18 ok row(s))
  trial summaries (3 trials per param; spread = (max-min)/median):
    param  trials  median     min        max        spread 
        8  3/3      4.310 ms   4.230 ms   4.439 ms  4.863% 
       16  3/3      6.151 ms   4.835 ms   6.206 ms  22.288%
       32  3/3     11.536 ms  10.224 ms  12.139 ms  16.595%
       64  3/3     13.630 ms  11.994 ms  13.707 ms  12.573%
      128  3/3     15.944 ms  14.235 ms  16.224 ms  12.474%
      256  3/3     18.863 ms  18.804 ms  18.953 ms  0.789% 

Hex.RowReduceBench.Field.height16HalfErrorSolve    expected complexity: n ^ 2    [warm cache]
  env: lean=4.34.0-rc2, os=linux, arch=x86_64, commit=f589e37-dirty, 2026-09-12T21:45:29Z, host=chungus2
  param  per-call  repeats  C
      8  1.954 ms  ×2^6     C=26778.001 [trial 1/3] †
     16  2.446 ms  ×2^6     C= 8133.112 [trial 1/3]
     32  4.172 ms  ×2^5     C= 4074.036 [trial 1/3]
     64  4.635 ms  ×2^5     C= 1054.304 [trial 1/3]
    128  5.302 ms  ×2^5     C=  329.656 [trial 1/3]
    256  6.191 ms  ×2^5     C=   94.407 [trial 1/3]
      8  1.714 ms  ×2^6     C=26778.001 [trial 2/3] †
     16  1.955 ms  ×2^6     C= 8133.112 [trial 2/3]
     32  3.608 ms  ×2^5     C= 4074.036 [trial 2/3]
     64  4.303 ms  ×2^5     C= 1054.304 [trial 2/3]
    128  5.487 ms  ×2^5     C=  329.656 [trial 2/3]
    256  6.187 ms  ×2^5     C=   94.407 [trial 2/3]
      8  1.688 ms  ×2^7     C=26778.001 [trial 3/3] †
     16  2.082 ms  ×2^6     C= 8133.112 [trial 3/3]
     32  4.261 ms  ×2^5     C= 4074.036 [trial 3/3]
     64  4.318 ms  ×2^5     C= 1054.304 [trial 3/3]
    128  5.401 ms  ×2^5     C=  329.656 [trial 3/3]
    256  6.172 ms  ×2^5     C=   94.407 [trial 3/3]
  verdict: inconclusive (cMin=94.407, cMax=8133.112, β=-1.648, looks faster than declared by ~n^1.648)
  per-spawn floor (harness self-measurement): 304.217 ms
  peak RSS: 64_356 kB..66_548 kB (across 18 ok row(s))
  trial summaries (3 trials per param; spread = (max-min)/median):
    param  trials  median    min       max       spread 
        8  3/3     1.714 ms  1.688 ms  1.954 ms  15.527%
       16  3/3     2.082 ms  1.955 ms  2.446 ms  23.604%
       32  3/3     4.172 ms  3.608 ms  4.261 ms  15.647%
       64  3/3     4.318 ms  4.303 ms  4.635 ms  7.698% 
      128  3/3     5.401 ms  5.302 ms  5.487 ms  3.438% 
      256  3/3     6.187 ms  6.172 ms  6.191 ms  0.320% 

Hex.RowReduceBench.Field.height16HalfErrorOption    expected complexity: n ^ 2    [warm cache]
  env: lean=4.34.0-rc2, os=linux, arch=x86_64, commit=f589e37-dirty, 2026-09-12T21:45:37Z, host=chungus2
  param  per-call  repeats  C
      8  1.680 ms  ×2^7     C=26200.395 [trial 1/3] †
     16  2.103 ms  ×2^6     C= 8213.588 [trial 1/3]
     32  3.730 ms  ×2^5     C= 3642.098 [trial 1/3]
     64  4.691 ms  ×2^5     C= 1124.978 [trial 1/3]
    128  5.694 ms  ×2^5     C=  328.044 [trial 1/3]
    256  6.228 ms  ×2^5     C=   96.775 [trial 1/3]
      8  1.677 ms  ×2^7     C=26200.395 [trial 2/3] †
     16  2.136 ms  ×2^6     C= 8213.588 [trial 2/3]
     32  3.977 ms  ×2^5     C= 3642.098 [trial 2/3]
     64  4.430 ms  ×2^5     C= 1124.978 [trial 2/3]
    128  5.230 ms  ×2^5     C=  328.044 [trial 2/3]
    256  6.532 ms  ×2^5     C=   96.775 [trial 2/3]
      8  1.555 ms  ×2^7     C=26200.395 [trial 3/3] †
     16  1.945 ms  ×2^6     C= 8213.588 [trial 3/3]
     32  3.583 ms  ×2^5     C= 3642.098 [trial 3/3]
     64  4.608 ms  ×2^5     C= 1124.978 [trial 3/3]
    128  5.375 ms  ×2^5     C=  328.044 [trial 3/3]
    256  6.342 ms  ×2^5     C=   96.775 [trial 3/3]
  verdict: inconclusive (cMin=96.775, cMax=8213.588, β=-1.629, looks faster than declared by ~n^1.629)
  per-spawn floor (harness self-measurement): 327.833 ms
  peak RSS: 61_744 kB..66_532 kB (across 18 ok row(s))
  trial summaries (3 trials per param; spread = (max-min)/median):
    param  trials  median    min       max       spread 
        8  3/3     1.677 ms  1.555 ms  1.680 ms  7.411% 
       16  3/3     2.103 ms  1.945 ms  2.136 ms  9.116% 
       32  3/3     3.730 ms  3.583 ms  3.977 ms  10.538%
       64  3/3     4.608 ms  4.430 ms  4.691 ms  5.659% 
      128  3/3     5.375 ms  5.230 ms  5.694 ms  8.631% 
      256  3/3     6.342 ms  6.228 ms  6.532 ms  4.780% 

Hex.RowReduceBench.Field.height16TallSolve    expected complexity: n ^ 2    [warm cache]
  env: lean=4.34.0-rc2, os=linux, arch=x86_64, commit=f589e37-dirty, 2026-09-12T21:45:45Z, host=chungus2
  param  per-call   repeats  C
      8   9.325 ms  ×2^4     C=150096.261 [trial 1/3] †
     16  12.121 ms  ×2^4     C= 48233.510 [trial 1/3]
     32  22.580 ms  ×2^3     C= 22297.940 [trial 1/3]
     64  25.841 ms  ×2^3     C=  6308.875 [trial 1/3]
    128  29.535 ms  ×2^2     C=  1817.572 [trial 1/3]
    256  33.426 ms  ×2^2     C=   514.702 [trial 1/3]
      8   9.606 ms  ×2^4     C=150096.261 [trial 2/3] †
     16  12.348 ms  ×2^4     C= 48233.510 [trial 2/3]
     32  22.933 ms  ×2^3     C= 22297.940 [trial 2/3]
     64  25.836 ms  ×2^3     C=  6308.875 [trial 2/3]
    128  29.779 ms  ×2^2     C=  1817.572 [trial 2/3]
    256  33.927 ms  ×2^2     C=   514.702 [trial 2/3]
      8   9.688 ms  ×2^4     C=150096.261 [trial 3/3] †
     16  12.394 ms  ×2^4     C= 48233.510 [trial 3/3]
     32  22.833 ms  ×2^3     C= 22297.940 [trial 3/3]
     64  26.137 ms  ×2^3     C=  6308.875 [trial 3/3]
    128  29.905 ms  ×2^2     C=  1817.572 [trial 3/3]
    256  33.732 ms  ×2^2     C=   514.702 [trial 3/3]
  verdict: inconclusive (cMin=514.702, cMax=48233.510, β=-1.672, looks faster than declared by ~n^1.672)
  per-spawn floor (harness self-measurement): 275.790 ms
  peak RSS: 64_328 kB..66_584 kB (across 18 ok row(s))
  trial summaries (3 trials per param; spread = (max-min)/median):
    param  trials  median     min        max        spread
        8  3/3      9.606 ms   9.325 ms   9.688 ms  3.783%
       16  3/3     12.348 ms  12.121 ms  12.394 ms  2.211%
       32  3/3     22.833 ms  22.580 ms  22.933 ms  1.548%
       64  3/3     25.841 ms  25.836 ms  26.137 ms  1.166%
      128  3/3     29.779 ms  29.535 ms  29.905 ms  1.244%
      256  3/3     33.732 ms  33.426 ms  33.927 ms  1.486%

Hex.RowReduceBench.Field.height16TallOption    expected complexity: n ^ 2    [warm cache]
  env: lean=4.34.0-rc2, os=linux, arch=x86_64, commit=f589e37-dirty, 2026-09-12T21:45:55Z, host=chungus2
  param  per-call   repeats  C
      8  10.010 ms  ×2^4     C=174092.031 [trial 1/3] †
     16  12.675 ms  ×2^4     C= 55770.416 [trial 1/3]
     32  26.679 ms  ×2^3     C= 26053.757 [trial 1/3]
     64  30.436 ms  ×2^2     C=  7363.684 [trial 1/3]
    128  34.708 ms  ×2^2     C=  2111.337 [trial 1/3]
    256  38.813 ms  ×2^2     C=   588.290 [trial 1/3]
      8  11.142 ms  ×2^4     C=174092.031 [trial 2/3] †
     16  14.501 ms  ×2^3     C= 55770.416 [trial 2/3]
     32  26.774 ms  ×2^3     C= 26053.757 [trial 2/3]
     64  30.162 ms  ×2^2     C=  7363.684 [trial 2/3]
    128  34.592 ms  ×2^2     C=  2111.337 [trial 2/3]
    256  38.554 ms  ×2^2     C=   588.290 [trial 2/3]
      8  11.153 ms  ×2^4     C=174092.031 [trial 3/3] †
     16  14.277 ms  ×2^3     C= 55770.416 [trial 3/3]
     32  23.077 ms  ×2^3     C= 26053.757 [trial 3/3]
     64  25.918 ms  ×2^3     C=  7363.684 [trial 3/3]
    128  31.837 ms  ×2^2     C=  2111.337 [trial 3/3]
    256  36.281 ms  ×2^2     C=   588.290 [trial 3/3]
  verdict: inconclusive (cMin=588.290, cMax=55770.416, β=-1.676, looks faster than declared by ~n^1.676)
  per-spawn floor (harness self-measurement): 266.987 ms
  peak RSS: 64_748 kB..66_524 kB (across 18 ok row(s))
  trial summaries (3 trials per param; spread = (max-min)/median):
    param  trials  median     min        max        spread 
        8  3/3     11.142 ms  10.010 ms  11.153 ms  10.257%
       16  3/3     14.277 ms  12.675 ms  14.501 ms  12.786%
       32  3/3     26.679 ms  23.077 ms  26.774 ms  13.857%
       64  3/3     30.162 ms  25.918 ms  30.436 ms  14.978%
      128  3/3     34.592 ms  31.837 ms  34.708 ms  8.298% 
      256  3/3     38.554 ms  36.281 ms  38.813 ms  6.567% 

Hex.RowReduceBench.Field.height16WideSolve    expected complexity: n ^ 2    [warm cache]
  env: lean=4.34.0-rc2, os=linux, arch=x86_64, commit=f589e37-dirty, 2026-09-12T21:46:05Z, host=chungus2
  param  per-call   repeats  C
      8   6.837 ms  ×2^4     C=105912.253 [trial 1/3] †
     16   9.854 ms  ×2^4     C= 37735.744 [trial 1/3]
     32  18.732 ms  ×2^3     C= 18281.634 [trial 1/3]
     64  21.782 ms  ×2^3     C=  5317.936 [trial 1/3]
    128  25.760 ms  ×2^3     C=  1561.335 [trial 1/3]
    256  29.801 ms  ×2^2     C=   454.734 [trial 1/3]
      8   6.732 ms  ×2^4     C=105912.253 [trial 2/3] †
     16   9.660 ms  ×2^4     C= 37735.744 [trial 2/3]
     32  18.165 ms  ×2^3     C= 18281.634 [trial 2/3]
     64  21.909 ms  ×2^3     C=  5317.936 [trial 2/3]
    128  25.548 ms  ×2^3     C=  1561.335 [trial 2/3]
    256  30.632 ms  ×2^2     C=   454.734 [trial 2/3]
      8   6.778 ms  ×2^5     C=105912.253 [trial 3/3] †
     16   9.505 ms  ×2^4     C= 37735.744 [trial 3/3]
     32  18.720 ms  ×2^3     C= 18281.634 [trial 3/3]
     64  21.176 ms  ×2^3     C=  5317.936 [trial 3/3]
    128  25.581 ms  ×2^3     C=  1561.335 [trial 3/3]
    256  28.573 ms  ×2^2     C=   454.734 [trial 3/3]
  verdict: inconclusive (cMin=454.734, cMax=37735.744, β=-1.630, looks faster than declared by ~n^1.630)
  per-spawn floor (harness self-measurement): 275.541 ms
  peak RSS: 64_912 kB..66_540 kB (across 18 ok row(s))
  trial summaries (3 trials per param; spread = (max-min)/median):
    param  trials  median     min        max        spread
        8  3/3      6.778 ms   6.732 ms   6.837 ms  1.549%
       16  3/3      9.660 ms   9.505 ms   9.854 ms  3.607%
       32  3/3     18.720 ms  18.165 ms  18.732 ms  3.029%
       64  3/3     21.782 ms  21.176 ms  21.909 ms  3.368%
      128  3/3     25.581 ms  25.548 ms  25.760 ms  0.829%
      256  3/3     29.801 ms  28.573 ms  30.632 ms  6.911%

Hex.RowReduceBench.Field.height16WideOption    expected complexity: n ^ 2    [warm cache]
  env: lean=4.34.0-rc2, os=linux, arch=x86_64, commit=f589e37-dirty, 2026-09-12T21:46:14Z, host=chungus2
  param  per-call   repeats  C
      8   6.639 ms  ×2^5     C=103727.429 [trial 1/3] †
     16   9.260 ms  ×2^4     C= 36172.195 [trial 1/3]
     32  17.558 ms  ×2^3     C= 17146.666 [trial 1/3]
     64  20.619 ms  ×2^3     C=  5033.881 [trial 1/3]
    128  24.423 ms  ×2^3     C=  1490.640 [trial 1/3]
    256  29.115 ms  ×2^2     C=   434.316 [trial 1/3]
      8   6.671 ms  ×2^5     C=103727.429 [trial 2/3] †
     16   9.138 ms  ×2^4     C= 36172.195 [trial 2/3]
     32  17.527 ms  ×2^3     C= 17146.666 [trial 2/3]
     64  20.646 ms  ×2^3     C=  5033.881 [trial 2/3]
    128  24.442 ms  ×2^3     C=  1490.640 [trial 2/3]
    256  28.447 ms  ×2^2     C=   434.316 [trial 2/3]
      8   6.634 ms  ×2^5     C=103727.429 [trial 3/3] †
     16   9.284 ms  ×2^4     C= 36172.195 [trial 3/3]
     32  17.604 ms  ×2^3     C= 17146.666 [trial 3/3]
     64  20.512 ms  ×2^3     C=  5033.881 [trial 3/3]
    128  24.346 ms  ×2^3     C=  1490.640 [trial 3/3]
    256  28.463 ms  ×2^2     C=   434.316 [trial 3/3]
  verdict: inconclusive (cMin=434.316, cMax=36172.195, β=-1.628, looks faster than declared by ~n^1.628)
  per-spawn floor (harness self-measurement): 259.938 ms
  peak RSS: 64_656 kB..66_164 kB (across 18 ok row(s))
  trial summaries (3 trials per param; spread = (max-min)/median):
    param  trials  median     min        max        spread
        8  3/3      6.639 ms   6.634 ms   6.671 ms  0.558%
       16  3/3      9.260 ms   9.138 ms   9.284 ms  1.578%
       32  3/3     17.558 ms  17.527 ms  17.604 ms  0.440%
       64  3/3     20.619 ms  20.512 ms  20.646 ms  0.652%
      128  3/3     24.423 ms  24.346 ms  24.442 ms  0.392%
      256  3/3     28.463 ms  28.447 ms  29.115 ms  2.348%

exported to /home/kim/worktrees/hex-dev/hex-dev-issue-10222/reports/bench-results/hex-row-reduce-fields-final.json
