AlgebraicRoot.mul: certification failed
backtrace:
.lake/build/bin/hexrealalgebraic_bench(+0x4ba0f45) [0x5d8eff764f45]
.lake/build/bin/hexrealalgebraic_bench(+0x4b97ad7) [0x5d8eff75bad7]
.lake/build/bin/hexrealalgebraic_bench(+0x4b97bbb) [0x5d8eff75bbbb]
.lake/build/bin/hexrealalgebraic_bench(+0xd8f173) [0x5d8efb953173]
.lake/build/bin/hexrealalgebraic_bench(+0xdba566) [0x5d8efb97e566]
.lake/build/bin/hexrealalgebraic_bench(+0xc286cc) [0x5d8efb7ec6cc]
.lake/build/bin/hexrealalgebraic_bench(+0xc2d8db) [0x5d8efb7f18db]
.lake/build/bin/hexrealalgebraic_bench(+0xc40e84) [0x5d8efb804e84]
.lake/build/bin/hexrealalgebraic_bench(+0x4ba5e00) [0x5d8eff769e00]
.lake/build/bin/hexrealalgebraic_bench(+0xe01b53) [0x5d8efb9c5b53]
.lake/build/bin/hexrealalgebraic_bench(+0xe022a8) [0x5d8efb9c62a8]
.lake/build/bin/hexrealalgebraic_bench(+0xe03309) [0x5d8efb9c7309]
.lake/build/bin/hexrealalgebraic_bench(+0xe663e1) [0x5d8efba2a3e1]
.lake/build/bin/hexrealalgebraic_bench(+0x4ba5e00) [0x5d8eff769e00]
.lake/build/bin/hexrealalgebraic_bench(+0x4ba68c1) [0x5d8eff76a8c1]
.lake/build/bin/hexrealalgebraic_bench(+0x4ba68c1) [0x5d8eff76a8c1]
.lake/build/bin/hexrealalgebraic_bench(+0x4ba689e) [0x5d8eff76a89e]
.lake/build/bin/hexrealalgebraic_bench(+0x4ba689e) [0x5d8eff76a89e]
.lake/build/bin/hexrealalgebraic_bench(+0x4ba689e) [0x5d8eff76a89e]
.lake/build/bin/hexrealalgebraic_bench(+0x4ba689e) [0x5d8eff76a89e]
.lake/build/bin/hexrealalgebraic_bench(+0x4ba689e) [0x5d8eff76a89e]
.lake/build/bin/hexrealalgebraic_bench(+0x4ba689e) [0x5d8eff76a89e]
.lake/build/bin/hexrealalgebraic_bench(+0x4ba689e) [0x5d8eff76a89e]
.lake/build/bin/hexrealalgebraic_bench(+0x4ba689e) [0x5d8eff76a89e]
.lake/build/bin/hexrealalgebraic_bench(+0x4ba689e) [0x5d8eff76a89e]
.lake/build/bin/hexrealalgebraic_bench(+0x4b87197) [0x5d8eff74b197]
.lake/build/bin/hexrealalgebraic_bench(+0x4b8780a) [0x5d8eff74b80a]
/nix/store/qqiqd3ah10x8hzsif4j1y4xc1miw23nx-glibc-2.42-67/lib/libc.so.6(+0x9ce53) [0x72a25fa9ce53]
/nix/store/qqiqd3ah10x8hzsif4j1y4xc1miw23nx-glibc-2.42-67/lib/libc.so.6(+0x12407c) [0x72a25fb2407c]
AlgebraicRoot.add: certification failed
backtrace:
.lake/build/bin/hexrealalgebraic_bench(+0x4ba0f45) [0x5d8eff764f45]
.lake/build/bin/hexrealalgebraic_bench(+0x4b97ad7) [0x5d8eff75bad7]
.lake/build/bin/hexrealalgebraic_bench(+0x4b97bbb) [0x5d8eff75bbbb]
.lake/build/bin/hexrealalgebraic_bench(+0xd8ef17) [0x5d8efb952f17]
.lake/build/bin/hexrealalgebraic_bench(+0xdba546) [0x5d8efb97e546]
.lake/build/bin/hexrealalgebraic_bench(+0xc2870a) [0x5d8efb7ec70a]
.lake/build/bin/hexrealalgebraic_bench(+0xc2d8db) [0x5d8efb7f18db]
.lake/build/bin/hexrealalgebraic_bench(+0xc40e84) [0x5d8efb804e84]
.lake/build/bin/hexrealalgebraic_bench(+0x4ba5e00) [0x5d8eff769e00]
.lake/build/bin/hexrealalgebraic_bench(+0xe01b53) [0x5d8efb9c5b53]
.lake/build/bin/hexrealalgebraic_bench(+0xe022a8) [0x5d8efb9c62a8]
.lake/build/bin/hexrealalgebraic_bench(+0xe03309) [0x5d8efb9c7309]
.lake/build/bin/hexrealalgebraic_bench(+0xe663e1) [0x5d8efba2a3e1]
.lake/build/bin/hexrealalgebraic_bench(+0x4ba5e00) [0x5d8eff769e00]
.lake/build/bin/hexrealalgebraic_bench(+0x4ba68c1) [0x5d8eff76a8c1]
.lake/build/bin/hexrealalgebraic_bench(+0x4ba68c1) [0x5d8eff76a8c1]
.lake/build/bin/hexrealalgebraic_bench(+0x4ba689e) [0x5d8eff76a89e]
.lake/build/bin/hexrealalgebraic_bench(+0x4ba689e) [0x5d8eff76a89e]
.lake/build/bin/hexrealalgebraic_bench(+0x4ba689e) [0x5d8eff76a89e]
.lake/build/bin/hexrealalgebraic_bench(+0x4ba689e) [0x5d8eff76a89e]
.lake/build/bin/hexrealalgebraic_bench(+0x4ba689e) [0x5d8eff76a89e]
.lake/build/bin/hexrealalgebraic_bench(+0x4ba689e) [0x5d8eff76a89e]
.lake/build/bin/hexrealalgebraic_bench(+0x4ba689e) [0x5d8eff76a89e]
.lake/build/bin/hexrealalgebraic_bench(+0x4ba689e) [0x5d8eff76a89e]
.lake/build/bin/hexrealalgebraic_bench(+0x4ba689e) [0x5d8eff76a89e]
.lake/build/bin/hexrealalgebraic_bench(+0x4b87197) [0x5d8eff74b197]
.lake/build/bin/hexrealalgebraic_bench(+0x4b8780a) [0x5d8eff74b80a]
/nix/store/qqiqd3ah10x8hzsif4j1y4xc1miw23nx-glibc-2.42-67/lib/libc.so.6(+0x9ce53) [0x72a25fa9ce53]
/nix/store/qqiqd3ah10x8hzsif4j1y4xc1miw23nx-glibc-2.42-67/lib/libc.so.6(+0x12407c) [0x72a25fb2407c]
AlgebraicRoot.mul: certification failed
backtrace:
.lake/build/bin/hexrealalgebraic_bench(+0x4ba0f45) [0x5d8eff764f45]
.lake/build/bin/hexrealalgebraic_bench(+0x4b97ad7) [0x5d8eff75bad7]
.lake/build/bin/hexrealalgebraic_bench(+0x4b97bbb) [0x5d8eff75bbbb]
.lake/build/bin/hexrealalgebraic_bench(+0xd8f173) [0x5d8efb953173]
.lake/build/bin/hexrealalgebraic_bench(+0xdaed99) [0x5d8efb972d99]
.lake/build/bin/hexrealalgebraic_bench(+0xdaed69) [0x5d8efb972d69]
.lake/build/bin/hexrealalgebraic_bench(+0xdaed69) [0x5d8efb972d69]
.lake/build/bin/hexrealalgebraic_bench(+0xdaf0e7) [0x5d8efb9730e7]
.lake/build/bin/hexrealalgebraic_bench(+0xc52fae) [0x5d8efb816fae]
.lake/build/bin/hexrealalgebraic_bench(+0xc5e91e) [0x5d8efb82291e]
.lake/build/bin/hexrealalgebraic_bench(+0x4ba5e00) [0x5d8eff769e00]
.lake/build/bin/hexrealalgebraic_bench(+0xe01b53) [0x5d8efb9c5b53]
.lake/build/bin/hexrealalgebraic_bench(+0xe022a8) [0x5d8efb9c62a8]
.lake/build/bin/hexrealalgebraic_bench(+0xe03309) [0x5d8efb9c7309]
.lake/build/bin/hexrealalgebraic_bench(+0xe663e1) [0x5d8efba2a3e1]
.lake/build/bin/hexrealalgebraic_bench(+0x4ba5e00) [0x5d8eff769e00]
.lake/build/bin/hexrealalgebraic_bench(+0x4ba68c1) [0x5d8eff76a8c1]
.lake/build/bin/hexrealalgebraic_bench(+0x4ba68c1) [0x5d8eff76a8c1]
.lake/build/bin/hexrealalgebraic_bench(+0x4ba689e) [0x5d8eff76a89e]
.lake/build/bin/hexrealalgebraic_bench(+0x4ba689e) [0x5d8eff76a89e]
.lake/build/bin/hexrealalgebraic_bench(+0x4ba689e) [0x5d8eff76a89e]
.lake/build/bin/hexrealalgebraic_bench(+0x4ba689e) [0x5d8eff76a89e]
.lake/build/bin/hexrealalgebraic_bench(+0x4ba689e) [0x5d8eff76a89e]
.lake/build/bin/hexrealalgebraic_bench(+0x4ba689e) [0x5d8eff76a89e]
.lake/build/bin/hexrealalgebraic_bench(+0x4ba689e) [0x5d8eff76a89e]
.lake/build/bin/hexrealalgebraic_bench(+0x4ba689e) [0x5d8eff76a89e]
.lake/build/bin/hexrealalgebraic_bench(+0x4ba689e) [0x5d8eff76a89e]
.lake/build/bin/hexrealalgebraic_bench(+0x4b87197) [0x5d8eff74b197]
.lake/build/bin/hexrealalgebraic_bench(+0x4b8780a) [0x5d8eff74b80a]
/nix/store/qqiqd3ah10x8hzsif4j1y4xc1miw23nx-glibc-2.42-67/lib/libc.so.6(+0x9ce53) [0x72a25fa9ce53]
/nix/store/qqiqd3ah10x8hzsif4j1y4xc1miw23nx-glibc-2.42-67/lib/libc.so.6(+0x12407c) [0x72a25fb2407c]
AlgebraicRoot.mul: certification failed
backtrace:
.lake/build/bin/hexrealalgebraic_bench(+0x4ba0f45) [0x5d8eff764f45]
.lake/build/bin/hexrealalgebraic_bench(+0x4b97ad7) [0x5d8eff75bad7]
.lake/build/bin/hexrealalgebraic_bench(+0x4b97bbb) [0x5d8eff75bbbb]
.lake/build/bin/hexrealalgebraic_bench(+0xd8f173) [0x5d8efb953173]
.lake/build/bin/hexrealalgebraic_bench(+0xdaed69) [0x5d8efb972d69]
.lake/build/bin/hexrealalgebraic_bench(+0xdaed69) [0x5d8efb972d69]
.lake/build/bin/hexrealalgebraic_bench(+0xdaf0e7) [0x5d8efb9730e7]
.lake/build/bin/hexrealalgebraic_bench(+0xc52fae) [0x5d8efb816fae]
.lake/build/bin/hexrealalgebraic_bench(+0xc5e91e) [0x5d8efb82291e]
.lake/build/bin/hexrealalgebraic_bench(+0x4ba5e00) [0x5d8eff769e00]
.lake/build/bin/hexrealalgebraic_bench(+0xe01b53) [0x5d8efb9c5b53]
.lake/build/bin/hexrealalgebraic_bench(+0xe022a8) [0x5d8efb9c62a8]
.lake/build/bin/hexrealalgebraic_bench(+0xe03309) [0x5d8efb9c7309]
.lake/build/bin/hexrealalgebraic_bench(+0xe663e1) [0x5d8efba2a3e1]
.lake/build/bin/hexrealalgebraic_bench(+0x4ba5e00) [0x5d8eff769e00]
.lake/build/bin/hexrealalgebraic_bench(+0x4ba68c1) [0x5d8eff76a8c1]
.lake/build/bin/hexrealalgebraic_bench(+0x4ba68c1) [0x5d8eff76a8c1]
.lake/build/bin/hexrealalgebraic_bench(+0x4ba689e) [0x5d8eff76a89e]
.lake/build/bin/hexrealalgebraic_bench(+0x4ba689e) [0x5d8eff76a89e]
.lake/build/bin/hexrealalgebraic_bench(+0x4ba689e) [0x5d8eff76a89e]
.lake/build/bin/hexrealalgebraic_bench(+0x4ba689e) [0x5d8eff76a89e]
.lake/build/bin/hexrealalgebraic_bench(+0x4ba689e) [0x5d8eff76a89e]
.lake/build/bin/hexrealalgebraic_bench(+0x4ba689e) [0x5d8eff76a89e]
.lake/build/bin/hexrealalgebraic_bench(+0x4ba689e) [0x5d8eff76a89e]
.lake/build/bin/hexrealalgebraic_bench(+0x4ba689e) [0x5d8eff76a89e]
.lake/build/bin/hexrealalgebraic_bench(+0x4ba689e) [0x5d8eff76a89e]
.lake/build/bin/hexrealalgebraic_bench(+0x4b87197) [0x5d8eff74b197]
.lake/build/bin/hexrealalgebraic_bench(+0x4b8780a) [0x5d8eff74b80a]
/nix/store/qqiqd3ah10x8hzsif4j1y4xc1miw23nx-glibc-2.42-67/lib/libc.so.6(+0x9ce53) [0x72a25fa9ce53]
/nix/store/qqiqd3ah10x8hzsif4j1y4xc1miw23nx-glibc-2.42-67/lib/libc.so.6(+0x12407c) [0x72a25fb2407c]
AlgebraicRoot.mul: certification failed
backtrace:
.lake/build/bin/hexrealalgebraic_bench(+0x4ba0f45) [0x5d8eff764f45]
.lake/build/bin/hexrealalgebraic_bench(+0x4b97ad7) [0x5d8eff75bad7]
.lake/build/bin/hexrealalgebraic_bench(+0x4b97bbb) [0x5d8eff75bbbb]
.lake/build/bin/hexrealalgebraic_bench(+0xd8f173) [0x5d8efb953173]
.lake/build/bin/hexrealalgebraic_bench(+0xdaed99) [0x5d8efb972d99]
.lake/build/bin/hexrealalgebraic_bench(+0xdaed69) [0x5d8efb972d69]
.lake/build/bin/hexrealalgebraic_bench(+0xdaf0e7) [0x5d8efb9730e7]
.lake/build/bin/hexrealalgebraic_bench(+0xc52fae) [0x5d8efb816fae]
.lake/build/bin/hexrealalgebraic_bench(+0xc5e91e) [0x5d8efb82291e]
.lake/build/bin/hexrealalgebraic_bench(+0x4ba5e00) [0x5d8eff769e00]
.lake/build/bin/hexrealalgebraic_bench(+0xe01b53) [0x5d8efb9c5b53]
.lake/build/bin/hexrealalgebraic_bench(+0xe022a8) [0x5d8efb9c62a8]
.lake/build/bin/hexrealalgebraic_bench(+0xe03309) [0x5d8efb9c7309]
.lake/build/bin/hexrealalgebraic_bench(+0xe663e1) [0x5d8efba2a3e1]
.lake/build/bin/hexrealalgebraic_bench(+0x4ba5e00) [0x5d8eff769e00]
.lake/build/bin/hexrealalgebraic_bench(+0x4ba68c1) [0x5d8eff76a8c1]
.lake/build/bin/hexrealalgebraic_bench(+0x4ba68c1) [0x5d8eff76a8c1]
.lake/build/bin/hexrealalgebraic_bench(+0x4ba689e) [0x5d8eff76a89e]
.lake/build/bin/hexrealalgebraic_bench(+0x4ba689e) [0x5d8eff76a89e]
.lake/build/bin/hexrealalgebraic_bench(+0x4ba689e) [0x5d8eff76a89e]
.lake/build/bin/hexrealalgebraic_bench(+0x4ba689e) [0x5d8eff76a89e]
.lake/build/bin/hexrealalgebraic_bench(+0x4ba689e) [0x5d8eff76a89e]
.lake/build/bin/hexrealalgebraic_bench(+0x4ba689e) [0x5d8eff76a89e]
.lake/build/bin/hexrealalgebraic_bench(+0x4ba689e) [0x5d8eff76a89e]
.lake/build/bin/hexrealalgebraic_bench(+0x4ba689e) [0x5d8eff76a89e]
.lake/build/bin/hexrealalgebraic_bench(+0x4ba689e) [0x5d8eff76a89e]
.lake/build/bin/hexrealalgebraic_bench(+0x4b87197) [0x5d8eff74b197]
.lake/build/bin/hexrealalgebraic_bench(+0x4b8780a) [0x5d8eff74b80a]
/nix/store/qqiqd3ah10x8hzsif4j1y4xc1miw23nx-glibc-2.42-67/lib/libc.so.6(+0x9ce53) [0x72a25fa9ce53]
/nix/store/qqiqd3ah10x8hzsif4j1y4xc1miw23nx-glibc-2.42-67/lib/libc.so.6(+0x12407c) [0x72a25fb2407c]
AlgebraicRoot.mul: certification failed
backtrace:
.lake/build/bin/hexrealalgebraic_bench(+0x4ba0f45) [0x5d8eff764f45]
.lake/build/bin/hexrealalgebraic_bench(+0x4b97ad7) [0x5d8eff75bad7]
.lake/build/bin/hexrealalgebraic_bench(+0x4b97bbb) [0x5d8eff75bbbb]
.lake/build/bin/hexrealalgebraic_bench(+0xd8f173) [0x5d8efb953173]
.lake/build/bin/hexrealalgebraic_bench(+0xdaed69) [0x5d8efb972d69]
.lake/build/bin/hexrealalgebraic_bench(+0xdaf0e7) [0x5d8efb9730e7]
.lake/build/bin/hexrealalgebraic_bench(+0xc52fae) [0x5d8efb816fae]
.lake/build/bin/hexrealalgebraic_bench(+0xc5e91e) [0x5d8efb82291e]
.lake/build/bin/hexrealalgebraic_bench(+0x4ba5e00) [0x5d8eff769e00]
.lake/build/bin/hexrealalgebraic_bench(+0xe01b53) [0x5d8efb9c5b53]
.lake/build/bin/hexrealalgebraic_bench(+0xe022a8) [0x5d8efb9c62a8]
.lake/build/bin/hexrealalgebraic_bench(+0xe03309) [0x5d8efb9c7309]
.lake/build/bin/hexrealalgebraic_bench(+0xe663e1) [0x5d8efba2a3e1]
.lake/build/bin/hexrealalgebraic_bench(+0x4ba5e00) [0x5d8eff769e00]
.lake/build/bin/hexrealalgebraic_bench(+0x4ba68c1) [0x5d8eff76a8c1]
.lake/build/bin/hexrealalgebraic_bench(+0x4ba68c1) [0x5d8eff76a8c1]
.lake/build/bin/hexrealalgebraic_bench(+0x4ba689e) [0x5d8eff76a89e]
.lake/build/bin/hexrealalgebraic_bench(+0x4ba689e) [0x5d8eff76a89e]
.lake/build/bin/hexrealalgebraic_bench(+0x4ba689e) [0x5d8eff76a89e]
.lake/build/bin/hexrealalgebraic_bench(+0x4ba689e) [0x5d8eff76a89e]
.lake/build/bin/hexrealalgebraic_bench(+0x4ba689e) [0x5d8eff76a89e]
.lake/build/bin/hexrealalgebraic_bench(+0x4ba689e) [0x5d8eff76a89e]
.lake/build/bin/hexrealalgebraic_bench(+0x4ba689e) [0x5d8eff76a89e]
.lake/build/bin/hexrealalgebraic_bench(+0x4ba689e) [0x5d8eff76a89e]
.lake/build/bin/hexrealalgebraic_bench(+0x4ba689e) [0x5d8eff76a89e]
.lake/build/bin/hexrealalgebraic_bench(+0x4b87197) [0x5d8eff74b197]
.lake/build/bin/hexrealalgebraic_bench(+0x4b8780a) [0x5d8eff74b80a]
/nix/store/qqiqd3ah10x8hzsif4j1y4xc1miw23nx-glibc-2.42-67/lib/libc.so.6(+0x9ce53) [0x72a25fa9ce53]
/nix/store/qqiqd3ah10x8hzsif4j1y4xc1miw23nx-glibc-2.42-67/lib/libc.so.6(+0x12407c) [0x72a25fb2407c]
AlgebraicRoot.mul: certification failed
backtrace:
.lake/build/bin/hexrealalgebraic_bench(+0x4ba0f45) [0x5d8eff764f45]
.lake/build/bin/hexrealalgebraic_bench(+0x4b97ad7) [0x5d8eff75bad7]
.lake/build/bin/hexrealalgebraic_bench(+0x4b97bbb) [0x5d8eff75bbbb]
.lake/build/bin/hexrealalgebraic_bench(+0xd8f173) [0x5d8efb953173]
.lake/build/bin/hexrealalgebraic_bench(+0xdaed99) [0x5d8efb972d99]
.lake/build/bin/hexrealalgebraic_bench(+0xdaf0e7) [0x5d8efb9730e7]
.lake/build/bin/hexrealalgebraic_bench(+0xc52fae) [0x5d8efb816fae]
.lake/build/bin/hexrealalgebraic_bench(+0xc5e91e) [0x5d8efb82291e]
.lake/build/bin/hexrealalgebraic_bench(+0x4ba5e00) [0x5d8eff769e00]
.lake/build/bin/hexrealalgebraic_bench(+0xe01b53) [0x5d8efb9c5b53]
.lake/build/bin/hexrealalgebraic_bench(+0xe022a8) [0x5d8efb9c62a8]
.lake/build/bin/hexrealalgebraic_bench(+0xe03309) [0x5d8efb9c7309]
.lake/build/bin/hexrealalgebraic_bench(+0xe663e1) [0x5d8efba2a3e1]
.lake/build/bin/hexrealalgebraic_bench(+0x4ba5e00) [0x5d8eff769e00]
.lake/build/bin/hexrealalgebraic_bench(+0x4ba68c1) [0x5d8eff76a8c1]
.lake/build/bin/hexrealalgebraic_bench(+0x4ba68c1) [0x5d8eff76a8c1]
.lake/build/bin/hexrealalgebraic_bench(+0x4ba689e) [0x5d8eff76a89e]
.lake/build/bin/hexrealalgebraic_bench(+0x4ba689e) [0x5d8eff76a89e]
.lake/build/bin/hexrealalgebraic_bench(+0x4ba689e) [0x5d8eff76a89e]
.lake/build/bin/hexrealalgebraic_bench(+0x4ba689e) [0x5d8eff76a89e]
.lake/build/bin/hexrealalgebraic_bench(+0x4ba689e) [0x5d8eff76a89e]
.lake/build/bin/hexrealalgebraic_bench(+0x4ba689e) [0x5d8eff76a89e]
.lake/build/bin/hexrealalgebraic_bench(+0x4ba689e) [0x5d8eff76a89e]
.lake/build/bin/hexrealalgebraic_bench(+0x4ba689e) [0x5d8eff76a89e]
.lake/build/bin/hexrealalgebraic_bench(+0x4ba689e) [0x5d8eff76a89e]
.lake/build/bin/hexrealalgebraic_bench(+0x4b87197) [0x5d8eff74b197]
.lake/build/bin/hexrealalgebraic_bench(+0x4b8780a) [0x5d8eff74b80a]
/nix/store/qqiqd3ah10x8hzsif4j1y4xc1miw23nx-glibc-2.42-67/lib/libc.so.6(+0x9ce53) [0x72a25fa9ce53]
/nix/store/qqiqd3ah10x8hzsif4j1y4xc1miw23nx-glibc-2.42-67/lib/libc.so.6(+0x12407c) [0x72a25fb2407c]
AlgebraicRoot.mul: certification failed
backtrace:
.lake/build/bin/hexrealalgebraic_bench(+0x4ba0f45) [0x5d8eff764f45]
.lake/build/bin/hexrealalgebraic_bench(+0x4b97ad7) [0x5d8eff75bad7]
.lake/build/bin/hexrealalgebraic_bench(+0x4b97bbb) [0x5d8eff75bbbb]
.lake/build/bin/hexrealalgebraic_bench(+0xd8f173) [0x5d8efb953173]
.lake/build/bin/hexrealalgebraic_bench(+0xdaf0e7) [0x5d8efb9730e7]
.lake/build/bin/hexrealalgebraic_bench(+0xc52fae) [0x5d8efb816fae]
.lake/build/bin/hexrealalgebraic_bench(+0xc5e91e) [0x5d8efb82291e]
.lake/build/bin/hexrealalgebraic_bench(+0x4ba5e00) [0x5d8eff769e00]
.lake/build/bin/hexrealalgebraic_bench(+0xe01b53) [0x5d8efb9c5b53]
.lake/build/bin/hexrealalgebraic_bench(+0xe022a8) [0x5d8efb9c62a8]
.lake/build/bin/hexrealalgebraic_bench(+0xe03309) [0x5d8efb9c7309]
.lake/build/bin/hexrealalgebraic_bench(+0xe663e1) [0x5d8efba2a3e1]
.lake/build/bin/hexrealalgebraic_bench(+0x4ba5e00) [0x5d8eff769e00]
.lake/build/bin/hexrealalgebraic_bench(+0x4ba68c1) [0x5d8eff76a8c1]
.lake/build/bin/hexrealalgebraic_bench(+0x4ba68c1) [0x5d8eff76a8c1]
.lake/build/bin/hexrealalgebraic_bench(+0x4ba689e) [0x5d8eff76a89e]
.lake/build/bin/hexrealalgebraic_bench(+0x4ba689e) [0x5d8eff76a89e]
.lake/build/bin/hexrealalgebraic_bench(+0x4ba689e) [0x5d8eff76a89e]
.lake/build/bin/hexrealalgebraic_bench(+0x4ba689e) [0x5d8eff76a89e]
.lake/build/bin/hexrealalgebraic_bench(+0x4ba689e) [0x5d8eff76a89e]
.lake/build/bin/hexrealalgebraic_bench(+0x4ba689e) [0x5d8eff76a89e]
.lake/build/bin/hexrealalgebraic_bench(+0x4ba689e) [0x5d8eff76a89e]
.lake/build/bin/hexrealalgebraic_bench(+0x4ba689e) [0x5d8eff76a89e]
.lake/build/bin/hexrealalgebraic_bench(+0x4ba689e) [0x5d8eff76a89e]
.lake/build/bin/hexrealalgebraic_bench(+0x4b87197) [0x5d8eff74b197]
.lake/build/bin/hexrealalgebraic_bench(+0x4b8780a) [0x5d8eff74b80a]
/nix/store/qqiqd3ah10x8hzsif4j1y4xc1miw23nx-glibc-2.42-67/lib/libc.so.6(+0x9ce53) [0x72a25fa9ce53]
/nix/store/qqiqd3ah10x8hzsif4j1y4xc1miw23nx-glibc-2.42-67/lib/libc.so.6(+0x12407c) [0x72a25fb2407c]
AlgebraicRoot.add: certification failed
backtrace:
.lake/build/bin/hexrealalgebraic_bench(+0x4ba0f45) [0x5d8eff764f45]
.lake/build/bin/hexrealalgebraic_bench(+0x4b97ad7) [0x5d8eff75bad7]
.lake/build/bin/hexrealalgebraic_bench(+0x4b97bbb) [0x5d8eff75bbbb]
.lake/build/bin/hexrealalgebraic_bench(+0xd8ef17) [0x5d8efb952f17]
.lake/build/bin/hexrealalgebraic_bench(+0xdba546) [0x5d8efb97e546]
.lake/build/bin/hexrealalgebraic_bench(+0xc2a9a3) [0x5d8efb7ee9a3]
.lake/build/bin/hexrealalgebraic_bench(+0xc37664) [0x5d8efb7fb664]
.lake/build/bin/hexrealalgebraic_bench(+0x4ba5e00) [0x5d8eff769e00]
.lake/build/bin/hexrealalgebraic_bench(+0xe01b53) [0x5d8efb9c5b53]
.lake/build/bin/hexrealalgebraic_bench(+0xe022a8) [0x5d8efb9c62a8]
.lake/build/bin/hexrealalgebraic_bench(+0xe03309) [0x5d8efb9c7309]
.lake/build/bin/hexrealalgebraic_bench(+0xe663e1) [0x5d8efba2a3e1]
.lake/build/bin/hexrealalgebraic_bench(+0x4ba5e00) [0x5d8eff769e00]
.lake/build/bin/hexrealalgebraic_bench(+0x4ba68c1) [0x5d8eff76a8c1]
.lake/build/bin/hexrealalgebraic_bench(+0x4ba68c1) [0x5d8eff76a8c1]
.lake/build/bin/hexrealalgebraic_bench(+0x4ba689e) [0x5d8eff76a89e]
.lake/build/bin/hexrealalgebraic_bench(+0x4ba689e) [0x5d8eff76a89e]
.lake/build/bin/hexrealalgebraic_bench(+0x4ba689e) [0x5d8eff76a89e]
.lake/build/bin/hexrealalgebraic_bench(+0x4ba689e) [0x5d8eff76a89e]
.lake/build/bin/hexrealalgebraic_bench(+0x4ba689e) [0x5d8eff76a89e]
.lake/build/bin/hexrealalgebraic_bench(+0x4ba689e) [0x5d8eff76a89e]
.lake/build/bin/hexrealalgebraic_bench(+0x4ba689e) [0x5d8eff76a89e]
.lake/build/bin/hexrealalgebraic_bench(+0x4ba689e) [0x5d8eff76a89e]
.lake/build/bin/hexrealalgebraic_bench(+0x4ba689e) [0x5d8eff76a89e]
.lake/build/bin/hexrealalgebraic_bench(+0x4b87197) [0x5d8eff74b197]
.lake/build/bin/hexrealalgebraic_bench(+0x4b8780a) [0x5d8eff74b80a]
/nix/store/qqiqd3ah10x8hzsif4j1y4xc1miw23nx-glibc-2.42-67/lib/libc.so.6(+0x9ce53) [0x72a25fa9ce53]
/nix/store/qqiqd3ah10x8hzsif4j1y4xc1miw23nx-glibc-2.42-67/lib/libc.so.6(+0x12407c) [0x72a25fb2407c]
AlgebraicRoot.add: certification failed
backtrace:
.lake/build/bin/hexrealalgebraic_bench(+0x4ba0f45) [0x5d8eff764f45]
.lake/build/bin/hexrealalgebraic_bench(+0x4b97ad7) [0x5d8eff75bad7]
.lake/build/bin/hexrealalgebraic_bench(+0x4b97bbb) [0x5d8eff75bbbb]
.lake/build/bin/hexrealalgebraic_bench(+0xd8ef17) [0x5d8efb952f17]
.lake/build/bin/hexrealalgebraic_bench(+0xdba546) [0x5d8efb97e546]
.lake/build/bin/hexrealalgebraic_bench(+0xbdc1f2) [0x5d8efb7a01f2]
.lake/build/bin/hexrealalgebraic_bench(+0xbdcac5) [0x5d8efb7a0ac5]
.lake/build/bin/hexrealalgebraic_bench(+0xc01090) [0x5d8efb7c5090]
.lake/build/bin/hexrealalgebraic_bench(+0x4ba5e00) [0x5d8eff769e00]
.lake/build/bin/hexrealalgebraic_bench(+0xe01b53) [0x5d8efb9c5b53]
.lake/build/bin/hexrealalgebraic_bench(+0xe022a8) [0x5d8efb9c62a8]
.lake/build/bin/hexrealalgebraic_bench(+0xe03309) [0x5d8efb9c7309]
.lake/build/bin/hexrealalgebraic_bench(+0xe663e1) [0x5d8efba2a3e1]
.lake/build/bin/hexrealalgebraic_bench(+0x4ba5e00) [0x5d8eff769e00]
.lake/build/bin/hexrealalgebraic_bench(+0x4ba68c1) [0x5d8eff76a8c1]
.lake/build/bin/hexrealalgebraic_bench(+0x4ba68c1) [0x5d8eff76a8c1]
.lake/build/bin/hexrealalgebraic_bench(+0x4ba689e) [0x5d8eff76a89e]
.lake/build/bin/hexrealalgebraic_bench(+0x4ba689e) [0x5d8eff76a89e]
.lake/build/bin/hexrealalgebraic_bench(+0x4ba689e) [0x5d8eff76a89e]
.lake/build/bin/hexrealalgebraic_bench(+0x4ba689e) [0x5d8eff76a89e]
.lake/build/bin/hexrealalgebraic_bench(+0x4ba689e) [0x5d8eff76a89e]
.lake/build/bin/hexrealalgebraic_bench(+0x4ba689e) [0x5d8eff76a89e]
.lake/build/bin/hexrealalgebraic_bench(+0x4ba689e) [0x5d8eff76a89e]
.lake/build/bin/hexrealalgebraic_bench(+0x4ba689e) [0x5d8eff76a89e]
.lake/build/bin/hexrealalgebraic_bench(+0x4ba689e) [0x5d8eff76a89e]
.lake/build/bin/hexrealalgebraic_bench(+0x4b87197) [0x5d8eff74b197]
.lake/build/bin/hexrealalgebraic_bench(+0x4b8780a) [0x5d8eff74b80a]
/nix/store/qqiqd3ah10x8hzsif4j1y4xc1miw23nx-glibc-2.42-67/lib/libc.so.6(+0x9ce53) [0x72a25fa9ce53]
/nix/store/qqiqd3ah10x8hzsif4j1y4xc1miw23nx-glibc-2.42-67/lib/libc.so.6(+0x12407c) [0x72a25fb2407c]
AlgebraicRoot.mul: certification failed
backtrace:
.lake/build/bin/hexrealalgebraic_bench(+0x4ba0f45) [0x5d8eff764f45]
.lake/build/bin/hexrealalgebraic_bench(+0x4b97ad7) [0x5d8eff75bad7]
.lake/build/bin/hexrealalgebraic_bench(+0x4b97bbb) [0x5d8eff75bbbb]
.lake/build/bin/hexrealalgebraic_bench(+0xd8f173) [0x5d8efb953173]
.lake/build/bin/hexrealalgebraic_bench(+0xdba566) [0x5d8efb97e566]
.lake/build/bin/hexrealalgebraic_bench(+0xbdc216) [0x5d8efb7a0216]
.lake/build/bin/hexrealalgebraic_bench(+0xbdcac5) [0x5d8efb7a0ac5]
.lake/build/bin/hexrealalgebraic_bench(+0xc01090) [0x5d8efb7c5090]
.lake/build/bin/hexrealalgebraic_bench(+0x4ba5e00) [0x5d8eff769e00]
.lake/build/bin/hexrealalgebraic_bench(+0xe01b53) [0x5d8efb9c5b53]
.lake/build/bin/hexrealalgebraic_bench(+0xe022a8) [0x5d8efb9c62a8]
.lake/build/bin/hexrealalgebraic_bench(+0xe03309) [0x5d8efb9c7309]
.lake/build/bin/hexrealalgebraic_bench(+0xe663e1) [0x5d8efba2a3e1]
.lake/build/bin/hexrealalgebraic_bench(+0x4ba5e00) [0x5d8eff769e00]
.lake/build/bin/hexrealalgebraic_bench(+0x4ba68c1) [0x5d8eff76a8c1]
.lake/build/bin/hexrealalgebraic_bench(+0x4ba68c1) [0x5d8eff76a8c1]
.lake/build/bin/hexrealalgebraic_bench(+0x4ba689e) [0x5d8eff76a89e]
.lake/build/bin/hexrealalgebraic_bench(+0x4ba689e) [0x5d8eff76a89e]
.lake/build/bin/hexrealalgebraic_bench(+0x4ba689e) [0x5d8eff76a89e]
.lake/build/bin/hexrealalgebraic_bench(+0x4ba689e) [0x5d8eff76a89e]
.lake/build/bin/hexrealalgebraic_bench(+0x4ba689e) [0x5d8eff76a89e]
.lake/build/bin/hexrealalgebraic_bench(+0x4ba689e) [0x5d8eff76a89e]
.lake/build/bin/hexrealalgebraic_bench(+0x4ba689e) [0x5d8eff76a89e]
.lake/build/bin/hexrealalgebraic_bench(+0x4ba689e) [0x5d8eff76a89e]
.lake/build/bin/hexrealalgebraic_bench(+0x4ba689e) [0x5d8eff76a89e]
.lake/build/bin/hexrealalgebraic_bench(+0x4b87197) [0x5d8eff74b197]
.lake/build/bin/hexrealalgebraic_bench(+0x4b8780a) [0x5d8eff74b80a]
/nix/store/qqiqd3ah10x8hzsif4j1y4xc1miw23nx-glibc-2.42-67/lib/libc.so.6(+0x9ce53) [0x72a25fa9ce53]
/nix/store/qqiqd3ah10x8hzsif4j1y4xc1miw23nx-glibc-2.42-67/lib/libc.so.6(+0x12407c) [0x72a25fb2407c]
AlgebraicRoot.add: certification failed
backtrace:
.lake/build/bin/hexrealalgebraic_bench(+0x4ba0f45) [0x5d8eff764f45]
.lake/build/bin/hexrealalgebraic_bench(+0x4b97ad7) [0x5d8eff75bad7]
.lake/build/bin/hexrealalgebraic_bench(+0x4b97bbb) [0x5d8eff75bbbb]
.lake/build/bin/hexrealalgebraic_bench(+0xd8ef17) [0x5d8efb952f17]
.lake/build/bin/hexrealalgebraic_bench(+0xdba546) [0x5d8efb97e546]
.lake/build/bin/hexrealalgebraic_bench(+0xbdc221) [0x5d8efb7a0221]
.lake/build/bin/hexrealalgebraic_bench(+0xbdcac5) [0x5d8efb7a0ac5]
.lake/build/bin/hexrealalgebraic_bench(+0xc01090) [0x5d8efb7c5090]
.lake/build/bin/hexrealalgebraic_bench(+0x4ba5e00) [0x5d8eff769e00]
.lake/build/bin/hexrealalgebraic_bench(+0xe01b53) [0x5d8efb9c5b53]
.lake/build/bin/hexrealalgebraic_bench(+0xe022a8) [0x5d8efb9c62a8]
.lake/build/bin/hexrealalgebraic_bench(+0xe03309) [0x5d8efb9c7309]
.lake/build/bin/hexrealalgebraic_bench(+0xe663e1) [0x5d8efba2a3e1]
.lake/build/bin/hexrealalgebraic_bench(+0x4ba5e00) [0x5d8eff769e00]
.lake/build/bin/hexrealalgebraic_bench(+0x4ba68c1) [0x5d8eff76a8c1]
.lake/build/bin/hexrealalgebraic_bench(+0x4ba68c1) [0x5d8eff76a8c1]
.lake/build/bin/hexrealalgebraic_bench(+0x4ba689e) [0x5d8eff76a89e]
.lake/build/bin/hexrealalgebraic_bench(+0x4ba689e) [0x5d8eff76a89e]
.lake/build/bin/hexrealalgebraic_bench(+0x4ba689e) [0x5d8eff76a89e]
.lake/build/bin/hexrealalgebraic_bench(+0x4ba689e) [0x5d8eff76a89e]
.lake/build/bin/hexrealalgebraic_bench(+0x4ba689e) [0x5d8eff76a89e]
.lake/build/bin/hexrealalgebraic_bench(+0x4ba689e) [0x5d8eff76a89e]
.lake/build/bin/hexrealalgebraic_bench(+0x4ba689e) [0x5d8eff76a89e]
.lake/build/bin/hexrealalgebraic_bench(+0x4ba689e) [0x5d8eff76a89e]
.lake/build/bin/hexrealalgebraic_bench(+0x4ba689e) [0x5d8eff76a89e]
.lake/build/bin/hexrealalgebraic_bench(+0x4b87197) [0x5d8eff74b197]
.lake/build/bin/hexrealalgebraic_bench(+0x4b8780a) [0x5d8eff74b80a]
/nix/store/qqiqd3ah10x8hzsif4j1y4xc1miw23nx-glibc-2.42-67/lib/libc.so.6(+0x9ce53) [0x72a25fa9ce53]
/nix/store/qqiqd3ah10x8hzsif4j1y4xc1miw23nx-glibc-2.42-67/lib/libc.so.6(+0x12407c) [0x72a25fb2407c]
AlgebraicRoot.mul: certification failed
backtrace:
.lake/build/bin/hexrealalgebraic_bench(+0x4ba0f45) [0x5d8eff764f45]
.lake/build/bin/hexrealalgebraic_bench(+0x4b97ad7) [0x5d8eff75bad7]
.lake/build/bin/hexrealalgebraic_bench(+0x4b97bbb) [0x5d8eff75bbbb]
.lake/build/bin/hexrealalgebraic_bench(+0xd8f173) [0x5d8efb953173]
.lake/build/bin/hexrealalgebraic_bench(+0xdaed99) [0x5d8efb972d99]
.lake/build/bin/hexrealalgebraic_bench(+0xdaed69) [0x5d8efb972d69]
.lake/build/bin/hexrealalgebraic_bench(+0xdaed69) [0x5d8efb972d69]
.lake/build/bin/hexrealalgebraic_bench(+0xdba5a6) [0x5d8efb97e5a6]
.lake/build/bin/hexrealalgebraic_bench(+0xc52f23) [0x5d8efb816f23]
.lake/build/bin/hexrealalgebraic_bench(+0xc5c54b) [0x5d8efb82054b]
.lake/build/bin/hexrealalgebraic_bench(+0x4ba5e00) [0x5d8eff769e00]
.lake/build/bin/hexrealalgebraic_bench(+0xe01b53) [0x5d8efb9c5b53]
.lake/build/bin/hexrealalgebraic_bench(+0xe022a8) [0x5d8efb9c62a8]
.lake/build/bin/hexrealalgebraic_bench(+0xe03309) [0x5d8efb9c7309]
.lake/build/bin/hexrealalgebraic_bench(+0xe663e1) [0x5d8efba2a3e1]
.lake/build/bin/hexrealalgebraic_bench(+0x4ba5e00) [0x5d8eff769e00]
.lake/build/bin/hexrealalgebraic_bench(+0x4ba68c1) [0x5d8eff76a8c1]
.lake/build/bin/hexrealalgebraic_bench(+0x4ba68c1) [0x5d8eff76a8c1]
.lake/build/bin/hexrealalgebraic_bench(+0x4ba689e) [0x5d8eff76a89e]
.lake/build/bin/hexrealalgebraic_bench(+0x4ba689e) [0x5d8eff76a89e]
.lake/build/bin/hexrealalgebraic_bench(+0x4ba689e) [0x5d8eff76a89e]
.lake/build/bin/hexrealalgebraic_bench(+0x4ba689e) [0x5d8eff76a89e]
.lake/build/bin/hexrealalgebraic_bench(+0x4ba689e) [0x5d8eff76a89e]
.lake/build/bin/hexrealalgebraic_bench(+0x4ba689e) [0x5d8eff76a89e]
.lake/build/bin/hexrealalgebraic_bench(+0x4ba689e) [0x5d8eff76a89e]
.lake/build/bin/hexrealalgebraic_bench(+0x4ba689e) [0x5d8eff76a89e]
.lake/build/bin/hexrealalgebraic_bench(+0x4ba689e) [0x5d8eff76a89e]
.lake/build/bin/hexrealalgebraic_bench(+0x4b87197) [0x5d8eff74b197]
.lake/build/bin/hexrealalgebraic_bench(+0x4b8780a) [0x5d8eff74b80a]
/nix/store/qqiqd3ah10x8hzsif4j1y4xc1miw23nx-glibc-2.42-67/lib/libc.so.6(+0x9ce53) [0x72a25fa9ce53]
/nix/store/qqiqd3ah10x8hzsif4j1y4xc1miw23nx-glibc-2.42-67/lib/libc.so.6(+0x12407c) [0x72a25fb2407c]
AlgebraicRoot.mul: certification failed
backtrace:
.lake/build/bin/hexrealalgebraic_bench(+0x4ba0f45) [0x5d8eff764f45]
.lake/build/bin/hexrealalgebraic_bench(+0x4b97ad7) [0x5d8eff75bad7]
.lake/build/bin/hexrealalgebraic_bench(+0x4b97bbb) [0x5d8eff75bbbb]
.lake/build/bin/hexrealalgebraic_bench(+0xd8f173) [0x5d8efb953173]
.lake/build/bin/hexrealalgebraic_bench(+0xdaed69) [0x5d8efb972d69]
.lake/build/bin/hexrealalgebraic_bench(+0xdaed69) [0x5d8efb972d69]
.lake/build/bin/hexrealalgebraic_bench(+0xdba5a6) [0x5d8efb97e5a6]
.lake/build/bin/hexrealalgebraic_bench(+0xc52f23) [0x5d8efb816f23]
.lake/build/bin/hexrealalgebraic_bench(+0xc5c54b) [0x5d8efb82054b]
.lake/build/bin/hexrealalgebraic_bench(+0x4ba5e00) [0x5d8eff769e00]
.lake/build/bin/hexrealalgebraic_bench(+0xe01b53) [0x5d8efb9c5b53]
.lake/build/bin/hexrealalgebraic_bench(+0xe022a8) [0x5d8efb9c62a8]
.lake/build/bin/hexrealalgebraic_bench(+0xe03309) [0x5d8efb9c7309]
.lake/build/bin/hexrealalgebraic_bench(+0xe663e1) [0x5d8efba2a3e1]
.lake/build/bin/hexrealalgebraic_bench(+0x4ba5e00) [0x5d8eff769e00]
.lake/build/bin/hexrealalgebraic_bench(+0x4ba68c1) [0x5d8eff76a8c1]
.lake/build/bin/hexrealalgebraic_bench(+0x4ba68c1) [0x5d8eff76a8c1]
.lake/build/bin/hexrealalgebraic_bench(+0x4ba689e) [0x5d8eff76a89e]
.lake/build/bin/hexrealalgebraic_bench(+0x4ba689e) [0x5d8eff76a89e]
.lake/build/bin/hexrealalgebraic_bench(+0x4ba689e) [0x5d8eff76a89e]
.lake/build/bin/hexrealalgebraic_bench(+0x4ba689e) [0x5d8eff76a89e]
.lake/build/bin/hexrealalgebraic_bench(+0x4ba689e) [0x5d8eff76a89e]
.lake/build/bin/hexrealalgebraic_bench(+0x4ba689e) [0x5d8eff76a89e]
.lake/build/bin/hexrealalgebraic_bench(+0x4ba689e) [0x5d8eff76a89e]
.lake/build/bin/hexrealalgebraic_bench(+0x4ba689e) [0x5d8eff76a89e]
.lake/build/bin/hexrealalgebraic_bench(+0x4ba689e) [0x5d8eff76a89e]
.lake/build/bin/hexrealalgebraic_bench(+0x4b87197) [0x5d8eff74b197]
.lake/build/bin/hexrealalgebraic_bench(+0x4b8780a) [0x5d8eff74b80a]
/nix/store/qqiqd3ah10x8hzsif4j1y4xc1miw23nx-glibc-2.42-67/lib/libc.so.6(+0x9ce53) [0x72a25fa9ce53]
/nix/store/qqiqd3ah10x8hzsif4j1y4xc1miw23nx-glibc-2.42-67/lib/libc.so.6(+0x12407c) [0x72a25fb2407c]
AlgebraicRoot.mul: certification failed
backtrace:
.lake/build/bin/hexrealalgebraic_bench(+0x4ba0f45) [0x5d8eff764f45]
.lake/build/bin/hexrealalgebraic_bench(+0x4b97ad7) [0x5d8eff75bad7]
.lake/build/bin/hexrealalgebraic_bench(+0x4b97bbb) [0x5d8eff75bbbb]
.lake/build/bin/hexrealalgebraic_bench(+0xd8f173) [0x5d8efb953173]
.lake/build/bin/hexrealalgebraic_bench(+0xdaed99) [0x5d8efb972d99]
.lake/build/bin/hexrealalgebraic_bench(+0xdaed69) [0x5d8efb972d69]
.lake/build/bin/hexrealalgebraic_bench(+0xdba5a6) [0x5d8efb97e5a6]
.lake/build/bin/hexrealalgebraic_bench(+0xc52f23) [0x5d8efb816f23]
.lake/build/bin/hexrealalgebraic_bench(+0xc5c54b) [0x5d8efb82054b]
.lake/build/bin/hexrealalgebraic_bench(+0x4ba5e00) [0x5d8eff769e00]
.lake/build/bin/hexrealalgebraic_bench(+0xe01b53) [0x5d8efb9c5b53]
.lake/build/bin/hexrealalgebraic_bench(+0xe022a8) [0x5d8efb9c62a8]
.lake/build/bin/hexrealalgebraic_bench(+0xe03309) [0x5d8efb9c7309]
.lake/build/bin/hexrealalgebraic_bench(+0xe663e1) [0x5d8efba2a3e1]
.lake/build/bin/hexrealalgebraic_bench(+0x4ba5e00) [0x5d8eff769e00]
.lake/build/bin/hexrealalgebraic_bench(+0x4ba68c1) [0x5d8eff76a8c1]
.lake/build/bin/hexrealalgebraic_bench(+0x4ba68c1) [0x5d8eff76a8c1]
.lake/build/bin/hexrealalgebraic_bench(+0x4ba689e) [0x5d8eff76a89e]
.lake/build/bin/hexrealalgebraic_bench(+0x4ba689e) [0x5d8eff76a89e]
.lake/build/bin/hexrealalgebraic_bench(+0x4ba689e) [0x5d8eff76a89e]
.lake/build/bin/hexrealalgebraic_bench(+0x4ba689e) [0x5d8eff76a89e]
.lake/build/bin/hexrealalgebraic_bench(+0x4ba689e) [0x5d8eff76a89e]
.lake/build/bin/hexrealalgebraic_bench(+0x4ba689e) [0x5d8eff76a89e]
.lake/build/bin/hexrealalgebraic_bench(+0x4ba689e) [0x5d8eff76a89e]
.lake/build/bin/hexrealalgebraic_bench(+0x4ba689e) [0x5d8eff76a89e]
.lake/build/bin/hexrealalgebraic_bench(+0x4ba689e) [0x5d8eff76a89e]
.lake/build/bin/hexrealalgebraic_bench(+0x4b87197) [0x5d8eff74b197]
.lake/build/bin/hexrealalgebraic_bench(+0x4b8780a) [0x5d8eff74b80a]
/nix/store/qqiqd3ah10x8hzsif4j1y4xc1miw23nx-glibc-2.42-67/lib/libc.so.6(+0x9ce53) [0x72a25fa9ce53]
/nix/store/qqiqd3ah10x8hzsif4j1y4xc1miw23nx-glibc-2.42-67/lib/libc.so.6(+0x12407c) [0x72a25fb2407c]
AlgebraicRoot.mul: certification failed
backtrace:
.lake/build/bin/hexrealalgebraic_bench(+0x4ba0f45) [0x5d8eff764f45]
.lake/build/bin/hexrealalgebraic_bench(+0x4b97ad7) [0x5d8eff75bad7]
.lake/build/bin/hexrealalgebraic_bench(+0x4b97bbb) [0x5d8eff75bbbb]
.lake/build/bin/hexrealalgebraic_bench(+0xd8f173) [0x5d8efb953173]
.lake/build/bin/hexrealalgebraic_bench(+0xdaed69) [0x5d8efb972d69]
.lake/build/bin/hexrealalgebraic_bench(+0xdba5a6) [0x5d8efb97e5a6]
.lake/build/bin/hexrealalgebraic_bench(+0xc52f23) [0x5d8efb816f23]
.lake/build/bin/hexrealalgebraic_bench(+0xc5c54b) [0x5d8efb82054b]
.lake/build/bin/hexrealalgebraic_bench(+0x4ba5e00) [0x5d8eff769e00]
.lake/build/bin/hexrealalgebraic_bench(+0xe01b53) [0x5d8efb9c5b53]
.lake/build/bin/hexrealalgebraic_bench(+0xe022a8) [0x5d8efb9c62a8]
.lake/build/bin/hexrealalgebraic_bench(+0xe03309) [0x5d8efb9c7309]
.lake/build/bin/hexrealalgebraic_bench(+0xe663e1) [0x5d8efba2a3e1]
.lake/build/bin/hexrealalgebraic_bench(+0x4ba5e00) [0x5d8eff769e00]
.lake/build/bin/hexrealalgebraic_bench(+0x4ba68c1) [0x5d8eff76a8c1]
.lake/build/bin/hexrealalgebraic_bench(+0x4ba68c1) [0x5d8eff76a8c1]
.lake/build/bin/hexrealalgebraic_bench(+0x4ba689e) [0x5d8eff76a89e]
.lake/build/bin/hexrealalgebraic_bench(+0x4ba689e) [0x5d8eff76a89e]
.lake/build/bin/hexrealalgebraic_bench(+0x4ba689e) [0x5d8eff76a89e]
.lake/build/bin/hexrealalgebraic_bench(+0x4ba689e) [0x5d8eff76a89e]
.lake/build/bin/hexrealalgebraic_bench(+0x4ba689e) [0x5d8eff76a89e]
.lake/build/bin/hexrealalgebraic_bench(+0x4ba689e) [0x5d8eff76a89e]
.lake/build/bin/hexrealalgebraic_bench(+0x4ba689e) [0x5d8eff76a89e]
.lake/build/bin/hexrealalgebraic_bench(+0x4ba689e) [0x5d8eff76a89e]
.lake/build/bin/hexrealalgebraic_bench(+0x4ba689e) [0x5d8eff76a89e]
.lake/build/bin/hexrealalgebraic_bench(+0x4b87197) [0x5d8eff74b197]
.lake/build/bin/hexrealalgebraic_bench(+0x4b8780a) [0x5d8eff74b80a]
/nix/store/qqiqd3ah10x8hzsif4j1y4xc1miw23nx-glibc-2.42-67/lib/libc.so.6(+0x9ce53) [0x72a25fa9ce53]
/nix/store/qqiqd3ah10x8hzsif4j1y4xc1miw23nx-glibc-2.42-67/lib/libc.so.6(+0x12407c) [0x72a25fb2407c]
AlgebraicRoot.mul: certification failed
backtrace:
.lake/build/bin/hexrealalgebraic_bench(+0x4ba0f45) [0x5d8eff764f45]
.lake/build/bin/hexrealalgebraic_bench(+0x4b97ad7) [0x5d8eff75bad7]
.lake/build/bin/hexrealalgebraic_bench(+0x4b97bbb) [0x5d8eff75bbbb]
.lake/build/bin/hexrealalgebraic_bench(+0xd8f173) [0x5d8efb953173]
.lake/build/bin/hexrealalgebraic_bench(+0xdaed99) [0x5d8efb972d99]
.lake/build/bin/hexrealalgebraic_bench(+0xdba5a6) [0x5d8efb97e5a6]
.lake/build/bin/hexrealalgebraic_bench(+0xc52f23) [0x5d8efb816f23]
.lake/build/bin/hexrealalgebraic_bench(+0xc5c54b) [0x5d8efb82054b]
.lake/build/bin/hexrealalgebraic_bench(+0x4ba5e00) [0x5d8eff769e00]
.lake/build/bin/hexrealalgebraic_bench(+0xe01b53) [0x5d8efb9c5b53]
.lake/build/bin/hexrealalgebraic_bench(+0xe022a8) [0x5d8efb9c62a8]
.lake/build/bin/hexrealalgebraic_bench(+0xe03309) [0x5d8efb9c7309]
.lake/build/bin/hexrealalgebraic_bench(+0xe663e1) [0x5d8efba2a3e1]
.lake/build/bin/hexrealalgebraic_bench(+0x4ba5e00) [0x5d8eff769e00]
.lake/build/bin/hexrealalgebraic_bench(+0x4ba68c1) [0x5d8eff76a8c1]
.lake/build/bin/hexrealalgebraic_bench(+0x4ba68c1) [0x5d8eff76a8c1]
.lake/build/bin/hexrealalgebraic_bench(+0x4ba689e) [0x5d8eff76a89e]
.lake/build/bin/hexrealalgebraic_bench(+0x4ba689e) [0x5d8eff76a89e]
.lake/build/bin/hexrealalgebraic_bench(+0x4ba689e) [0x5d8eff76a89e]
.lake/build/bin/hexrealalgebraic_bench(+0x4ba689e) [0x5d8eff76a89e]
.lake/build/bin/hexrealalgebraic_bench(+0x4ba689e) [0x5d8eff76a89e]
.lake/build/bin/hexrealalgebraic_bench(+0x4ba689e) [0x5d8eff76a89e]
.lake/build/bin/hexrealalgebraic_bench(+0x4ba689e) [0x5d8eff76a89e]
.lake/build/bin/hexrealalgebraic_bench(+0x4ba689e) [0x5d8eff76a89e]
.lake/build/bin/hexrealalgebraic_bench(+0x4ba689e) [0x5d8eff76a89e]
.lake/build/bin/hexrealalgebraic_bench(+0x4b87197) [0x5d8eff74b197]
.lake/build/bin/hexrealalgebraic_bench(+0x4b8780a) [0x5d8eff74b80a]
/nix/store/qqiqd3ah10x8hzsif4j1y4xc1miw23nx-glibc-2.42-67/lib/libc.so.6(+0x9ce53) [0x72a25fa9ce53]
/nix/store/qqiqd3ah10x8hzsif4j1y4xc1miw23nx-glibc-2.42-67/lib/libc.so.6(+0x12407c) [0x72a25fb2407c]
AlgebraicRoot.mul: certification failed
backtrace:
.lake/build/bin/hexrealalgebraic_bench(+0x4ba0f45) [0x5d8eff764f45]
.lake/build/bin/hexrealalgebraic_bench(+0x4b97ad7) [0x5d8eff75bad7]
.lake/build/bin/hexrealalgebraic_bench(+0x4b97bbb) [0x5d8eff75bbbb]
.lake/build/bin/hexrealalgebraic_bench(+0xd8f173) [0x5d8efb953173]
.lake/build/bin/hexrealalgebraic_bench(+0xdba5a6) [0x5d8efb97e5a6]
.lake/build/bin/hexrealalgebraic_bench(+0xc52f23) [0x5d8efb816f23]
.lake/build/bin/hexrealalgebraic_bench(+0xc5c54b) [0x5d8efb82054b]
.lake/build/bin/hexrealalgebraic_bench(+0x4ba5e00) [0x5d8eff769e00]
.lake/build/bin/hexrealalgebraic_bench(+0xe01b53) [0x5d8efb9c5b53]
.lake/build/bin/hexrealalgebraic_bench(+0xe022a8) [0x5d8efb9c62a8]
.lake/build/bin/hexrealalgebraic_bench(+0xe03309) [0x5d8efb9c7309]
.lake/build/bin/hexrealalgebraic_bench(+0xe663e1) [0x5d8efba2a3e1]
.lake/build/bin/hexrealalgebraic_bench(+0x4ba5e00) [0x5d8eff769e00]
.lake/build/bin/hexrealalgebraic_bench(+0x4ba68c1) [0x5d8eff76a8c1]
.lake/build/bin/hexrealalgebraic_bench(+0x4ba68c1) [0x5d8eff76a8c1]
.lake/build/bin/hexrealalgebraic_bench(+0x4ba689e) [0x5d8eff76a89e]
.lake/build/bin/hexrealalgebraic_bench(+0x4ba689e) [0x5d8eff76a89e]
.lake/build/bin/hexrealalgebraic_bench(+0x4ba689e) [0x5d8eff76a89e]
.lake/build/bin/hexrealalgebraic_bench(+0x4ba689e) [0x5d8eff76a89e]
.lake/build/bin/hexrealalgebraic_bench(+0x4ba689e) [0x5d8eff76a89e]
.lake/build/bin/hexrealalgebraic_bench(+0x4ba689e) [0x5d8eff76a89e]
.lake/build/bin/hexrealalgebraic_bench(+0x4ba689e) [0x5d8eff76a89e]
.lake/build/bin/hexrealalgebraic_bench(+0x4ba689e) [0x5d8eff76a89e]
.lake/build/bin/hexrealalgebraic_bench(+0x4ba689e) [0x5d8eff76a89e]
.lake/build/bin/hexrealalgebraic_bench(+0x4b87197) [0x5d8eff74b197]
.lake/build/bin/hexrealalgebraic_bench(+0x4b8780a) [0x5d8eff74b80a]
/nix/store/qqiqd3ah10x8hzsif4j1y4xc1miw23nx-glibc-2.42-67/lib/libc.so.6(+0x9ce53) [0x72a25fa9ce53]
/nix/store/qqiqd3ah10x8hzsif4j1y4xc1miw23nx-glibc-2.42-67/lib/libc.so.6(+0x12407c) [0x72a25fb2407c]
AlgebraicRoot.add: certification failed
backtrace:
.lake/build/bin/hexrealalgebraic_bench(+0x4ba0f45) [0x5d8eff764f45]
.lake/build/bin/hexrealalgebraic_bench(+0x4b97ad7) [0x5d8eff75bad7]
.lake/build/bin/hexrealalgebraic_bench(+0x4b97bbb) [0x5d8eff75bbbb]
.lake/build/bin/hexrealalgebraic_bench(+0xd8ef17) [0x5d8efb952f17]
.lake/build/bin/hexrealalgebraic_bench(+0xc30833) [0x5d8efb7f4833]
.lake/build/bin/hexrealalgebraic_bench(+0xc32de4) [0x5d8efb7f6de4]
.lake/build/bin/hexrealalgebraic_bench(+0x4ba5e00) [0x5d8eff769e00]
.lake/build/bin/hexrealalgebraic_bench(+0xe01b53) [0x5d8efb9c5b53]
.lake/build/bin/hexrealalgebraic_bench(+0xe022a8) [0x5d8efb9c62a8]
.lake/build/bin/hexrealalgebraic_bench(+0xe03309) [0x5d8efb9c7309]
.lake/build/bin/hexrealalgebraic_bench(+0xe663e1) [0x5d8efba2a3e1]
.lake/build/bin/hexrealalgebraic_bench(+0x4ba5e00) [0x5d8eff769e00]
.lake/build/bin/hexrealalgebraic_bench(+0x4ba68c1) [0x5d8eff76a8c1]
.lake/build/bin/hexrealalgebraic_bench(+0x4ba68c1) [0x5d8eff76a8c1]
.lake/build/bin/hexrealalgebraic_bench(+0x4ba689e) [0x5d8eff76a89e]
.lake/build/bin/hexrealalgebraic_bench(+0x4ba689e) [0x5d8eff76a89e]
.lake/build/bin/hexrealalgebraic_bench(+0x4ba689e) [0x5d8eff76a89e]
.lake/build/bin/hexrealalgebraic_bench(+0x4ba689e) [0x5d8eff76a89e]
.lake/build/bin/hexrealalgebraic_bench(+0x4ba689e) [0x5d8eff76a89e]
.lake/build/bin/hexrealalgebraic_bench(+0x4ba689e) [0x5d8eff76a89e]
.lake/build/bin/hexrealalgebraic_bench(+0x4ba689e) [0x5d8eff76a89e]
.lake/build/bin/hexrealalgebraic_bench(+0x4ba689e) [0x5d8eff76a89e]
.lake/build/bin/hexrealalgebraic_bench(+0x4ba689e) [0x5d8eff76a89e]
.lake/build/bin/hexrealalgebraic_bench(+0x4b87197) [0x5d8eff74b197]
.lake/build/bin/hexrealalgebraic_bench(+0x4b8780a) [0x5d8eff74b80a]
/nix/store/qqiqd3ah10x8hzsif4j1y4xc1miw23nx-glibc-2.42-67/lib/libc.so.6(+0x9ce53) [0x72a25fa9ce53]
/nix/store/qqiqd3ah10x8hzsif4j1y4xc1miw23nx-glibc-2.42-67/lib/libc.so.6(+0x12407c) [0x72a25fb2407c]
AlgebraicRoot.mul: certification failed
backtrace:
.lake/build/bin/hexrealalgebraic_bench(+0x4ba0f45) [0x5d8eff764f45]
.lake/build/bin/hexrealalgebraic_bench(+0x4b97ad7) [0x5d8eff75bad7]
.lake/build/bin/hexrealalgebraic_bench(+0x4b97bbb) [0x5d8eff75bbbb]
.lake/build/bin/hexrealalgebraic_bench(+0xd8f173) [0x5d8efb953173]
.lake/build/bin/hexrealalgebraic_bench(+0xdba566) [0x5d8efb97e566]
.lake/build/bin/hexrealalgebraic_bench(+0xc2ab83) [0x5d8efb7eeb83]
.lake/build/bin/hexrealalgebraic_bench(+0xc38884) [0x5d8efb7fc884]
.lake/build/bin/hexrealalgebraic_bench(+0x4ba5e00) [0x5d8eff769e00]
.lake/build/bin/hexrealalgebraic_bench(+0xe01b53) [0x5d8efb9c5b53]
.lake/build/bin/hexrealalgebraic_bench(+0xe022a8) [0x5d8efb9c62a8]
.lake/build/bin/hexrealalgebraic_bench(+0xe03309) [0x5d8efb9c7309]
.lake/build/bin/hexrealalgebraic_bench(+0xe663e1) [0x5d8efba2a3e1]
.lake/build/bin/hexrealalgebraic_bench(+0x4ba5e00) [0x5d8eff769e00]
.lake/build/bin/hexrealalgebraic_bench(+0x4ba68c1) [0x5d8eff76a8c1]
.lake/build/bin/hexrealalgebraic_bench(+0x4ba68c1) [0x5d8eff76a8c1]
.lake/build/bin/hexrealalgebraic_bench(+0x4ba689e) [0x5d8eff76a89e]
.lake/build/bin/hexrealalgebraic_bench(+0x4ba689e) [0x5d8eff76a89e]
.lake/build/bin/hexrealalgebraic_bench(+0x4ba689e) [0x5d8eff76a89e]
.lake/build/bin/hexrealalgebraic_bench(+0x4ba689e) [0x5d8eff76a89e]
.lake/build/bin/hexrealalgebraic_bench(+0x4ba689e) [0x5d8eff76a89e]
.lake/build/bin/hexrealalgebraic_bench(+0x4ba689e) [0x5d8eff76a89e]
.lake/build/bin/hexrealalgebraic_bench(+0x4ba689e) [0x5d8eff76a89e]
.lake/build/bin/hexrealalgebraic_bench(+0x4ba689e) [0x5d8eff76a89e]
.lake/build/bin/hexrealalgebraic_bench(+0x4ba689e) [0x5d8eff76a89e]
.lake/build/bin/hexrealalgebraic_bench(+0x4b87197) [0x5d8eff74b197]
.lake/build/bin/hexrealalgebraic_bench(+0x4b8780a) [0x5d8eff74b80a]
/nix/store/qqiqd3ah10x8hzsif4j1y4xc1miw23nx-glibc-2.42-67/lib/libc.so.6(+0x9ce53) [0x72a25fa9ce53]
/nix/store/qqiqd3ah10x8hzsif4j1y4xc1miw23nx-glibc-2.42-67/lib/libc.so.6(+0x12407c) [0x72a25fb2407c]
AlgebraicRoot.mul: certification failed
backtrace:
.lake/build/bin/hexrealalgebraic_bench(+0x4ba0f45) [0x5d8eff764f45]
.lake/build/bin/hexrealalgebraic_bench(+0x4b97ad7) [0x5d8eff75bad7]
.lake/build/bin/hexrealalgebraic_bench(+0x4b97bbb) [0x5d8eff75bbbb]
.lake/build/bin/hexrealalgebraic_bench(+0xd8f173) [0x5d8efb953173]
.lake/build/bin/hexrealalgebraic_bench(+0xdb7c09) [0x5d8efb97bc09]
.lake/build/bin/hexrealalgebraic_bench(+0xc3009d) [0x5d8efb7f409d]
.lake/build/bin/hexrealalgebraic_bench(+0xc46134) [0x5d8efb80a134]
.lake/build/bin/hexrealalgebraic_bench(+0x4ba5e00) [0x5d8eff769e00]
.lake/build/bin/hexrealalgebraic_bench(+0xe01b53) [0x5d8efb9c5b53]
.lake/build/bin/hexrealalgebraic_bench(+0xe022a8) [0x5d8efb9c62a8]
.lake/build/bin/hexrealalgebraic_bench(+0xe03309) [0x5d8efb9c7309]
.lake/build/bin/hexrealalgebraic_bench(+0xe663e1) [0x5d8efba2a3e1]
.lake/build/bin/hexrealalgebraic_bench(+0x4ba5e00) [0x5d8eff769e00]
.lake/build/bin/hexrealalgebraic_bench(+0x4ba68c1) [0x5d8eff76a8c1]
.lake/build/bin/hexrealalgebraic_bench(+0x4ba68c1) [0x5d8eff76a8c1]
.lake/build/bin/hexrealalgebraic_bench(+0x4ba689e) [0x5d8eff76a89e]
.lake/build/bin/hexrealalgebraic_bench(+0x4ba689e) [0x5d8eff76a89e]
.lake/build/bin/hexrealalgebraic_bench(+0x4ba689e) [0x5d8eff76a89e]
.lake/build/bin/hexrealalgebraic_bench(+0x4ba689e) [0x5d8eff76a89e]
.lake/build/bin/hexrealalgebraic_bench(+0x4ba689e) [0x5d8eff76a89e]
.lake/build/bin/hexrealalgebraic_bench(+0x4ba689e) [0x5d8eff76a89e]
.lake/build/bin/hexrealalgebraic_bench(+0x4ba689e) [0x5d8eff76a89e]
.lake/build/bin/hexrealalgebraic_bench(+0x4ba689e) [0x5d8eff76a89e]
.lake/build/bin/hexrealalgebraic_bench(+0x4ba689e) [0x5d8eff76a89e]
.lake/build/bin/hexrealalgebraic_bench(+0x4b87197) [0x5d8eff74b197]
.lake/build/bin/hexrealalgebraic_bench(+0x4b8780a) [0x5d8eff74b80a]
/nix/store/qqiqd3ah10x8hzsif4j1y4xc1miw23nx-glibc-2.42-67/lib/libc.so.6(+0x9ce53) [0x72a25fa9ce53]
/nix/store/qqiqd3ah10x8hzsif4j1y4xc1miw23nx-glibc-2.42-67/lib/libc.so.6(+0x12407c) [0x72a25fb2407c]
AlgebraicRoot.add: certification failed
backtrace:
.lake/build/bin/hexrealalgebraic_bench(+0x4ba0f45) [0x5d8eff764f45]
.lake/build/bin/hexrealalgebraic_bench(+0x4b97ad7) [0x5d8eff75bad7]
.lake/build/bin/hexrealalgebraic_bench(+0x4b97bbb) [0x5d8eff75bbbb]
.lake/build/bin/hexrealalgebraic_bench(+0xd8ef17) [0x5d8efb952f17]
.lake/build/bin/hexrealalgebraic_bench(+0xc3009d) [0x5d8efb7f409d]
.lake/build/bin/hexrealalgebraic_bench(+0xc46134) [0x5d8efb80a134]
.lake/build/bin/hexrealalgebraic_bench(+0x4ba5e00) [0x5d8eff769e00]
.lake/build/bin/hexrealalgebraic_bench(+0xe01b53) [0x5d8efb9c5b53]
.lake/build/bin/hexrealalgebraic_bench(+0xe022a8) [0x5d8efb9c62a8]
.lake/build/bin/hexrealalgebraic_bench(+0xe03309) [0x5d8efb9c7309]
.lake/build/bin/hexrealalgebraic_bench(+0xe663e1) [0x5d8efba2a3e1]
.lake/build/bin/hexrealalgebraic_bench(+0x4ba5e00) [0x5d8eff769e00]
.lake/build/bin/hexrealalgebraic_bench(+0x4ba68c1) [0x5d8eff76a8c1]
.lake/build/bin/hexrealalgebraic_bench(+0x4ba68c1) [0x5d8eff76a8c1]
.lake/build/bin/hexrealalgebraic_bench(+0x4ba689e) [0x5d8eff76a89e]
.lake/build/bin/hexrealalgebraic_bench(+0x4ba689e) [0x5d8eff76a89e]
.lake/build/bin/hexrealalgebraic_bench(+0x4ba689e) [0x5d8eff76a89e]
.lake/build/bin/hexrealalgebraic_bench(+0x4ba689e) [0x5d8eff76a89e]
.lake/build/bin/hexrealalgebraic_bench(+0x4ba689e) [0x5d8eff76a89e]
.lake/build/bin/hexrealalgebraic_bench(+0x4ba689e) [0x5d8eff76a89e]
.lake/build/bin/hexrealalgebraic_bench(+0x4ba689e) [0x5d8eff76a89e]
.lake/build/bin/hexrealalgebraic_bench(+0x4ba689e) [0x5d8eff76a89e]
.lake/build/bin/hexrealalgebraic_bench(+0x4ba689e) [0x5d8eff76a89e]
.lake/build/bin/hexrealalgebraic_bench(+0x4b87197) [0x5d8eff74b197]
.lake/build/bin/hexrealalgebraic_bench(+0x4b8780a) [0x5d8eff74b80a]
/nix/store/qqiqd3ah10x8hzsif4j1y4xc1miw23nx-glibc-2.42-67/lib/libc.so.6(+0x9ce53) [0x72a25fa9ce53]
/nix/store/qqiqd3ah10x8hzsif4j1y4xc1miw23nx-glibc-2.42-67/lib/libc.so.6(+0x12407c) [0x72a25fb2407c]
AlgebraicRoot.mul: certification failed
backtrace:
.lake/build/bin/hexrealalgebraic_bench(+0x4ba0f45) [0x5d8eff764f45]
.lake/build/bin/hexrealalgebraic_bench(+0x4b97ad7) [0x5d8eff75bad7]
.lake/build/bin/hexrealalgebraic_bench(+0x4b97bbb) [0x5d8eff75bbbb]
.lake/build/bin/hexrealalgebraic_bench(+0xd8f173) [0x5d8efb953173]
.lake/build/bin/hexrealalgebraic_bench(+0xdc6450) [0x5d8efb98a450]
.lake/build/bin/hexrealalgebraic_bench(+0xc300a5) [0x5d8efb7f40a5]
.lake/build/bin/hexrealalgebraic_bench(+0xc46134) [0x5d8efb80a134]
.lake/build/bin/hexrealalgebraic_bench(+0x4ba5e00) [0x5d8eff769e00]
.lake/build/bin/hexrealalgebraic_bench(+0xe01b53) [0x5d8efb9c5b53]
.lake/build/bin/hexrealalgebraic_bench(+0xe022a8) [0x5d8efb9c62a8]
.lake/build/bin/hexrealalgebraic_bench(+0xe03309) [0x5d8efb9c7309]
.lake/build/bin/hexrealalgebraic_bench(+0xe663e1) [0x5d8efba2a3e1]
.lake/build/bin/hexrealalgebraic_bench(+0x4ba5e00) [0x5d8eff769e00]
.lake/build/bin/hexrealalgebraic_bench(+0x4ba68c1) [0x5d8eff76a8c1]
.lake/build/bin/hexrealalgebraic_bench(+0x4ba68c1) [0x5d8eff76a8c1]
.lake/build/bin/hexrealalgebraic_bench(+0x4ba689e) [0x5d8eff76a89e]
.lake/build/bin/hexrealalgebraic_bench(+0x4ba689e) [0x5d8eff76a89e]
.lake/build/bin/hexrealalgebraic_bench(+0x4ba689e) [0x5d8eff76a89e]
.lake/build/bin/hexrealalgebraic_bench(+0x4ba689e) [0x5d8eff76a89e]
.lake/build/bin/hexrealalgebraic_bench(+0x4ba689e) [0x5d8eff76a89e]
.lake/build/bin/hexrealalgebraic_bench(+0x4ba689e) [0x5d8eff76a89e]
.lake/build/bin/hexrealalgebraic_bench(+0x4ba689e) [0x5d8eff76a89e]
.lake/build/bin/hexrealalgebraic_bench(+0x4ba689e) [0x5d8eff76a89e]
.lake/build/bin/hexrealalgebraic_bench(+0x4ba689e) [0x5d8eff76a89e]
.lake/build/bin/hexrealalgebraic_bench(+0x4b87197) [0x5d8eff74b197]
.lake/build/bin/hexrealalgebraic_bench(+0x4b8780a) [0x5d8eff74b80a]
/nix/store/qqiqd3ah10x8hzsif4j1y4xc1miw23nx-glibc-2.42-67/lib/libc.so.6(+0x9ce53) [0x72a25fa9ce53]
/nix/store/qqiqd3ah10x8hzsif4j1y4xc1miw23nx-glibc-2.42-67/lib/libc.so.6(+0x12407c) [0x72a25fb2407c]
AlgebraicRoot.mul: certification failed
backtrace:
.lake/build/bin/hexrealalgebraic_bench(+0x4ba0f45) [0x5d8eff764f45]
.lake/build/bin/hexrealalgebraic_bench(+0x4b97ad7) [0x5d8eff75bad7]
.lake/build/bin/hexrealalgebraic_bench(+0x4b97bbb) [0x5d8eff75bbbb]
.lake/build/bin/hexrealalgebraic_bench(+0xd8f173) [0x5d8efb953173]
.lake/build/bin/hexrealalgebraic_bench(+0xdaed99) [0x5d8efb972d99]
.lake/build/bin/hexrealalgebraic_bench(+0xdaed69) [0x5d8efb972d69]
.lake/build/bin/hexrealalgebraic_bench(+0xdaed69) [0x5d8efb972d69]
.lake/build/bin/hexrealalgebraic_bench(+0xdaf0e7) [0x5d8efb9730e7]
.lake/build/bin/hexrealalgebraic_bench(+0xdba5b6) [0x5d8efb97e5b6]
.lake/build/bin/hexrealalgebraic_bench(+0xc2af6d) [0x5d8efb7eef6d]
.lake/build/bin/hexrealalgebraic_bench(+0xc3b5d4) [0x5d8efb7ff5d4]
.lake/build/bin/hexrealalgebraic_bench(+0x4ba5e00) [0x5d8eff769e00]
.lake/build/bin/hexrealalgebraic_bench(+0xe01b53) [0x5d8efb9c5b53]
.lake/build/bin/hexrealalgebraic_bench(+0xe022a8) [0x5d8efb9c62a8]
.lake/build/bin/hexrealalgebraic_bench(+0xe03309) [0x5d8efb9c7309]
.lake/build/bin/hexrealalgebraic_bench(+0xe663e1) [0x5d8efba2a3e1]
.lake/build/bin/hexrealalgebraic_bench(+0x4ba5e00) [0x5d8eff769e00]
.lake/build/bin/hexrealalgebraic_bench(+0x4ba68c1) [0x5d8eff76a8c1]
.lake/build/bin/hexrealalgebraic_bench(+0x4ba68c1) [0x5d8eff76a8c1]
.lake/build/bin/hexrealalgebraic_bench(+0x4ba689e) [0x5d8eff76a89e]
.lake/build/bin/hexrealalgebraic_bench(+0x4ba689e) [0x5d8eff76a89e]
.lake/build/bin/hexrealalgebraic_bench(+0x4ba689e) [0x5d8eff76a89e]
.lake/build/bin/hexrealalgebraic_bench(+0x4ba689e) [0x5d8eff76a89e]
.lake/build/bin/hexrealalgebraic_bench(+0x4ba689e) [0x5d8eff76a89e]
.lake/build/bin/hexrealalgebraic_bench(+0x4ba689e) [0x5d8eff76a89e]
.lake/build/bin/hexrealalgebraic_bench(+0x4ba689e) [0x5d8eff76a89e]
.lake/build/bin/hexrealalgebraic_bench(+0x4ba689e) [0x5d8eff76a89e]
.lake/build/bin/hexrealalgebraic_bench(+0x4ba689e) [0x5d8eff76a89e]
.lake/build/bin/hexrealalgebraic_bench(+0x4b87197) [0x5d8eff74b197]
.lake/build/bin/hexrealalgebraic_bench(+0x4b8780a) [0x5d8eff74b80a]
/nix/store/qqiqd3ah10x8hzsif4j1y4xc1miw23nx-glibc-2.42-67/lib/libc.so.6(+0x9ce53) [0x72a25fa9ce53]
/nix/store/qqiqd3ah10x8hzsif4j1y4xc1miw23nx-glibc-2.42-67/lib/libc.so.6(+0x12407c) [0x72a25fb2407c]
AlgebraicRoot.mul: certification failed
backtrace:
.lake/build/bin/hexrealalgebraic_bench(+0x4ba0f45) [0x5d8eff764f45]
.lake/build/bin/hexrealalgebraic_bench(+0x4b97ad7) [0x5d8eff75bad7]
.lake/build/bin/hexrealalgebraic_bench(+0x4b97bbb) [0x5d8eff75bbbb]
.lake/build/bin/hexrealalgebraic_bench(+0xd8f173) [0x5d8efb953173]
.lake/build/bin/hexrealalgebraic_bench(+0xdaed69) [0x5d8efb972d69]
.lake/build/bin/hexrealalgebraic_bench(+0xdaed69) [0x5d8efb972d69]
.lake/build/bin/hexrealalgebraic_bench(+0xdaf0e7) [0x5d8efb9730e7]
.lake/build/bin/hexrealalgebraic_bench(+0xdba5b6) [0x5d8efb97e5b6]
.lake/build/bin/hexrealalgebraic_bench(+0xc2af6d) [0x5d8efb7eef6d]
.lake/build/bin/hexrealalgebraic_bench(+0xc3b5d4) [0x5d8efb7ff5d4]
.lake/build/bin/hexrealalgebraic_bench(+0x4ba5e00) [0x5d8eff769e00]
.lake/build/bin/hexrealalgebraic_bench(+0xe01b53) [0x5d8efb9c5b53]
.lake/build/bin/hexrealalgebraic_bench(+0xe022a8) [0x5d8efb9c62a8]
.lake/build/bin/hexrealalgebraic_bench(+0xe03309) [0x5d8efb9c7309]
.lake/build/bin/hexrealalgebraic_bench(+0xe663e1) [0x5d8efba2a3e1]
.lake/build/bin/hexrealalgebraic_bench(+0x4ba5e00) [0x5d8eff769e00]
.lake/build/bin/hexrealalgebraic_bench(+0x4ba68c1) [0x5d8eff76a8c1]
.lake/build/bin/hexrealalgebraic_bench(+0x4ba68c1) [0x5d8eff76a8c1]
.lake/build/bin/hexrealalgebraic_bench(+0x4ba689e) [0x5d8eff76a89e]
.lake/build/bin/hexrealalgebraic_bench(+0x4ba689e) [0x5d8eff76a89e]
.lake/build/bin/hexrealalgebraic_bench(+0x4ba689e) [0x5d8eff76a89e]
.lake/build/bin/hexrealalgebraic_bench(+0x4ba689e) [0x5d8eff76a89e]
.lake/build/bin/hexrealalgebraic_bench(+0x4ba689e) [0x5d8eff76a89e]
.lake/build/bin/hexrealalgebraic_bench(+0x4ba689e) [0x5d8eff76a89e]
.lake/build/bin/hexrealalgebraic_bench(+0x4ba689e) [0x5d8eff76a89e]
.lake/build/bin/hexrealalgebraic_bench(+0x4ba689e) [0x5d8eff76a89e]
.lake/build/bin/hexrealalgebraic_bench(+0x4ba689e) [0x5d8eff76a89e]
.lake/build/bin/hexrealalgebraic_bench(+0x4b87197) [0x5d8eff74b197]
.lake/build/bin/hexrealalgebraic_bench(+0x4b8780a) [0x5d8eff74b80a]
/nix/store/qqiqd3ah10x8hzsif4j1y4xc1miw23nx-glibc-2.42-67/lib/libc.so.6(+0x9ce53) [0x72a25fa9ce53]
/nix/store/qqiqd3ah10x8hzsif4j1y4xc1miw23nx-glibc-2.42-67/lib/libc.so.6(+0x12407c) [0x72a25fb2407c]
AlgebraicRoot.mul: certification failed
backtrace:
.lake/build/bin/hexrealalgebraic_bench(+0x4ba0f45) [0x5d8eff764f45]
.lake/build/bin/hexrealalgebraic_bench(+0x4b97ad7) [0x5d8eff75bad7]
.lake/build/bin/hexrealalgebraic_bench(+0x4b97bbb) [0x5d8eff75bbbb]
.lake/build/bin/hexrealalgebraic_bench(+0xd8f173) [0x5d8efb953173]
.lake/build/bin/hexrealalgebraic_bench(+0xdaed99) [0x5d8efb972d99]
.lake/build/bin/hexrealalgebraic_bench(+0xdaed69) [0x5d8efb972d69]
.lake/build/bin/hexrealalgebraic_bench(+0xdaf0e7) [0x5d8efb9730e7]
.lake/build/bin/hexrealalgebraic_bench(+0xdba5b6) [0x5d8efb97e5b6]
.lake/build/bin/hexrealalgebraic_bench(+0xc2af6d) [0x5d8efb7eef6d]
.lake/build/bin/hexrealalgebraic_bench(+0xc3b5d4) [0x5d8efb7ff5d4]
.lake/build/bin/hexrealalgebraic_bench(+0x4ba5e00) [0x5d8eff769e00]
.lake/build/bin/hexrealalgebraic_bench(+0xe01b53) [0x5d8efb9c5b53]
.lake/build/bin/hexrealalgebraic_bench(+0xe022a8) [0x5d8efb9c62a8]
.lake/build/bin/hexrealalgebraic_bench(+0xe03309) [0x5d8efb9c7309]
.lake/build/bin/hexrealalgebraic_bench(+0xe663e1) [0x5d8efba2a3e1]
.lake/build/bin/hexrealalgebraic_bench(+0x4ba5e00) [0x5d8eff769e00]
.lake/build/bin/hexrealalgebraic_bench(+0x4ba68c1) [0x5d8eff76a8c1]
.lake/build/bin/hexrealalgebraic_bench(+0x4ba68c1) [0x5d8eff76a8c1]
.lake/build/bin/hexrealalgebraic_bench(+0x4ba689e) [0x5d8eff76a89e]
.lake/build/bin/hexrealalgebraic_bench(+0x4ba689e) [0x5d8eff76a89e]
.lake/build/bin/hexrealalgebraic_bench(+0x4ba689e) [0x5d8eff76a89e]
.lake/build/bin/hexrealalgebraic_bench(+0x4ba689e) [0x5d8eff76a89e]
.lake/build/bin/hexrealalgebraic_bench(+0x4ba689e) [0x5d8eff76a89e]
.lake/build/bin/hexrealalgebraic_bench(+0x4ba689e) [0x5d8eff76a89e]
.lake/build/bin/hexrealalgebraic_bench(+0x4ba689e) [0x5d8eff76a89e]
.lake/build/bin/hexrealalgebraic_bench(+0x4ba689e) [0x5d8eff76a89e]
.lake/build/bin/hexrealalgebraic_bench(+0x4ba689e) [0x5d8eff76a89e]
.lake/build/bin/hexrealalgebraic_bench(+0x4b87197) [0x5d8eff74b197]
.lake/build/bin/hexrealalgebraic_bench(+0x4b8780a) [0x5d8eff74b80a]
/nix/store/qqiqd3ah10x8hzsif4j1y4xc1miw23nx-glibc-2.42-67/lib/libc.so.6(+0x9ce53) [0x72a25fa9ce53]
/nix/store/qqiqd3ah10x8hzsif4j1y4xc1miw23nx-glibc-2.42-67/lib/libc.so.6(+0x12407c) [0x72a25fb2407c]
AlgebraicRoot.mul: certification failed
backtrace:
.lake/build/bin/hexrealalgebraic_bench(+0x4ba0f45) [0x5d8eff764f45]
.lake/build/bin/hexrealalgebraic_bench(+0x4b97ad7) [0x5d8eff75bad7]
.lake/build/bin/hexrealalgebraic_bench(+0x4b97bbb) [0x5d8eff75bbbb]
.lake/build/bin/hexrealalgebraic_bench(+0xd8f173) [0x5d8efb953173]
.lake/build/bin/hexrealalgebraic_bench(+0xdaed69) [0x5d8efb972d69]
.lake/build/bin/hexrealalgebraic_bench(+0xdaf0e7) [0x5d8efb9730e7]
.lake/build/bin/hexrealalgebraic_bench(+0xdba5b6) [0x5d8efb97e5b6]
.lake/build/bin/hexrealalgebraic_bench(+0xc2af6d) [0x5d8efb7eef6d]
.lake/build/bin/hexrealalgebraic_bench(+0xc3b5d4) [0x5d8efb7ff5d4]
.lake/build/bin/hexrealalgebraic_bench(+0x4ba5e00) [0x5d8eff769e00]
.lake/build/bin/hexrealalgebraic_bench(+0xe01b53) [0x5d8efb9c5b53]
.lake/build/bin/hexrealalgebraic_bench(+0xe022a8) [0x5d8efb9c62a8]
.lake/build/bin/hexrealalgebraic_bench(+0xe03309) [0x5d8efb9c7309]
.lake/build/bin/hexrealalgebraic_bench(+0xe663e1) [0x5d8efba2a3e1]
.lake/build/bin/hexrealalgebraic_bench(+0x4ba5e00) [0x5d8eff769e00]
.lake/build/bin/hexrealalgebraic_bench(+0x4ba68c1) [0x5d8eff76a8c1]
.lake/build/bin/hexrealalgebraic_bench(+0x4ba68c1) [0x5d8eff76a8c1]
.lake/build/bin/hexrealalgebraic_bench(+0x4ba689e) [0x5d8eff76a89e]
.lake/build/bin/hexrealalgebraic_bench(+0x4ba689e) [0x5d8eff76a89e]
.lake/build/bin/hexrealalgebraic_bench(+0x4ba689e) [0x5d8eff76a89e]
.lake/build/bin/hexrealalgebraic_bench(+0x4ba689e) [0x5d8eff76a89e]
.lake/build/bin/hexrealalgebraic_bench(+0x4ba689e) [0x5d8eff76a89e]
.lake/build/bin/hexrealalgebraic_bench(+0x4ba689e) [0x5d8eff76a89e]
.lake/build/bin/hexrealalgebraic_bench(+0x4ba689e) [0x5d8eff76a89e]
.lake/build/bin/hexrealalgebraic_bench(+0x4ba689e) [0x5d8eff76a89e]
.lake/build/bin/hexrealalgebraic_bench(+0x4ba689e) [0x5d8eff76a89e]
.lake/build/bin/hexrealalgebraic_bench(+0x4b87197) [0x5d8eff74b197]
.lake/build/bin/hexrealalgebraic_bench(+0x4b8780a) [0x5d8eff74b80a]
/nix/store/qqiqd3ah10x8hzsif4j1y4xc1miw23nx-glibc-2.42-67/lib/libc.so.6(+0x9ce53) [0x72a25fa9ce53]
/nix/store/qqiqd3ah10x8hzsif4j1y4xc1miw23nx-glibc-2.42-67/lib/libc.so.6(+0x12407c) [0x72a25fb2407c]
AlgebraicRoot.mul: certification failed
backtrace:
.lake/build/bin/hexrealalgebraic_bench(+0x4ba0f45) [0x5d8eff764f45]
.lake/build/bin/hexrealalgebraic_bench(+0x4b97ad7) [0x5d8eff75bad7]
.lake/build/bin/hexrealalgebraic_bench(+0x4b97bbb) [0x5d8eff75bbbb]
.lake/build/bin/hexrealalgebraic_bench(+0xd8f173) [0x5d8efb953173]
.lake/build/bin/hexrealalgebraic_bench(+0xdaed99) [0x5d8efb972d99]
.lake/build/bin/hexrealalgebraic_bench(+0xdaf0e7) [0x5d8efb9730e7]
.lake/build/bin/hexrealalgebraic_bench(+0xdba5b6) [0x5d8efb97e5b6]
.lake/build/bin/hexrealalgebraic_bench(+0xc2af6d) [0x5d8efb7eef6d]
.lake/build/bin/hexrealalgebraic_bench(+0xc3b5d4) [0x5d8efb7ff5d4]
.lake/build/bin/hexrealalgebraic_bench(+0x4ba5e00) [0x5d8eff769e00]
.lake/build/bin/hexrealalgebraic_bench(+0xe01b53) [0x5d8efb9c5b53]
.lake/build/bin/hexrealalgebraic_bench(+0xe022a8) [0x5d8efb9c62a8]
.lake/build/bin/hexrealalgebraic_bench(+0xe03309) [0x5d8efb9c7309]
.lake/build/bin/hexrealalgebraic_bench(+0xe663e1) [0x5d8efba2a3e1]
.lake/build/bin/hexrealalgebraic_bench(+0x4ba5e00) [0x5d8eff769e00]
.lake/build/bin/hexrealalgebraic_bench(+0x4ba68c1) [0x5d8eff76a8c1]
.lake/build/bin/hexrealalgebraic_bench(+0x4ba68c1) [0x5d8eff76a8c1]
.lake/build/bin/hexrealalgebraic_bench(+0x4ba689e) [0x5d8eff76a89e]
.lake/build/bin/hexrealalgebraic_bench(+0x4ba689e) [0x5d8eff76a89e]
.lake/build/bin/hexrealalgebraic_bench(+0x4ba689e) [0x5d8eff76a89e]
.lake/build/bin/hexrealalgebraic_bench(+0x4ba689e) [0x5d8eff76a89e]
.lake/build/bin/hexrealalgebraic_bench(+0x4ba689e) [0x5d8eff76a89e]
.lake/build/bin/hexrealalgebraic_bench(+0x4ba689e) [0x5d8eff76a89e]
.lake/build/bin/hexrealalgebraic_bench(+0x4ba689e) [0x5d8eff76a89e]
.lake/build/bin/hexrealalgebraic_bench(+0x4ba689e) [0x5d8eff76a89e]
.lake/build/bin/hexrealalgebraic_bench(+0x4ba689e) [0x5d8eff76a89e]
.lake/build/bin/hexrealalgebraic_bench(+0x4b87197) [0x5d8eff74b197]
.lake/build/bin/hexrealalgebraic_bench(+0x4b8780a) [0x5d8eff74b80a]
/nix/store/qqiqd3ah10x8hzsif4j1y4xc1miw23nx-glibc-2.42-67/lib/libc.so.6(+0x9ce53) [0x72a25fa9ce53]
/nix/store/qqiqd3ah10x8hzsif4j1y4xc1miw23nx-glibc-2.42-67/lib/libc.so.6(+0x12407c) [0x72a25fb2407c]
AlgebraicRoot.mul: certification failed
backtrace:
.lake/build/bin/hexrealalgebraic_bench(+0x4ba0f45) [0x5d8eff764f45]
.lake/build/bin/hexrealalgebraic_bench(+0x4b97ad7) [0x5d8eff75bad7]
.lake/build/bin/hexrealalgebraic_bench(+0x4b97bbb) [0x5d8eff75bbbb]
.lake/build/bin/hexrealalgebraic_bench(+0xd8f173) [0x5d8efb953173]
.lake/build/bin/hexrealalgebraic_bench(+0xdaf0e7) [0x5d8efb9730e7]
.lake/build/bin/hexrealalgebraic_bench(+0xdba5b6) [0x5d8efb97e5b6]
.lake/build/bin/hexrealalgebraic_bench(+0xc2af6d) [0x5d8efb7eef6d]
.lake/build/bin/hexrealalgebraic_bench(+0xc3b5d4) [0x5d8efb7ff5d4]
.lake/build/bin/hexrealalgebraic_bench(+0x4ba5e00) [0x5d8eff769e00]
.lake/build/bin/hexrealalgebraic_bench(+0xe01b53) [0x5d8efb9c5b53]
.lake/build/bin/hexrealalgebraic_bench(+0xe022a8) [0x5d8efb9c62a8]
.lake/build/bin/hexrealalgebraic_bench(+0xe03309) [0x5d8efb9c7309]
.lake/build/bin/hexrealalgebraic_bench(+0xe663e1) [0x5d8efba2a3e1]
.lake/build/bin/hexrealalgebraic_bench(+0x4ba5e00) [0x5d8eff769e00]
.lake/build/bin/hexrealalgebraic_bench(+0x4ba68c1) [0x5d8eff76a8c1]
.lake/build/bin/hexrealalgebraic_bench(+0x4ba68c1) [0x5d8eff76a8c1]
.lake/build/bin/hexrealalgebraic_bench(+0x4ba689e) [0x5d8eff76a89e]
.lake/build/bin/hexrealalgebraic_bench(+0x4ba689e) [0x5d8eff76a89e]
.lake/build/bin/hexrealalgebraic_bench(+0x4ba689e) [0x5d8eff76a89e]
.lake/build/bin/hexrealalgebraic_bench(+0x4ba689e) [0x5d8eff76a89e]
.lake/build/bin/hexrealalgebraic_bench(+0x4ba689e) [0x5d8eff76a89e]
.lake/build/bin/hexrealalgebraic_bench(+0x4ba689e) [0x5d8eff76a89e]
.lake/build/bin/hexrealalgebraic_bench(+0x4ba689e) [0x5d8eff76a89e]
.lake/build/bin/hexrealalgebraic_bench(+0x4ba689e) [0x5d8eff76a89e]
.lake/build/bin/hexrealalgebraic_bench(+0x4ba689e) [0x5d8eff76a89e]
.lake/build/bin/hexrealalgebraic_bench(+0x4b87197) [0x5d8eff74b197]
.lake/build/bin/hexrealalgebraic_bench(+0x4b8780a) [0x5d8eff74b80a]
/nix/store/qqiqd3ah10x8hzsif4j1y4xc1miw23nx-glibc-2.42-67/lib/libc.so.6(+0x9ce53) [0x72a25fa9ce53]
/nix/store/qqiqd3ah10x8hzsif4j1y4xc1miw23nx-glibc-2.42-67/lib/libc.so.6(+0x12407c) [0x72a25fb2407c]
AlgebraicRoot.mul: certification failed
backtrace:
.lake/build/bin/hexrealalgebraic_bench(+0x4ba0f45) [0x5d8eff764f45]
.lake/build/bin/hexrealalgebraic_bench(+0x4b97ad7) [0x5d8eff75bad7]
.lake/build/bin/hexrealalgebraic_bench(+0x4b97bbb) [0x5d8eff75bbbb]
.lake/build/bin/hexrealalgebraic_bench(+0xd8f173) [0x5d8efb953173]
.lake/build/bin/hexrealalgebraic_bench(+0xdaed99) [0x5d8efb972d99]
.lake/build/bin/hexrealalgebraic_bench(+0xdaed69) [0x5d8efb972d69]
.lake/build/bin/hexrealalgebraic_bench(+0xdaed69) [0x5d8efb972d69]
.lake/build/bin/hexrealalgebraic_bench(+0xdba5a6) [0x5d8efb97e5a6]
.lake/build/bin/hexrealalgebraic_bench(+0xc2aeac) [0x5d8efb7eeeac]
.lake/build/bin/hexrealalgebraic_bench(+0xc3acc4) [0x5d8efb7fecc4]
.lake/build/bin/hexrealalgebraic_bench(+0x4ba5e00) [0x5d8eff769e00]
.lake/build/bin/hexrealalgebraic_bench(+0xe01b53) [0x5d8efb9c5b53]
.lake/build/bin/hexrealalgebraic_bench(+0xe022a8) [0x5d8efb9c62a8]
.lake/build/bin/hexrealalgebraic_bench(+0xe03309) [0x5d8efb9c7309]
.lake/build/bin/hexrealalgebraic_bench(+0xe663e1) [0x5d8efba2a3e1]
.lake/build/bin/hexrealalgebraic_bench(+0x4ba5e00) [0x5d8eff769e00]
.lake/build/bin/hexrealalgebraic_bench(+0x4ba68c1) [0x5d8eff76a8c1]
.lake/build/bin/hexrealalgebraic_bench(+0x4ba68c1) [0x5d8eff76a8c1]
.lake/build/bin/hexrealalgebraic_bench(+0x4ba689e) [0x5d8eff76a89e]
.lake/build/bin/hexrealalgebraic_bench(+0x4ba689e) [0x5d8eff76a89e]
.lake/build/bin/hexrealalgebraic_bench(+0x4ba689e) [0x5d8eff76a89e]
.lake/build/bin/hexrealalgebraic_bench(+0x4ba689e) [0x5d8eff76a89e]
.lake/build/bin/hexrealalgebraic_bench(+0x4ba689e) [0x5d8eff76a89e]
.lake/build/bin/hexrealalgebraic_bench(+0x4ba689e) [0x5d8eff76a89e]
.lake/build/bin/hexrealalgebraic_bench(+0x4ba689e) [0x5d8eff76a89e]
.lake/build/bin/hexrealalgebraic_bench(+0x4ba689e) [0x5d8eff76a89e]
.lake/build/bin/hexrealalgebraic_bench(+0x4ba689e) [0x5d8eff76a89e]
.lake/build/bin/hexrealalgebraic_bench(+0x4b87197) [0x5d8eff74b197]
.lake/build/bin/hexrealalgebraic_bench(+0x4b8780a) [0x5d8eff74b80a]
/nix/store/qqiqd3ah10x8hzsif4j1y4xc1miw23nx-glibc-2.42-67/lib/libc.so.6(+0x9ce53) [0x72a25fa9ce53]
/nix/store/qqiqd3ah10x8hzsif4j1y4xc1miw23nx-glibc-2.42-67/lib/libc.so.6(+0x12407c) [0x72a25fb2407c]
AlgebraicRoot.mul: certification failed
backtrace:
.lake/build/bin/hexrealalgebraic_bench(+0x4ba0f45) [0x5d8eff764f45]
.lake/build/bin/hexrealalgebraic_bench(+0x4b97ad7) [0x5d8eff75bad7]
.lake/build/bin/hexrealalgebraic_bench(+0x4b97bbb) [0x5d8eff75bbbb]
.lake/build/bin/hexrealalgebraic_bench(+0xd8f173) [0x5d8efb953173]
.lake/build/bin/hexrealalgebraic_bench(+0xdaed69) [0x5d8efb972d69]
.lake/build/bin/hexrealalgebraic_bench(+0xdaed69) [0x5d8efb972d69]
.lake/build/bin/hexrealalgebraic_bench(+0xdba5a6) [0x5d8efb97e5a6]
.lake/build/bin/hexrealalgebraic_bench(+0xc2aeac) [0x5d8efb7eeeac]
.lake/build/bin/hexrealalgebraic_bench(+0xc3acc4) [0x5d8efb7fecc4]
.lake/build/bin/hexrealalgebraic_bench(+0x4ba5e00) [0x5d8eff769e00]
.lake/build/bin/hexrealalgebraic_bench(+0xe01b53) [0x5d8efb9c5b53]
.lake/build/bin/hexrealalgebraic_bench(+0xe022a8) [0x5d8efb9c62a8]
.lake/build/bin/hexrealalgebraic_bench(+0xe03309) [0x5d8efb9c7309]
.lake/build/bin/hexrealalgebraic_bench(+0xe663e1) [0x5d8efba2a3e1]
.lake/build/bin/hexrealalgebraic_bench(+0x4ba5e00) [0x5d8eff769e00]
.lake/build/bin/hexrealalgebraic_bench(+0x4ba68c1) [0x5d8eff76a8c1]
.lake/build/bin/hexrealalgebraic_bench(+0x4ba68c1) [0x5d8eff76a8c1]
.lake/build/bin/hexrealalgebraic_bench(+0x4ba689e) [0x5d8eff76a89e]
.lake/build/bin/hexrealalgebraic_bench(+0x4ba689e) [0x5d8eff76a89e]
.lake/build/bin/hexrealalgebraic_bench(+0x4ba689e) [0x5d8eff76a89e]
.lake/build/bin/hexrealalgebraic_bench(+0x4ba689e) [0x5d8eff76a89e]
.lake/build/bin/hexrealalgebraic_bench(+0x4ba689e) [0x5d8eff76a89e]
.lake/build/bin/hexrealalgebraic_bench(+0x4ba689e) [0x5d8eff76a89e]
.lake/build/bin/hexrealalgebraic_bench(+0x4ba689e) [0x5d8eff76a89e]
.lake/build/bin/hexrealalgebraic_bench(+0x4ba689e) [0x5d8eff76a89e]
.lake/build/bin/hexrealalgebraic_bench(+0x4ba689e) [0x5d8eff76a89e]
.lake/build/bin/hexrealalgebraic_bench(+0x4b87197) [0x5d8eff74b197]
.lake/build/bin/hexrealalgebraic_bench(+0x4b8780a) [0x5d8eff74b80a]
/nix/store/qqiqd3ah10x8hzsif4j1y4xc1miw23nx-glibc-2.42-67/lib/libc.so.6(+0x9ce53) [0x72a25fa9ce53]
/nix/store/qqiqd3ah10x8hzsif4j1y4xc1miw23nx-glibc-2.42-67/lib/libc.so.6(+0x12407c) [0x72a25fb2407c]
AlgebraicRoot.mul: certification failed
backtrace:
.lake/build/bin/hexrealalgebraic_bench(+0x4ba0f45) [0x5d8eff764f45]
.lake/build/bin/hexrealalgebraic_bench(+0x4b97ad7) [0x5d8eff75bad7]
.lake/build/bin/hexrealalgebraic_bench(+0x4b97bbb) [0x5d8eff75bbbb]
.lake/build/bin/hexrealalgebraic_bench(+0xd8f173) [0x5d8efb953173]
.lake/build/bin/hexrealalgebraic_bench(+0xdaed99) [0x5d8efb972d99]
.lake/build/bin/hexrealalgebraic_bench(+0xdaed69) [0x5d8efb972d69]
.lake/build/bin/hexrealalgebraic_bench(+0xdba5a6) [0x5d8efb97e5a6]
.lake/build/bin/hexrealalgebraic_bench(+0xc2aeac) [0x5d8efb7eeeac]
.lake/build/bin/hexrealalgebraic_bench(+0xc3acc4) [0x5d8efb7fecc4]
.lake/build/bin/hexrealalgebraic_bench(+0x4ba5e00) [0x5d8eff769e00]
.lake/build/bin/hexrealalgebraic_bench(+0xe01b53) [0x5d8efb9c5b53]
.lake/build/bin/hexrealalgebraic_bench(+0xe022a8) [0x5d8efb9c62a8]
.lake/build/bin/hexrealalgebraic_bench(+0xe03309) [0x5d8efb9c7309]
.lake/build/bin/hexrealalgebraic_bench(+0xe663e1) [0x5d8efba2a3e1]
.lake/build/bin/hexrealalgebraic_bench(+0x4ba5e00) [0x5d8eff769e00]
.lake/build/bin/hexrealalgebraic_bench(+0x4ba68c1) [0x5d8eff76a8c1]
.lake/build/bin/hexrealalgebraic_bench(+0x4ba68c1) [0x5d8eff76a8c1]
.lake/build/bin/hexrealalgebraic_bench(+0x4ba689e) [0x5d8eff76a89e]
.lake/build/bin/hexrealalgebraic_bench(+0x4ba689e) [0x5d8eff76a89e]
.lake/build/bin/hexrealalgebraic_bench(+0x4ba689e) [0x5d8eff76a89e]
.lake/build/bin/hexrealalgebraic_bench(+0x4ba689e) [0x5d8eff76a89e]
.lake/build/bin/hexrealalgebraic_bench(+0x4ba689e) [0x5d8eff76a89e]
.lake/build/bin/hexrealalgebraic_bench(+0x4ba689e) [0x5d8eff76a89e]
.lake/build/bin/hexrealalgebraic_bench(+0x4ba689e) [0x5d8eff76a89e]
.lake/build/bin/hexrealalgebraic_bench(+0x4ba689e) [0x5d8eff76a89e]
.lake/build/bin/hexrealalgebraic_bench(+0x4ba689e) [0x5d8eff76a89e]
.lake/build/bin/hexrealalgebraic_bench(+0x4b87197) [0x5d8eff74b197]
.lake/build/bin/hexrealalgebraic_bench(+0x4b8780a) [0x5d8eff74b80a]
/nix/store/qqiqd3ah10x8hzsif4j1y4xc1miw23nx-glibc-2.42-67/lib/libc.so.6(+0x9ce53) [0x72a25fa9ce53]
/nix/store/qqiqd3ah10x8hzsif4j1y4xc1miw23nx-glibc-2.42-67/lib/libc.so.6(+0x12407c) [0x72a25fb2407c]
AlgebraicRoot.mul: certification failed
backtrace:
.lake/build/bin/hexrealalgebraic_bench(+0x4ba0f45) [0x5d8eff764f45]
.lake/build/bin/hexrealalgebraic_bench(+0x4b97ad7) [0x5d8eff75bad7]
.lake/build/bin/hexrealalgebraic_bench(+0x4b97bbb) [0x5d8eff75bbbb]
.lake/build/bin/hexrealalgebraic_bench(+0xd8f173) [0x5d8efb953173]
.lake/build/bin/hexrealalgebraic_bench(+0xdaed69) [0x5d8efb972d69]
.lake/build/bin/hexrealalgebraic_bench(+0xdba5a6) [0x5d8efb97e5a6]
.lake/build/bin/hexrealalgebraic_bench(+0xc2aeac) [0x5d8efb7eeeac]
.lake/build/bin/hexrealalgebraic_bench(+0xc3acc4) [0x5d8efb7fecc4]
.lake/build/bin/hexrealalgebraic_bench(+0x4ba5e00) [0x5d8eff769e00]
.lake/build/bin/hexrealalgebraic_bench(+0xe01b53) [0x5d8efb9c5b53]
.lake/build/bin/hexrealalgebraic_bench(+0xe022a8) [0x5d8efb9c62a8]
.lake/build/bin/hexrealalgebraic_bench(+0xe03309) [0x5d8efb9c7309]
.lake/build/bin/hexrealalgebraic_bench(+0xe663e1) [0x5d8efba2a3e1]
.lake/build/bin/hexrealalgebraic_bench(+0x4ba5e00) [0x5d8eff769e00]
.lake/build/bin/hexrealalgebraic_bench(+0x4ba68c1) [0x5d8eff76a8c1]
.lake/build/bin/hexrealalgebraic_bench(+0x4ba68c1) [0x5d8eff76a8c1]
.lake/build/bin/hexrealalgebraic_bench(+0x4ba689e) [0x5d8eff76a89e]
.lake/build/bin/hexrealalgebraic_bench(+0x4ba689e) [0x5d8eff76a89e]
.lake/build/bin/hexrealalgebraic_bench(+0x4ba689e) [0x5d8eff76a89e]
.lake/build/bin/hexrealalgebraic_bench(+0x4ba689e) [0x5d8eff76a89e]
.lake/build/bin/hexrealalgebraic_bench(+0x4ba689e) [0x5d8eff76a89e]
.lake/build/bin/hexrealalgebraic_bench(+0x4ba689e) [0x5d8eff76a89e]
.lake/build/bin/hexrealalgebraic_bench(+0x4ba689e) [0x5d8eff76a89e]
.lake/build/bin/hexrealalgebraic_bench(+0x4ba689e) [0x5d8eff76a89e]
.lake/build/bin/hexrealalgebraic_bench(+0x4ba689e) [0x5d8eff76a89e]
.lake/build/bin/hexrealalgebraic_bench(+0x4b87197) [0x5d8eff74b197]
.lake/build/bin/hexrealalgebraic_bench(+0x4b8780a) [0x5d8eff74b80a]
/nix/store/qqiqd3ah10x8hzsif4j1y4xc1miw23nx-glibc-2.42-67/lib/libc.so.6(+0x9ce53) [0x72a25fa9ce53]
/nix/store/qqiqd3ah10x8hzsif4j1y4xc1miw23nx-glibc-2.42-67/lib/libc.so.6(+0x12407c) [0x72a25fb2407c]
AlgebraicRoot.mul: certification failed
backtrace:
.lake/build/bin/hexrealalgebraic_bench(+0x4ba0f45) [0x5d8eff764f45]
.lake/build/bin/hexrealalgebraic_bench(+0x4b97ad7) [0x5d8eff75bad7]
.lake/build/bin/hexrealalgebraic_bench(+0x4b97bbb) [0x5d8eff75bbbb]
.lake/build/bin/hexrealalgebraic_bench(+0xd8f173) [0x5d8efb953173]
.lake/build/bin/hexrealalgebraic_bench(+0xdaed99) [0x5d8efb972d99]
.lake/build/bin/hexrealalgebraic_bench(+0xdba5a6) [0x5d8efb97e5a6]
.lake/build/bin/hexrealalgebraic_bench(+0xc2aeac) [0x5d8efb7eeeac]
.lake/build/bin/hexrealalgebraic_bench(+0xc3acc4) [0x5d8efb7fecc4]
.lake/build/bin/hexrealalgebraic_bench(+0x4ba5e00) [0x5d8eff769e00]
.lake/build/bin/hexrealalgebraic_bench(+0xe01b53) [0x5d8efb9c5b53]
.lake/build/bin/hexrealalgebraic_bench(+0xe022a8) [0x5d8efb9c62a8]
.lake/build/bin/hexrealalgebraic_bench(+0xe03309) [0x5d8efb9c7309]
.lake/build/bin/hexrealalgebraic_bench(+0xe663e1) [0x5d8efba2a3e1]
.lake/build/bin/hexrealalgebraic_bench(+0x4ba5e00) [0x5d8eff769e00]
.lake/build/bin/hexrealalgebraic_bench(+0x4ba68c1) [0x5d8eff76a8c1]
.lake/build/bin/hexrealalgebraic_bench(+0x4ba68c1) [0x5d8eff76a8c1]
.lake/build/bin/hexrealalgebraic_bench(+0x4ba689e) [0x5d8eff76a89e]
.lake/build/bin/hexrealalgebraic_bench(+0x4ba689e) [0x5d8eff76a89e]
.lake/build/bin/hexrealalgebraic_bench(+0x4ba689e) [0x5d8eff76a89e]
.lake/build/bin/hexrealalgebraic_bench(+0x4ba689e) [0x5d8eff76a89e]
.lake/build/bin/hexrealalgebraic_bench(+0x4ba689e) [0x5d8eff76a89e]
.lake/build/bin/hexrealalgebraic_bench(+0x4ba689e) [0x5d8eff76a89e]
.lake/build/bin/hexrealalgebraic_bench(+0x4ba689e) [0x5d8eff76a89e]
.lake/build/bin/hexrealalgebraic_bench(+0x4ba689e) [0x5d8eff76a89e]
.lake/build/bin/hexrealalgebraic_bench(+0x4ba689e) [0x5d8eff76a89e]
.lake/build/bin/hexrealalgebraic_bench(+0x4b87197) [0x5d8eff74b197]
.lake/build/bin/hexrealalgebraic_bench(+0x4b8780a) [0x5d8eff74b80a]
/nix/store/qqiqd3ah10x8hzsif4j1y4xc1miw23nx-glibc-2.42-67/lib/libc.so.6(+0x9ce53) [0x72a25fa9ce53]
/nix/store/qqiqd3ah10x8hzsif4j1y4xc1miw23nx-glibc-2.42-67/lib/libc.so.6(+0x12407c) [0x72a25fb2407c]
AlgebraicRoot.mul: certification failed
backtrace:
.lake/build/bin/hexrealalgebraic_bench(+0x4ba0f45) [0x5d8eff764f45]
.lake/build/bin/hexrealalgebraic_bench(+0x4b97ad7) [0x5d8eff75bad7]
.lake/build/bin/hexrealalgebraic_bench(+0x4b97bbb) [0x5d8eff75bbbb]
.lake/build/bin/hexrealalgebraic_bench(+0xd8f173) [0x5d8efb953173]
.lake/build/bin/hexrealalgebraic_bench(+0xdba5a6) [0x5d8efb97e5a6]
.lake/build/bin/hexrealalgebraic_bench(+0xc2aeac) [0x5d8efb7eeeac]
.lake/build/bin/hexrealalgebraic_bench(+0xc3acc4) [0x5d8efb7fecc4]
.lake/build/bin/hexrealalgebraic_bench(+0x4ba5e00) [0x5d8eff769e00]
.lake/build/bin/hexrealalgebraic_bench(+0xe01b53) [0x5d8efb9c5b53]
.lake/build/bin/hexrealalgebraic_bench(+0xe022a8) [0x5d8efb9c62a8]
.lake/build/bin/hexrealalgebraic_bench(+0xe03309) [0x5d8efb9c7309]
.lake/build/bin/hexrealalgebraic_bench(+0xe663e1) [0x5d8efba2a3e1]
.lake/build/bin/hexrealalgebraic_bench(+0x4ba5e00) [0x5d8eff769e00]
.lake/build/bin/hexrealalgebraic_bench(+0x4ba68c1) [0x5d8eff76a8c1]
.lake/build/bin/hexrealalgebraic_bench(+0x4ba68c1) [0x5d8eff76a8c1]
.lake/build/bin/hexrealalgebraic_bench(+0x4ba689e) [0x5d8eff76a89e]
.lake/build/bin/hexrealalgebraic_bench(+0x4ba689e) [0x5d8eff76a89e]
.lake/build/bin/hexrealalgebraic_bench(+0x4ba689e) [0x5d8eff76a89e]
.lake/build/bin/hexrealalgebraic_bench(+0x4ba689e) [0x5d8eff76a89e]
.lake/build/bin/hexrealalgebraic_bench(+0x4ba689e) [0x5d8eff76a89e]
.lake/build/bin/hexrealalgebraic_bench(+0x4ba689e) [0x5d8eff76a89e]
.lake/build/bin/hexrealalgebraic_bench(+0x4ba689e) [0x5d8eff76a89e]
.lake/build/bin/hexrealalgebraic_bench(+0x4ba689e) [0x5d8eff76a89e]
.lake/build/bin/hexrealalgebraic_bench(+0x4ba689e) [0x5d8eff76a89e]
.lake/build/bin/hexrealalgebraic_bench(+0x4b87197) [0x5d8eff74b197]
.lake/build/bin/hexrealalgebraic_bench(+0x4b8780a) [0x5d8eff74b80a]
/nix/store/qqiqd3ah10x8hzsif4j1y4xc1miw23nx-glibc-2.42-67/lib/libc.so.6(+0x9ce53) [0x72a25fa9ce53]
/nix/store/qqiqd3ah10x8hzsif4j1y4xc1miw23nx-glibc-2.42-67/lib/libc.so.6(+0x12407c) [0x72a25fb2407c]
AlgebraicRoot.mul: certification failed
backtrace:
.lake/build/bin/hexrealalgebraic_bench(+0x4ba0f45) [0x5d8eff764f45]
.lake/build/bin/hexrealalgebraic_bench(+0x4b97ad7) [0x5d8eff75bad7]
.lake/build/bin/hexrealalgebraic_bench(+0x4b97bbb) [0x5d8eff75bbbb]
.lake/build/bin/hexrealalgebraic_bench(+0xd8f173) [0x5d8efb953173]
.lake/build/bin/hexrealalgebraic_bench(+0xdaed99) [0x5d8efb972d99]
.lake/build/bin/hexrealalgebraic_bench(+0xdaed69) [0x5d8efb972d69]
.lake/build/bin/hexrealalgebraic_bench(+0xdaed69) [0x5d8efb972d69]
.lake/build/bin/hexrealalgebraic_bench(+0xdaf0e7) [0x5d8efb9730e7]
.lake/build/bin/hexrealalgebraic_bench(+0xc30dfd) [0x5d8efb7f4dfd]
.lake/build/bin/hexrealalgebraic_bench(+0xc36d54) [0x5d8efb7fad54]
.lake/build/bin/hexrealalgebraic_bench(+0x4ba5e00) [0x5d8eff769e00]
.lake/build/bin/hexrealalgebraic_bench(+0xe01b53) [0x5d8efb9c5b53]
.lake/build/bin/hexrealalgebraic_bench(+0xe022a8) [0x5d8efb9c62a8]
.lake/build/bin/hexrealalgebraic_bench(+0xe03309) [0x5d8efb9c7309]
.lake/build/bin/hexrealalgebraic_bench(+0xe663e1) [0x5d8efba2a3e1]
.lake/build/bin/hexrealalgebraic_bench(+0x4ba5e00) [0x5d8eff769e00]
.lake/build/bin/hexrealalgebraic_bench(+0x4ba68c1) [0x5d8eff76a8c1]
.lake/build/bin/hexrealalgebraic_bench(+0x4ba68c1) [0x5d8eff76a8c1]
.lake/build/bin/hexrealalgebraic_bench(+0x4ba689e) [0x5d8eff76a89e]
.lake/build/bin/hexrealalgebraic_bench(+0x4ba689e) [0x5d8eff76a89e]
.lake/build/bin/hexrealalgebraic_bench(+0x4ba689e) [0x5d8eff76a89e]
.lake/build/bin/hexrealalgebraic_bench(+0x4ba689e) [0x5d8eff76a89e]
.lake/build/bin/hexrealalgebraic_bench(+0x4ba689e) [0x5d8eff76a89e]
.lake/build/bin/hexrealalgebraic_bench(+0x4ba689e) [0x5d8eff76a89e]
.lake/build/bin/hexrealalgebraic_bench(+0x4ba689e) [0x5d8eff76a89e]
.lake/build/bin/hexrealalgebraic_bench(+0x4ba689e) [0x5d8eff76a89e]
.lake/build/bin/hexrealalgebraic_bench(+0x4ba689e) [0x5d8eff76a89e]
.lake/build/bin/hexrealalgebraic_bench(+0x4b87197) [0x5d8eff74b197]
.lake/build/bin/hexrealalgebraic_bench(+0x4b8780a) [0x5d8eff74b80a]
/nix/store/qqiqd3ah10x8hzsif4j1y4xc1miw23nx-glibc-2.42-67/lib/libc.so.6(+0x9ce53) [0x72a25fa9ce53]
/nix/store/qqiqd3ah10x8hzsif4j1y4xc1miw23nx-glibc-2.42-67/lib/libc.so.6(+0x12407c) [0x72a25fb2407c]
AlgebraicRoot.mul: certification failed
backtrace:
.lake/build/bin/hexrealalgebraic_bench(+0x4ba0f45) [0x5d8eff764f45]
.lake/build/bin/hexrealalgebraic_bench(+0x4b97ad7) [0x5d8eff75bad7]
.lake/build/bin/hexrealalgebraic_bench(+0x4b97bbb) [0x5d8eff75bbbb]
.lake/build/bin/hexrealalgebraic_bench(+0xd8f173) [0x5d8efb953173]
.lake/build/bin/hexrealalgebraic_bench(+0xdaed69) [0x5d8efb972d69]
.lake/build/bin/hexrealalgebraic_bench(+0xdaed69) [0x5d8efb972d69]
.lake/build/bin/hexrealalgebraic_bench(+0xdaf0e7) [0x5d8efb9730e7]
.lake/build/bin/hexrealalgebraic_bench(+0xc30dfd) [0x5d8efb7f4dfd]
.lake/build/bin/hexrealalgebraic_bench(+0xc36d54) [0x5d8efb7fad54]
.lake/build/bin/hexrealalgebraic_bench(+0x4ba5e00) [0x5d8eff769e00]
.lake/build/bin/hexrealalgebraic_bench(+0xe01b53) [0x5d8efb9c5b53]
.lake/build/bin/hexrealalgebraic_bench(+0xe022a8) [0x5d8efb9c62a8]
.lake/build/bin/hexrealalgebraic_bench(+0xe03309) [0x5d8efb9c7309]
.lake/build/bin/hexrealalgebraic_bench(+0xe663e1) [0x5d8efba2a3e1]
.lake/build/bin/hexrealalgebraic_bench(+0x4ba5e00) [0x5d8eff769e00]
.lake/build/bin/hexrealalgebraic_bench(+0x4ba68c1) [0x5d8eff76a8c1]
.lake/build/bin/hexrealalgebraic_bench(+0x4ba68c1) [0x5d8eff76a8c1]
.lake/build/bin/hexrealalgebraic_bench(+0x4ba689e) [0x5d8eff76a89e]
.lake/build/bin/hexrealalgebraic_bench(+0x4ba689e) [0x5d8eff76a89e]
.lake/build/bin/hexrealalgebraic_bench(+0x4ba689e) [0x5d8eff76a89e]
.lake/build/bin/hexrealalgebraic_bench(+0x4ba689e) [0x5d8eff76a89e]
.lake/build/bin/hexrealalgebraic_bench(+0x4ba689e) [0x5d8eff76a89e]
.lake/build/bin/hexrealalgebraic_bench(+0x4ba689e) [0x5d8eff76a89e]
.lake/build/bin/hexrealalgebraic_bench(+0x4ba689e) [0x5d8eff76a89e]
.lake/build/bin/hexrealalgebraic_bench(+0x4ba689e) [0x5d8eff76a89e]
.lake/build/bin/hexrealalgebraic_bench(+0x4ba689e) [0x5d8eff76a89e]
.lake/build/bin/hexrealalgebraic_bench(+0x4b87197) [0x5d8eff74b197]
.lake/build/bin/hexrealalgebraic_bench(+0x4b8780a) [0x5d8eff74b80a]
/nix/store/qqiqd3ah10x8hzsif4j1y4xc1miw23nx-glibc-2.42-67/lib/libc.so.6(+0x9ce53) [0x72a25fa9ce53]
/nix/store/qqiqd3ah10x8hzsif4j1y4xc1miw23nx-glibc-2.42-67/lib/libc.so.6(+0x12407c) [0x72a25fb2407c]
AlgebraicRoot.mul: certification failed
backtrace:
.lake/build/bin/hexrealalgebraic_bench(+0x4ba0f45) [0x5d8eff764f45]
.lake/build/bin/hexrealalgebraic_bench(+0x4b97ad7) [0x5d8eff75bad7]
.lake/build/bin/hexrealalgebraic_bench(+0x4b97bbb) [0x5d8eff75bbbb]
.lake/build/bin/hexrealalgebraic_bench(+0xd8f173) [0x5d8efb953173]
.lake/build/bin/hexrealalgebraic_bench(+0xdaed99) [0x5d8efb972d99]
.lake/build/bin/hexrealalgebraic_bench(+0xdaed69) [0x5d8efb972d69]
.lake/build/bin/hexrealalgebraic_bench(+0xdaf0e7) [0x5d8efb9730e7]
.lake/build/bin/hexrealalgebraic_bench(+0xc30dfd) [0x5d8efb7f4dfd]
.lake/build/bin/hexrealalgebraic_bench(+0xc36d54) [0x5d8efb7fad54]
.lake/build/bin/hexrealalgebraic_bench(+0x4ba5e00) [0x5d8eff769e00]
.lake/build/bin/hexrealalgebraic_bench(+0xe01b53) [0x5d8efb9c5b53]
.lake/build/bin/hexrealalgebraic_bench(+0xe022a8) [0x5d8efb9c62a8]
.lake/build/bin/hexrealalgebraic_bench(+0xe03309) [0x5d8efb9c7309]
.lake/build/bin/hexrealalgebraic_bench(+0xe663e1) [0x5d8efba2a3e1]
.lake/build/bin/hexrealalgebraic_bench(+0x4ba5e00) [0x5d8eff769e00]
.lake/build/bin/hexrealalgebraic_bench(+0x4ba68c1) [0x5d8eff76a8c1]
.lake/build/bin/hexrealalgebraic_bench(+0x4ba68c1) [0x5d8eff76a8c1]
.lake/build/bin/hexrealalgebraic_bench(+0x4ba689e) [0x5d8eff76a89e]
.lake/build/bin/hexrealalgebraic_bench(+0x4ba689e) [0x5d8eff76a89e]
.lake/build/bin/hexrealalgebraic_bench(+0x4ba689e) [0x5d8eff76a89e]
.lake/build/bin/hexrealalgebraic_bench(+0x4ba689e) [0x5d8eff76a89e]
.lake/build/bin/hexrealalgebraic_bench(+0x4ba689e) [0x5d8eff76a89e]
.lake/build/bin/hexrealalgebraic_bench(+0x4ba689e) [0x5d8eff76a89e]
.lake/build/bin/hexrealalgebraic_bench(+0x4ba689e) [0x5d8eff76a89e]
.lake/build/bin/hexrealalgebraic_bench(+0x4ba689e) [0x5d8eff76a89e]
.lake/build/bin/hexrealalgebraic_bench(+0x4ba689e) [0x5d8eff76a89e]
.lake/build/bin/hexrealalgebraic_bench(+0x4b87197) [0x5d8eff74b197]
.lake/build/bin/hexrealalgebraic_bench(+0x4b8780a) [0x5d8eff74b80a]
/nix/store/qqiqd3ah10x8hzsif4j1y4xc1miw23nx-glibc-2.42-67/lib/libc.so.6(+0x9ce53) [0x72a25fa9ce53]
/nix/store/qqiqd3ah10x8hzsif4j1y4xc1miw23nx-glibc-2.42-67/lib/libc.so.6(+0x12407c) [0x72a25fb2407c]
AlgebraicRoot.mul: certification failed
backtrace:
.lake/build/bin/hexrealalgebraic_bench(+0x4ba0f45) [0x5d8eff764f45]
.lake/build/bin/hexrealalgebraic_bench(+0x4b97ad7) [0x5d8eff75bad7]
.lake/build/bin/hexrealalgebraic_bench(+0x4b97bbb) [0x5d8eff75bbbb]
.lake/build/bin/hexrealalgebraic_bench(+0xd8f173) [0x5d8efb953173]
.lake/build/bin/hexrealalgebraic_bench(+0xdaed69) [0x5d8efb972d69]
.lake/build/bin/hexrealalgebraic_bench(+0xdaf0e7) [0x5d8efb9730e7]
.lake/build/bin/hexrealalgebraic_bench(+0xc30dfd) [0x5d8efb7f4dfd]
.lake/build/bin/hexrealalgebraic_bench(+0xc36d54) [0x5d8efb7fad54]
.lake/build/bin/hexrealalgebraic_bench(+0x4ba5e00) [0x5d8eff769e00]
.lake/build/bin/hexrealalgebraic_bench(+0xe01b53) [0x5d8efb9c5b53]
.lake/build/bin/hexrealalgebraic_bench(+0xe022a8) [0x5d8efb9c62a8]
.lake/build/bin/hexrealalgebraic_bench(+0xe03309) [0x5d8efb9c7309]
.lake/build/bin/hexrealalgebraic_bench(+0xe663e1) [0x5d8efba2a3e1]
.lake/build/bin/hexrealalgebraic_bench(+0x4ba5e00) [0x5d8eff769e00]
.lake/build/bin/hexrealalgebraic_bench(+0x4ba68c1) [0x5d8eff76a8c1]
.lake/build/bin/hexrealalgebraic_bench(+0x4ba68c1) [0x5d8eff76a8c1]
.lake/build/bin/hexrealalgebraic_bench(+0x4ba689e) [0x5d8eff76a89e]
.lake/build/bin/hexrealalgebraic_bench(+0x4ba689e) [0x5d8eff76a89e]
.lake/build/bin/hexrealalgebraic_bench(+0x4ba689e) [0x5d8eff76a89e]
.lake/build/bin/hexrealalgebraic_bench(+0x4ba689e) [0x5d8eff76a89e]
.lake/build/bin/hexrealalgebraic_bench(+0x4ba689e) [0x5d8eff76a89e]
.lake/build/bin/hexrealalgebraic_bench(+0x4ba689e) [0x5d8eff76a89e]
.lake/build/bin/hexrealalgebraic_bench(+0x4ba689e) [0x5d8eff76a89e]
.lake/build/bin/hexrealalgebraic_bench(+0x4ba689e) [0x5d8eff76a89e]
.lake/build/bin/hexrealalgebraic_bench(+0x4ba689e) [0x5d8eff76a89e]
.lake/build/bin/hexrealalgebraic_bench(+0x4b87197) [0x5d8eff74b197]
.lake/build/bin/hexrealalgebraic_bench(+0x4b8780a) [0x5d8eff74b80a]
/nix/store/qqiqd3ah10x8hzsif4j1y4xc1miw23nx-glibc-2.42-67/lib/libc.so.6(+0x9ce53) [0x72a25fa9ce53]
/nix/store/qqiqd3ah10x8hzsif4j1y4xc1miw23nx-glibc-2.42-67/lib/libc.so.6(+0x12407c) [0x72a25fb2407c]
AlgebraicRoot.mul: certification failed
backtrace:
.lake/build/bin/hexrealalgebraic_bench(+0x4ba0f45) [0x5d8eff764f45]
.lake/build/bin/hexrealalgebraic_bench(+0x4b97ad7) [0x5d8eff75bad7]
.lake/build/bin/hexrealalgebraic_bench(+0x4b97bbb) [0x5d8eff75bbbb]
.lake/build/bin/hexrealalgebraic_bench(+0xd8f173) [0x5d8efb953173]
.lake/build/bin/hexrealalgebraic_bench(+0xdaed99) [0x5d8efb972d99]
.lake/build/bin/hexrealalgebraic_bench(+0xdaf0e7) [0x5d8efb9730e7]
.lake/build/bin/hexrealalgebraic_bench(+0xc30dfd) [0x5d8efb7f4dfd]
.lake/build/bin/hexrealalgebraic_bench(+0xc36d54) [0x5d8efb7fad54]
.lake/build/bin/hexrealalgebraic_bench(+0x4ba5e00) [0x5d8eff769e00]
.lake/build/bin/hexrealalgebraic_bench(+0xe01b53) [0x5d8efb9c5b53]
.lake/build/bin/hexrealalgebraic_bench(+0xe022a8) [0x5d8efb9c62a8]
.lake/build/bin/hexrealalgebraic_bench(+0xe03309) [0x5d8efb9c7309]
.lake/build/bin/hexrealalgebraic_bench(+0xe663e1) [0x5d8efba2a3e1]
.lake/build/bin/hexrealalgebraic_bench(+0x4ba5e00) [0x5d8eff769e00]
.lake/build/bin/hexrealalgebraic_bench(+0x4ba68c1) [0x5d8eff76a8c1]
.lake/build/bin/hexrealalgebraic_bench(+0x4ba68c1) [0x5d8eff76a8c1]
.lake/build/bin/hexrealalgebraic_bench(+0x4ba689e) [0x5d8eff76a89e]
.lake/build/bin/hexrealalgebraic_bench(+0x4ba689e) [0x5d8eff76a89e]
.lake/build/bin/hexrealalgebraic_bench(+0x4ba689e) [0x5d8eff76a89e]
.lake/build/bin/hexrealalgebraic_bench(+0x4ba689e) [0x5d8eff76a89e]
.lake/build/bin/hexrealalgebraic_bench(+0x4ba689e) [0x5d8eff76a89e]
.lake/build/bin/hexrealalgebraic_bench(+0x4ba689e) [0x5d8eff76a89e]
.lake/build/bin/hexrealalgebraic_bench(+0x4ba689e) [0x5d8eff76a89e]
.lake/build/bin/hexrealalgebraic_bench(+0x4ba689e) [0x5d8eff76a89e]
.lake/build/bin/hexrealalgebraic_bench(+0x4ba689e) [0x5d8eff76a89e]
.lake/build/bin/hexrealalgebraic_bench(+0x4b87197) [0x5d8eff74b197]
.lake/build/bin/hexrealalgebraic_bench(+0x4b8780a) [0x5d8eff74b80a]
/nix/store/qqiqd3ah10x8hzsif4j1y4xc1miw23nx-glibc-2.42-67/lib/libc.so.6(+0x9ce53) [0x72a25fa9ce53]
/nix/store/qqiqd3ah10x8hzsif4j1y4xc1miw23nx-glibc-2.42-67/lib/libc.so.6(+0x12407c) [0x72a25fb2407c]
AlgebraicRoot.mul: certification failed
backtrace:
.lake/build/bin/hexrealalgebraic_bench(+0x4ba0f45) [0x5d8eff764f45]
.lake/build/bin/hexrealalgebraic_bench(+0x4b97ad7) [0x5d8eff75bad7]
.lake/build/bin/hexrealalgebraic_bench(+0x4b97bbb) [0x5d8eff75bbbb]
.lake/build/bin/hexrealalgebraic_bench(+0xd8f173) [0x5d8efb953173]
.lake/build/bin/hexrealalgebraic_bench(+0xdaf0e7) [0x5d8efb9730e7]
.lake/build/bin/hexrealalgebraic_bench(+0xc30dfd) [0x5d8efb7f4dfd]
.lake/build/bin/hexrealalgebraic_bench(+0xc36d54) [0x5d8efb7fad54]
.lake/build/bin/hexrealalgebraic_bench(+0x4ba5e00) [0x5d8eff769e00]
.lake/build/bin/hexrealalgebraic_bench(+0xe01b53) [0x5d8efb9c5b53]
.lake/build/bin/hexrealalgebraic_bench(+0xe022a8) [0x5d8efb9c62a8]
.lake/build/bin/hexrealalgebraic_bench(+0xe03309) [0x5d8efb9c7309]
.lake/build/bin/hexrealalgebraic_bench(+0xe663e1) [0x5d8efba2a3e1]
.lake/build/bin/hexrealalgebraic_bench(+0x4ba5e00) [0x5d8eff769e00]
.lake/build/bin/hexrealalgebraic_bench(+0x4ba68c1) [0x5d8eff76a8c1]
.lake/build/bin/hexrealalgebraic_bench(+0x4ba68c1) [0x5d8eff76a8c1]
.lake/build/bin/hexrealalgebraic_bench(+0x4ba689e) [0x5d8eff76a89e]
.lake/build/bin/hexrealalgebraic_bench(+0x4ba689e) [0x5d8eff76a89e]
.lake/build/bin/hexrealalgebraic_bench(+0x4ba689e) [0x5d8eff76a89e]
.lake/build/bin/hexrealalgebraic_bench(+0x4ba689e) [0x5d8eff76a89e]
.lake/build/bin/hexrealalgebraic_bench(+0x4ba689e) [0x5d8eff76a89e]
.lake/build/bin/hexrealalgebraic_bench(+0x4ba689e) [0x5d8eff76a89e]
.lake/build/bin/hexrealalgebraic_bench(+0x4ba689e) [0x5d8eff76a89e]
.lake/build/bin/hexrealalgebraic_bench(+0x4ba689e) [0x5d8eff76a89e]
.lake/build/bin/hexrealalgebraic_bench(+0x4ba689e) [0x5d8eff76a89e]
.lake/build/bin/hexrealalgebraic_bench(+0x4b87197) [0x5d8eff74b197]
.lake/build/bin/hexrealalgebraic_bench(+0x4b8780a) [0x5d8eff74b80a]
/nix/store/qqiqd3ah10x8hzsif4j1y4xc1miw23nx-glibc-2.42-67/lib/libc.so.6(+0x9ce53) [0x72a25fa9ce53]
/nix/store/qqiqd3ah10x8hzsif4j1y4xc1miw23nx-glibc-2.42-67/lib/libc.so.6(+0x12407c) [0x72a25fb2407c]
AlgebraicRoot.mul: certification failed
backtrace:
.lake/build/bin/hexrealalgebraic_bench(+0x4ba0f45) [0x5d8eff764f45]
.lake/build/bin/hexrealalgebraic_bench(+0x4b97ad7) [0x5d8eff75bad7]
.lake/build/bin/hexrealalgebraic_bench(+0x4b97bbb) [0x5d8eff75bbbb]
.lake/build/bin/hexrealalgebraic_bench(+0xd8f173) [0x5d8efb953173]
.lake/build/bin/hexrealalgebraic_bench(+0xdaed99) [0x5d8efb972d99]
.lake/build/bin/hexrealalgebraic_bench(+0xdaed69) [0x5d8efb972d69]
.lake/build/bin/hexrealalgebraic_bench(+0xdaed69) [0x5d8efb972d69]
.lake/build/bin/hexrealalgebraic_bench(+0xc52e70) [0x5d8efb816e70]
.lake/build/bin/hexrealalgebraic_bench(+0xc5d13e) [0x5d8efb82113e]
.lake/build/bin/hexrealalgebraic_bench(+0x4ba5e00) [0x5d8eff769e00]
.lake/build/bin/hexrealalgebraic_bench(+0xe01b53) [0x5d8efb9c5b53]
.lake/build/bin/hexrealalgebraic_bench(+0xe022a8) [0x5d8efb9c62a8]
.lake/build/bin/hexrealalgebraic_bench(+0xe03309) [0x5d8efb9c7309]
.lake/build/bin/hexrealalgebraic_bench(+0xe663e1) [0x5d8efba2a3e1]
.lake/build/bin/hexrealalgebraic_bench(+0x4ba5e00) [0x5d8eff769e00]
.lake/build/bin/hexrealalgebraic_bench(+0x4ba68c1) [0x5d8eff76a8c1]
.lake/build/bin/hexrealalgebraic_bench(+0x4ba68c1) [0x5d8eff76a8c1]
.lake/build/bin/hexrealalgebraic_bench(+0x4ba689e) [0x5d8eff76a89e]
.lake/build/bin/hexrealalgebraic_bench(+0x4ba689e) [0x5d8eff76a89e]
.lake/build/bin/hexrealalgebraic_bench(+0x4ba689e) [0x5d8eff76a89e]
.lake/build/bin/hexrealalgebraic_bench(+0x4ba689e) [0x5d8eff76a89e]
.lake/build/bin/hexrealalgebraic_bench(+0x4ba689e) [0x5d8eff76a89e]
.lake/build/bin/hexrealalgebraic_bench(+0x4ba689e) [0x5d8eff76a89e]
.lake/build/bin/hexrealalgebraic_bench(+0x4ba689e) [0x5d8eff76a89e]
.lake/build/bin/hexrealalgebraic_bench(+0x4ba689e) [0x5d8eff76a89e]
.lake/build/bin/hexrealalgebraic_bench(+0x4ba689e) [0x5d8eff76a89e]
.lake/build/bin/hexrealalgebraic_bench(+0x4b87197) [0x5d8eff74b197]
.lake/build/bin/hexrealalgebraic_bench(+0x4b8780a) [0x5d8eff74b80a]
/nix/store/qqiqd3ah10x8hzsif4j1y4xc1miw23nx-glibc-2.42-67/lib/libc.so.6(+0x9ce53) [0x72a25fa9ce53]
/nix/store/qqiqd3ah10x8hzsif4j1y4xc1miw23nx-glibc-2.42-67/lib/libc.so.6(+0x12407c) [0x72a25fb2407c]
AlgebraicRoot.mul: certification failed
backtrace:
.lake/build/bin/hexrealalgebraic_bench(+0x4ba0f45) [0x5d8eff764f45]
.lake/build/bin/hexrealalgebraic_bench(+0x4b97ad7) [0x5d8eff75bad7]
.lake/build/bin/hexrealalgebraic_bench(+0x4b97bbb) [0x5d8eff75bbbb]
.lake/build/bin/hexrealalgebraic_bench(+0xd8f173) [0x5d8efb953173]
.lake/build/bin/hexrealalgebraic_bench(+0xdaed69) [0x5d8efb972d69]
.lake/build/bin/hexrealalgebraic_bench(+0xdaed69) [0x5d8efb972d69]
.lake/build/bin/hexrealalgebraic_bench(+0xc52e70) [0x5d8efb816e70]
.lake/build/bin/hexrealalgebraic_bench(+0xc5d13e) [0x5d8efb82113e]
.lake/build/bin/hexrealalgebraic_bench(+0x4ba5e00) [0x5d8eff769e00]
.lake/build/bin/hexrealalgebraic_bench(+0xe01b53) [0x5d8efb9c5b53]
.lake/build/bin/hexrealalgebraic_bench(+0xe022a8) [0x5d8efb9c62a8]
.lake/build/bin/hexrealalgebraic_bench(+0xe03309) [0x5d8efb9c7309]
.lake/build/bin/hexrealalgebraic_bench(+0xe663e1) [0x5d8efba2a3e1]
.lake/build/bin/hexrealalgebraic_bench(+0x4ba5e00) [0x5d8eff769e00]
.lake/build/bin/hexrealalgebraic_bench(+0x4ba68c1) [0x5d8eff76a8c1]
.lake/build/bin/hexrealalgebraic_bench(+0x4ba68c1) [0x5d8eff76a8c1]
.lake/build/bin/hexrealalgebraic_bench(+0x4ba689e) [0x5d8eff76a89e]
.lake/build/bin/hexrealalgebraic_bench(+0x4ba689e) [0x5d8eff76a89e]
.lake/build/bin/hexrealalgebraic_bench(+0x4ba689e) [0x5d8eff76a89e]
.lake/build/bin/hexrealalgebraic_bench(+0x4ba689e) [0x5d8eff76a89e]
.lake/build/bin/hexrealalgebraic_bench(+0x4ba689e) [0x5d8eff76a89e]
.lake/build/bin/hexrealalgebraic_bench(+0x4ba689e) [0x5d8eff76a89e]
.lake/build/bin/hexrealalgebraic_bench(+0x4ba689e) [0x5d8eff76a89e]
.lake/build/bin/hexrealalgebraic_bench(+0x4ba689e) [0x5d8eff76a89e]
.lake/build/bin/hexrealalgebraic_bench(+0x4ba689e) [0x5d8eff76a89e]
.lake/build/bin/hexrealalgebraic_bench(+0x4b87197) [0x5d8eff74b197]
.lake/build/bin/hexrealalgebraic_bench(+0x4b8780a) [0x5d8eff74b80a]
/nix/store/qqiqd3ah10x8hzsif4j1y4xc1miw23nx-glibc-2.42-67/lib/libc.so.6(+0x9ce53) [0x72a25fa9ce53]
/nix/store/qqiqd3ah10x8hzsif4j1y4xc1miw23nx-glibc-2.42-67/lib/libc.so.6(+0x12407c) [0x72a25fb2407c]
AlgebraicRoot.mul: certification failed
backtrace:
.lake/build/bin/hexrealalgebraic_bench(+0x4ba0f45) [0x5d8eff764f45]
.lake/build/bin/hexrealalgebraic_bench(+0x4b97ad7) [0x5d8eff75bad7]
.lake/build/bin/hexrealalgebraic_bench(+0x4b97bbb) [0x5d8eff75bbbb]
.lake/build/bin/hexrealalgebraic_bench(+0xd8f173) [0x5d8efb953173]
.lake/build/bin/hexrealalgebraic_bench(+0xdaed99) [0x5d8efb972d99]
.lake/build/bin/hexrealalgebraic_bench(+0xdaed69) [0x5d8efb972d69]
.lake/build/bin/hexrealalgebraic_bench(+0xc52e70) [0x5d8efb816e70]
.lake/build/bin/hexrealalgebraic_bench(+0xc5d13e) [0x5d8efb82113e]
.lake/build/bin/hexrealalgebraic_bench(+0x4ba5e00) [0x5d8eff769e00]
.lake/build/bin/hexrealalgebraic_bench(+0xe01b53) [0x5d8efb9c5b53]
.lake/build/bin/hexrealalgebraic_bench(+0xe022a8) [0x5d8efb9c62a8]
.lake/build/bin/hexrealalgebraic_bench(+0xe03309) [0x5d8efb9c7309]
.lake/build/bin/hexrealalgebraic_bench(+0xe663e1) [0x5d8efba2a3e1]
.lake/build/bin/hexrealalgebraic_bench(+0x4ba5e00) [0x5d8eff769e00]
.lake/build/bin/hexrealalgebraic_bench(+0x4ba68c1) [0x5d8eff76a8c1]
.lake/build/bin/hexrealalgebraic_bench(+0x4ba68c1) [0x5d8eff76a8c1]
.lake/build/bin/hexrealalgebraic_bench(+0x4ba689e) [0x5d8eff76a89e]
.lake/build/bin/hexrealalgebraic_bench(+0x4ba689e) [0x5d8eff76a89e]
.lake/build/bin/hexrealalgebraic_bench(+0x4ba689e) [0x5d8eff76a89e]
.lake/build/bin/hexrealalgebraic_bench(+0x4ba689e) [0x5d8eff76a89e]
.lake/build/bin/hexrealalgebraic_bench(+0x4ba689e) [0x5d8eff76a89e]
.lake/build/bin/hexrealalgebraic_bench(+0x4ba689e) [0x5d8eff76a89e]
.lake/build/bin/hexrealalgebraic_bench(+0x4ba689e) [0x5d8eff76a89e]
.lake/build/bin/hexrealalgebraic_bench(+0x4ba689e) [0x5d8eff76a89e]
.lake/build/bin/hexrealalgebraic_bench(+0x4ba689e) [0x5d8eff76a89e]
.lake/build/bin/hexrealalgebraic_bench(+0x4b87197) [0x5d8eff74b197]
.lake/build/bin/hexrealalgebraic_bench(+0x4b8780a) [0x5d8eff74b80a]
/nix/store/qqiqd3ah10x8hzsif4j1y4xc1miw23nx-glibc-2.42-67/lib/libc.so.6(+0x9ce53) [0x72a25fa9ce53]
/nix/store/qqiqd3ah10x8hzsif4j1y4xc1miw23nx-glibc-2.42-67/lib/libc.so.6(+0x12407c) [0x72a25fb2407c]
AlgebraicRoot.mul: certification failed
backtrace:
.lake/build/bin/hexrealalgebraic_bench(+0x4ba0f45) [0x5d8eff764f45]
.lake/build/bin/hexrealalgebraic_bench(+0x4b97ad7) [0x5d8eff75bad7]
.lake/build/bin/hexrealalgebraic_bench(+0x4b97bbb) [0x5d8eff75bbbb]
.lake/build/bin/hexrealalgebraic_bench(+0xd8f173) [0x5d8efb953173]
.lake/build/bin/hexrealalgebraic_bench(+0xdaed69) [0x5d8efb972d69]
.lake/build/bin/hexrealalgebraic_bench(+0xc52e70) [0x5d8efb816e70]
.lake/build/bin/hexrealalgebraic_bench(+0xc5d13e) [0x5d8efb82113e]
.lake/build/bin/hexrealalgebraic_bench(+0x4ba5e00) [0x5d8eff769e00]
.lake/build/bin/hexrealalgebraic_bench(+0xe01b53) [0x5d8efb9c5b53]
.lake/build/bin/hexrealalgebraic_bench(+0xe022a8) [0x5d8efb9c62a8]
.lake/build/bin/hexrealalgebraic_bench(+0xe03309) [0x5d8efb9c7309]
.lake/build/bin/hexrealalgebraic_bench(+0xe663e1) [0x5d8efba2a3e1]
.lake/build/bin/hexrealalgebraic_bench(+0x4ba5e00) [0x5d8eff769e00]
.lake/build/bin/hexrealalgebraic_bench(+0x4ba68c1) [0x5d8eff76a8c1]
.lake/build/bin/hexrealalgebraic_bench(+0x4ba68c1) [0x5d8eff76a8c1]
.lake/build/bin/hexrealalgebraic_bench(+0x4ba689e) [0x5d8eff76a89e]
.lake/build/bin/hexrealalgebraic_bench(+0x4ba689e) [0x5d8eff76a89e]
.lake/build/bin/hexrealalgebraic_bench(+0x4ba689e) [0x5d8eff76a89e]
.lake/build/bin/hexrealalgebraic_bench(+0x4ba689e) [0x5d8eff76a89e]
.lake/build/bin/hexrealalgebraic_bench(+0x4ba689e) [0x5d8eff76a89e]
.lake/build/bin/hexrealalgebraic_bench(+0x4ba689e) [0x5d8eff76a89e]
.lake/build/bin/hexrealalgebraic_bench(+0x4ba689e) [0x5d8eff76a89e]
.lake/build/bin/hexrealalgebraic_bench(+0x4ba689e) [0x5d8eff76a89e]
.lake/build/bin/hexrealalgebraic_bench(+0x4ba689e) [0x5d8eff76a89e]
.lake/build/bin/hexrealalgebraic_bench(+0x4b87197) [0x5d8eff74b197]
.lake/build/bin/hexrealalgebraic_bench(+0x4b8780a) [0x5d8eff74b80a]
/nix/store/qqiqd3ah10x8hzsif4j1y4xc1miw23nx-glibc-2.42-67/lib/libc.so.6(+0x9ce53) [0x72a25fa9ce53]
/nix/store/qqiqd3ah10x8hzsif4j1y4xc1miw23nx-glibc-2.42-67/lib/libc.so.6(+0x12407c) [0x72a25fb2407c]
AlgebraicRoot.mul: certification failed
backtrace:
.lake/build/bin/hexrealalgebraic_bench(+0x4ba0f45) [0x5d8eff764f45]
.lake/build/bin/hexrealalgebraic_bench(+0x4b97ad7) [0x5d8eff75bad7]
.lake/build/bin/hexrealalgebraic_bench(+0x4b97bbb) [0x5d8eff75bbbb]
.lake/build/bin/hexrealalgebraic_bench(+0xd8f173) [0x5d8efb953173]
.lake/build/bin/hexrealalgebraic_bench(+0xdaed99) [0x5d8efb972d99]
.lake/build/bin/hexrealalgebraic_bench(+0xc52e70) [0x5d8efb816e70]
.lake/build/bin/hexrealalgebraic_bench(+0xc5d13e) [0x5d8efb82113e]
.lake/build/bin/hexrealalgebraic_bench(+0x4ba5e00) [0x5d8eff769e00]
.lake/build/bin/hexrealalgebraic_bench(+0xe01b53) [0x5d8efb9c5b53]
.lake/build/bin/hexrealalgebraic_bench(+0xe022a8) [0x5d8efb9c62a8]
.lake/build/bin/hexrealalgebraic_bench(+0xe03309) [0x5d8efb9c7309]
.lake/build/bin/hexrealalgebraic_bench(+0xe663e1) [0x5d8efba2a3e1]
.lake/build/bin/hexrealalgebraic_bench(+0x4ba5e00) [0x5d8eff769e00]
.lake/build/bin/hexrealalgebraic_bench(+0x4ba68c1) [0x5d8eff76a8c1]
.lake/build/bin/hexrealalgebraic_bench(+0x4ba68c1) [0x5d8eff76a8c1]
.lake/build/bin/hexrealalgebraic_bench(+0x4ba689e) [0x5d8eff76a89e]
.lake/build/bin/hexrealalgebraic_bench(+0x4ba689e) [0x5d8eff76a89e]
.lake/build/bin/hexrealalgebraic_bench(+0x4ba689e) [0x5d8eff76a89e]
.lake/build/bin/hexrealalgebraic_bench(+0x4ba689e) [0x5d8eff76a89e]
.lake/build/bin/hexrealalgebraic_bench(+0x4ba689e) [0x5d8eff76a89e]
.lake/build/bin/hexrealalgebraic_bench(+0x4ba689e) [0x5d8eff76a89e]
.lake/build/bin/hexrealalgebraic_bench(+0x4ba689e) [0x5d8eff76a89e]
.lake/build/bin/hexrealalgebraic_bench(+0x4ba689e) [0x5d8eff76a89e]
.lake/build/bin/hexrealalgebraic_bench(+0x4ba689e) [0x5d8eff76a89e]
.lake/build/bin/hexrealalgebraic_bench(+0x4b87197) [0x5d8eff74b197]
.lake/build/bin/hexrealalgebraic_bench(+0x4b8780a) [0x5d8eff74b80a]
/nix/store/qqiqd3ah10x8hzsif4j1y4xc1miw23nx-glibc-2.42-67/lib/libc.so.6(+0x9ce53) [0x72a25fa9ce53]
/nix/store/qqiqd3ah10x8hzsif4j1y4xc1miw23nx-glibc-2.42-67/lib/libc.so.6(+0x12407c) [0x72a25fb2407c]
AlgebraicRoot.mul: certification failed
backtrace:
.lake/build/bin/hexrealalgebraic_bench(+0x4ba0f45) [0x5d8eff764f45]
.lake/build/bin/hexrealalgebraic_bench(+0x4b97ad7) [0x5d8eff75bad7]
.lake/build/bin/hexrealalgebraic_bench(+0x4b97bbb) [0x5d8eff75bbbb]
.lake/build/bin/hexrealalgebraic_bench(+0xd8f173) [0x5d8efb953173]
.lake/build/bin/hexrealalgebraic_bench(+0xc52e70) [0x5d8efb816e70]
.lake/build/bin/hexrealalgebraic_bench(+0xc5d13e) [0x5d8efb82113e]
.lake/build/bin/hexrealalgebraic_bench(+0x4ba5e00) [0x5d8eff769e00]
.lake/build/bin/hexrealalgebraic_bench(+0xe01b53) [0x5d8efb9c5b53]
.lake/build/bin/hexrealalgebraic_bench(+0xe022a8) [0x5d8efb9c62a8]
.lake/build/bin/hexrealalgebraic_bench(+0xe03309) [0x5d8efb9c7309]
.lake/build/bin/hexrealalgebraic_bench(+0xe663e1) [0x5d8efba2a3e1]
.lake/build/bin/hexrealalgebraic_bench(+0x4ba5e00) [0x5d8eff769e00]
.lake/build/bin/hexrealalgebraic_bench(+0x4ba68c1) [0x5d8eff76a8c1]
.lake/build/bin/hexrealalgebraic_bench(+0x4ba68c1) [0x5d8eff76a8c1]
.lake/build/bin/hexrealalgebraic_bench(+0x4ba689e) [0x5d8eff76a89e]
.lake/build/bin/hexrealalgebraic_bench(+0x4ba689e) [0x5d8eff76a89e]
.lake/build/bin/hexrealalgebraic_bench(+0x4ba689e) [0x5d8eff76a89e]
.lake/build/bin/hexrealalgebraic_bench(+0x4ba689e) [0x5d8eff76a89e]
.lake/build/bin/hexrealalgebraic_bench(+0x4ba689e) [0x5d8eff76a89e]
.lake/build/bin/hexrealalgebraic_bench(+0x4ba689e) [0x5d8eff76a89e]
.lake/build/bin/hexrealalgebraic_bench(+0x4ba689e) [0x5d8eff76a89e]
.lake/build/bin/hexrealalgebraic_bench(+0x4ba689e) [0x5d8eff76a89e]
.lake/build/bin/hexrealalgebraic_bench(+0x4ba689e) [0x5d8eff76a89e]
.lake/build/bin/hexrealalgebraic_bench(+0x4b87197) [0x5d8eff74b197]
.lake/build/bin/hexrealalgebraic_bench(+0x4b8780a) [0x5d8eff74b80a]
/nix/store/qqiqd3ah10x8hzsif4j1y4xc1miw23nx-glibc-2.42-67/lib/libc.so.6(+0x9ce53) [0x72a25fa9ce53]
/nix/store/qqiqd3ah10x8hzsif4j1y4xc1miw23nx-glibc-2.42-67/lib/libc.so.6(+0x12407c) [0x72a25fb2407c]
AlgebraicRoot.add: certification failed
backtrace:
.lake/build/bin/hexrealalgebraic_bench(+0x4ba0f45) [0x5d8eff764f45]
.lake/build/bin/hexrealalgebraic_bench(+0x4b97ad7) [0x5d8eff75bad7]
.lake/build/bin/hexrealalgebraic_bench(+0x4b97bbb) [0x5d8eff75bbbb]
.lake/build/bin/hexrealalgebraic_bench(+0xd8ef17) [0x5d8efb952f17]
.lake/build/bin/hexrealalgebraic_bench(+0xdba546) [0x5d8efb97e546]
.lake/build/bin/hexrealalgebraic_bench(+0xbdc1f2) [0x5d8efb7a01f2]
.lake/build/bin/hexrealalgebraic_bench(+0xbdcac5) [0x5d8efb7a0ac5]
.lake/build/bin/hexrealalgebraic_bench(+0xc12a60) [0x5d8efb7d6a60]
.lake/build/bin/hexrealalgebraic_bench(+0x4ba5e00) [0x5d8eff769e00]
.lake/build/bin/hexrealalgebraic_bench(+0xe01b53) [0x5d8efb9c5b53]
.lake/build/bin/hexrealalgebraic_bench(+0xe022a8) [0x5d8efb9c62a8]
.lake/build/bin/hexrealalgebraic_bench(+0xe03309) [0x5d8efb9c7309]
.lake/build/bin/hexrealalgebraic_bench(+0xe663e1) [0x5d8efba2a3e1]
.lake/build/bin/hexrealalgebraic_bench(+0x4ba5e00) [0x5d8eff769e00]
.lake/build/bin/hexrealalgebraic_bench(+0x4ba68c1) [0x5d8eff76a8c1]
.lake/build/bin/hexrealalgebraic_bench(+0x4ba68c1) [0x5d8eff76a8c1]
.lake/build/bin/hexrealalgebraic_bench(+0x4ba689e) [0x5d8eff76a89e]
.lake/build/bin/hexrealalgebraic_bench(+0x4ba689e) [0x5d8eff76a89e]
.lake/build/bin/hexrealalgebraic_bench(+0x4ba689e) [0x5d8eff76a89e]
.lake/build/bin/hexrealalgebraic_bench(+0x4ba689e) [0x5d8eff76a89e]
.lake/build/bin/hexrealalgebraic_bench(+0x4ba689e) [0x5d8eff76a89e]
.lake/build/bin/hexrealalgebraic_bench(+0x4ba689e) [0x5d8eff76a89e]
.lake/build/bin/hexrealalgebraic_bench(+0x4ba689e) [0x5d8eff76a89e]
.lake/build/bin/hexrealalgebraic_bench(+0x4ba689e) [0x5d8eff76a89e]
.lake/build/bin/hexrealalgebraic_bench(+0x4ba689e) [0x5d8eff76a89e]
.lake/build/bin/hexrealalgebraic_bench(+0x4b87197) [0x5d8eff74b197]
.lake/build/bin/hexrealalgebraic_bench(+0x4b8780a) [0x5d8eff74b80a]
/nix/store/qqiqd3ah10x8hzsif4j1y4xc1miw23nx-glibc-2.42-67/lib/libc.so.6(+0x9ce53) [0x72a25fa9ce53]
/nix/store/qqiqd3ah10x8hzsif4j1y4xc1miw23nx-glibc-2.42-67/lib/libc.so.6(+0x12407c) [0x72a25fb2407c]
AlgebraicRoot.mul: certification failed
backtrace:
.lake/build/bin/hexrealalgebraic_bench(+0x4ba0f45) [0x5d8eff764f45]
.lake/build/bin/hexrealalgebraic_bench(+0x4b97ad7) [0x5d8eff75bad7]
.lake/build/bin/hexrealalgebraic_bench(+0x4b97bbb) [0x5d8eff75bbbb]
.lake/build/bin/hexrealalgebraic_bench(+0xd8f173) [0x5d8efb953173]
.lake/build/bin/hexrealalgebraic_bench(+0xdba566) [0x5d8efb97e566]
.lake/build/bin/hexrealalgebraic_bench(+0xbdc216) [0x5d8efb7a0216]
.lake/build/bin/hexrealalgebraic_bench(+0xbdcac5) [0x5d8efb7a0ac5]
.lake/build/bin/hexrealalgebraic_bench(+0xc12a60) [0x5d8efb7d6a60]
.lake/build/bin/hexrealalgebraic_bench(+0x4ba5e00) [0x5d8eff769e00]
.lake/build/bin/hexrealalgebraic_bench(+0xe01b53) [0x5d8efb9c5b53]
.lake/build/bin/hexrealalgebraic_bench(+0xe022a8) [0x5d8efb9c62a8]
.lake/build/bin/hexrealalgebraic_bench(+0xe03309) [0x5d8efb9c7309]
.lake/build/bin/hexrealalgebraic_bench(+0xe663e1) [0x5d8efba2a3e1]
.lake/build/bin/hexrealalgebraic_bench(+0x4ba5e00) [0x5d8eff769e00]
.lake/build/bin/hexrealalgebraic_bench(+0x4ba68c1) [0x5d8eff76a8c1]
.lake/build/bin/hexrealalgebraic_bench(+0x4ba68c1) [0x5d8eff76a8c1]
.lake/build/bin/hexrealalgebraic_bench(+0x4ba689e) [0x5d8eff76a89e]
.lake/build/bin/hexrealalgebraic_bench(+0x4ba689e) [0x5d8eff76a89e]
.lake/build/bin/hexrealalgebraic_bench(+0x4ba689e) [0x5d8eff76a89e]
.lake/build/bin/hexrealalgebraic_bench(+0x4ba689e) [0x5d8eff76a89e]
.lake/build/bin/hexrealalgebraic_bench(+0x4ba689e) [0x5d8eff76a89e]
.lake/build/bin/hexrealalgebraic_bench(+0x4ba689e) [0x5d8eff76a89e]
.lake/build/bin/hexrealalgebraic_bench(+0x4ba689e) [0x5d8eff76a89e]
.lake/build/bin/hexrealalgebraic_bench(+0x4ba689e) [0x5d8eff76a89e]
.lake/build/bin/hexrealalgebraic_bench(+0x4ba689e) [0x5d8eff76a89e]
.lake/build/bin/hexrealalgebraic_bench(+0x4b87197) [0x5d8eff74b197]
.lake/build/bin/hexrealalgebraic_bench(+0x4b8780a) [0x5d8eff74b80a]
/nix/store/qqiqd3ah10x8hzsif4j1y4xc1miw23nx-glibc-2.42-67/lib/libc.so.6(+0x9ce53) [0x72a25fa9ce53]
/nix/store/qqiqd3ah10x8hzsif4j1y4xc1miw23nx-glibc-2.42-67/lib/libc.so.6(+0x12407c) [0x72a25fb2407c]
AlgebraicRoot.add: certification failed
backtrace:
.lake/build/bin/hexrealalgebraic_bench(+0x4ba0f45) [0x5d8eff764f45]
.lake/build/bin/hexrealalgebraic_bench(+0x4b97ad7) [0x5d8eff75bad7]
.lake/build/bin/hexrealalgebraic_bench(+0x4b97bbb) [0x5d8eff75bbbb]
.lake/build/bin/hexrealalgebraic_bench(+0xd8ef17) [0x5d8efb952f17]
.lake/build/bin/hexrealalgebraic_bench(+0xdba546) [0x5d8efb97e546]
.lake/build/bin/hexrealalgebraic_bench(+0xbdc221) [0x5d8efb7a0221]
.lake/build/bin/hexrealalgebraic_bench(+0xbdcac5) [0x5d8efb7a0ac5]
.lake/build/bin/hexrealalgebraic_bench(+0xc12a60) [0x5d8efb7d6a60]
.lake/build/bin/hexrealalgebraic_bench(+0x4ba5e00) [0x5d8eff769e00]
.lake/build/bin/hexrealalgebraic_bench(+0xe01b53) [0x5d8efb9c5b53]
.lake/build/bin/hexrealalgebraic_bench(+0xe022a8) [0x5d8efb9c62a8]
.lake/build/bin/hexrealalgebraic_bench(+0xe03309) [0x5d8efb9c7309]
.lake/build/bin/hexrealalgebraic_bench(+0xe663e1) [0x5d8efba2a3e1]
.lake/build/bin/hexrealalgebraic_bench(+0x4ba5e00) [0x5d8eff769e00]
.lake/build/bin/hexrealalgebraic_bench(+0x4ba68c1) [0x5d8eff76a8c1]
.lake/build/bin/hexrealalgebraic_bench(+0x4ba68c1) [0x5d8eff76a8c1]
.lake/build/bin/hexrealalgebraic_bench(+0x4ba689e) [0x5d8eff76a89e]
.lake/build/bin/hexrealalgebraic_bench(+0x4ba689e) [0x5d8eff76a89e]
.lake/build/bin/hexrealalgebraic_bench(+0x4ba689e) [0x5d8eff76a89e]
.lake/build/bin/hexrealalgebraic_bench(+0x4ba689e) [0x5d8eff76a89e]
.lake/build/bin/hexrealalgebraic_bench(+0x4ba689e) [0x5d8eff76a89e]
.lake/build/bin/hexrealalgebraic_bench(+0x4ba689e) [0x5d8eff76a89e]
.lake/build/bin/hexrealalgebraic_bench(+0x4ba689e) [0x5d8eff76a89e]
.lake/build/bin/hexrealalgebraic_bench(+0x4ba689e) [0x5d8eff76a89e]
.lake/build/bin/hexrealalgebraic_bench(+0x4ba689e) [0x5d8eff76a89e]
.lake/build/bin/hexrealalgebraic_bench(+0x4b87197) [0x5d8eff74b197]
.lake/build/bin/hexrealalgebraic_bench(+0x4b8780a) [0x5d8eff74b80a]
/nix/store/qqiqd3ah10x8hzsif4j1y4xc1miw23nx-glibc-2.42-67/lib/libc.so.6(+0x9ce53) [0x72a25fa9ce53]
/nix/store/qqiqd3ah10x8hzsif4j1y4xc1miw23nx-glibc-2.42-67/lib/libc.so.6(+0x12407c) [0x72a25fb2407c]
AlgebraicRoot.add: certification failed
backtrace:
.lake/build/bin/hexrealalgebraic_bench(+0x4ba0f45) [0x5d8eff764f45]
.lake/build/bin/hexrealalgebraic_bench(+0x4b97ad7) [0x5d8eff75bad7]
.lake/build/bin/hexrealalgebraic_bench(+0x4b97bbb) [0x5d8eff75bbbb]
.lake/build/bin/hexrealalgebraic_bench(+0xd8ef17) [0x5d8efb952f17]
.lake/build/bin/hexrealalgebraic_bench(+0xdba546) [0x5d8efb97e546]
.lake/build/bin/hexrealalgebraic_bench(+0xbdc1f2) [0x5d8efb7a01f2]
.lake/build/bin/hexrealalgebraic_bench(+0xbdcac5) [0x5d8efb7a0ac5]
.lake/build/bin/hexrealalgebraic_bench(+0xc14f20) [0x5d8efb7d8f20]
.lake/build/bin/hexrealalgebraic_bench(+0x4ba5e00) [0x5d8eff769e00]
.lake/build/bin/hexrealalgebraic_bench(+0xe01b53) [0x5d8efb9c5b53]
.lake/build/bin/hexrealalgebraic_bench(+0xe022a8) [0x5d8efb9c62a8]
.lake/build/bin/hexrealalgebraic_bench(+0xe03309) [0x5d8efb9c7309]
.lake/build/bin/hexrealalgebraic_bench(+0xe663e1) [0x5d8efba2a3e1]
.lake/build/bin/hexrealalgebraic_bench(+0x4ba5e00) [0x5d8eff769e00]
.lake/build/bin/hexrealalgebraic_bench(+0x4ba68c1) [0x5d8eff76a8c1]
.lake/build/bin/hexrealalgebraic_bench(+0x4ba68c1) [0x5d8eff76a8c1]
.lake/build/bin/hexrealalgebraic_bench(+0x4ba689e) [0x5d8eff76a89e]
.lake/build/bin/hexrealalgebraic_bench(+0x4ba689e) [0x5d8eff76a89e]
.lake/build/bin/hexrealalgebraic_bench(+0x4ba689e) [0x5d8eff76a89e]
.lake/build/bin/hexrealalgebraic_bench(+0x4ba689e) [0x5d8eff76a89e]
.lake/build/bin/hexrealalgebraic_bench(+0x4ba689e) [0x5d8eff76a89e]
.lake/build/bin/hexrealalgebraic_bench(+0x4ba689e) [0x5d8eff76a89e]
.lake/build/bin/hexrealalgebraic_bench(+0x4ba689e) [0x5d8eff76a89e]
.lake/build/bin/hexrealalgebraic_bench(+0x4ba689e) [0x5d8eff76a89e]
.lake/build/bin/hexrealalgebraic_bench(+0x4ba689e) [0x5d8eff76a89e]
.lake/build/bin/hexrealalgebraic_bench(+0x4b87197) [0x5d8eff74b197]
.lake/build/bin/hexrealalgebraic_bench(+0x4b8780a) [0x5d8eff74b80a]
/nix/store/qqiqd3ah10x8hzsif4j1y4xc1miw23nx-glibc-2.42-67/lib/libc.so.6(+0x9ce53) [0x72a25fa9ce53]
/nix/store/qqiqd3ah10x8hzsif4j1y4xc1miw23nx-glibc-2.42-67/lib/libc.so.6(+0x12407c) [0x72a25fb2407c]
AlgebraicRoot.mul: certification failed
backtrace:
.lake/build/bin/hexrealalgebraic_bench(+0x4ba0f45) [0x5d8eff764f45]
.lake/build/bin/hexrealalgebraic_bench(+0x4b97ad7) [0x5d8eff75bad7]
.lake/build/bin/hexrealalgebraic_bench(+0x4b97bbb) [0x5d8eff75bbbb]
.lake/build/bin/hexrealalgebraic_bench(+0xd8f173) [0x5d8efb953173]
.lake/build/bin/hexrealalgebraic_bench(+0xdba566) [0x5d8efb97e566]
.lake/build/bin/hexrealalgebraic_bench(+0xbdc216) [0x5d8efb7a0216]
.lake/build/bin/hexrealalgebraic_bench(+0xbdcac5) [0x5d8efb7a0ac5]
.lake/build/bin/hexrealalgebraic_bench(+0xc14f20) [0x5d8efb7d8f20]
.lake/build/bin/hexrealalgebraic_bench(+0x4ba5e00) [0x5d8eff769e00]
.lake/build/bin/hexrealalgebraic_bench(+0xe01b53) [0x5d8efb9c5b53]
.lake/build/bin/hexrealalgebraic_bench(+0xe022a8) [0x5d8efb9c62a8]
.lake/build/bin/hexrealalgebraic_bench(+0xe03309) [0x5d8efb9c7309]
.lake/build/bin/hexrealalgebraic_bench(+0xe663e1) [0x5d8efba2a3e1]
.lake/build/bin/hexrealalgebraic_bench(+0x4ba5e00) [0x5d8eff769e00]
.lake/build/bin/hexrealalgebraic_bench(+0x4ba68c1) [0x5d8eff76a8c1]
.lake/build/bin/hexrealalgebraic_bench(+0x4ba68c1) [0x5d8eff76a8c1]
.lake/build/bin/hexrealalgebraic_bench(+0x4ba689e) [0x5d8eff76a89e]
.lake/build/bin/hexrealalgebraic_bench(+0x4ba689e) [0x5d8eff76a89e]
.lake/build/bin/hexrealalgebraic_bench(+0x4ba689e) [0x5d8eff76a89e]
.lake/build/bin/hexrealalgebraic_bench(+0x4ba689e) [0x5d8eff76a89e]
.lake/build/bin/hexrealalgebraic_bench(+0x4ba689e) [0x5d8eff76a89e]
.lake/build/bin/hexrealalgebraic_bench(+0x4ba689e) [0x5d8eff76a89e]
.lake/build/bin/hexrealalgebraic_bench(+0x4ba689e) [0x5d8eff76a89e]
.lake/build/bin/hexrealalgebraic_bench(+0x4ba689e) [0x5d8eff76a89e]
.lake/build/bin/hexrealalgebraic_bench(+0x4ba689e) [0x5d8eff76a89e]
.lake/build/bin/hexrealalgebraic_bench(+0x4b87197) [0x5d8eff74b197]
.lake/build/bin/hexrealalgebraic_bench(+0x4b8780a) [0x5d8eff74b80a]
/nix/store/qqiqd3ah10x8hzsif4j1y4xc1miw23nx-glibc-2.42-67/lib/libc.so.6(+0x9ce53) [0x72a25fa9ce53]
/nix/store/qqiqd3ah10x8hzsif4j1y4xc1miw23nx-glibc-2.42-67/lib/libc.so.6(+0x12407c) [0x72a25fb2407c]
AlgebraicRoot.add: certification failed
backtrace:
.lake/build/bin/hexrealalgebraic_bench(+0x4ba0f45) [0x5d8eff764f45]
.lake/build/bin/hexrealalgebraic_bench(+0x4b97ad7) [0x5d8eff75bad7]
.lake/build/bin/hexrealalgebraic_bench(+0x4b97bbb) [0x5d8eff75bbbb]
.lake/build/bin/hexrealalgebraic_bench(+0xd8ef17) [0x5d8efb952f17]
.lake/build/bin/hexrealalgebraic_bench(+0xdba546) [0x5d8efb97e546]
.lake/build/bin/hexrealalgebraic_bench(+0xbdc221) [0x5d8efb7a0221]
.lake/build/bin/hexrealalgebraic_bench(+0xbdcac5) [0x5d8efb7a0ac5]
.lake/build/bin/hexrealalgebraic_bench(+0xc14f20) [0x5d8efb7d8f20]
.lake/build/bin/hexrealalgebraic_bench(+0x4ba5e00) [0x5d8eff769e00]
.lake/build/bin/hexrealalgebraic_bench(+0xe01b53) [0x5d8efb9c5b53]
.lake/build/bin/hexrealalgebraic_bench(+0xe022a8) [0x5d8efb9c62a8]
.lake/build/bin/hexrealalgebraic_bench(+0xe03309) [0x5d8efb9c7309]
.lake/build/bin/hexrealalgebraic_bench(+0xe663e1) [0x5d8efba2a3e1]
.lake/build/bin/hexrealalgebraic_bench(+0x4ba5e00) [0x5d8eff769e00]
.lake/build/bin/hexrealalgebraic_bench(+0x4ba68c1) [0x5d8eff76a8c1]
.lake/build/bin/hexrealalgebraic_bench(+0x4ba68c1) [0x5d8eff76a8c1]
.lake/build/bin/hexrealalgebraic_bench(+0x4ba689e) [0x5d8eff76a89e]
.lake/build/bin/hexrealalgebraic_bench(+0x4ba689e) [0x5d8eff76a89e]
.lake/build/bin/hexrealalgebraic_bench(+0x4ba689e) [0x5d8eff76a89e]
.lake/build/bin/hexrealalgebraic_bench(+0x4ba689e) [0x5d8eff76a89e]
.lake/build/bin/hexrealalgebraic_bench(+0x4ba689e) [0x5d8eff76a89e]
.lake/build/bin/hexrealalgebraic_bench(+0x4ba689e) [0x5d8eff76a89e]
.lake/build/bin/hexrealalgebraic_bench(+0x4ba689e) [0x5d8eff76a89e]
.lake/build/bin/hexrealalgebraic_bench(+0x4ba689e) [0x5d8eff76a89e]
.lake/build/bin/hexrealalgebraic_bench(+0x4ba689e) [0x5d8eff76a89e]
.lake/build/bin/hexrealalgebraic_bench(+0x4b87197) [0x5d8eff74b197]
.lake/build/bin/hexrealalgebraic_bench(+0x4b8780a) [0x5d8eff74b80a]
/nix/store/qqiqd3ah10x8hzsif4j1y4xc1miw23nx-glibc-2.42-67/lib/libc.so.6(+0x9ce53) [0x72a25fa9ce53]
/nix/store/qqiqd3ah10x8hzsif4j1y4xc1miw23nx-glibc-2.42-67/lib/libc.so.6(+0x12407c) [0x72a25fb2407c]
AlgebraicRoot.add: certification failed
backtrace:
.lake/build/bin/hexrealalgebraic_bench(+0x4ba0f45) [0x5d8eff764f45]
.lake/build/bin/hexrealalgebraic_bench(+0x4b97ad7) [0x5d8eff75bad7]
.lake/build/bin/hexrealalgebraic_bench(+0x4b97bbb) [0x5d8eff75bbbb]
.lake/build/bin/hexrealalgebraic_bench(+0xd8ef17) [0x5d8efb952f17]
.lake/build/bin/hexrealalgebraic_bench(+0xc52c09) [0x5d8efb816c09]
.lake/build/bin/hexrealalgebraic_bench(+0xc541fe) [0x5d8efb8181fe]
.lake/build/bin/hexrealalgebraic_bench(+0x4ba5e00) [0x5d8eff769e00]
.lake/build/bin/hexrealalgebraic_bench(+0xe01b53) [0x5d8efb9c5b53]
.lake/build/bin/hexrealalgebraic_bench(+0xe022a8) [0x5d8efb9c62a8]
.lake/build/bin/hexrealalgebraic_bench(+0xe03309) [0x5d8efb9c7309]
.lake/build/bin/hexrealalgebraic_bench(+0xe663e1) [0x5d8efba2a3e1]
.lake/build/bin/hexrealalgebraic_bench(+0x4ba5e00) [0x5d8eff769e00]
.lake/build/bin/hexrealalgebraic_bench(+0x4ba68c1) [0x5d8eff76a8c1]
.lake/build/bin/hexrealalgebraic_bench(+0x4ba68c1) [0x5d8eff76a8c1]
.lake/build/bin/hexrealalgebraic_bench(+0x4ba689e) [0x5d8eff76a89e]
.lake/build/bin/hexrealalgebraic_bench(+0x4ba689e) [0x5d8eff76a89e]
.lake/build/bin/hexrealalgebraic_bench(+0x4ba689e) [0x5d8eff76a89e]
.lake/build/bin/hexrealalgebraic_bench(+0x4ba689e) [0x5d8eff76a89e]
.lake/build/bin/hexrealalgebraic_bench(+0x4ba689e) [0x5d8eff76a89e]
.lake/build/bin/hexrealalgebraic_bench(+0x4ba689e) [0x5d8eff76a89e]
.lake/build/bin/hexrealalgebraic_bench(+0x4ba689e) [0x5d8eff76a89e]
.lake/build/bin/hexrealalgebraic_bench(+0x4ba689e) [0x5d8eff76a89e]
.lake/build/bin/hexrealalgebraic_bench(+0x4ba689e) [0x5d8eff76a89e]
.lake/build/bin/hexrealalgebraic_bench(+0x4b87197) [0x5d8eff74b197]
.lake/build/bin/hexrealalgebraic_bench(+0x4b8780a) [0x5d8eff74b80a]
/nix/store/qqiqd3ah10x8hzsif4j1y4xc1miw23nx-glibc-2.42-67/lib/libc.so.6(+0x9ce53) [0x72a25fa9ce53]
/nix/store/qqiqd3ah10x8hzsif4j1y4xc1miw23nx-glibc-2.42-67/lib/libc.so.6(+0x12407c) [0x72a25fb2407c]
AlgebraicRoot.add: certification failed
backtrace:
.lake/build/bin/hexrealalgebraic_bench(+0x4ba0f45) [0x5d8eff764f45]
.lake/build/bin/hexrealalgebraic_bench(+0x4b97ad7) [0x5d8eff75bad7]
.lake/build/bin/hexrealalgebraic_bench(+0x4b97bbb) [0x5d8eff75bbbb]
.lake/build/bin/hexrealalgebraic_bench(+0xd8ef17) [0x5d8efb952f17]
.lake/build/bin/hexrealalgebraic_bench(+0xdba546) [0x5d8efb97e546]
.lake/build/bin/hexrealalgebraic_bench(+0xc281d1) [0x5d8efb7ec1d1]
.lake/build/bin/hexrealalgebraic_bench(+0xc2b60c) [0x5d8efb7ef60c]
.lake/build/bin/hexrealalgebraic_bench(+0xc4b0c4) [0x5d8efb80f0c4]
.lake/build/bin/hexrealalgebraic_bench(+0x4ba5e00) [0x5d8eff769e00]
.lake/build/bin/hexrealalgebraic_bench(+0xe01b53) [0x5d8efb9c5b53]
.lake/build/bin/hexrealalgebraic_bench(+0xe022a8) [0x5d8efb9c62a8]
.lake/build/bin/hexrealalgebraic_bench(+0xe03309) [0x5d8efb9c7309]
.lake/build/bin/hexrealalgebraic_bench(+0xe663e1) [0x5d8efba2a3e1]
.lake/build/bin/hexrealalgebraic_bench(+0x4ba5e00) [0x5d8eff769e00]
.lake/build/bin/hexrealalgebraic_bench(+0x4ba68c1) [0x5d8eff76a8c1]
.lake/build/bin/hexrealalgebraic_bench(+0x4ba68c1) [0x5d8eff76a8c1]
.lake/build/bin/hexrealalgebraic_bench(+0x4ba689e) [0x5d8eff76a89e]
.lake/build/bin/hexrealalgebraic_bench(+0x4ba689e) [0x5d8eff76a89e]
.lake/build/bin/hexrealalgebraic_bench(+0x4ba689e) [0x5d8eff76a89e]
.lake/build/bin/hexrealalgebraic_bench(+0x4ba689e) [0x5d8eff76a89e]
.lake/build/bin/hexrealalgebraic_bench(+0x4ba689e) [0x5d8eff76a89e]
.lake/build/bin/hexrealalgebraic_bench(+0x4ba689e) [0x5d8eff76a89e]
.lake/build/bin/hexrealalgebraic_bench(+0x4ba689e) [0x5d8eff76a89e]
.lake/build/bin/hexrealalgebraic_bench(+0x4ba689e) [0x5d8eff76a89e]
.lake/build/bin/hexrealalgebraic_bench(+0x4ba689e) [0x5d8eff76a89e]
.lake/build/bin/hexrealalgebraic_bench(+0x4b87197) [0x5d8eff74b197]
.lake/build/bin/hexrealalgebraic_bench(+0x4b8780a) [0x5d8eff74b80a]
/nix/store/qqiqd3ah10x8hzsif4j1y4xc1miw23nx-glibc-2.42-67/lib/libc.so.6(+0x9ce53) [0x72a25fa9ce53]
/nix/store/qqiqd3ah10x8hzsif4j1y4xc1miw23nx-glibc-2.42-67/lib/libc.so.6(+0x12407c) [0x72a25fb2407c]
AlgebraicRoot.add: certification failed
backtrace:
.lake/build/bin/hexrealalgebraic_bench(+0x4ba0f45) [0x5d8eff764f45]
.lake/build/bin/hexrealalgebraic_bench(+0x4b97ad7) [0x5d8eff75bad7]
.lake/build/bin/hexrealalgebraic_bench(+0x4b97bbb) [0x5d8eff75bbbb]
.lake/build/bin/hexrealalgebraic_bench(+0xd8ef17) [0x5d8efb952f17]
.lake/build/bin/hexrealalgebraic_bench(+0xdba546) [0x5d8efb97e546]
.lake/build/bin/hexrealalgebraic_bench(+0xbdc1f2) [0x5d8efb7a01f2]
.lake/build/bin/hexrealalgebraic_bench(+0xbdcac5) [0x5d8efb7a0ac5]
.lake/build/bin/hexrealalgebraic_bench(+0xc04de0) [0x5d8efb7c8de0]
.lake/build/bin/hexrealalgebraic_bench(+0x4ba5e00) [0x5d8eff769e00]
.lake/build/bin/hexrealalgebraic_bench(+0xe01b53) [0x5d8efb9c5b53]
.lake/build/bin/hexrealalgebraic_bench(+0xe022a8) [0x5d8efb9c62a8]
.lake/build/bin/hexrealalgebraic_bench(+0xe03309) [0x5d8efb9c7309]
.lake/build/bin/hexrealalgebraic_bench(+0xe663e1) [0x5d8efba2a3e1]
.lake/build/bin/hexrealalgebraic_bench(+0x4ba5e00) [0x5d8eff769e00]
.lake/build/bin/hexrealalgebraic_bench(+0x4ba68c1) [0x5d8eff76a8c1]
.lake/build/bin/hexrealalgebraic_bench(+0x4ba68c1) [0x5d8eff76a8c1]
.lake/build/bin/hexrealalgebraic_bench(+0x4ba689e) [0x5d8eff76a89e]
.lake/build/bin/hexrealalgebraic_bench(+0x4ba689e) [0x5d8eff76a89e]
.lake/build/bin/hexrealalgebraic_bench(+0x4ba689e) [0x5d8eff76a89e]
.lake/build/bin/hexrealalgebraic_bench(+0x4ba689e) [0x5d8eff76a89e]
.lake/build/bin/hexrealalgebraic_bench(+0x4ba689e) [0x5d8eff76a89e]
.lake/build/bin/hexrealalgebraic_bench(+0x4ba689e) [0x5d8eff76a89e]
.lake/build/bin/hexrealalgebraic_bench(+0x4ba689e) [0x5d8eff76a89e]
.lake/build/bin/hexrealalgebraic_bench(+0x4ba689e) [0x5d8eff76a89e]
.lake/build/bin/hexrealalgebraic_bench(+0x4ba689e) [0x5d8eff76a89e]
.lake/build/bin/hexrealalgebraic_bench(+0x4b87197) [0x5d8eff74b197]
.lake/build/bin/hexrealalgebraic_bench(+0x4b8780a) [0x5d8eff74b80a]
/nix/store/qqiqd3ah10x8hzsif4j1y4xc1miw23nx-glibc-2.42-67/lib/libc.so.6(+0x9ce53) [0x72a25fa9ce53]
/nix/store/qqiqd3ah10x8hzsif4j1y4xc1miw23nx-glibc-2.42-67/lib/libc.so.6(+0x12407c) [0x72a25fb2407c]
AlgebraicRoot.mul: certification failed
backtrace:
.lake/build/bin/hexrealalgebraic_bench(+0x4ba0f45) [0x5d8eff764f45]
.lake/build/bin/hexrealalgebraic_bench(+0x4b97ad7) [0x5d8eff75bad7]
.lake/build/bin/hexrealalgebraic_bench(+0x4b97bbb) [0x5d8eff75bbbb]
.lake/build/bin/hexrealalgebraic_bench(+0xd8f173) [0x5d8efb953173]
.lake/build/bin/hexrealalgebraic_bench(+0xdba566) [0x5d8efb97e566]
.lake/build/bin/hexrealalgebraic_bench(+0xbdc216) [0x5d8efb7a0216]
.lake/build/bin/hexrealalgebraic_bench(+0xbdcac5) [0x5d8efb7a0ac5]
.lake/build/bin/hexrealalgebraic_bench(+0xc04de0) [0x5d8efb7c8de0]
.lake/build/bin/hexrealalgebraic_bench(+0x4ba5e00) [0x5d8eff769e00]
.lake/build/bin/hexrealalgebraic_bench(+0xe01b53) [0x5d8efb9c5b53]
.lake/build/bin/hexrealalgebraic_bench(+0xe022a8) [0x5d8efb9c62a8]
.lake/build/bin/hexrealalgebraic_bench(+0xe03309) [0x5d8efb9c7309]
.lake/build/bin/hexrealalgebraic_bench(+0xe663e1) [0x5d8efba2a3e1]
.lake/build/bin/hexrealalgebraic_bench(+0x4ba5e00) [0x5d8eff769e00]
.lake/build/bin/hexrealalgebraic_bench(+0x4ba68c1) [0x5d8eff76a8c1]
.lake/build/bin/hexrealalgebraic_bench(+0x4ba68c1) [0x5d8eff76a8c1]
.lake/build/bin/hexrealalgebraic_bench(+0x4ba689e) [0x5d8eff76a89e]
.lake/build/bin/hexrealalgebraic_bench(+0x4ba689e) [0x5d8eff76a89e]
.lake/build/bin/hexrealalgebraic_bench(+0x4ba689e) [0x5d8eff76a89e]
.lake/build/bin/hexrealalgebraic_bench(+0x4ba689e) [0x5d8eff76a89e]
.lake/build/bin/hexrealalgebraic_bench(+0x4ba689e) [0x5d8eff76a89e]
.lake/build/bin/hexrealalgebraic_bench(+0x4ba689e) [0x5d8eff76a89e]
.lake/build/bin/hexrealalgebraic_bench(+0x4ba689e) [0x5d8eff76a89e]
.lake/build/bin/hexrealalgebraic_bench(+0x4ba689e) [0x5d8eff76a89e]
.lake/build/bin/hexrealalgebraic_bench(+0x4ba689e) [0x5d8eff76a89e]
.lake/build/bin/hexrealalgebraic_bench(+0x4b87197) [0x5d8eff74b197]
.lake/build/bin/hexrealalgebraic_bench(+0x4b8780a) [0x5d8eff74b80a]
/nix/store/qqiqd3ah10x8hzsif4j1y4xc1miw23nx-glibc-2.42-67/lib/libc.so.6(+0x9ce53) [0x72a25fa9ce53]
/nix/store/qqiqd3ah10x8hzsif4j1y4xc1miw23nx-glibc-2.42-67/lib/libc.so.6(+0x12407c) [0x72a25fb2407c]
AlgebraicRoot.add: certification failed
backtrace:
.lake/build/bin/hexrealalgebraic_bench(+0x4ba0f45) [0x5d8eff764f45]
.lake/build/bin/hexrealalgebraic_bench(+0x4b97ad7) [0x5d8eff75bad7]
.lake/build/bin/hexrealalgebraic_bench(+0x4b97bbb) [0x5d8eff75bbbb]
.lake/build/bin/hexrealalgebraic_bench(+0xd8ef17) [0x5d8efb952f17]
.lake/build/bin/hexrealalgebraic_bench(+0xdba546) [0x5d8efb97e546]
.lake/build/bin/hexrealalgebraic_bench(+0xbdc221) [0x5d8efb7a0221]
.lake/build/bin/hexrealalgebraic_bench(+0xbdcac5) [0x5d8efb7a0ac5]
.lake/build/bin/hexrealalgebraic_bench(+0xc04de0) [0x5d8efb7c8de0]
.lake/build/bin/hexrealalgebraic_bench(+0x4ba5e00) [0x5d8eff769e00]
.lake/build/bin/hexrealalgebraic_bench(+0xe01b53) [0x5d8efb9c5b53]
.lake/build/bin/hexrealalgebraic_bench(+0xe022a8) [0x5d8efb9c62a8]
.lake/build/bin/hexrealalgebraic_bench(+0xe03309) [0x5d8efb9c7309]
.lake/build/bin/hexrealalgebraic_bench(+0xe663e1) [0x5d8efba2a3e1]
.lake/build/bin/hexrealalgebraic_bench(+0x4ba5e00) [0x5d8eff769e00]
.lake/build/bin/hexrealalgebraic_bench(+0x4ba68c1) [0x5d8eff76a8c1]
.lake/build/bin/hexrealalgebraic_bench(+0x4ba68c1) [0x5d8eff76a8c1]
.lake/build/bin/hexrealalgebraic_bench(+0x4ba689e) [0x5d8eff76a89e]
.lake/build/bin/hexrealalgebraic_bench(+0x4ba689e) [0x5d8eff76a89e]
.lake/build/bin/hexrealalgebraic_bench(+0x4ba689e) [0x5d8eff76a89e]
.lake/build/bin/hexrealalgebraic_bench(+0x4ba689e) [0x5d8eff76a89e]
.lake/build/bin/hexrealalgebraic_bench(+0x4ba689e) [0x5d8eff76a89e]
.lake/build/bin/hexrealalgebraic_bench(+0x4ba689e) [0x5d8eff76a89e]
.lake/build/bin/hexrealalgebraic_bench(+0x4ba689e) [0x5d8eff76a89e]
.lake/build/bin/hexrealalgebraic_bench(+0x4ba689e) [0x5d8eff76a89e]
.lake/build/bin/hexrealalgebraic_bench(+0x4ba689e) [0x5d8eff76a89e]
.lake/build/bin/hexrealalgebraic_bench(+0x4b87197) [0x5d8eff74b197]
.lake/build/bin/hexrealalgebraic_bench(+0x4b8780a) [0x5d8eff74b80a]
/nix/store/qqiqd3ah10x8hzsif4j1y4xc1miw23nx-glibc-2.42-67/lib/libc.so.6(+0x9ce53) [0x72a25fa9ce53]
/nix/store/qqiqd3ah10x8hzsif4j1y4xc1miw23nx-glibc-2.42-67/lib/libc.so.6(+0x12407c) [0x72a25fb2407c]
AlgebraicRoot.mul: certification failed
backtrace:
.lake/build/bin/hexrealalgebraic_bench(+0x4ba0f45) [0x5d8eff764f45]
.lake/build/bin/hexrealalgebraic_bench(+0x4b97ad7) [0x5d8eff75bad7]
.lake/build/bin/hexrealalgebraic_bench(+0x4b97bbb) [0x5d8eff75bbbb]
.lake/build/bin/hexrealalgebraic_bench(+0xd8f173) [0x5d8efb953173]
.lake/build/bin/hexrealalgebraic_bench(+0xdba566) [0x5d8efb97e566]
.lake/build/bin/hexrealalgebraic_bench(+0xc52e14) [0x5d8efb816e14]
.lake/build/bin/hexrealalgebraic_bench(+0xc565cb) [0x5d8efb81a5cb]
.lake/build/bin/hexrealalgebraic_bench(+0x4ba5e00) [0x5d8eff769e00]
.lake/build/bin/hexrealalgebraic_bench(+0xe01b53) [0x5d8efb9c5b53]
.lake/build/bin/hexrealalgebraic_bench(+0xe022a8) [0x5d8efb9c62a8]
.lake/build/bin/hexrealalgebraic_bench(+0xe03309) [0x5d8efb9c7309]
.lake/build/bin/hexrealalgebraic_bench(+0xe663e1) [0x5d8efba2a3e1]
.lake/build/bin/hexrealalgebraic_bench(+0x4ba5e00) [0x5d8eff769e00]
.lake/build/bin/hexrealalgebraic_bench(+0x4ba68c1) [0x5d8eff76a8c1]
.lake/build/bin/hexrealalgebraic_bench(+0x4ba68c1) [0x5d8eff76a8c1]
.lake/build/bin/hexrealalgebraic_bench(+0x4ba689e) [0x5d8eff76a89e]
.lake/build/bin/hexrealalgebraic_bench(+0x4ba689e) [0x5d8eff76a89e]
.lake/build/bin/hexrealalgebraic_bench(+0x4ba689e) [0x5d8eff76a89e]
.lake/build/bin/hexrealalgebraic_bench(+0x4ba689e) [0x5d8eff76a89e]
.lake/build/bin/hexrealalgebraic_bench(+0x4ba689e) [0x5d8eff76a89e]
.lake/build/bin/hexrealalgebraic_bench(+0x4ba689e) [0x5d8eff76a89e]
.lake/build/bin/hexrealalgebraic_bench(+0x4ba689e) [0x5d8eff76a89e]
.lake/build/bin/hexrealalgebraic_bench(+0x4ba689e) [0x5d8eff76a89e]
.lake/build/bin/hexrealalgebraic_bench(+0x4ba689e) [0x5d8eff76a89e]
.lake/build/bin/hexrealalgebraic_bench(+0x4b87197) [0x5d8eff74b197]
.lake/build/bin/hexrealalgebraic_bench(+0x4b8780a) [0x5d8eff74b80a]
/nix/store/qqiqd3ah10x8hzsif4j1y4xc1miw23nx-glibc-2.42-67/lib/libc.so.6(+0x9ce53) [0x72a25fa9ce53]
/nix/store/qqiqd3ah10x8hzsif4j1y4xc1miw23nx-glibc-2.42-67/lib/libc.so.6(+0x12407c) [0x72a25fb2407c]
AlgebraicRoot.mul: certification failed
backtrace:
.lake/build/bin/hexrealalgebraic_bench(+0x4ba0f45) [0x5d8eff764f45]
.lake/build/bin/hexrealalgebraic_bench(+0x4b97ad7) [0x5d8eff75bad7]
.lake/build/bin/hexrealalgebraic_bench(+0x4b97bbb) [0x5d8eff75bbbb]
.lake/build/bin/hexrealalgebraic_bench(+0xd8f173) [0x5d8efb953173]
.lake/build/bin/hexrealalgebraic_bench(+0xc30a13) [0x5d8efb7f4a13]
.lake/build/bin/hexrealalgebraic_bench(+0xc34004) [0x5d8efb7f8004]
.lake/build/bin/hexrealalgebraic_bench(+0x4ba5e00) [0x5d8eff769e00]
.lake/build/bin/hexrealalgebraic_bench(+0xe01b53) [0x5d8efb9c5b53]
.lake/build/bin/hexrealalgebraic_bench(+0xe022a8) [0x5d8efb9c62a8]
.lake/build/bin/hexrealalgebraic_bench(+0xe03309) [0x5d8efb9c7309]
.lake/build/bin/hexrealalgebraic_bench(+0xe663e1) [0x5d8efba2a3e1]
.lake/build/bin/hexrealalgebraic_bench(+0x4ba5e00) [0x5d8eff769e00]
.lake/build/bin/hexrealalgebraic_bench(+0x4ba68c1) [0x5d8eff76a8c1]
.lake/build/bin/hexrealalgebraic_bench(+0x4ba68c1) [0x5d8eff76a8c1]
.lake/build/bin/hexrealalgebraic_bench(+0x4ba689e) [0x5d8eff76a89e]
.lake/build/bin/hexrealalgebraic_bench(+0x4ba689e) [0x5d8eff76a89e]
.lake/build/bin/hexrealalgebraic_bench(+0x4ba689e) [0x5d8eff76a89e]
.lake/build/bin/hexrealalgebraic_bench(+0x4ba689e) [0x5d8eff76a89e]
.lake/build/bin/hexrealalgebraic_bench(+0x4ba689e) [0x5d8eff76a89e]
.lake/build/bin/hexrealalgebraic_bench(+0x4ba689e) [0x5d8eff76a89e]
.lake/build/bin/hexrealalgebraic_bench(+0x4ba689e) [0x5d8eff76a89e]
.lake/build/bin/hexrealalgebraic_bench(+0x4ba689e) [0x5d8eff76a89e]
.lake/build/bin/hexrealalgebraic_bench(+0x4ba689e) [0x5d8eff76a89e]
.lake/build/bin/hexrealalgebraic_bench(+0x4b87197) [0x5d8eff74b197]
.lake/build/bin/hexrealalgebraic_bench(+0x4b8780a) [0x5d8eff74b80a]
/nix/store/qqiqd3ah10x8hzsif4j1y4xc1miw23nx-glibc-2.42-67/lib/libc.so.6(+0x9ce53) [0x72a25fa9ce53]
/nix/store/qqiqd3ah10x8hzsif4j1y4xc1miw23nx-glibc-2.42-67/lib/libc.so.6(+0x12407c) [0x72a25fb2407c]
AlgebraicRoot.add: certification failed
backtrace:
.lake/build/bin/hexrealalgebraic_bench(+0x4ba0f45) [0x5d8eff764f45]
.lake/build/bin/hexrealalgebraic_bench(+0x4b97ad7) [0x5d8eff75bad7]
.lake/build/bin/hexrealalgebraic_bench(+0x4b97bbb) [0x5d8eff75bbbb]
.lake/build/bin/hexrealalgebraic_bench(+0xd8ef17) [0x5d8efb952f17]
.lake/build/bin/hexrealalgebraic_bench(+0xdba546) [0x5d8efb97e546]
.lake/build/bin/hexrealalgebraic_bench(+0xbdc1f2) [0x5d8efb7a01f2]
.lake/build/bin/hexrealalgebraic_bench(+0xbdcac5) [0x5d8efb7a0ac5]
.lake/build/bin/hexrealalgebraic_bench(+0xc0e0e0) [0x5d8efb7d20e0]
.lake/build/bin/hexrealalgebraic_bench(+0x4ba5e00) [0x5d8eff769e00]
.lake/build/bin/hexrealalgebraic_bench(+0xe01b53) [0x5d8efb9c5b53]
.lake/build/bin/hexrealalgebraic_bench(+0xe022a8) [0x5d8efb9c62a8]
.lake/build/bin/hexrealalgebraic_bench(+0xe03309) [0x5d8efb9c7309]
.lake/build/bin/hexrealalgebraic_bench(+0xe663e1) [0x5d8efba2a3e1]
.lake/build/bin/hexrealalgebraic_bench(+0x4ba5e00) [0x5d8eff769e00]
.lake/build/bin/hexrealalgebraic_bench(+0x4ba68c1) [0x5d8eff76a8c1]
.lake/build/bin/hexrealalgebraic_bench(+0x4ba68c1) [0x5d8eff76a8c1]
.lake/build/bin/hexrealalgebraic_bench(+0x4ba689e) [0x5d8eff76a89e]
.lake/build/bin/hexrealalgebraic_bench(+0x4ba689e) [0x5d8eff76a89e]
.lake/build/bin/hexrealalgebraic_bench(+0x4ba689e) [0x5d8eff76a89e]
.lake/build/bin/hexrealalgebraic_bench(+0x4ba689e) [0x5d8eff76a89e]
.lake/build/bin/hexrealalgebraic_bench(+0x4ba689e) [0x5d8eff76a89e]
.lake/build/bin/hexrealalgebraic_bench(+0x4ba689e) [0x5d8eff76a89e]
.lake/build/bin/hexrealalgebraic_bench(+0x4ba689e) [0x5d8eff76a89e]
.lake/build/bin/hexrealalgebraic_bench(+0x4ba689e) [0x5d8eff76a89e]
.lake/build/bin/hexrealalgebraic_bench(+0x4ba689e) [0x5d8eff76a89e]
.lake/build/bin/hexrealalgebraic_bench(+0x4b87197) [0x5d8eff74b197]
.lake/build/bin/hexrealalgebraic_bench(+0x4b8780a) [0x5d8eff74b80a]
/nix/store/qqiqd3ah10x8hzsif4j1y4xc1miw23nx-glibc-2.42-67/lib/libc.so.6(+0x9ce53) [0x72a25fa9ce53]
/nix/store/qqiqd3ah10x8hzsif4j1y4xc1miw23nx-glibc-2.42-67/lib/libc.so.6(+0x12407c) [0x72a25fb2407c]
AlgebraicRoot.mul: certification failed
backtrace:
.lake/build/bin/hexrealalgebraic_bench(+0x4ba0f45) [0x5d8eff764f45]
.lake/build/bin/hexrealalgebraic_bench(+0x4b97ad7) [0x5d8eff75bad7]
.lake/build/bin/hexrealalgebraic_bench(+0x4b97bbb) [0x5d8eff75bbbb]
.lake/build/bin/hexrealalgebraic_bench(+0xd8f173) [0x5d8efb953173]
.lake/build/bin/hexrealalgebraic_bench(+0xdba566) [0x5d8efb97e566]
.lake/build/bin/hexrealalgebraic_bench(+0xbdc216) [0x5d8efb7a0216]
.lake/build/bin/hexrealalgebraic_bench(+0xbdcac5) [0x5d8efb7a0ac5]
.lake/build/bin/hexrealalgebraic_bench(+0xc0e0e0) [0x5d8efb7d20e0]
.lake/build/bin/hexrealalgebraic_bench(+0x4ba5e00) [0x5d8eff769e00]
.lake/build/bin/hexrealalgebraic_bench(+0xe01b53) [0x5d8efb9c5b53]
.lake/build/bin/hexrealalgebraic_bench(+0xe022a8) [0x5d8efb9c62a8]
.lake/build/bin/hexrealalgebraic_bench(+0xe03309) [0x5d8efb9c7309]
.lake/build/bin/hexrealalgebraic_bench(+0xe663e1) [0x5d8efba2a3e1]
.lake/build/bin/hexrealalgebraic_bench(+0x4ba5e00) [0x5d8eff769e00]
.lake/build/bin/hexrealalgebraic_bench(+0x4ba68c1) [0x5d8eff76a8c1]
.lake/build/bin/hexrealalgebraic_bench(+0x4ba68c1) [0x5d8eff76a8c1]
.lake/build/bin/hexrealalgebraic_bench(+0x4ba689e) [0x5d8eff76a89e]
.lake/build/bin/hexrealalgebraic_bench(+0x4ba689e) [0x5d8eff76a89e]
.lake/build/bin/hexrealalgebraic_bench(+0x4ba689e) [0x5d8eff76a89e]
.lake/build/bin/hexrealalgebraic_bench(+0x4ba689e) [0x5d8eff76a89e]
.lake/build/bin/hexrealalgebraic_bench(+0x4ba689e) [0x5d8eff76a89e]
.lake/build/bin/hexrealalgebraic_bench(+0x4ba689e) [0x5d8eff76a89e]
.lake/build/bin/hexrealalgebraic_bench(+0x4ba689e) [0x5d8eff76a89e]
.lake/build/bin/hexrealalgebraic_bench(+0x4ba689e) [0x5d8eff76a89e]
.lake/build/bin/hexrealalgebraic_bench(+0x4ba689e) [0x5d8eff76a89e]
.lake/build/bin/hexrealalgebraic_bench(+0x4b87197) [0x5d8eff74b197]
.lake/build/bin/hexrealalgebraic_bench(+0x4b8780a) [0x5d8eff74b80a]
/nix/store/qqiqd3ah10x8hzsif4j1y4xc1miw23nx-glibc-2.42-67/lib/libc.so.6(+0x9ce53) [0x72a25fa9ce53]
/nix/store/qqiqd3ah10x8hzsif4j1y4xc1miw23nx-glibc-2.42-67/lib/libc.so.6(+0x12407c) [0x72a25fb2407c]
AlgebraicRoot.add: certification failed
backtrace:
.lake/build/bin/hexrealalgebraic_bench(+0x4ba0f45) [0x5d8eff764f45]
.lake/build/bin/hexrealalgebraic_bench(+0x4b97ad7) [0x5d8eff75bad7]
.lake/build/bin/hexrealalgebraic_bench(+0x4b97bbb) [0x5d8eff75bbbb]
.lake/build/bin/hexrealalgebraic_bench(+0xd8ef17) [0x5d8efb952f17]
.lake/build/bin/hexrealalgebraic_bench(+0xdba546) [0x5d8efb97e546]
.lake/build/bin/hexrealalgebraic_bench(+0xbdc221) [0x5d8efb7a0221]
.lake/build/bin/hexrealalgebraic_bench(+0xbdcac5) [0x5d8efb7a0ac5]
.lake/build/bin/hexrealalgebraic_bench(+0xc0e0e0) [0x5d8efb7d20e0]
.lake/build/bin/hexrealalgebraic_bench(+0x4ba5e00) [0x5d8eff769e00]
.lake/build/bin/hexrealalgebraic_bench(+0xe01b53) [0x5d8efb9c5b53]
.lake/build/bin/hexrealalgebraic_bench(+0xe022a8) [0x5d8efb9c62a8]
.lake/build/bin/hexrealalgebraic_bench(+0xe03309) [0x5d8efb9c7309]
.lake/build/bin/hexrealalgebraic_bench(+0xe663e1) [0x5d8efba2a3e1]
.lake/build/bin/hexrealalgebraic_bench(+0x4ba5e00) [0x5d8eff769e00]
.lake/build/bin/hexrealalgebraic_bench(+0x4ba68c1) [0x5d8eff76a8c1]
.lake/build/bin/hexrealalgebraic_bench(+0x4ba68c1) [0x5d8eff76a8c1]
.lake/build/bin/hexrealalgebraic_bench(+0x4ba689e) [0x5d8eff76a89e]
.lake/build/bin/hexrealalgebraic_bench(+0x4ba689e) [0x5d8eff76a89e]
.lake/build/bin/hexrealalgebraic_bench(+0x4ba689e) [0x5d8eff76a89e]
.lake/build/bin/hexrealalgebraic_bench(+0x4ba689e) [0x5d8eff76a89e]
.lake/build/bin/hexrealalgebraic_bench(+0x4ba689e) [0x5d8eff76a89e]
.lake/build/bin/hexrealalgebraic_bench(+0x4ba689e) [0x5d8eff76a89e]
.lake/build/bin/hexrealalgebraic_bench(+0x4ba689e) [0x5d8eff76a89e]
.lake/build/bin/hexrealalgebraic_bench(+0x4ba689e) [0x5d8eff76a89e]
.lake/build/bin/hexrealalgebraic_bench(+0x4ba689e) [0x5d8eff76a89e]
.lake/build/bin/hexrealalgebraic_bench(+0x4b87197) [0x5d8eff74b197]
.lake/build/bin/hexrealalgebraic_bench(+0x4b8780a) [0x5d8eff74b80a]
/nix/store/qqiqd3ah10x8hzsif4j1y4xc1miw23nx-glibc-2.42-67/lib/libc.so.6(+0x9ce53) [0x72a25fa9ce53]
/nix/store/qqiqd3ah10x8hzsif4j1y4xc1miw23nx-glibc-2.42-67/lib/libc.so.6(+0x12407c) [0x72a25fb2407c]
AlgebraicRoot.mul: certification failed
backtrace:
.lake/build/bin/hexrealalgebraic_bench(+0x4ba0f45) [0x5d8eff764f45]
.lake/build/bin/hexrealalgebraic_bench(+0x4b97ad7) [0x5d8eff75bad7]
.lake/build/bin/hexrealalgebraic_bench(+0x4b97bbb) [0x5d8eff75bbbb]
.lake/build/bin/hexrealalgebraic_bench(+0xd8f173) [0x5d8efb953173]
.lake/build/bin/hexrealalgebraic_bench(+0xc52def) [0x5d8efb816def]
.lake/build/bin/hexrealalgebraic_bench(+0xc571be) [0x5d8efb81b1be]
.lake/build/bin/hexrealalgebraic_bench(+0x4ba5e00) [0x5d8eff769e00]
.lake/build/bin/hexrealalgebraic_bench(+0xe01b53) [0x5d8efb9c5b53]
.lake/build/bin/hexrealalgebraic_bench(+0xe022a8) [0x5d8efb9c62a8]
.lake/build/bin/hexrealalgebraic_bench(+0xe03309) [0x5d8efb9c7309]
.lake/build/bin/hexrealalgebraic_bench(+0xe663e1) [0x5d8efba2a3e1]
.lake/build/bin/hexrealalgebraic_bench(+0x4ba5e00) [0x5d8eff769e00]
.lake/build/bin/hexrealalgebraic_bench(+0x4ba68c1) [0x5d8eff76a8c1]
.lake/build/bin/hexrealalgebraic_bench(+0x4ba68c1) [0x5d8eff76a8c1]
.lake/build/bin/hexrealalgebraic_bench(+0x4ba689e) [0x5d8eff76a89e]
.lake/build/bin/hexrealalgebraic_bench(+0x4ba689e) [0x5d8eff76a89e]
.lake/build/bin/hexrealalgebraic_bench(+0x4ba689e) [0x5d8eff76a89e]
.lake/build/bin/hexrealalgebraic_bench(+0x4ba689e) [0x5d8eff76a89e]
.lake/build/bin/hexrealalgebraic_bench(+0x4ba689e) [0x5d8eff76a89e]
.lake/build/bin/hexrealalgebraic_bench(+0x4ba689e) [0x5d8eff76a89e]
.lake/build/bin/hexrealalgebraic_bench(+0x4ba689e) [0x5d8eff76a89e]
.lake/build/bin/hexrealalgebraic_bench(+0x4ba689e) [0x5d8eff76a89e]
.lake/build/bin/hexrealalgebraic_bench(+0x4ba689e) [0x5d8eff76a89e]
.lake/build/bin/hexrealalgebraic_bench(+0x4b87197) [0x5d8eff74b197]
.lake/build/bin/hexrealalgebraic_bench(+0x4b8780a) [0x5d8eff74b80a]
/nix/store/qqiqd3ah10x8hzsif4j1y4xc1miw23nx-glibc-2.42-67/lib/libc.so.6(+0x9ce53) [0x72a25fa9ce53]
/nix/store/qqiqd3ah10x8hzsif4j1y4xc1miw23nx-glibc-2.42-67/lib/libc.so.6(+0x12407c) [0x72a25fb2407c]
AlgebraicRoot.add: certification failed
backtrace:
.lake/build/bin/hexrealalgebraic_bench(+0x4ba0f45) [0x5d8eff764f45]
.lake/build/bin/hexrealalgebraic_bench(+0x4b97ad7) [0x5d8eff75bad7]
.lake/build/bin/hexrealalgebraic_bench(+0x4b97bbb) [0x5d8eff75bbbb]
.lake/build/bin/hexrealalgebraic_bench(+0xd8ef17) [0x5d8efb952f17]
.lake/build/bin/hexrealalgebraic_bench(+0xdba546) [0x5d8efb97e546]
.lake/build/bin/hexrealalgebraic_bench(+0xbdc1f2) [0x5d8efb7a01f2]
.lake/build/bin/hexrealalgebraic_bench(+0xbdcac5) [0x5d8efb7a0ac5]
.lake/build/bin/hexrealalgebraic_bench(+0xbf58a0) [0x5d8efb7b98a0]
.lake/build/bin/hexrealalgebraic_bench(+0x4ba5e00) [0x5d8eff769e00]
.lake/build/bin/hexrealalgebraic_bench(+0xe01b53) [0x5d8efb9c5b53]
.lake/build/bin/hexrealalgebraic_bench(+0xe022a8) [0x5d8efb9c62a8]
.lake/build/bin/hexrealalgebraic_bench(+0xe03309) [0x5d8efb9c7309]
.lake/build/bin/hexrealalgebraic_bench(+0xe663e1) [0x5d8efba2a3e1]
.lake/build/bin/hexrealalgebraic_bench(+0x4ba5e00) [0x5d8eff769e00]
.lake/build/bin/hexrealalgebraic_bench(+0x4ba68c1) [0x5d8eff76a8c1]
.lake/build/bin/hexrealalgebraic_bench(+0x4ba68c1) [0x5d8eff76a8c1]
.lake/build/bin/hexrealalgebraic_bench(+0x4ba689e) [0x5d8eff76a89e]
.lake/build/bin/hexrealalgebraic_bench(+0x4ba689e) [0x5d8eff76a89e]
.lake/build/bin/hexrealalgebraic_bench(+0x4ba689e) [0x5d8eff76a89e]
.lake/build/bin/hexrealalgebraic_bench(+0x4ba689e) [0x5d8eff76a89e]
.lake/build/bin/hexrealalgebraic_bench(+0x4ba689e) [0x5d8eff76a89e]
.lake/build/bin/hexrealalgebraic_bench(+0x4ba689e) [0x5d8eff76a89e]
.lake/build/bin/hexrealalgebraic_bench(+0x4ba689e) [0x5d8eff76a89e]
.lake/build/bin/hexrealalgebraic_bench(+0x4ba689e) [0x5d8eff76a89e]
.lake/build/bin/hexrealalgebraic_bench(+0x4ba689e) [0x5d8eff76a89e]
.lake/build/bin/hexrealalgebraic_bench(+0x4b87197) [0x5d8eff74b197]
.lake/build/bin/hexrealalgebraic_bench(+0x4b8780a) [0x5d8eff74b80a]
/nix/store/qqiqd3ah10x8hzsif4j1y4xc1miw23nx-glibc-2.42-67/lib/libc.so.6(+0x9ce53) [0x72a25fa9ce53]
/nix/store/qqiqd3ah10x8hzsif4j1y4xc1miw23nx-glibc-2.42-67/lib/libc.so.6(+0x12407c) [0x72a25fb2407c]
AlgebraicRoot.mul: certification failed
backtrace:
.lake/build/bin/hexrealalgebraic_bench(+0x4ba0f45) [0x5d8eff764f45]
.lake/build/bin/hexrealalgebraic_bench(+0x4b97ad7) [0x5d8eff75bad7]
.lake/build/bin/hexrealalgebraic_bench(+0x4b97bbb) [0x5d8eff75bbbb]
.lake/build/bin/hexrealalgebraic_bench(+0xd8f173) [0x5d8efb953173]
.lake/build/bin/hexrealalgebraic_bench(+0xdba566) [0x5d8efb97e566]
.lake/build/bin/hexrealalgebraic_bench(+0xbdc216) [0x5d8efb7a0216]
.lake/build/bin/hexrealalgebraic_bench(+0xbdcac5) [0x5d8efb7a0ac5]
.lake/build/bin/hexrealalgebraic_bench(+0xbf58a0) [0x5d8efb7b98a0]
.lake/build/bin/hexrealalgebraic_bench(+0x4ba5e00) [0x5d8eff769e00]
.lake/build/bin/hexrealalgebraic_bench(+0xe01b53) [0x5d8efb9c5b53]
.lake/build/bin/hexrealalgebraic_bench(+0xe022a8) [0x5d8efb9c62a8]
.lake/build/bin/hexrealalgebraic_bench(+0xe03309) [0x5d8efb9c7309]
.lake/build/bin/hexrealalgebraic_bench(+0xe663e1) [0x5d8efba2a3e1]
.lake/build/bin/hexrealalgebraic_bench(+0x4ba5e00) [0x5d8eff769e00]
.lake/build/bin/hexrealalgebraic_bench(+0x4ba68c1) [0x5d8eff76a8c1]
.lake/build/bin/hexrealalgebraic_bench(+0x4ba68c1) [0x5d8eff76a8c1]
.lake/build/bin/hexrealalgebraic_bench(+0x4ba689e) [0x5d8eff76a89e]
.lake/build/bin/hexrealalgebraic_bench(+0x4ba689e) [0x5d8eff76a89e]
.lake/build/bin/hexrealalgebraic_bench(+0x4ba689e) [0x5d8eff76a89e]
.lake/build/bin/hexrealalgebraic_bench(+0x4ba689e) [0x5d8eff76a89e]
.lake/build/bin/hexrealalgebraic_bench(+0x4ba689e) [0x5d8eff76a89e]
.lake/build/bin/hexrealalgebraic_bench(+0x4ba689e) [0x5d8eff76a89e]
.lake/build/bin/hexrealalgebraic_bench(+0x4ba689e) [0x5d8eff76a89e]
.lake/build/bin/hexrealalgebraic_bench(+0x4ba689e) [0x5d8eff76a89e]
.lake/build/bin/hexrealalgebraic_bench(+0x4ba689e) [0x5d8eff76a89e]
.lake/build/bin/hexrealalgebraic_bench(+0x4b87197) [0x5d8eff74b197]
.lake/build/bin/hexrealalgebraic_bench(+0x4b8780a) [0x5d8eff74b80a]
/nix/store/qqiqd3ah10x8hzsif4j1y4xc1miw23nx-glibc-2.42-67/lib/libc.so.6(+0x9ce53) [0x72a25fa9ce53]
/nix/store/qqiqd3ah10x8hzsif4j1y4xc1miw23nx-glibc-2.42-67/lib/libc.so.6(+0x12407c) [0x72a25fb2407c]
AlgebraicRoot.add: certification failed
backtrace:
.lake/build/bin/hexrealalgebraic_bench(+0x4ba0f45) [0x5d8eff764f45]
.lake/build/bin/hexrealalgebraic_bench(+0x4b97ad7) [0x5d8eff75bad7]
.lake/build/bin/hexrealalgebraic_bench(+0x4b97bbb) [0x5d8eff75bbbb]
.lake/build/bin/hexrealalgebraic_bench(+0xd8ef17) [0x5d8efb952f17]
.lake/build/bin/hexrealalgebraic_bench(+0xdba546) [0x5d8efb97e546]
.lake/build/bin/hexrealalgebraic_bench(+0xbdc221) [0x5d8efb7a0221]
.lake/build/bin/hexrealalgebraic_bench(+0xbdcac5) [0x5d8efb7a0ac5]
.lake/build/bin/hexrealalgebraic_bench(+0xbf58a0) [0x5d8efb7b98a0]
.lake/build/bin/hexrealalgebraic_bench(+0x4ba5e00) [0x5d8eff769e00]
.lake/build/bin/hexrealalgebraic_bench(+0xe01b53) [0x5d8efb9c5b53]
.lake/build/bin/hexrealalgebraic_bench(+0xe022a8) [0x5d8efb9c62a8]
.lake/build/bin/hexrealalgebraic_bench(+0xe03309) [0x5d8efb9c7309]
.lake/build/bin/hexrealalgebraic_bench(+0xe663e1) [0x5d8efba2a3e1]
.lake/build/bin/hexrealalgebraic_bench(+0x4ba5e00) [0x5d8eff769e00]
.lake/build/bin/hexrealalgebraic_bench(+0x4ba68c1) [0x5d8eff76a8c1]
.lake/build/bin/hexrealalgebraic_bench(+0x4ba68c1) [0x5d8eff76a8c1]
.lake/build/bin/hexrealalgebraic_bench(+0x4ba689e) [0x5d8eff76a89e]
.lake/build/bin/hexrealalgebraic_bench(+0x4ba689e) [0x5d8eff76a89e]
.lake/build/bin/hexrealalgebraic_bench(+0x4ba689e) [0x5d8eff76a89e]
.lake/build/bin/hexrealalgebraic_bench(+0x4ba689e) [0x5d8eff76a89e]
.lake/build/bin/hexrealalgebraic_bench(+0x4ba689e) [0x5d8eff76a89e]
.lake/build/bin/hexrealalgebraic_bench(+0x4ba689e) [0x5d8eff76a89e]
.lake/build/bin/hexrealalgebraic_bench(+0x4ba689e) [0x5d8eff76a89e]
.lake/build/bin/hexrealalgebraic_bench(+0x4ba689e) [0x5d8eff76a89e]
.lake/build/bin/hexrealalgebraic_bench(+0x4ba689e) [0x5d8eff76a89e]
.lake/build/bin/hexrealalgebraic_bench(+0x4b87197) [0x5d8eff74b197]
.lake/build/bin/hexrealalgebraic_bench(+0x4b8780a) [0x5d8eff74b80a]
/nix/store/qqiqd3ah10x8hzsif4j1y4xc1miw23nx-glibc-2.42-67/lib/libc.so.6(+0x9ce53) [0x72a25fa9ce53]
/nix/store/qqiqd3ah10x8hzsif4j1y4xc1miw23nx-glibc-2.42-67/lib/libc.so.6(+0x12407c) [0x72a25fb2407c]
AlgebraicRoot.add: certification failed
backtrace:
.lake/build/bin/hexrealalgebraic_bench(+0x4ba0f45) [0x5d8eff764f45]
.lake/build/bin/hexrealalgebraic_bench(+0x4b97ad7) [0x5d8eff75bad7]
.lake/build/bin/hexrealalgebraic_bench(+0x4b97bbb) [0x5d8eff75bbbb]
.lake/build/bin/hexrealalgebraic_bench(+0xd8ef17) [0x5d8efb952f17]
.lake/build/bin/hexrealalgebraic_bench(+0xdba546) [0x5d8efb97e546]
.lake/build/bin/hexrealalgebraic_bench(+0xbdcb8e) [0x5d8efb7a0b8e]
.lake/build/bin/hexrealalgebraic_bench(+0xbde840) [0x5d8efb7a2840]
.lake/build/bin/hexrealalgebraic_bench(+0x4ba5e00) [0x5d8eff769e00]
.lake/build/bin/hexrealalgebraic_bench(+0xe01b53) [0x5d8efb9c5b53]
.lake/build/bin/hexrealalgebraic_bench(+0xe022a8) [0x5d8efb9c62a8]
.lake/build/bin/hexrealalgebraic_bench(+0xe03309) [0x5d8efb9c7309]
.lake/build/bin/hexrealalgebraic_bench(+0xe663e1) [0x5d8efba2a3e1]
.lake/build/bin/hexrealalgebraic_bench(+0x4ba5e00) [0x5d8eff769e00]
.lake/build/bin/hexrealalgebraic_bench(+0x4ba68c1) [0x5d8eff76a8c1]
.lake/build/bin/hexrealalgebraic_bench(+0x4ba68c1) [0x5d8eff76a8c1]
.lake/build/bin/hexrealalgebraic_bench(+0x4ba689e) [0x5d8eff76a89e]
.lake/build/bin/hexrealalgebraic_bench(+0x4ba689e) [0x5d8eff76a89e]
.lake/build/bin/hexrealalgebraic_bench(+0x4ba689e) [0x5d8eff76a89e]
.lake/build/bin/hexrealalgebraic_bench(+0x4ba689e) [0x5d8eff76a89e]
.lake/build/bin/hexrealalgebraic_bench(+0x4ba689e) [0x5d8eff76a89e]
.lake/build/bin/hexrealalgebraic_bench(+0x4ba689e) [0x5d8eff76a89e]
.lake/build/bin/hexrealalgebraic_bench(+0x4ba689e) [0x5d8eff76a89e]
.lake/build/bin/hexrealalgebraic_bench(+0x4ba689e) [0x5d8eff76a89e]
.lake/build/bin/hexrealalgebraic_bench(+0x4ba689e) [0x5d8eff76a89e]
.lake/build/bin/hexrealalgebraic_bench(+0x4b87197) [0x5d8eff74b197]
.lake/build/bin/hexrealalgebraic_bench(+0x4b8780a) [0x5d8eff74b80a]
/nix/store/qqiqd3ah10x8hzsif4j1y4xc1miw23nx-glibc-2.42-67/lib/libc.so.6(+0x9ce53) [0x72a25fa9ce53]
/nix/store/qqiqd3ah10x8hzsif4j1y4xc1miw23nx-glibc-2.42-67/lib/libc.so.6(+0x12407c) [0x72a25fb2407c]
AlgebraicRoot.mul: certification failed
backtrace:
.lake/build/bin/hexrealalgebraic_bench(+0x4ba0f45) [0x5d8eff764f45]
.lake/build/bin/hexrealalgebraic_bench(+0x4b97ad7) [0x5d8eff75bad7]
.lake/build/bin/hexrealalgebraic_bench(+0x4b97bbb) [0x5d8eff75bbbb]
.lake/build/bin/hexrealalgebraic_bench(+0xd8f173) [0x5d8efb953173]
.lake/build/bin/hexrealalgebraic_bench(+0xdba566) [0x5d8efb97e566]
.lake/build/bin/hexrealalgebraic_bench(+0xc2f2da) [0x5d8efb7f32da]
.lake/build/bin/hexrealalgebraic_bench(+0xc43cf4) [0x5d8efb807cf4]
.lake/build/bin/hexrealalgebraic_bench(+0x4ba5e00) [0x5d8eff769e00]
.lake/build/bin/hexrealalgebraic_bench(+0xe01b53) [0x5d8efb9c5b53]
.lake/build/bin/hexrealalgebraic_bench(+0xe022a8) [0x5d8efb9c62a8]
.lake/build/bin/hexrealalgebraic_bench(+0xe03309) [0x5d8efb9c7309]
.lake/build/bin/hexrealalgebraic_bench(+0xe663e1) [0x5d8efba2a3e1]
.lake/build/bin/hexrealalgebraic_bench(+0x4ba5e00) [0x5d8eff769e00]
.lake/build/bin/hexrealalgebraic_bench(+0x4ba68c1) [0x5d8eff76a8c1]
.lake/build/bin/hexrealalgebraic_bench(+0x4ba68c1) [0x5d8eff76a8c1]
.lake/build/bin/hexrealalgebraic_bench(+0x4ba689e) [0x5d8eff76a89e]
.lake/build/bin/hexrealalgebraic_bench(+0x4ba689e) [0x5d8eff76a89e]
.lake/build/bin/hexrealalgebraic_bench(+0x4ba689e) [0x5d8eff76a89e]
.lake/build/bin/hexrealalgebraic_bench(+0x4ba689e) [0x5d8eff76a89e]
.lake/build/bin/hexrealalgebraic_bench(+0x4ba689e) [0x5d8eff76a89e]
.lake/build/bin/hexrealalgebraic_bench(+0x4ba689e) [0x5d8eff76a89e]
.lake/build/bin/hexrealalgebraic_bench(+0x4ba689e) [0x5d8eff76a89e]
.lake/build/bin/hexrealalgebraic_bench(+0x4ba689e) [0x5d8eff76a89e]
.lake/build/bin/hexrealalgebraic_bench(+0x4ba689e) [0x5d8eff76a89e]
.lake/build/bin/hexrealalgebraic_bench(+0x4b87197) [0x5d8eff74b197]
.lake/build/bin/hexrealalgebraic_bench(+0x4b8780a) [0x5d8eff74b80a]
/nix/store/qqiqd3ah10x8hzsif4j1y4xc1miw23nx-glibc-2.42-67/lib/libc.so.6(+0x9ce53) [0x72a25fa9ce53]
/nix/store/qqiqd3ah10x8hzsif4j1y4xc1miw23nx-glibc-2.42-67/lib/libc.so.6(+0x12407c) [0x72a25fb2407c]
AlgebraicRoot.mul: certification failed
backtrace:
.lake/build/bin/hexrealalgebraic_bench(+0x4ba0f45) [0x5d8eff764f45]
.lake/build/bin/hexrealalgebraic_bench(+0x4b97ad7) [0x5d8eff75bad7]
.lake/build/bin/hexrealalgebraic_bench(+0x4b97bbb) [0x5d8eff75bbbb]
.lake/build/bin/hexrealalgebraic_bench(+0xd8f173) [0x5d8efb953173]
.lake/build/bin/hexrealalgebraic_bench(+0xdba566) [0x5d8efb97e566]
.lake/build/bin/hexrealalgebraic_bench(+0xc2f2fb) [0x5d8efb7f32fb]
.lake/build/bin/hexrealalgebraic_bench(+0xc43cf4) [0x5d8efb807cf4]
.lake/build/bin/hexrealalgebraic_bench(+0x4ba5e00) [0x5d8eff769e00]
.lake/build/bin/hexrealalgebraic_bench(+0xe01b53) [0x5d8efb9c5b53]
.lake/build/bin/hexrealalgebraic_bench(+0xe022a8) [0x5d8efb9c62a8]
.lake/build/bin/hexrealalgebraic_bench(+0xe03309) [0x5d8efb9c7309]
.lake/build/bin/hexrealalgebraic_bench(+0xe663e1) [0x5d8efba2a3e1]
.lake/build/bin/hexrealalgebraic_bench(+0x4ba5e00) [0x5d8eff769e00]
.lake/build/bin/hexrealalgebraic_bench(+0x4ba68c1) [0x5d8eff76a8c1]
.lake/build/bin/hexrealalgebraic_bench(+0x4ba68c1) [0x5d8eff76a8c1]
.lake/build/bin/hexrealalgebraic_bench(+0x4ba689e) [0x5d8eff76a89e]
.lake/build/bin/hexrealalgebraic_bench(+0x4ba689e) [0x5d8eff76a89e]
.lake/build/bin/hexrealalgebraic_bench(+0x4ba689e) [0x5d8eff76a89e]
.lake/build/bin/hexrealalgebraic_bench(+0x4ba689e) [0x5d8eff76a89e]
.lake/build/bin/hexrealalgebraic_bench(+0x4ba689e) [0x5d8eff76a89e]
.lake/build/bin/hexrealalgebraic_bench(+0x4ba689e) [0x5d8eff76a89e]
.lake/build/bin/hexrealalgebraic_bench(+0x4ba689e) [0x5d8eff76a89e]
.lake/build/bin/hexrealalgebraic_bench(+0x4ba689e) [0x5d8eff76a89e]
.lake/build/bin/hexrealalgebraic_bench(+0x4ba689e) [0x5d8eff76a89e]
.lake/build/bin/hexrealalgebraic_bench(+0x4b87197) [0x5d8eff74b197]
.lake/build/bin/hexrealalgebraic_bench(+0x4b8780a) [0x5d8eff74b80a]
/nix/store/qqiqd3ah10x8hzsif4j1y4xc1miw23nx-glibc-2.42-67/lib/libc.so.6(+0x9ce53) [0x72a25fa9ce53]
/nix/store/qqiqd3ah10x8hzsif4j1y4xc1miw23nx-glibc-2.42-67/lib/libc.so.6(+0x12407c) [0x72a25fb2407c]
AlgebraicRoot.add: certification failed
backtrace:
.lake/build/bin/hexrealalgebraic_bench(+0x4ba0f45) [0x5d8eff764f45]
.lake/build/bin/hexrealalgebraic_bench(+0x4b97ad7) [0x5d8eff75bad7]
.lake/build/bin/hexrealalgebraic_bench(+0x4b97bbb) [0x5d8eff75bbbb]
.lake/build/bin/hexrealalgebraic_bench(+0xd8ef17) [0x5d8efb952f17]
.lake/build/bin/hexrealalgebraic_bench(+0xdba546) [0x5d8efb97e546]
.lake/build/bin/hexrealalgebraic_bench(+0xbdc1f2) [0x5d8efb7a01f2]
.lake/build/bin/hexrealalgebraic_bench(+0xbdcac5) [0x5d8efb7a0ac5]
.lake/build/bin/hexrealalgebraic_bench(+0xbf95f0) [0x5d8efb7bd5f0]
.lake/build/bin/hexrealalgebraic_bench(+0x4ba5e00) [0x5d8eff769e00]
.lake/build/bin/hexrealalgebraic_bench(+0xe01b53) [0x5d8efb9c5b53]
.lake/build/bin/hexrealalgebraic_bench(+0xe022a8) [0x5d8efb9c62a8]
.lake/build/bin/hexrealalgebraic_bench(+0xe03309) [0x5d8efb9c7309]
.lake/build/bin/hexrealalgebraic_bench(+0xe663e1) [0x5d8efba2a3e1]
.lake/build/bin/hexrealalgebraic_bench(+0x4ba5e00) [0x5d8eff769e00]
.lake/build/bin/hexrealalgebraic_bench(+0x4ba68c1) [0x5d8eff76a8c1]
.lake/build/bin/hexrealalgebraic_bench(+0x4ba68c1) [0x5d8eff76a8c1]
.lake/build/bin/hexrealalgebraic_bench(+0x4ba689e) [0x5d8eff76a89e]
.lake/build/bin/hexrealalgebraic_bench(+0x4ba689e) [0x5d8eff76a89e]
.lake/build/bin/hexrealalgebraic_bench(+0x4ba689e) [0x5d8eff76a89e]
.lake/build/bin/hexrealalgebraic_bench(+0x4ba689e) [0x5d8eff76a89e]
.lake/build/bin/hexrealalgebraic_bench(+0x4ba689e) [0x5d8eff76a89e]
.lake/build/bin/hexrealalgebraic_bench(+0x4ba689e) [0x5d8eff76a89e]
.lake/build/bin/hexrealalgebraic_bench(+0x4ba689e) [0x5d8eff76a89e]
.lake/build/bin/hexrealalgebraic_bench(+0x4ba689e) [0x5d8eff76a89e]
.lake/build/bin/hexrealalgebraic_bench(+0x4ba689e) [0x5d8eff76a89e]
.lake/build/bin/hexrealalgebraic_bench(+0x4b87197) [0x5d8eff74b197]
.lake/build/bin/hexrealalgebraic_bench(+0x4b8780a) [0x5d8eff74b80a]
/nix/store/qqiqd3ah10x8hzsif4j1y4xc1miw23nx-glibc-2.42-67/lib/libc.so.6(+0x9ce53) [0x72a25fa9ce53]
/nix/store/qqiqd3ah10x8hzsif4j1y4xc1miw23nx-glibc-2.42-67/lib/libc.so.6(+0x12407c) [0x72a25fb2407c]
AlgebraicRoot.mul: certification failed
backtrace:
.lake/build/bin/hexrealalgebraic_bench(+0x4ba0f45) [0x5d8eff764f45]
.lake/build/bin/hexrealalgebraic_bench(+0x4b97ad7) [0x5d8eff75bad7]
.lake/build/bin/hexrealalgebraic_bench(+0x4b97bbb) [0x5d8eff75bbbb]
.lake/build/bin/hexrealalgebraic_bench(+0xd8f173) [0x5d8efb953173]
.lake/build/bin/hexrealalgebraic_bench(+0xdba566) [0x5d8efb97e566]
.lake/build/bin/hexrealalgebraic_bench(+0xbdc216) [0x5d8efb7a0216]
.lake/build/bin/hexrealalgebraic_bench(+0xbdcac5) [0x5d8efb7a0ac5]
.lake/build/bin/hexrealalgebraic_bench(+0xbf95f0) [0x5d8efb7bd5f0]
.lake/build/bin/hexrealalgebraic_bench(+0x4ba5e00) [0x5d8eff769e00]
.lake/build/bin/hexrealalgebraic_bench(+0xe01b53) [0x5d8efb9c5b53]
.lake/build/bin/hexrealalgebraic_bench(+0xe022a8) [0x5d8efb9c62a8]
.lake/build/bin/hexrealalgebraic_bench(+0xe03309) [0x5d8efb9c7309]
.lake/build/bin/hexrealalgebraic_bench(+0xe663e1) [0x5d8efba2a3e1]
.lake/build/bin/hexrealalgebraic_bench(+0x4ba5e00) [0x5d8eff769e00]
.lake/build/bin/hexrealalgebraic_bench(+0x4ba68c1) [0x5d8eff76a8c1]
.lake/build/bin/hexrealalgebraic_bench(+0x4ba68c1) [0x5d8eff76a8c1]
.lake/build/bin/hexrealalgebraic_bench(+0x4ba689e) [0x5d8eff76a89e]
.lake/build/bin/hexrealalgebraic_bench(+0x4ba689e) [0x5d8eff76a89e]
.lake/build/bin/hexrealalgebraic_bench(+0x4ba689e) [0x5d8eff76a89e]
.lake/build/bin/hexrealalgebraic_bench(+0x4ba689e) [0x5d8eff76a89e]
.lake/build/bin/hexrealalgebraic_bench(+0x4ba689e) [0x5d8eff76a89e]
.lake/build/bin/hexrealalgebraic_bench(+0x4ba689e) [0x5d8eff76a89e]
.lake/build/bin/hexrealalgebraic_bench(+0x4ba689e) [0x5d8eff76a89e]
.lake/build/bin/hexrealalgebraic_bench(+0x4ba689e) [0x5d8eff76a89e]
.lake/build/bin/hexrealalgebraic_bench(+0x4ba689e) [0x5d8eff76a89e]
.lake/build/bin/hexrealalgebraic_bench(+0x4b87197) [0x5d8eff74b197]
.lake/build/bin/hexrealalgebraic_bench(+0x4b8780a) [0x5d8eff74b80a]
/nix/store/qqiqd3ah10x8hzsif4j1y4xc1miw23nx-glibc-2.42-67/lib/libc.so.6(+0x9ce53) [0x72a25fa9ce53]
/nix/store/qqiqd3ah10x8hzsif4j1y4xc1miw23nx-glibc-2.42-67/lib/libc.so.6(+0x12407c) [0x72a25fb2407c]
AlgebraicRoot.add: certification failed
backtrace:
.lake/build/bin/hexrealalgebraic_bench(+0x4ba0f45) [0x5d8eff764f45]
.lake/build/bin/hexrealalgebraic_bench(+0x4b97ad7) [0x5d8eff75bad7]
.lake/build/bin/hexrealalgebraic_bench(+0x4b97bbb) [0x5d8eff75bbbb]
.lake/build/bin/hexrealalgebraic_bench(+0xd8ef17) [0x5d8efb952f17]
.lake/build/bin/hexrealalgebraic_bench(+0xdba546) [0x5d8efb97e546]
.lake/build/bin/hexrealalgebraic_bench(+0xbdc221) [0x5d8efb7a0221]
.lake/build/bin/hexrealalgebraic_bench(+0xbdcac5) [0x5d8efb7a0ac5]
.lake/build/bin/hexrealalgebraic_bench(+0xbf95f0) [0x5d8efb7bd5f0]
.lake/build/bin/hexrealalgebraic_bench(+0x4ba5e00) [0x5d8eff769e00]
.lake/build/bin/hexrealalgebraic_bench(+0xe01b53) [0x5d8efb9c5b53]
.lake/build/bin/hexrealalgebraic_bench(+0xe022a8) [0x5d8efb9c62a8]
.lake/build/bin/hexrealalgebraic_bench(+0xe03309) [0x5d8efb9c7309]
.lake/build/bin/hexrealalgebraic_bench(+0xe663e1) [0x5d8efba2a3e1]
.lake/build/bin/hexrealalgebraic_bench(+0x4ba5e00) [0x5d8eff769e00]
.lake/build/bin/hexrealalgebraic_bench(+0x4ba68c1) [0x5d8eff76a8c1]
.lake/build/bin/hexrealalgebraic_bench(+0x4ba68c1) [0x5d8eff76a8c1]
.lake/build/bin/hexrealalgebraic_bench(+0x4ba689e) [0x5d8eff76a89e]
.lake/build/bin/hexrealalgebraic_bench(+0x4ba689e) [0x5d8eff76a89e]
.lake/build/bin/hexrealalgebraic_bench(+0x4ba689e) [0x5d8eff76a89e]
.lake/build/bin/hexrealalgebraic_bench(+0x4ba689e) [0x5d8eff76a89e]
.lake/build/bin/hexrealalgebraic_bench(+0x4ba689e) [0x5d8eff76a89e]
.lake/build/bin/hexrealalgebraic_bench(+0x4ba689e) [0x5d8eff76a89e]
.lake/build/bin/hexrealalgebraic_bench(+0x4ba689e) [0x5d8eff76a89e]
.lake/build/bin/hexrealalgebraic_bench(+0x4ba689e) [0x5d8eff76a89e]
.lake/build/bin/hexrealalgebraic_bench(+0x4ba689e) [0x5d8eff76a89e]
.lake/build/bin/hexrealalgebraic_bench(+0x4b87197) [0x5d8eff74b197]
.lake/build/bin/hexrealalgebraic_bench(+0x4b8780a) [0x5d8eff74b80a]
/nix/store/qqiqd3ah10x8hzsif4j1y4xc1miw23nx-glibc-2.42-67/lib/libc.so.6(+0x9ce53) [0x72a25fa9ce53]
/nix/store/qqiqd3ah10x8hzsif4j1y4xc1miw23nx-glibc-2.42-67/lib/libc.so.6(+0x12407c) [0x72a25fb2407c]
AlgebraicRoot.add: certification failed
backtrace:
.lake/build/bin/hexrealalgebraic_bench(+0x4ba0f45) [0x5d8eff764f45]
.lake/build/bin/hexrealalgebraic_bench(+0x4b97ad7) [0x5d8eff75bad7]
.lake/build/bin/hexrealalgebraic_bench(+0x4b97bbb) [0x5d8eff75bbbb]
.lake/build/bin/hexrealalgebraic_bench(+0xd8ef17) [0x5d8efb952f17]
.lake/build/bin/hexrealalgebraic_bench(+0xdba546) [0x5d8efb97e546]
.lake/build/bin/hexrealalgebraic_bench(+0xbdcb8e) [0x5d8efb7a0b8e]
.lake/build/bin/hexrealalgebraic_bench(+0xbe6360) [0x5d8efb7aa360]
.lake/build/bin/hexrealalgebraic_bench(+0x4ba5e00) [0x5d8eff769e00]
.lake/build/bin/hexrealalgebraic_bench(+0xe01b53) [0x5d8efb9c5b53]
.lake/build/bin/hexrealalgebraic_bench(+0xe022a8) [0x5d8efb9c62a8]
.lake/build/bin/hexrealalgebraic_bench(+0xe03309) [0x5d8efb9c7309]
.lake/build/bin/hexrealalgebraic_bench(+0xe663e1) [0x5d8efba2a3e1]
.lake/build/bin/hexrealalgebraic_bench(+0x4ba5e00) [0x5d8eff769e00]
.lake/build/bin/hexrealalgebraic_bench(+0x4ba68c1) [0x5d8eff76a8c1]
.lake/build/bin/hexrealalgebraic_bench(+0x4ba68c1) [0x5d8eff76a8c1]
.lake/build/bin/hexrealalgebraic_bench(+0x4ba689e) [0x5d8eff76a89e]
.lake/build/bin/hexrealalgebraic_bench(+0x4ba689e) [0x5d8eff76a89e]
.lake/build/bin/hexrealalgebraic_bench(+0x4ba689e) [0x5d8eff76a89e]
.lake/build/bin/hexrealalgebraic_bench(+0x4ba689e) [0x5d8eff76a89e]
.lake/build/bin/hexrealalgebraic_bench(+0x4ba689e) [0x5d8eff76a89e]
.lake/build/bin/hexrealalgebraic_bench(+0x4ba689e) [0x5d8eff76a89e]
.lake/build/bin/hexrealalgebraic_bench(+0x4ba689e) [0x5d8eff76a89e]
.lake/build/bin/hexrealalgebraic_bench(+0x4ba689e) [0x5d8eff76a89e]
.lake/build/bin/hexrealalgebraic_bench(+0x4ba689e) [0x5d8eff76a89e]
.lake/build/bin/hexrealalgebraic_bench(+0x4b87197) [0x5d8eff74b197]
.lake/build/bin/hexrealalgebraic_bench(+0x4b8780a) [0x5d8eff74b80a]
/nix/store/qqiqd3ah10x8hzsif4j1y4xc1miw23nx-glibc-2.42-67/lib/libc.so.6(+0x9ce53) [0x72a25fa9ce53]
/nix/store/qqiqd3ah10x8hzsif4j1y4xc1miw23nx-glibc-2.42-67/lib/libc.so.6(+0x12407c) [0x72a25fb2407c]
AlgebraicRoot.add: certification failed
backtrace:
.lake/build/bin/hexrealalgebraic_bench(+0x4ba0f45) [0x5d8eff764f45]
.lake/build/bin/hexrealalgebraic_bench(+0x4b97ad7) [0x5d8eff75bad7]
.lake/build/bin/hexrealalgebraic_bench(+0x4b97bbb) [0x5d8eff75bbbb]
.lake/build/bin/hexrealalgebraic_bench(+0xd8ef17) [0x5d8efb952f17]
.lake/build/bin/hexrealalgebraic_bench(+0xdba546) [0x5d8efb97e546]
.lake/build/bin/hexrealalgebraic_bench(+0xbdc1f2) [0x5d8efb7a01f2]
.lake/build/bin/hexrealalgebraic_bench(+0xbdcac5) [0x5d8efb7a0ac5]
.lake/build/bin/hexrealalgebraic_bench(+0xc09760) [0x5d8efb7cd760]
.lake/build/bin/hexrealalgebraic_bench(+0x4ba5e00) [0x5d8eff769e00]
.lake/build/bin/hexrealalgebraic_bench(+0xe01b53) [0x5d8efb9c5b53]
.lake/build/bin/hexrealalgebraic_bench(+0xe022a8) [0x5d8efb9c62a8]
.lake/build/bin/hexrealalgebraic_bench(+0xe03309) [0x5d8efb9c7309]
.lake/build/bin/hexrealalgebraic_bench(+0xe663e1) [0x5d8efba2a3e1]
.lake/build/bin/hexrealalgebraic_bench(+0x4ba5e00) [0x5d8eff769e00]
.lake/build/bin/hexrealalgebraic_bench(+0x4ba68c1) [0x5d8eff76a8c1]
.lake/build/bin/hexrealalgebraic_bench(+0x4ba68c1) [0x5d8eff76a8c1]
.lake/build/bin/hexrealalgebraic_bench(+0x4ba689e) [0x5d8eff76a89e]
.lake/build/bin/hexrealalgebraic_bench(+0x4ba689e) [0x5d8eff76a89e]
.lake/build/bin/hexrealalgebraic_bench(+0x4ba689e) [0x5d8eff76a89e]
.lake/build/bin/hexrealalgebraic_bench(+0x4ba689e) [0x5d8eff76a89e]
.lake/build/bin/hexrealalgebraic_bench(+0x4ba689e) [0x5d8eff76a89e]
.lake/build/bin/hexrealalgebraic_bench(+0x4ba689e) [0x5d8eff76a89e]
.lake/build/bin/hexrealalgebraic_bench(+0x4ba689e) [0x5d8eff76a89e]
.lake/build/bin/hexrealalgebraic_bench(+0x4ba689e) [0x5d8eff76a89e]
.lake/build/bin/hexrealalgebraic_bench(+0x4ba689e) [0x5d8eff76a89e]
.lake/build/bin/hexrealalgebraic_bench(+0x4b87197) [0x5d8eff74b197]
.lake/build/bin/hexrealalgebraic_bench(+0x4b8780a) [0x5d8eff74b80a]
/nix/store/qqiqd3ah10x8hzsif4j1y4xc1miw23nx-glibc-2.42-67/lib/libc.so.6(+0x9ce53) [0x72a25fa9ce53]
/nix/store/qqiqd3ah10x8hzsif4j1y4xc1miw23nx-glibc-2.42-67/lib/libc.so.6(+0x12407c) [0x72a25fb2407c]
AlgebraicRoot.mul: certification failed
backtrace:
.lake/build/bin/hexrealalgebraic_bench(+0x4ba0f45) [0x5d8eff764f45]
.lake/build/bin/hexrealalgebraic_bench(+0x4b97ad7) [0x5d8eff75bad7]
.lake/build/bin/hexrealalgebraic_bench(+0x4b97bbb) [0x5d8eff75bbbb]
.lake/build/bin/hexrealalgebraic_bench(+0xd8f173) [0x5d8efb953173]
.lake/build/bin/hexrealalgebraic_bench(+0xdba566) [0x5d8efb97e566]
.lake/build/bin/hexrealalgebraic_bench(+0xbdc216) [0x5d8efb7a0216]
.lake/build/bin/hexrealalgebraic_bench(+0xbdcac5) [0x5d8efb7a0ac5]
.lake/build/bin/hexrealalgebraic_bench(+0xc09760) [0x5d8efb7cd760]
.lake/build/bin/hexrealalgebraic_bench(+0x4ba5e00) [0x5d8eff769e00]
.lake/build/bin/hexrealalgebraic_bench(+0xe01b53) [0x5d8efb9c5b53]
.lake/build/bin/hexrealalgebraic_bench(+0xe022a8) [0x5d8efb9c62a8]
.lake/build/bin/hexrealalgebraic_bench(+0xe03309) [0x5d8efb9c7309]
.lake/build/bin/hexrealalgebraic_bench(+0xe663e1) [0x5d8efba2a3e1]
.lake/build/bin/hexrealalgebraic_bench(+0x4ba5e00) [0x5d8eff769e00]
.lake/build/bin/hexrealalgebraic_bench(+0x4ba68c1) [0x5d8eff76a8c1]
.lake/build/bin/hexrealalgebraic_bench(+0x4ba68c1) [0x5d8eff76a8c1]
.lake/build/bin/hexrealalgebraic_bench(+0x4ba689e) [0x5d8eff76a89e]
.lake/build/bin/hexrealalgebraic_bench(+0x4ba689e) [0x5d8eff76a89e]
.lake/build/bin/hexrealalgebraic_bench(+0x4ba689e) [0x5d8eff76a89e]
.lake/build/bin/hexrealalgebraic_bench(+0x4ba689e) [0x5d8eff76a89e]
.lake/build/bin/hexrealalgebraic_bench(+0x4ba689e) [0x5d8eff76a89e]
.lake/build/bin/hexrealalgebraic_bench(+0x4ba689e) [0x5d8eff76a89e]
.lake/build/bin/hexrealalgebraic_bench(+0x4ba689e) [0x5d8eff76a89e]
.lake/build/bin/hexrealalgebraic_bench(+0x4ba689e) [0x5d8eff76a89e]
.lake/build/bin/hexrealalgebraic_bench(+0x4ba689e) [0x5d8eff76a89e]
.lake/build/bin/hexrealalgebraic_bench(+0x4b87197) [0x5d8eff74b197]
.lake/build/bin/hexrealalgebraic_bench(+0x4b8780a) [0x5d8eff74b80a]
/nix/store/qqiqd3ah10x8hzsif4j1y4xc1miw23nx-glibc-2.42-67/lib/libc.so.6(+0x9ce53) [0x72a25fa9ce53]
/nix/store/qqiqd3ah10x8hzsif4j1y4xc1miw23nx-glibc-2.42-67/lib/libc.so.6(+0x12407c) [0x72a25fb2407c]
AlgebraicRoot.add: certification failed
backtrace:
.lake/build/bin/hexrealalgebraic_bench(+0x4ba0f45) [0x5d8eff764f45]
.lake/build/bin/hexrealalgebraic_bench(+0x4b97ad7) [0x5d8eff75bad7]
.lake/build/bin/hexrealalgebraic_bench(+0x4b97bbb) [0x5d8eff75bbbb]
.lake/build/bin/hexrealalgebraic_bench(+0xd8ef17) [0x5d8efb952f17]
.lake/build/bin/hexrealalgebraic_bench(+0xdba546) [0x5d8efb97e546]
.lake/build/bin/hexrealalgebraic_bench(+0xbdc221) [0x5d8efb7a0221]
.lake/build/bin/hexrealalgebraic_bench(+0xbdcac5) [0x5d8efb7a0ac5]
.lake/build/bin/hexrealalgebraic_bench(+0xc09760) [0x5d8efb7cd760]
.lake/build/bin/hexrealalgebraic_bench(+0x4ba5e00) [0x5d8eff769e00]
.lake/build/bin/hexrealalgebraic_bench(+0xe01b53) [0x5d8efb9c5b53]
.lake/build/bin/hexrealalgebraic_bench(+0xe022a8) [0x5d8efb9c62a8]
.lake/build/bin/hexrealalgebraic_bench(+0xe03309) [0x5d8efb9c7309]
.lake/build/bin/hexrealalgebraic_bench(+0xe663e1) [0x5d8efba2a3e1]
.lake/build/bin/hexrealalgebraic_bench(+0x4ba5e00) [0x5d8eff769e00]
.lake/build/bin/hexrealalgebraic_bench(+0x4ba68c1) [0x5d8eff76a8c1]
.lake/build/bin/hexrealalgebraic_bench(+0x4ba68c1) [0x5d8eff76a8c1]
.lake/build/bin/hexrealalgebraic_bench(+0x4ba689e) [0x5d8eff76a89e]
.lake/build/bin/hexrealalgebraic_bench(+0x4ba689e) [0x5d8eff76a89e]
.lake/build/bin/hexrealalgebraic_bench(+0x4ba689e) [0x5d8eff76a89e]
.lake/build/bin/hexrealalgebraic_bench(+0x4ba689e) [0x5d8eff76a89e]
.lake/build/bin/hexrealalgebraic_bench(+0x4ba689e) [0x5d8eff76a89e]
.lake/build/bin/hexrealalgebraic_bench(+0x4ba689e) [0x5d8eff76a89e]
.lake/build/bin/hexrealalgebraic_bench(+0x4ba689e) [0x5d8eff76a89e]
.lake/build/bin/hexrealalgebraic_bench(+0x4ba689e) [0x5d8eff76a89e]
.lake/build/bin/hexrealalgebraic_bench(+0x4ba689e) [0x5d8eff76a89e]
.lake/build/bin/hexrealalgebraic_bench(+0x4b87197) [0x5d8eff74b197]
.lake/build/bin/hexrealalgebraic_bench(+0x4b8780a) [0x5d8eff74b80a]
/nix/store/qqiqd3ah10x8hzsif4j1y4xc1miw23nx-glibc-2.42-67/lib/libc.so.6(+0x9ce53) [0x72a25fa9ce53]
/nix/store/qqiqd3ah10x8hzsif4j1y4xc1miw23nx-glibc-2.42-67/lib/libc.so.6(+0x12407c) [0x72a25fb2407c]
AlgebraicRoot.add: certification failed
backtrace:
.lake/build/bin/hexrealalgebraic_bench(+0x4ba0f45) [0x5d8eff764f45]
.lake/build/bin/hexrealalgebraic_bench(+0x4b97ad7) [0x5d8eff75bad7]
.lake/build/bin/hexrealalgebraic_bench(+0x4b97bbb) [0x5d8eff75bbbb]
.lake/build/bin/hexrealalgebraic_bench(+0xd8ef17) [0x5d8efb952f17]
.lake/build/bin/hexrealalgebraic_bench(+0xdba546) [0x5d8efb97e546]
.lake/build/bin/hexrealalgebraic_bench(+0xc2ce43) [0x5d8efb7f0e43]
.lake/build/bin/hexrealalgebraic_bench(+0xc403d4) [0x5d8efb8043d4]
.lake/build/bin/hexrealalgebraic_bench(+0x4ba5e00) [0x5d8eff769e00]
.lake/build/bin/hexrealalgebraic_bench(+0xe01b53) [0x5d8efb9c5b53]
.lake/build/bin/hexrealalgebraic_bench(+0xe022a8) [0x5d8efb9c62a8]
.lake/build/bin/hexrealalgebraic_bench(+0xe03309) [0x5d8efb9c7309]
.lake/build/bin/hexrealalgebraic_bench(+0xe663e1) [0x5d8efba2a3e1]
.lake/build/bin/hexrealalgebraic_bench(+0x4ba5e00) [0x5d8eff769e00]
.lake/build/bin/hexrealalgebraic_bench(+0x4ba68c1) [0x5d8eff76a8c1]
.lake/build/bin/hexrealalgebraic_bench(+0x4ba68c1) [0x5d8eff76a8c1]
.lake/build/bin/hexrealalgebraic_bench(+0x4ba689e) [0x5d8eff76a89e]
.lake/build/bin/hexrealalgebraic_bench(+0x4ba689e) [0x5d8eff76a89e]
.lake/build/bin/hexrealalgebraic_bench(+0x4ba689e) [0x5d8eff76a89e]
.lake/build/bin/hexrealalgebraic_bench(+0x4ba689e) [0x5d8eff76a89e]
.lake/build/bin/hexrealalgebraic_bench(+0x4ba689e) [0x5d8eff76a89e]
.lake/build/bin/hexrealalgebraic_bench(+0x4ba689e) [0x5d8eff76a89e]
.lake/build/bin/hexrealalgebraic_bench(+0x4ba689e) [0x5d8eff76a89e]
.lake/build/bin/hexrealalgebraic_bench(+0x4ba689e) [0x5d8eff76a89e]
.lake/build/bin/hexrealalgebraic_bench(+0x4ba689e) [0x5d8eff76a89e]
.lake/build/bin/hexrealalgebraic_bench(+0x4b87197) [0x5d8eff74b197]
.lake/build/bin/hexrealalgebraic_bench(+0x4b8780a) [0x5d8eff74b80a]
/nix/store/qqiqd3ah10x8hzsif4j1y4xc1miw23nx-glibc-2.42-67/lib/libc.so.6(+0x9ce53) [0x72a25fa9ce53]
/nix/store/qqiqd3ah10x8hzsif4j1y4xc1miw23nx-glibc-2.42-67/lib/libc.so.6(+0x12407c) [0x72a25fb2407c]
AlgebraicRoot.mul: certification failed
backtrace:
.lake/build/bin/hexrealalgebraic_bench(+0x4ba0f45) [0x5d8eff764f45]
.lake/build/bin/hexrealalgebraic_bench(+0x4b97ad7) [0x5d8eff75bad7]
.lake/build/bin/hexrealalgebraic_bench(+0x4b97bbb) [0x5d8eff75bbbb]
.lake/build/bin/hexrealalgebraic_bench(+0xd8f173) [0x5d8efb953173]
.lake/build/bin/hexrealalgebraic_bench(+0xdba566) [0x5d8efb97e566]
.lake/build/bin/hexrealalgebraic_bench(+0xc2ce59) [0x5d8efb7f0e59]
.lake/build/bin/hexrealalgebraic_bench(+0xc403d4) [0x5d8efb8043d4]
.lake/build/bin/hexrealalgebraic_bench(+0x4ba5e00) [0x5d8eff769e00]
.lake/build/bin/hexrealalgebraic_bench(+0xe01b53) [0x5d8efb9c5b53]
.lake/build/bin/hexrealalgebraic_bench(+0xe022a8) [0x5d8efb9c62a8]
.lake/build/bin/hexrealalgebraic_bench(+0xe03309) [0x5d8efb9c7309]
.lake/build/bin/hexrealalgebraic_bench(+0xe663e1) [0x5d8efba2a3e1]
.lake/build/bin/hexrealalgebraic_bench(+0x4ba5e00) [0x5d8eff769e00]
.lake/build/bin/hexrealalgebraic_bench(+0x4ba68c1) [0x5d8eff76a8c1]
.lake/build/bin/hexrealalgebraic_bench(+0x4ba68c1) [0x5d8eff76a8c1]
.lake/build/bin/hexrealalgebraic_bench(+0x4ba689e) [0x5d8eff76a89e]
.lake/build/bin/hexrealalgebraic_bench(+0x4ba689e) [0x5d8eff76a89e]
.lake/build/bin/hexrealalgebraic_bench(+0x4ba689e) [0x5d8eff76a89e]
.lake/build/bin/hexrealalgebraic_bench(+0x4ba689e) [0x5d8eff76a89e]
.lake/build/bin/hexrealalgebraic_bench(+0x4ba689e) [0x5d8eff76a89e]
.lake/build/bin/hexrealalgebraic_bench(+0x4ba689e) [0x5d8eff76a89e]
.lake/build/bin/hexrealalgebraic_bench(+0x4ba689e) [0x5d8eff76a89e]
.lake/build/bin/hexrealalgebraic_bench(+0x4ba689e) [0x5d8eff76a89e]
.lake/build/bin/hexrealalgebraic_bench(+0x4ba689e) [0x5d8eff76a89e]
.lake/build/bin/hexrealalgebraic_bench(+0x4b87197) [0x5d8eff74b197]
.lake/build/bin/hexrealalgebraic_bench(+0x4b8780a) [0x5d8eff74b80a]
/nix/store/qqiqd3ah10x8hzsif4j1y4xc1miw23nx-glibc-2.42-67/lib/libc.so.6(+0x9ce53) [0x72a25fa9ce53]
/nix/store/qqiqd3ah10x8hzsif4j1y4xc1miw23nx-glibc-2.42-67/lib/libc.so.6(+0x12407c) [0x72a25fb2407c]
AlgebraicRoot.add: certification failed
backtrace:
.lake/build/bin/hexrealalgebraic_bench(+0x4ba0f45) [0x5d8eff764f45]
.lake/build/bin/hexrealalgebraic_bench(+0x4b97ad7) [0x5d8eff75bad7]
.lake/build/bin/hexrealalgebraic_bench(+0x4b97bbb) [0x5d8eff75bbbb]
.lake/build/bin/hexrealalgebraic_bench(+0xd8ef17) [0x5d8efb952f17]
.lake/build/bin/hexrealalgebraic_bench(+0xdba546) [0x5d8efb97e546]
.lake/build/bin/hexrealalgebraic_bench(+0xc52c87) [0x5d8efb816c87]
.lake/build/bin/hexrealalgebraic_bench(+0xc5360b) [0x5d8efb81760b]
.lake/build/bin/hexrealalgebraic_bench(+0x4ba5e00) [0x5d8eff769e00]
.lake/build/bin/hexrealalgebraic_bench(+0xe01b53) [0x5d8efb9c5b53]
.lake/build/bin/hexrealalgebraic_bench(+0xe022a8) [0x5d8efb9c62a8]
.lake/build/bin/hexrealalgebraic_bench(+0xe03309) [0x5d8efb9c7309]
.lake/build/bin/hexrealalgebraic_bench(+0xe663e1) [0x5d8efba2a3e1]
.lake/build/bin/hexrealalgebraic_bench(+0x4ba5e00) [0x5d8eff769e00]
.lake/build/bin/hexrealalgebraic_bench(+0x4ba68c1) [0x5d8eff76a8c1]
.lake/build/bin/hexrealalgebraic_bench(+0x4ba68c1) [0x5d8eff76a8c1]
.lake/build/bin/hexrealalgebraic_bench(+0x4ba689e) [0x5d8eff76a89e]
.lake/build/bin/hexrealalgebraic_bench(+0x4ba689e) [0x5d8eff76a89e]
.lake/build/bin/hexrealalgebraic_bench(+0x4ba689e) [0x5d8eff76a89e]
.lake/build/bin/hexrealalgebraic_bench(+0x4ba689e) [0x5d8eff76a89e]
.lake/build/bin/hexrealalgebraic_bench(+0x4ba689e) [0x5d8eff76a89e]
.lake/build/bin/hexrealalgebraic_bench(+0x4ba689e) [0x5d8eff76a89e]
.lake/build/bin/hexrealalgebraic_bench(+0x4ba689e) [0x5d8eff76a89e]
.lake/build/bin/hexrealalgebraic_bench(+0x4ba689e) [0x5d8eff76a89e]
.lake/build/bin/hexrealalgebraic_bench(+0x4ba689e) [0x5d8eff76a89e]
.lake/build/bin/hexrealalgebraic_bench(+0x4b87197) [0x5d8eff74b197]
.lake/build/bin/hexrealalgebraic_bench(+0x4b8780a) [0x5d8eff74b80a]
/nix/store/qqiqd3ah10x8hzsif4j1y4xc1miw23nx-glibc-2.42-67/lib/libc.so.6(+0x9ce53) [0x72a25fa9ce53]
/nix/store/qqiqd3ah10x8hzsif4j1y4xc1miw23nx-glibc-2.42-67/lib/libc.so.6(+0x12407c) [0x72a25fb2407c]
AlgebraicRoot.mul: certification failed
backtrace:
.lake/build/bin/hexrealalgebraic_bench(+0x4ba0f45) [0x5d8eff764f45]
.lake/build/bin/hexrealalgebraic_bench(+0x4b97ad7) [0x5d8eff75bad7]
.lake/build/bin/hexrealalgebraic_bench(+0x4b97bbb) [0x5d8eff75bbbb]
.lake/build/bin/hexrealalgebraic_bench(+0xd8f173) [0x5d8efb953173]
.lake/build/bin/hexrealalgebraic_bench(+0xdc63f1) [0x5d8efb98a3f1]
.lake/build/bin/hexrealalgebraic_bench(+0xc2fdf3) [0x5d8efb7f3df3]
.lake/build/bin/hexrealalgebraic_bench(+0xc45824) [0x5d8efb809824]
.lake/build/bin/hexrealalgebraic_bench(+0x4ba5e00) [0x5d8eff769e00]
.lake/build/bin/hexrealalgebraic_bench(+0xe01b53) [0x5d8efb9c5b53]
.lake/build/bin/hexrealalgebraic_bench(+0xe022a8) [0x5d8efb9c62a8]
.lake/build/bin/hexrealalgebraic_bench(+0xe03309) [0x5d8efb9c7309]
.lake/build/bin/hexrealalgebraic_bench(+0xe663e1) [0x5d8efba2a3e1]
.lake/build/bin/hexrealalgebraic_bench(+0x4ba5e00) [0x5d8eff769e00]
.lake/build/bin/hexrealalgebraic_bench(+0x4ba68c1) [0x5d8eff76a8c1]
.lake/build/bin/hexrealalgebraic_bench(+0x4ba68c1) [0x5d8eff76a8c1]
.lake/build/bin/hexrealalgebraic_bench(+0x4ba689e) [0x5d8eff76a89e]
.lake/build/bin/hexrealalgebraic_bench(+0x4ba689e) [0x5d8eff76a89e]
.lake/build/bin/hexrealalgebraic_bench(+0x4ba689e) [0x5d8eff76a89e]
.lake/build/bin/hexrealalgebraic_bench(+0x4ba689e) [0x5d8eff76a89e]
.lake/build/bin/hexrealalgebraic_bench(+0x4ba689e) [0x5d8eff76a89e]
.lake/build/bin/hexrealalgebraic_bench(+0x4ba689e) [0x5d8eff76a89e]
.lake/build/bin/hexrealalgebraic_bench(+0x4ba689e) [0x5d8eff76a89e]
.lake/build/bin/hexrealalgebraic_bench(+0x4ba689e) [0x5d8eff76a89e]
.lake/build/bin/hexrealalgebraic_bench(+0x4ba689e) [0x5d8eff76a89e]
.lake/build/bin/hexrealalgebraic_bench(+0x4b87197) [0x5d8eff74b197]
.lake/build/bin/hexrealalgebraic_bench(+0x4b8780a) [0x5d8eff74b80a]
/nix/store/qqiqd3ah10x8hzsif4j1y4xc1miw23nx-glibc-2.42-67/lib/libc.so.6(+0x9ce53) [0x72a25fa9ce53]
/nix/store/qqiqd3ah10x8hzsif4j1y4xc1miw23nx-glibc-2.42-67/lib/libc.so.6(+0x12407c) [0x72a25fb2407c]
AlgebraicRoot.mul: certification failed
backtrace:
.lake/build/bin/hexrealalgebraic_bench(+0x4ba0f45) [0x5d8eff764f45]
.lake/build/bin/hexrealalgebraic_bench(+0x4b97ad7) [0x5d8eff75bad7]
.lake/build/bin/hexrealalgebraic_bench(+0x4b97bbb) [0x5d8eff75bbbb]
.lake/build/bin/hexrealalgebraic_bench(+0xd8f173) [0x5d8efb953173]
.lake/build/bin/hexrealalgebraic_bench(+0xdb7c09) [0x5d8efb97bc09]
.lake/build/bin/hexrealalgebraic_bench(+0xc2fe1c) [0x5d8efb7f3e1c]
.lake/build/bin/hexrealalgebraic_bench(+0xc45824) [0x5d8efb809824]
.lake/build/bin/hexrealalgebraic_bench(+0x4ba5e00) [0x5d8eff769e00]
.lake/build/bin/hexrealalgebraic_bench(+0xe01b53) [0x5d8efb9c5b53]
.lake/build/bin/hexrealalgebraic_bench(+0xe022a8) [0x5d8efb9c62a8]
.lake/build/bin/hexrealalgebraic_bench(+0xe03309) [0x5d8efb9c7309]
.lake/build/bin/hexrealalgebraic_bench(+0xe663e1) [0x5d8efba2a3e1]
.lake/build/bin/hexrealalgebraic_bench(+0x4ba5e00) [0x5d8eff769e00]
.lake/build/bin/hexrealalgebraic_bench(+0x4ba68c1) [0x5d8eff76a8c1]
.lake/build/bin/hexrealalgebraic_bench(+0x4ba68c1) [0x5d8eff76a8c1]
.lake/build/bin/hexrealalgebraic_bench(+0x4ba689e) [0x5d8eff76a89e]
.lake/build/bin/hexrealalgebraic_bench(+0x4ba689e) [0x5d8eff76a89e]
.lake/build/bin/hexrealalgebraic_bench(+0x4ba689e) [0x5d8eff76a89e]
.lake/build/bin/hexrealalgebraic_bench(+0x4ba689e) [0x5d8eff76a89e]
.lake/build/bin/hexrealalgebraic_bench(+0x4ba689e) [0x5d8eff76a89e]
.lake/build/bin/hexrealalgebraic_bench(+0x4ba689e) [0x5d8eff76a89e]
.lake/build/bin/hexrealalgebraic_bench(+0x4ba689e) [0x5d8eff76a89e]
.lake/build/bin/hexrealalgebraic_bench(+0x4ba689e) [0x5d8eff76a89e]
.lake/build/bin/hexrealalgebraic_bench(+0x4ba689e) [0x5d8eff76a89e]
.lake/build/bin/hexrealalgebraic_bench(+0x4b87197) [0x5d8eff74b197]
.lake/build/bin/hexrealalgebraic_bench(+0x4b8780a) [0x5d8eff74b80a]
/nix/store/qqiqd3ah10x8hzsif4j1y4xc1miw23nx-glibc-2.42-67/lib/libc.so.6(+0x9ce53) [0x72a25fa9ce53]
/nix/store/qqiqd3ah10x8hzsif4j1y4xc1miw23nx-glibc-2.42-67/lib/libc.so.6(+0x12407c) [0x72a25fb2407c]
AlgebraicRoot.add: certification failed
backtrace:
.lake/build/bin/hexrealalgebraic_bench(+0x4ba0f45) [0x5d8eff764f45]
.lake/build/bin/hexrealalgebraic_bench(+0x4b97ad7) [0x5d8eff75bad7]
.lake/build/bin/hexrealalgebraic_bench(+0x4b97bbb) [0x5d8eff75bbbb]
.lake/build/bin/hexrealalgebraic_bench(+0xd8ef17) [0x5d8efb952f17]
.lake/build/bin/hexrealalgebraic_bench(+0xc2fe1c) [0x5d8efb7f3e1c]
.lake/build/bin/hexrealalgebraic_bench(+0xc45824) [0x5d8efb809824]
.lake/build/bin/hexrealalgebraic_bench(+0x4ba5e00) [0x5d8eff769e00]
.lake/build/bin/hexrealalgebraic_bench(+0xe01b53) [0x5d8efb9c5b53]
.lake/build/bin/hexrealalgebraic_bench(+0xe022a8) [0x5d8efb9c62a8]
.lake/build/bin/hexrealalgebraic_bench(+0xe03309) [0x5d8efb9c7309]
.lake/build/bin/hexrealalgebraic_bench(+0xe663e1) [0x5d8efba2a3e1]
.lake/build/bin/hexrealalgebraic_bench(+0x4ba5e00) [0x5d8eff769e00]
.lake/build/bin/hexrealalgebraic_bench(+0x4ba68c1) [0x5d8eff76a8c1]
.lake/build/bin/hexrealalgebraic_bench(+0x4ba68c1) [0x5d8eff76a8c1]
.lake/build/bin/hexrealalgebraic_bench(+0x4ba689e) [0x5d8eff76a89e]
.lake/build/bin/hexrealalgebraic_bench(+0x4ba689e) [0x5d8eff76a89e]
.lake/build/bin/hexrealalgebraic_bench(+0x4ba689e) [0x5d8eff76a89e]
.lake/build/bin/hexrealalgebraic_bench(+0x4ba689e) [0x5d8eff76a89e]
.lake/build/bin/hexrealalgebraic_bench(+0x4ba689e) [0x5d8eff76a89e]
.lake/build/bin/hexrealalgebraic_bench(+0x4ba689e) [0x5d8eff76a89e]
.lake/build/bin/hexrealalgebraic_bench(+0x4ba689e) [0x5d8eff76a89e]
.lake/build/bin/hexrealalgebraic_bench(+0x4ba689e) [0x5d8eff76a89e]
.lake/build/bin/hexrealalgebraic_bench(+0x4ba689e) [0x5d8eff76a89e]
.lake/build/bin/hexrealalgebraic_bench(+0x4b87197) [0x5d8eff74b197]
.lake/build/bin/hexrealalgebraic_bench(+0x4b8780a) [0x5d8eff74b80a]
/nix/store/qqiqd3ah10x8hzsif4j1y4xc1miw23nx-glibc-2.42-67/lib/libc.so.6(+0x9ce53) [0x72a25fa9ce53]
/nix/store/qqiqd3ah10x8hzsif4j1y4xc1miw23nx-glibc-2.42-67/lib/libc.so.6(+0x12407c) [0x72a25fb2407c]
AlgebraicRoot.mul: certification failed
backtrace:
.lake/build/bin/hexrealalgebraic_bench(+0x4ba0f45) [0x5d8eff764f45]
.lake/build/bin/hexrealalgebraic_bench(+0x4b97ad7) [0x5d8eff75bad7]
.lake/build/bin/hexrealalgebraic_bench(+0x4b97bbb) [0x5d8eff75bbbb]
.lake/build/bin/hexrealalgebraic_bench(+0xd8f173) [0x5d8efb953173]
.lake/build/bin/hexrealalgebraic_bench(+0xdc63f1) [0x5d8efb98a3f1]
.lake/build/bin/hexrealalgebraic_bench(+0xc2fe24) [0x5d8efb7f3e24]
.lake/build/bin/hexrealalgebraic_bench(+0xc45824) [0x5d8efb809824]
.lake/build/bin/hexrealalgebraic_bench(+0x4ba5e00) [0x5d8eff769e00]
.lake/build/bin/hexrealalgebraic_bench(+0xe01b53) [0x5d8efb9c5b53]
.lake/build/bin/hexrealalgebraic_bench(+0xe022a8) [0x5d8efb9c62a8]
.lake/build/bin/hexrealalgebraic_bench(+0xe03309) [0x5d8efb9c7309]
.lake/build/bin/hexrealalgebraic_bench(+0xe663e1) [0x5d8efba2a3e1]
.lake/build/bin/hexrealalgebraic_bench(+0x4ba5e00) [0x5d8eff769e00]
.lake/build/bin/hexrealalgebraic_bench(+0x4ba68c1) [0x5d8eff76a8c1]
.lake/build/bin/hexrealalgebraic_bench(+0x4ba68c1) [0x5d8eff76a8c1]
.lake/build/bin/hexrealalgebraic_bench(+0x4ba689e) [0x5d8eff76a89e]
.lake/build/bin/hexrealalgebraic_bench(+0x4ba689e) [0x5d8eff76a89e]
.lake/build/bin/hexrealalgebraic_bench(+0x4ba689e) [0x5d8eff76a89e]
.lake/build/bin/hexrealalgebraic_bench(+0x4ba689e) [0x5d8eff76a89e]
.lake/build/bin/hexrealalgebraic_bench(+0x4ba689e) [0x5d8eff76a89e]
.lake/build/bin/hexrealalgebraic_bench(+0x4ba689e) [0x5d8eff76a89e]
.lake/build/bin/hexrealalgebraic_bench(+0x4ba689e) [0x5d8eff76a89e]
.lake/build/bin/hexrealalgebraic_bench(+0x4ba689e) [0x5d8eff76a89e]
.lake/build/bin/hexrealalgebraic_bench(+0x4ba689e) [0x5d8eff76a89e]
.lake/build/bin/hexrealalgebraic_bench(+0x4b87197) [0x5d8eff74b197]
.lake/build/bin/hexrealalgebraic_bench(+0x4b8780a) [0x5d8eff74b80a]
/nix/store/qqiqd3ah10x8hzsif4j1y4xc1miw23nx-glibc-2.42-67/lib/libc.so.6(+0x9ce53) [0x72a25fa9ce53]
/nix/store/qqiqd3ah10x8hzsif4j1y4xc1miw23nx-glibc-2.42-67/lib/libc.so.6(+0x12407c) [0x72a25fb2407c]
AlgebraicRoot.add: certification failed
backtrace:
.lake/build/bin/hexrealalgebraic_bench(+0x4ba0f45) [0x5d8eff764f45]
.lake/build/bin/hexrealalgebraic_bench(+0x4b97ad7) [0x5d8eff75bad7]
.lake/build/bin/hexrealalgebraic_bench(+0x4b97bbb) [0x5d8eff75bbbb]
.lake/build/bin/hexrealalgebraic_bench(+0xd8ef17) [0x5d8efb952f17]
.lake/build/bin/hexrealalgebraic_bench(+0xdba546) [0x5d8efb97e546]
.lake/build/bin/hexrealalgebraic_bench(+0xbdc1f2) [0x5d8efb7a01f2]
.lake/build/bin/hexrealalgebraic_bench(+0xbdcac5) [0x5d8efb7a0ac5]
.lake/build/bin/hexrealalgebraic_bench(+0xbfd340) [0x5d8efb7c1340]
.lake/build/bin/hexrealalgebraic_bench(+0x4ba5e00) [0x5d8eff769e00]
.lake/build/bin/hexrealalgebraic_bench(+0xe01b53) [0x5d8efb9c5b53]
.lake/build/bin/hexrealalgebraic_bench(+0xe022a8) [0x5d8efb9c62a8]
.lake/build/bin/hexrealalgebraic_bench(+0xe03309) [0x5d8efb9c7309]
.lake/build/bin/hexrealalgebraic_bench(+0xe663e1) [0x5d8efba2a3e1]
.lake/build/bin/hexrealalgebraic_bench(+0x4ba5e00) [0x5d8eff769e00]
.lake/build/bin/hexrealalgebraic_bench(+0x4ba68c1) [0x5d8eff76a8c1]
.lake/build/bin/hexrealalgebraic_bench(+0x4ba68c1) [0x5d8eff76a8c1]
.lake/build/bin/hexrealalgebraic_bench(+0x4ba689e) [0x5d8eff76a89e]
.lake/build/bin/hexrealalgebraic_bench(+0x4ba689e) [0x5d8eff76a89e]
.lake/build/bin/hexrealalgebraic_bench(+0x4ba689e) [0x5d8eff76a89e]
.lake/build/bin/hexrealalgebraic_bench(+0x4ba689e) [0x5d8eff76a89e]
.lake/build/bin/hexrealalgebraic_bench(+0x4ba689e) [0x5d8eff76a89e]
.lake/build/bin/hexrealalgebraic_bench(+0x4ba689e) [0x5d8eff76a89e]
.lake/build/bin/hexrealalgebraic_bench(+0x4ba689e) [0x5d8eff76a89e]
.lake/build/bin/hexrealalgebraic_bench(+0x4ba689e) [0x5d8eff76a89e]
.lake/build/bin/hexrealalgebraic_bench(+0x4ba689e) [0x5d8eff76a89e]
.lake/build/bin/hexrealalgebraic_bench(+0x4b87197) [0x5d8eff74b197]
.lake/build/bin/hexrealalgebraic_bench(+0x4b8780a) [0x5d8eff74b80a]
/nix/store/qqiqd3ah10x8hzsif4j1y4xc1miw23nx-glibc-2.42-67/lib/libc.so.6(+0x9ce53) [0x72a25fa9ce53]
/nix/store/qqiqd3ah10x8hzsif4j1y4xc1miw23nx-glibc-2.42-67/lib/libc.so.6(+0x12407c) [0x72a25fb2407c]
AlgebraicRoot.mul: certification failed
backtrace:
.lake/build/bin/hexrealalgebraic_bench(+0x4ba0f45) [0x5d8eff764f45]
.lake/build/bin/hexrealalgebraic_bench(+0x4b97ad7) [0x5d8eff75bad7]
.lake/build/bin/hexrealalgebraic_bench(+0x4b97bbb) [0x5d8eff75bbbb]
.lake/build/bin/hexrealalgebraic_bench(+0xd8f173) [0x5d8efb953173]
.lake/build/bin/hexrealalgebraic_bench(+0xdba566) [0x5d8efb97e566]
.lake/build/bin/hexrealalgebraic_bench(+0xbdc216) [0x5d8efb7a0216]
.lake/build/bin/hexrealalgebraic_bench(+0xbdcac5) [0x5d8efb7a0ac5]
.lake/build/bin/hexrealalgebraic_bench(+0xbfd340) [0x5d8efb7c1340]
.lake/build/bin/hexrealalgebraic_bench(+0x4ba5e00) [0x5d8eff769e00]
.lake/build/bin/hexrealalgebraic_bench(+0xe01b53) [0x5d8efb9c5b53]
.lake/build/bin/hexrealalgebraic_bench(+0xe022a8) [0x5d8efb9c62a8]
.lake/build/bin/hexrealalgebraic_bench(+0xe03309) [0x5d8efb9c7309]
.lake/build/bin/hexrealalgebraic_bench(+0xe663e1) [0x5d8efba2a3e1]
.lake/build/bin/hexrealalgebraic_bench(+0x4ba5e00) [0x5d8eff769e00]
.lake/build/bin/hexrealalgebraic_bench(+0x4ba68c1) [0x5d8eff76a8c1]
.lake/build/bin/hexrealalgebraic_bench(+0x4ba68c1) [0x5d8eff76a8c1]
.lake/build/bin/hexrealalgebraic_bench(+0x4ba689e) [0x5d8eff76a89e]
.lake/build/bin/hexrealalgebraic_bench(+0x4ba689e) [0x5d8eff76a89e]
.lake/build/bin/hexrealalgebraic_bench(+0x4ba689e) [0x5d8eff76a89e]
.lake/build/bin/hexrealalgebraic_bench(+0x4ba689e) [0x5d8eff76a89e]
.lake/build/bin/hexrealalgebraic_bench(+0x4ba689e) [0x5d8eff76a89e]
.lake/build/bin/hexrealalgebraic_bench(+0x4ba689e) [0x5d8eff76a89e]
.lake/build/bin/hexrealalgebraic_bench(+0x4ba689e) [0x5d8eff76a89e]
.lake/build/bin/hexrealalgebraic_bench(+0x4ba689e) [0x5d8eff76a89e]
.lake/build/bin/hexrealalgebraic_bench(+0x4ba689e) [0x5d8eff76a89e]
.lake/build/bin/hexrealalgebraic_bench(+0x4b87197) [0x5d8eff74b197]
.lake/build/bin/hexrealalgebraic_bench(+0x4b8780a) [0x5d8eff74b80a]
/nix/store/qqiqd3ah10x8hzsif4j1y4xc1miw23nx-glibc-2.42-67/lib/libc.so.6(+0x9ce53) [0x72a25fa9ce53]
/nix/store/qqiqd3ah10x8hzsif4j1y4xc1miw23nx-glibc-2.42-67/lib/libc.so.6(+0x12407c) [0x72a25fb2407c]
AlgebraicRoot.add: certification failed
backtrace:
.lake/build/bin/hexrealalgebraic_bench(+0x4ba0f45) [0x5d8eff764f45]
.lake/build/bin/hexrealalgebraic_bench(+0x4b97ad7) [0x5d8eff75bad7]
.lake/build/bin/hexrealalgebraic_bench(+0x4b97bbb) [0x5d8eff75bbbb]
.lake/build/bin/hexrealalgebraic_bench(+0xd8ef17) [0x5d8efb952f17]
.lake/build/bin/hexrealalgebraic_bench(+0xdba546) [0x5d8efb97e546]
.lake/build/bin/hexrealalgebraic_bench(+0xbdc221) [0x5d8efb7a0221]
.lake/build/bin/hexrealalgebraic_bench(+0xbdcac5) [0x5d8efb7a0ac5]
.lake/build/bin/hexrealalgebraic_bench(+0xbfd340) [0x5d8efb7c1340]
.lake/build/bin/hexrealalgebraic_bench(+0x4ba5e00) [0x5d8eff769e00]
.lake/build/bin/hexrealalgebraic_bench(+0xe01b53) [0x5d8efb9c5b53]
.lake/build/bin/hexrealalgebraic_bench(+0xe022a8) [0x5d8efb9c62a8]
.lake/build/bin/hexrealalgebraic_bench(+0xe03309) [0x5d8efb9c7309]
.lake/build/bin/hexrealalgebraic_bench(+0xe663e1) [0x5d8efba2a3e1]
.lake/build/bin/hexrealalgebraic_bench(+0x4ba5e00) [0x5d8eff769e00]
.lake/build/bin/hexrealalgebraic_bench(+0x4ba68c1) [0x5d8eff76a8c1]
.lake/build/bin/hexrealalgebraic_bench(+0x4ba68c1) [0x5d8eff76a8c1]
.lake/build/bin/hexrealalgebraic_bench(+0x4ba689e) [0x5d8eff76a89e]
.lake/build/bin/hexrealalgebraic_bench(+0x4ba689e) [0x5d8eff76a89e]
.lake/build/bin/hexrealalgebraic_bench(+0x4ba689e) [0x5d8eff76a89e]
.lake/build/bin/hexrealalgebraic_bench(+0x4ba689e) [0x5d8eff76a89e]
.lake/build/bin/hexrealalgebraic_bench(+0x4ba689e) [0x5d8eff76a89e]
.lake/build/bin/hexrealalgebraic_bench(+0x4ba689e) [0x5d8eff76a89e]
.lake/build/bin/hexrealalgebraic_bench(+0x4ba689e) [0x5d8eff76a89e]
.lake/build/bin/hexrealalgebraic_bench(+0x4ba689e) [0x5d8eff76a89e]
.lake/build/bin/hexrealalgebraic_bench(+0x4ba689e) [0x5d8eff76a89e]
.lake/build/bin/hexrealalgebraic_bench(+0x4b87197) [0x5d8eff74b197]
.lake/build/bin/hexrealalgebraic_bench(+0x4b8780a) [0x5d8eff74b80a]
/nix/store/qqiqd3ah10x8hzsif4j1y4xc1miw23nx-glibc-2.42-67/lib/libc.so.6(+0x9ce53) [0x72a25fa9ce53]
/nix/store/qqiqd3ah10x8hzsif4j1y4xc1miw23nx-glibc-2.42-67/lib/libc.so.6(+0x12407c) [0x72a25fb2407c]
AlgebraicRoot.mul: certification failed
backtrace:
.lake/build/bin/hexrealalgebraic_bench(+0x4ba0f45) [0x5d8eff764f45]
.lake/build/bin/hexrealalgebraic_bench(+0x4b97ad7) [0x5d8eff75bad7]
.lake/build/bin/hexrealalgebraic_bench(+0x4b97bbb) [0x5d8eff75bbbb]
.lake/build/bin/hexrealalgebraic_bench(+0xd8f173) [0x5d8efb953173]
.lake/build/bin/hexrealalgebraic_bench(+0xdaed99) [0x5d8efb972d99]
.lake/build/bin/hexrealalgebraic_bench(+0xdaed69) [0x5d8efb972d69]
.lake/build/bin/hexrealalgebraic_bench(+0xdaed69) [0x5d8efb972d69]
.lake/build/bin/hexrealalgebraic_bench(+0xc30d3c) [0x5d8efb7f4d3c]
.lake/build/bin/hexrealalgebraic_bench(+0xc36444) [0x5d8efb7fa444]
.lake/build/bin/hexrealalgebraic_bench(+0x4ba5e00) [0x5d8eff769e00]
.lake/build/bin/hexrealalgebraic_bench(+0xe01b53) [0x5d8efb9c5b53]
.lake/build/bin/hexrealalgebraic_bench(+0xe022a8) [0x5d8efb9c62a8]
.lake/build/bin/hexrealalgebraic_bench(+0xe03309) [0x5d8efb9c7309]
.lake/build/bin/hexrealalgebraic_bench(+0xe663e1) [0x5d8efba2a3e1]
.lake/build/bin/hexrealalgebraic_bench(+0x4ba5e00) [0x5d8eff769e00]
.lake/build/bin/hexrealalgebraic_bench(+0x4ba68c1) [0x5d8eff76a8c1]
.lake/build/bin/hexrealalgebraic_bench(+0x4ba68c1) [0x5d8eff76a8c1]
.lake/build/bin/hexrealalgebraic_bench(+0x4ba689e) [0x5d8eff76a89e]
.lake/build/bin/hexrealalgebraic_bench(+0x4ba689e) [0x5d8eff76a89e]
.lake/build/bin/hexrealalgebraic_bench(+0x4ba689e) [0x5d8eff76a89e]
.lake/build/bin/hexrealalgebraic_bench(+0x4ba689e) [0x5d8eff76a89e]
.lake/build/bin/hexrealalgebraic_bench(+0x4ba689e) [0x5d8eff76a89e]
.lake/build/bin/hexrealalgebraic_bench(+0x4ba689e) [0x5d8eff76a89e]
.lake/build/bin/hexrealalgebraic_bench(+0x4ba689e) [0x5d8eff76a89e]
.lake/build/bin/hexrealalgebraic_bench(+0x4ba689e) [0x5d8eff76a89e]
.lake/build/bin/hexrealalgebraic_bench(+0x4ba689e) [0x5d8eff76a89e]
.lake/build/bin/hexrealalgebraic_bench(+0x4b87197) [0x5d8eff74b197]
.lake/build/bin/hexrealalgebraic_bench(+0x4b8780a) [0x5d8eff74b80a]
/nix/store/qqiqd3ah10x8hzsif4j1y4xc1miw23nx-glibc-2.42-67/lib/libc.so.6(+0x9ce53) [0x72a25fa9ce53]
/nix/store/qqiqd3ah10x8hzsif4j1y4xc1miw23nx-glibc-2.42-67/lib/libc.so.6(+0x12407c) [0x72a25fb2407c]
AlgebraicRoot.mul: certification failed
backtrace:
.lake/build/bin/hexrealalgebraic_bench(+0x4ba0f45) [0x5d8eff764f45]
.lake/build/bin/hexrealalgebraic_bench(+0x4b97ad7) [0x5d8eff75bad7]
.lake/build/bin/hexrealalgebraic_bench(+0x4b97bbb) [0x5d8eff75bbbb]
.lake/build/bin/hexrealalgebraic_bench(+0xd8f173) [0x5d8efb953173]
.lake/build/bin/hexrealalgebraic_bench(+0xdaed69) [0x5d8efb972d69]
.lake/build/bin/hexrealalgebraic_bench(+0xdaed69) [0x5d8efb972d69]
.lake/build/bin/hexrealalgebraic_bench(+0xc30d3c) [0x5d8efb7f4d3c]
.lake/build/bin/hexrealalgebraic_bench(+0xc36444) [0x5d8efb7fa444]
.lake/build/bin/hexrealalgebraic_bench(+0x4ba5e00) [0x5d8eff769e00]
.lake/build/bin/hexrealalgebraic_bench(+0xe01b53) [0x5d8efb9c5b53]
.lake/build/bin/hexrealalgebraic_bench(+0xe022a8) [0x5d8efb9c62a8]
.lake/build/bin/hexrealalgebraic_bench(+0xe03309) [0x5d8efb9c7309]
.lake/build/bin/hexrealalgebraic_bench(+0xe663e1) [0x5d8efba2a3e1]
.lake/build/bin/hexrealalgebraic_bench(+0x4ba5e00) [0x5d8eff769e00]
.lake/build/bin/hexrealalgebraic_bench(+0x4ba68c1) [0x5d8eff76a8c1]
.lake/build/bin/hexrealalgebraic_bench(+0x4ba68c1) [0x5d8eff76a8c1]
.lake/build/bin/hexrealalgebraic_bench(+0x4ba689e) [0x5d8eff76a89e]
.lake/build/bin/hexrealalgebraic_bench(+0x4ba689e) [0x5d8eff76a89e]
.lake/build/bin/hexrealalgebraic_bench(+0x4ba689e) [0x5d8eff76a89e]
.lake/build/bin/hexrealalgebraic_bench(+0x4ba689e) [0x5d8eff76a89e]
.lake/build/bin/hexrealalgebraic_bench(+0x4ba689e) [0x5d8eff76a89e]
.lake/build/bin/hexrealalgebraic_bench(+0x4ba689e) [0x5d8eff76a89e]
.lake/build/bin/hexrealalgebraic_bench(+0x4ba689e) [0x5d8eff76a89e]
.lake/build/bin/hexrealalgebraic_bench(+0x4ba689e) [0x5d8eff76a89e]
.lake/build/bin/hexrealalgebraic_bench(+0x4ba689e) [0x5d8eff76a89e]
.lake/build/bin/hexrealalgebraic_bench(+0x4b87197) [0x5d8eff74b197]
.lake/build/bin/hexrealalgebraic_bench(+0x4b8780a) [0x5d8eff74b80a]
/nix/store/qqiqd3ah10x8hzsif4j1y4xc1miw23nx-glibc-2.42-67/lib/libc.so.6(+0x9ce53) [0x72a25fa9ce53]
/nix/store/qqiqd3ah10x8hzsif4j1y4xc1miw23nx-glibc-2.42-67/lib/libc.so.6(+0x12407c) [0x72a25fb2407c]
AlgebraicRoot.mul: certification failed
backtrace:
.lake/build/bin/hexrealalgebraic_bench(+0x4ba0f45) [0x5d8eff764f45]
.lake/build/bin/hexrealalgebraic_bench(+0x4b97ad7) [0x5d8eff75bad7]
.lake/build/bin/hexrealalgebraic_bench(+0x4b97bbb) [0x5d8eff75bbbb]
.lake/build/bin/hexrealalgebraic_bench(+0xd8f173) [0x5d8efb953173]
.lake/build/bin/hexrealalgebraic_bench(+0xdaed99) [0x5d8efb972d99]
.lake/build/bin/hexrealalgebraic_bench(+0xdaed69) [0x5d8efb972d69]
.lake/build/bin/hexrealalgebraic_bench(+0xc30d3c) [0x5d8efb7f4d3c]
.lake/build/bin/hexrealalgebraic_bench(+0xc36444) [0x5d8efb7fa444]
.lake/build/bin/hexrealalgebraic_bench(+0x4ba5e00) [0x5d8eff769e00]
.lake/build/bin/hexrealalgebraic_bench(+0xe01b53) [0x5d8efb9c5b53]
.lake/build/bin/hexrealalgebraic_bench(+0xe022a8) [0x5d8efb9c62a8]
.lake/build/bin/hexrealalgebraic_bench(+0xe03309) [0x5d8efb9c7309]
.lake/build/bin/hexrealalgebraic_bench(+0xe663e1) [0x5d8efba2a3e1]
.lake/build/bin/hexrealalgebraic_bench(+0x4ba5e00) [0x5d8eff769e00]
.lake/build/bin/hexrealalgebraic_bench(+0x4ba68c1) [0x5d8eff76a8c1]
.lake/build/bin/hexrealalgebraic_bench(+0x4ba68c1) [0x5d8eff76a8c1]
.lake/build/bin/hexrealalgebraic_bench(+0x4ba689e) [0x5d8eff76a89e]
.lake/build/bin/hexrealalgebraic_bench(+0x4ba689e) [0x5d8eff76a89e]
.lake/build/bin/hexrealalgebraic_bench(+0x4ba689e) [0x5d8eff76a89e]
.lake/build/bin/hexrealalgebraic_bench(+0x4ba689e) [0x5d8eff76a89e]
.lake/build/bin/hexrealalgebraic_bench(+0x4ba689e) [0x5d8eff76a89e]
.lake/build/bin/hexrealalgebraic_bench(+0x4ba689e) [0x5d8eff76a89e]
.lake/build/bin/hexrealalgebraic_bench(+0x4ba689e) [0x5d8eff76a89e]
.lake/build/bin/hexrealalgebraic_bench(+0x4ba689e) [0x5d8eff76a89e]
.lake/build/bin/hexrealalgebraic_bench(+0x4ba689e) [0x5d8eff76a89e]
.lake/build/bin/hexrealalgebraic_bench(+0x4b87197) [0x5d8eff74b197]
.lake/build/bin/hexrealalgebraic_bench(+0x4b8780a) [0x5d8eff74b80a]
/nix/store/qqiqd3ah10x8hzsif4j1y4xc1miw23nx-glibc-2.42-67/lib/libc.so.6(+0x9ce53) [0x72a25fa9ce53]
/nix/store/qqiqd3ah10x8hzsif4j1y4xc1miw23nx-glibc-2.42-67/lib/libc.so.6(+0x12407c) [0x72a25fb2407c]
AlgebraicRoot.mul: certification failed
backtrace:
.lake/build/bin/hexrealalgebraic_bench(+0x4ba0f45) [0x5d8eff764f45]
.lake/build/bin/hexrealalgebraic_bench(+0x4b97ad7) [0x5d8eff75bad7]
.lake/build/bin/hexrealalgebraic_bench(+0x4b97bbb) [0x5d8eff75bbbb]
.lake/build/bin/hexrealalgebraic_bench(+0xd8f173) [0x5d8efb953173]
.lake/build/bin/hexrealalgebraic_bench(+0xdaed69) [0x5d8efb972d69]
.lake/build/bin/hexrealalgebraic_bench(+0xc30d3c) [0x5d8efb7f4d3c]
.lake/build/bin/hexrealalgebraic_bench(+0xc36444) [0x5d8efb7fa444]
.lake/build/bin/hexrealalgebraic_bench(+0x4ba5e00) [0x5d8eff769e00]
.lake/build/bin/hexrealalgebraic_bench(+0xe01b53) [0x5d8efb9c5b53]
.lake/build/bin/hexrealalgebraic_bench(+0xe022a8) [0x5d8efb9c62a8]
.lake/build/bin/hexrealalgebraic_bench(+0xe03309) [0x5d8efb9c7309]
.lake/build/bin/hexrealalgebraic_bench(+0xe663e1) [0x5d8efba2a3e1]
.lake/build/bin/hexrealalgebraic_bench(+0x4ba5e00) [0x5d8eff769e00]
.lake/build/bin/hexrealalgebraic_bench(+0x4ba68c1) [0x5d8eff76a8c1]
.lake/build/bin/hexrealalgebraic_bench(+0x4ba68c1) [0x5d8eff76a8c1]
.lake/build/bin/hexrealalgebraic_bench(+0x4ba689e) [0x5d8eff76a89e]
.lake/build/bin/hexrealalgebraic_bench(+0x4ba689e) [0x5d8eff76a89e]
.lake/build/bin/hexrealalgebraic_bench(+0x4ba689e) [0x5d8eff76a89e]
.lake/build/bin/hexrealalgebraic_bench(+0x4ba689e) [0x5d8eff76a89e]
.lake/build/bin/hexrealalgebraic_bench(+0x4ba689e) [0x5d8eff76a89e]
.lake/build/bin/hexrealalgebraic_bench(+0x4ba689e) [0x5d8eff76a89e]
.lake/build/bin/hexrealalgebraic_bench(+0x4ba689e) [0x5d8eff76a89e]
.lake/build/bin/hexrealalgebraic_bench(+0x4ba689e) [0x5d8eff76a89e]
.lake/build/bin/hexrealalgebraic_bench(+0x4ba689e) [0x5d8eff76a89e]
.lake/build/bin/hexrealalgebraic_bench(+0x4b87197) [0x5d8eff74b197]
.lake/build/bin/hexrealalgebraic_bench(+0x4b8780a) [0x5d8eff74b80a]
/nix/store/qqiqd3ah10x8hzsif4j1y4xc1miw23nx-glibc-2.42-67/lib/libc.so.6(+0x9ce53) [0x72a25fa9ce53]
/nix/store/qqiqd3ah10x8hzsif4j1y4xc1miw23nx-glibc-2.42-67/lib/libc.so.6(+0x12407c) [0x72a25fb2407c]
AlgebraicRoot.mul: certification failed
backtrace:
.lake/build/bin/hexrealalgebraic_bench(+0x4ba0f45) [0x5d8eff764f45]
.lake/build/bin/hexrealalgebraic_bench(+0x4b97ad7) [0x5d8eff75bad7]
.lake/build/bin/hexrealalgebraic_bench(+0x4b97bbb) [0x5d8eff75bbbb]
.lake/build/bin/hexrealalgebraic_bench(+0xd8f173) [0x5d8efb953173]
.lake/build/bin/hexrealalgebraic_bench(+0xdaed99) [0x5d8efb972d99]
.lake/build/bin/hexrealalgebraic_bench(+0xc30d3c) [0x5d8efb7f4d3c]
.lake/build/bin/hexrealalgebraic_bench(+0xc36444) [0x5d8efb7fa444]
.lake/build/bin/hexrealalgebraic_bench(+0x4ba5e00) [0x5d8eff769e00]
.lake/build/bin/hexrealalgebraic_bench(+0xe01b53) [0x5d8efb9c5b53]
.lake/build/bin/hexrealalgebraic_bench(+0xe022a8) [0x5d8efb9c62a8]
.lake/build/bin/hexrealalgebraic_bench(+0xe03309) [0x5d8efb9c7309]
.lake/build/bin/hexrealalgebraic_bench(+0xe663e1) [0x5d8efba2a3e1]
.lake/build/bin/hexrealalgebraic_bench(+0x4ba5e00) [0x5d8eff769e00]
.lake/build/bin/hexrealalgebraic_bench(+0x4ba68c1) [0x5d8eff76a8c1]
.lake/build/bin/hexrealalgebraic_bench(+0x4ba68c1) [0x5d8eff76a8c1]
.lake/build/bin/hexrealalgebraic_bench(+0x4ba689e) [0x5d8eff76a89e]
.lake/build/bin/hexrealalgebraic_bench(+0x4ba689e) [0x5d8eff76a89e]
.lake/build/bin/hexrealalgebraic_bench(+0x4ba689e) [0x5d8eff76a89e]
.lake/build/bin/hexrealalgebraic_bench(+0x4ba689e) [0x5d8eff76a89e]
.lake/build/bin/hexrealalgebraic_bench(+0x4ba689e) [0x5d8eff76a89e]
.lake/build/bin/hexrealalgebraic_bench(+0x4ba689e) [0x5d8eff76a89e]
.lake/build/bin/hexrealalgebraic_bench(+0x4ba689e) [0x5d8eff76a89e]
.lake/build/bin/hexrealalgebraic_bench(+0x4ba689e) [0x5d8eff76a89e]
.lake/build/bin/hexrealalgebraic_bench(+0x4ba689e) [0x5d8eff76a89e]
.lake/build/bin/hexrealalgebraic_bench(+0x4b87197) [0x5d8eff74b197]
.lake/build/bin/hexrealalgebraic_bench(+0x4b8780a) [0x5d8eff74b80a]
/nix/store/qqiqd3ah10x8hzsif4j1y4xc1miw23nx-glibc-2.42-67/lib/libc.so.6(+0x9ce53) [0x72a25fa9ce53]
/nix/store/qqiqd3ah10x8hzsif4j1y4xc1miw23nx-glibc-2.42-67/lib/libc.so.6(+0x12407c) [0x72a25fb2407c]
AlgebraicRoot.mul: certification failed
backtrace:
.lake/build/bin/hexrealalgebraic_bench(+0x4ba0f45) [0x5d8eff764f45]
.lake/build/bin/hexrealalgebraic_bench(+0x4b97ad7) [0x5d8eff75bad7]
.lake/build/bin/hexrealalgebraic_bench(+0x4b97bbb) [0x5d8eff75bbbb]
.lake/build/bin/hexrealalgebraic_bench(+0xd8f173) [0x5d8efb953173]
.lake/build/bin/hexrealalgebraic_bench(+0xc30d3c) [0x5d8efb7f4d3c]
.lake/build/bin/hexrealalgebraic_bench(+0xc36444) [0x5d8efb7fa444]
.lake/build/bin/hexrealalgebraic_bench(+0x4ba5e00) [0x5d8eff769e00]
.lake/build/bin/hexrealalgebraic_bench(+0xe01b53) [0x5d8efb9c5b53]
.lake/build/bin/hexrealalgebraic_bench(+0xe022a8) [0x5d8efb9c62a8]
.lake/build/bin/hexrealalgebraic_bench(+0xe03309) [0x5d8efb9c7309]
.lake/build/bin/hexrealalgebraic_bench(+0xe663e1) [0x5d8efba2a3e1]
.lake/build/bin/hexrealalgebraic_bench(+0x4ba5e00) [0x5d8eff769e00]
.lake/build/bin/hexrealalgebraic_bench(+0x4ba68c1) [0x5d8eff76a8c1]
.lake/build/bin/hexrealalgebraic_bench(+0x4ba68c1) [0x5d8eff76a8c1]
.lake/build/bin/hexrealalgebraic_bench(+0x4ba689e) [0x5d8eff76a89e]
.lake/build/bin/hexrealalgebraic_bench(+0x4ba689e) [0x5d8eff76a89e]
.lake/build/bin/hexrealalgebraic_bench(+0x4ba689e) [0x5d8eff76a89e]
.lake/build/bin/hexrealalgebraic_bench(+0x4ba689e) [0x5d8eff76a89e]
.lake/build/bin/hexrealalgebraic_bench(+0x4ba689e) [0x5d8eff76a89e]
.lake/build/bin/hexrealalgebraic_bench(+0x4ba689e) [0x5d8eff76a89e]
.lake/build/bin/hexrealalgebraic_bench(+0x4ba689e) [0x5d8eff76a89e]
.lake/build/bin/hexrealalgebraic_bench(+0x4ba689e) [0x5d8eff76a89e]
.lake/build/bin/hexrealalgebraic_bench(+0x4ba689e) [0x5d8eff76a89e]
.lake/build/bin/hexrealalgebraic_bench(+0x4b87197) [0x5d8eff74b197]
.lake/build/bin/hexrealalgebraic_bench(+0x4b8780a) [0x5d8eff74b80a]
/nix/store/qqiqd3ah10x8hzsif4j1y4xc1miw23nx-glibc-2.42-67/lib/libc.so.6(+0x9ce53) [0x72a25fa9ce53]
/nix/store/qqiqd3ah10x8hzsif4j1y4xc1miw23nx-glibc-2.42-67/lib/libc.so.6(+0x12407c) [0x72a25fb2407c]
AlgebraicRoot.add: certification failed
backtrace:
.lake/build/bin/hexrealalgebraic_bench(+0x4ba0f45) [0x5d8eff764f45]
.lake/build/bin/hexrealalgebraic_bench(+0x4b97ad7) [0x5d8eff75bad7]
.lake/build/bin/hexrealalgebraic_bench(+0x4b97bbb) [0x5d8eff75bbbb]
.lake/build/bin/hexrealalgebraic_bench(+0xd8ef17) [0x5d8efb952f17]
.lake/build/bin/hexrealalgebraic_bench(+0xdba546) [0x5d8efb97e546]
.lake/build/bin/hexrealalgebraic_bench(+0xbdcb8e) [0x5d8efb7a0b8e]
.lake/build/bin/hexrealalgebraic_bench(+0xbe2610) [0x5d8efb7a6610]
.lake/build/bin/hexrealalgebraic_bench(+0x4ba5e00) [0x5d8eff769e00]
.lake/build/bin/hexrealalgebraic_bench(+0xe01b53) [0x5d8efb9c5b53]
.lake/build/bin/hexrealalgebraic_bench(+0xe022a8) [0x5d8efb9c62a8]
.lake/build/bin/hexrealalgebraic_bench(+0xe03309) [0x5d8efb9c7309]
.lake/build/bin/hexrealalgebraic_bench(+0xe663e1) [0x5d8efba2a3e1]
.lake/build/bin/hexrealalgebraic_bench(+0x4ba5e00) [0x5d8eff769e00]
.lake/build/bin/hexrealalgebraic_bench(+0x4ba68c1) [0x5d8eff76a8c1]
.lake/build/bin/hexrealalgebraic_bench(+0x4ba68c1) [0x5d8eff76a8c1]
.lake/build/bin/hexrealalgebraic_bench(+0x4ba689e) [0x5d8eff76a89e]
.lake/build/bin/hexrealalgebraic_bench(+0x4ba689e) [0x5d8eff76a89e]
.lake/build/bin/hexrealalgebraic_bench(+0x4ba689e) [0x5d8eff76a89e]
.lake/build/bin/hexrealalgebraic_bench(+0x4ba689e) [0x5d8eff76a89e]
.lake/build/bin/hexrealalgebraic_bench(+0x4ba689e) [0x5d8eff76a89e]
.lake/build/bin/hexrealalgebraic_bench(+0x4ba689e) [0x5d8eff76a89e]
.lake/build/bin/hexrealalgebraic_bench(+0x4ba689e) [0x5d8eff76a89e]
.lake/build/bin/hexrealalgebraic_bench(+0x4ba689e) [0x5d8eff76a89e]
.lake/build/bin/hexrealalgebraic_bench(+0x4ba689e) [0x5d8eff76a89e]
.lake/build/bin/hexrealalgebraic_bench(+0x4b87197) [0x5d8eff74b197]
.lake/build/bin/hexrealalgebraic_bench(+0x4b8780a) [0x5d8eff74b80a]
/nix/store/qqiqd3ah10x8hzsif4j1y4xc1miw23nx-glibc-2.42-67/lib/libc.so.6(+0x9ce53) [0x72a25fa9ce53]
/nix/store/qqiqd3ah10x8hzsif4j1y4xc1miw23nx-glibc-2.42-67/lib/libc.so.6(+0x12407c) [0x72a25fb2407c]
AlgebraicRoot.mul: certification failed
backtrace:
.lake/build/bin/hexrealalgebraic_bench(+0x4ba0f45) [0x5d8eff764f45]
.lake/build/bin/hexrealalgebraic_bench(+0x4b97ad7) [0x5d8eff75bad7]
.lake/build/bin/hexrealalgebraic_bench(+0x4b97bbb) [0x5d8eff75bbbb]
.lake/build/bin/hexrealalgebraic_bench(+0xd8f173) [0x5d8efb953173]
.lake/build/bin/hexrealalgebraic_bench(+0xdba5c6) [0x5d8efb97e5c6]
.lake/build/bin/hexrealalgebraic_bench(+0xc2b10e) [0x5d8efb7ef10e]
.lake/build/bin/hexrealalgebraic_bench(+0xc3bee4) [0x5d8efb7ffee4]
.lake/build/bin/hexrealalgebraic_bench(+0x4ba5e00) [0x5d8eff769e00]
.lake/build/bin/hexrealalgebraic_bench(+0xe01b53) [0x5d8efb9c5b53]
.lake/build/bin/hexrealalgebraic_bench(+0xe022a8) [0x5d8efb9c62a8]
.lake/build/bin/hexrealalgebraic_bench(+0xe03309) [0x5d8efb9c7309]
.lake/build/bin/hexrealalgebraic_bench(+0xe663e1) [0x5d8efba2a3e1]
.lake/build/bin/hexrealalgebraic_bench(+0x4ba5e00) [0x5d8eff769e00]
.lake/build/bin/hexrealalgebraic_bench(+0x4ba68c1) [0x5d8eff76a8c1]
.lake/build/bin/hexrealalgebraic_bench(+0x4ba68c1) [0x5d8eff76a8c1]
.lake/build/bin/hexrealalgebraic_bench(+0x4ba689e) [0x5d8eff76a89e]
.lake/build/bin/hexrealalgebraic_bench(+0x4ba689e) [0x5d8eff76a89e]
.lake/build/bin/hexrealalgebraic_bench(+0x4ba689e) [0x5d8eff76a89e]
.lake/build/bin/hexrealalgebraic_bench(+0x4ba689e) [0x5d8eff76a89e]
.lake/build/bin/hexrealalgebraic_bench(+0x4ba689e) [0x5d8eff76a89e]
.lake/build/bin/hexrealalgebraic_bench(+0x4ba689e) [0x5d8eff76a89e]
.lake/build/bin/hexrealalgebraic_bench(+0x4ba689e) [0x5d8eff76a89e]
.lake/build/bin/hexrealalgebraic_bench(+0x4ba689e) [0x5d8eff76a89e]
.lake/build/bin/hexrealalgebraic_bench(+0x4ba689e) [0x5d8eff76a89e]
.lake/build/bin/hexrealalgebraic_bench(+0x4b87197) [0x5d8eff74b197]
.lake/build/bin/hexrealalgebraic_bench(+0x4b8780a) [0x5d8eff74b80a]
/nix/store/qqiqd3ah10x8hzsif4j1y4xc1miw23nx-glibc-2.42-67/lib/libc.so.6(+0x9ce53) [0x72a25fa9ce53]
/nix/store/qqiqd3ah10x8hzsif4j1y4xc1miw23nx-glibc-2.42-67/lib/libc.so.6(+0x12407c) [0x72a25fb2407c]
AlgebraicRoot.mul: certification failed
backtrace:
.lake/build/bin/hexrealalgebraic_bench(+0x4ba0f45) [0x5d8eff764f45]
.lake/build/bin/hexrealalgebraic_bench(+0x4b97ad7) [0x5d8eff75bad7]
.lake/build/bin/hexrealalgebraic_bench(+0x4b97bbb) [0x5d8eff75bbbb]
.lake/build/bin/hexrealalgebraic_bench(+0xd8f173) [0x5d8efb953173]
.lake/build/bin/hexrealalgebraic_bench(+0xdba5c6) [0x5d8efb97e5c6]
.lake/build/bin/hexrealalgebraic_bench(+0xc2b12c) [0x5d8efb7ef12c]
.lake/build/bin/hexrealalgebraic_bench(+0xc3bee4) [0x5d8efb7ffee4]
.lake/build/bin/hexrealalgebraic_bench(+0x4ba5e00) [0x5d8eff769e00]
.lake/build/bin/hexrealalgebraic_bench(+0xe01b53) [0x5d8efb9c5b53]
.lake/build/bin/hexrealalgebraic_bench(+0xe022a8) [0x5d8efb9c62a8]
.lake/build/bin/hexrealalgebraic_bench(+0xe03309) [0x5d8efb9c7309]
.lake/build/bin/hexrealalgebraic_bench(+0xe663e1) [0x5d8efba2a3e1]
.lake/build/bin/hexrealalgebraic_bench(+0x4ba5e00) [0x5d8eff769e00]
.lake/build/bin/hexrealalgebraic_bench(+0x4ba68c1) [0x5d8eff76a8c1]
.lake/build/bin/hexrealalgebraic_bench(+0x4ba68c1) [0x5d8eff76a8c1]
.lake/build/bin/hexrealalgebraic_bench(+0x4ba689e) [0x5d8eff76a89e]
.lake/build/bin/hexrealalgebraic_bench(+0x4ba689e) [0x5d8eff76a89e]
.lake/build/bin/hexrealalgebraic_bench(+0x4ba689e) [0x5d8eff76a89e]
.lake/build/bin/hexrealalgebraic_bench(+0x4ba689e) [0x5d8eff76a89e]
.lake/build/bin/hexrealalgebraic_bench(+0x4ba689e) [0x5d8eff76a89e]
.lake/build/bin/hexrealalgebraic_bench(+0x4ba689e) [0x5d8eff76a89e]
.lake/build/bin/hexrealalgebraic_bench(+0x4ba689e) [0x5d8eff76a89e]
.lake/build/bin/hexrealalgebraic_bench(+0x4ba689e) [0x5d8eff76a89e]
.lake/build/bin/hexrealalgebraic_bench(+0x4ba689e) [0x5d8eff76a89e]
.lake/build/bin/hexrealalgebraic_bench(+0x4b87197) [0x5d8eff74b197]
.lake/build/bin/hexrealalgebraic_bench(+0x4b8780a) [0x5d8eff74b80a]
/nix/store/qqiqd3ah10x8hzsif4j1y4xc1miw23nx-glibc-2.42-67/lib/libc.so.6(+0x9ce53) [0x72a25fa9ce53]
/nix/store/qqiqd3ah10x8hzsif4j1y4xc1miw23nx-glibc-2.42-67/lib/libc.so.6(+0x12407c) [0x72a25fb2407c]
AlgebraicRoot.mul: certification failed
backtrace:
.lake/build/bin/hexrealalgebraic_bench(+0x4ba0f45) [0x5d8eff764f45]
.lake/build/bin/hexrealalgebraic_bench(+0x4b97ad7) [0x5d8eff75bad7]
.lake/build/bin/hexrealalgebraic_bench(+0x4b97bbb) [0x5d8eff75bbbb]
.lake/build/bin/hexrealalgebraic_bench(+0xd8f173) [0x5d8efb953173]
.lake/build/bin/hexrealalgebraic_bench(+0xdba5c6) [0x5d8efb97e5c6]
.lake/build/bin/hexrealalgebraic_bench(+0xc2b14a) [0x5d8efb7ef14a]
.lake/build/bin/hexrealalgebraic_bench(+0xc3bee4) [0x5d8efb7ffee4]
.lake/build/bin/hexrealalgebraic_bench(+0x4ba5e00) [0x5d8eff769e00]
.lake/build/bin/hexrealalgebraic_bench(+0xe01b53) [0x5d8efb9c5b53]
.lake/build/bin/hexrealalgebraic_bench(+0xe022a8) [0x5d8efb9c62a8]
.lake/build/bin/hexrealalgebraic_bench(+0xe03309) [0x5d8efb9c7309]
.lake/build/bin/hexrealalgebraic_bench(+0xe663e1) [0x5d8efba2a3e1]
.lake/build/bin/hexrealalgebraic_bench(+0x4ba5e00) [0x5d8eff769e00]
.lake/build/bin/hexrealalgebraic_bench(+0x4ba68c1) [0x5d8eff76a8c1]
.lake/build/bin/hexrealalgebraic_bench(+0x4ba68c1) [0x5d8eff76a8c1]
.lake/build/bin/hexrealalgebraic_bench(+0x4ba689e) [0x5d8eff76a89e]
.lake/build/bin/hexrealalgebraic_bench(+0x4ba689e) [0x5d8eff76a89e]
.lake/build/bin/hexrealalgebraic_bench(+0x4ba689e) [0x5d8eff76a89e]
.lake/build/bin/hexrealalgebraic_bench(+0x4ba689e) [0x5d8eff76a89e]
.lake/build/bin/hexrealalgebraic_bench(+0x4ba689e) [0x5d8eff76a89e]
.lake/build/bin/hexrealalgebraic_bench(+0x4ba689e) [0x5d8eff76a89e]
.lake/build/bin/hexrealalgebraic_bench(+0x4ba689e) [0x5d8eff76a89e]
.lake/build/bin/hexrealalgebraic_bench(+0x4ba689e) [0x5d8eff76a89e]
.lake/build/bin/hexrealalgebraic_bench(+0x4ba689e) [0x5d8eff76a89e]
.lake/build/bin/hexrealalgebraic_bench(+0x4b87197) [0x5d8eff74b197]
.lake/build/bin/hexrealalgebraic_bench(+0x4b8780a) [0x5d8eff74b80a]
/nix/store/qqiqd3ah10x8hzsif4j1y4xc1miw23nx-glibc-2.42-67/lib/libc.so.6(+0x9ce53) [0x72a25fa9ce53]
/nix/store/qqiqd3ah10x8hzsif4j1y4xc1miw23nx-glibc-2.42-67/lib/libc.so.6(+0x12407c) [0x72a25fb2407c]
AlgebraicRoot.add: certification failed
backtrace:
.lake/build/bin/hexrealalgebraic_bench(+0x4ba0f45) [0x5d8eff764f45]
.lake/build/bin/hexrealalgebraic_bench(+0x4b97ad7) [0x5d8eff75bad7]
.lake/build/bin/hexrealalgebraic_bench(+0x4b97bbb) [0x5d8eff75bbbb]
.lake/build/bin/hexrealalgebraic_bench(+0xd8ef17) [0x5d8efb952f17]
.lake/build/bin/hexrealalgebraic_bench(+0xdba546) [0x5d8efb97e546]
.lake/build/bin/hexrealalgebraic_bench(+0xbdc1f2) [0x5d8efb7a01f2]
.lake/build/bin/hexrealalgebraic_bench(+0xbdcac5) [0x5d8efb7a0ac5]
.lake/build/bin/hexrealalgebraic_bench(+0xc072a0) [0x5d8efb7cb2a0]
.lake/build/bin/hexrealalgebraic_bench(+0x4ba5e00) [0x5d8eff769e00]
.lake/build/bin/hexrealalgebraic_bench(+0xe01b53) [0x5d8efb9c5b53]
.lake/build/bin/hexrealalgebraic_bench(+0xe022a8) [0x5d8efb9c62a8]
.lake/build/bin/hexrealalgebraic_bench(+0xe03309) [0x5d8efb9c7309]
.lake/build/bin/hexrealalgebraic_bench(+0xe663e1) [0x5d8efba2a3e1]
.lake/build/bin/hexrealalgebraic_bench(+0x4ba5e00) [0x5d8eff769e00]
.lake/build/bin/hexrealalgebraic_bench(+0x4ba68c1) [0x5d8eff76a8c1]
.lake/build/bin/hexrealalgebraic_bench(+0x4ba68c1) [0x5d8eff76a8c1]
.lake/build/bin/hexrealalgebraic_bench(+0x4ba689e) [0x5d8eff76a89e]
.lake/build/bin/hexrealalgebraic_bench(+0x4ba689e) [0x5d8eff76a89e]
.lake/build/bin/hexrealalgebraic_bench(+0x4ba689e) [0x5d8eff76a89e]
.lake/build/bin/hexrealalgebraic_bench(+0x4ba689e) [0x5d8eff76a89e]
.lake/build/bin/hexrealalgebraic_bench(+0x4ba689e) [0x5d8eff76a89e]
.lake/build/bin/hexrealalgebraic_bench(+0x4ba689e) [0x5d8eff76a89e]
.lake/build/bin/hexrealalgebraic_bench(+0x4ba689e) [0x5d8eff76a89e]
.lake/build/bin/hexrealalgebraic_bench(+0x4ba689e) [0x5d8eff76a89e]
.lake/build/bin/hexrealalgebraic_bench(+0x4ba689e) [0x5d8eff76a89e]
.lake/build/bin/hexrealalgebraic_bench(+0x4b87197) [0x5d8eff74b197]
.lake/build/bin/hexrealalgebraic_bench(+0x4b8780a) [0x5d8eff74b80a]
/nix/store/qqiqd3ah10x8hzsif4j1y4xc1miw23nx-glibc-2.42-67/lib/libc.so.6(+0x9ce53) [0x72a25fa9ce53]
/nix/store/qqiqd3ah10x8hzsif4j1y4xc1miw23nx-glibc-2.42-67/lib/libc.so.6(+0x12407c) [0x72a25fb2407c]
AlgebraicRoot.mul: certification failed
backtrace:
.lake/build/bin/hexrealalgebraic_bench(+0x4ba0f45) [0x5d8eff764f45]
.lake/build/bin/hexrealalgebraic_bench(+0x4b97ad7) [0x5d8eff75bad7]
.lake/build/bin/hexrealalgebraic_bench(+0x4b97bbb) [0x5d8eff75bbbb]
.lake/build/bin/hexrealalgebraic_bench(+0xd8f173) [0x5d8efb953173]
.lake/build/bin/hexrealalgebraic_bench(+0xdba566) [0x5d8efb97e566]
.lake/build/bin/hexrealalgebraic_bench(+0xbdc216) [0x5d8efb7a0216]
.lake/build/bin/hexrealalgebraic_bench(+0xbdcac5) [0x5d8efb7a0ac5]
.lake/build/bin/hexrealalgebraic_bench(+0xc072a0) [0x5d8efb7cb2a0]
.lake/build/bin/hexrealalgebraic_bench(+0x4ba5e00) [0x5d8eff769e00]
.lake/build/bin/hexrealalgebraic_bench(+0xe01b53) [0x5d8efb9c5b53]
.lake/build/bin/hexrealalgebraic_bench(+0xe022a8) [0x5d8efb9c62a8]
.lake/build/bin/hexrealalgebraic_bench(+0xe03309) [0x5d8efb9c7309]
.lake/build/bin/hexrealalgebraic_bench(+0xe663e1) [0x5d8efba2a3e1]
.lake/build/bin/hexrealalgebraic_bench(+0x4ba5e00) [0x5d8eff769e00]
.lake/build/bin/hexrealalgebraic_bench(+0x4ba68c1) [0x5d8eff76a8c1]
.lake/build/bin/hexrealalgebraic_bench(+0x4ba68c1) [0x5d8eff76a8c1]
.lake/build/bin/hexrealalgebraic_bench(+0x4ba689e) [0x5d8eff76a89e]
.lake/build/bin/hexrealalgebraic_bench(+0x4ba689e) [0x5d8eff76a89e]
.lake/build/bin/hexrealalgebraic_bench(+0x4ba689e) [0x5d8eff76a89e]
.lake/build/bin/hexrealalgebraic_bench(+0x4ba689e) [0x5d8eff76a89e]
.lake/build/bin/hexrealalgebraic_bench(+0x4ba689e) [0x5d8eff76a89e]
.lake/build/bin/hexrealalgebraic_bench(+0x4ba689e) [0x5d8eff76a89e]
.lake/build/bin/hexrealalgebraic_bench(+0x4ba689e) [0x5d8eff76a89e]
.lake/build/bin/hexrealalgebraic_bench(+0x4ba689e) [0x5d8eff76a89e]
.lake/build/bin/hexrealalgebraic_bench(+0x4ba689e) [0x5d8eff76a89e]
.lake/build/bin/hexrealalgebraic_bench(+0x4b87197) [0x5d8eff74b197]
.lake/build/bin/hexrealalgebraic_bench(+0x4b8780a) [0x5d8eff74b80a]
/nix/store/qqiqd3ah10x8hzsif4j1y4xc1miw23nx-glibc-2.42-67/lib/libc.so.6(+0x9ce53) [0x72a25fa9ce53]
/nix/store/qqiqd3ah10x8hzsif4j1y4xc1miw23nx-glibc-2.42-67/lib/libc.so.6(+0x12407c) [0x72a25fb2407c]
AlgebraicRoot.add: certification failed
backtrace:
.lake/build/bin/hexrealalgebraic_bench(+0x4ba0f45) [0x5d8eff764f45]
.lake/build/bin/hexrealalgebraic_bench(+0x4b97ad7) [0x5d8eff75bad7]
.lake/build/bin/hexrealalgebraic_bench(+0x4b97bbb) [0x5d8eff75bbbb]
.lake/build/bin/hexrealalgebraic_bench(+0xd8ef17) [0x5d8efb952f17]
.lake/build/bin/hexrealalgebraic_bench(+0xdba546) [0x5d8efb97e546]
.lake/build/bin/hexrealalgebraic_bench(+0xbdc221) [0x5d8efb7a0221]
.lake/build/bin/hexrealalgebraic_bench(+0xbdcac5) [0x5d8efb7a0ac5]
.lake/build/bin/hexrealalgebraic_bench(+0xc072a0) [0x5d8efb7cb2a0]
.lake/build/bin/hexrealalgebraic_bench(+0x4ba5e00) [0x5d8eff769e00]
.lake/build/bin/hexrealalgebraic_bench(+0xe01b53) [0x5d8efb9c5b53]
.lake/build/bin/hexrealalgebraic_bench(+0xe022a8) [0x5d8efb9c62a8]
.lake/build/bin/hexrealalgebraic_bench(+0xe03309) [0x5d8efb9c7309]
.lake/build/bin/hexrealalgebraic_bench(+0xe663e1) [0x5d8efba2a3e1]
.lake/build/bin/hexrealalgebraic_bench(+0x4ba5e00) [0x5d8eff769e00]
.lake/build/bin/hexrealalgebraic_bench(+0x4ba68c1) [0x5d8eff76a8c1]
.lake/build/bin/hexrealalgebraic_bench(+0x4ba68c1) [0x5d8eff76a8c1]
.lake/build/bin/hexrealalgebraic_bench(+0x4ba689e) [0x5d8eff76a89e]
.lake/build/bin/hexrealalgebraic_bench(+0x4ba689e) [0x5d8eff76a89e]
.lake/build/bin/hexrealalgebraic_bench(+0x4ba689e) [0x5d8eff76a89e]
.lake/build/bin/hexrealalgebraic_bench(+0x4ba689e) [0x5d8eff76a89e]
.lake/build/bin/hexrealalgebraic_bench(+0x4ba689e) [0x5d8eff76a89e]
.lake/build/bin/hexrealalgebraic_bench(+0x4ba689e) [0x5d8eff76a89e]
.lake/build/bin/hexrealalgebraic_bench(+0x4ba689e) [0x5d8eff76a89e]
.lake/build/bin/hexrealalgebraic_bench(+0x4ba689e) [0x5d8eff76a89e]
.lake/build/bin/hexrealalgebraic_bench(+0x4ba689e) [0x5d8eff76a89e]
.lake/build/bin/hexrealalgebraic_bench(+0x4b87197) [0x5d8eff74b197]
.lake/build/bin/hexrealalgebraic_bench(+0x4b8780a) [0x5d8eff74b80a]
/nix/store/qqiqd3ah10x8hzsif4j1y4xc1miw23nx-glibc-2.42-67/lib/libc.so.6(+0x9ce53) [0x72a25fa9ce53]
/nix/store/qqiqd3ah10x8hzsif4j1y4xc1miw23nx-glibc-2.42-67/lib/libc.so.6(+0x12407c) [0x72a25fb2407c]
AlgebraicRoot.add: certification failed
backtrace:
.lake/build/bin/hexrealalgebraic_bench(+0x4ba0f45) [0x5d8eff764f45]
.lake/build/bin/hexrealalgebraic_bench(+0x4b97ad7) [0x5d8eff75bad7]
.lake/build/bin/hexrealalgebraic_bench(+0x4b97bbb) [0x5d8eff75bbbb]
.lake/build/bin/hexrealalgebraic_bench(+0xd8ef17) [0x5d8efb952f17]
.lake/build/bin/hexrealalgebraic_bench(+0xdba546) [0x5d8efb97e546]
.lake/build/bin/hexrealalgebraic_bench(+0xbdc1f2) [0x5d8efb7a01f2]
.lake/build/bin/hexrealalgebraic_bench(+0xbdcac5) [0x5d8efb7a0ac5]
.lake/build/bin/hexrealalgebraic_bench(+0xc0bc20) [0x5d8efb7cfc20]
.lake/build/bin/hexrealalgebraic_bench(+0x4ba5e00) [0x5d8eff769e00]
.lake/build/bin/hexrealalgebraic_bench(+0xe01b53) [0x5d8efb9c5b53]
.lake/build/bin/hexrealalgebraic_bench(+0xe022a8) [0x5d8efb9c62a8]
.lake/build/bin/hexrealalgebraic_bench(+0xe03309) [0x5d8efb9c7309]
.lake/build/bin/hexrealalgebraic_bench(+0xe663e1) [0x5d8efba2a3e1]
.lake/build/bin/hexrealalgebraic_bench(+0x4ba5e00) [0x5d8eff769e00]
.lake/build/bin/hexrealalgebraic_bench(+0x4ba68c1) [0x5d8eff76a8c1]
.lake/build/bin/hexrealalgebraic_bench(+0x4ba68c1) [0x5d8eff76a8c1]
.lake/build/bin/hexrealalgebraic_bench(+0x4ba689e) [0x5d8eff76a89e]
.lake/build/bin/hexrealalgebraic_bench(+0x4ba689e) [0x5d8eff76a89e]
.lake/build/bin/hexrealalgebraic_bench(+0x4ba689e) [0x5d8eff76a89e]
.lake/build/bin/hexrealalgebraic_bench(+0x4ba689e) [0x5d8eff76a89e]
.lake/build/bin/hexrealalgebraic_bench(+0x4ba689e) [0x5d8eff76a89e]
.lake/build/bin/hexrealalgebraic_bench(+0x4ba689e) [0x5d8eff76a89e]
.lake/build/bin/hexrealalgebraic_bench(+0x4ba689e) [0x5d8eff76a89e]
.lake/build/bin/hexrealalgebraic_bench(+0x4ba689e) [0x5d8eff76a89e]
.lake/build/bin/hexrealalgebraic_bench(+0x4ba689e) [0x5d8eff76a89e]
.lake/build/bin/hexrealalgebraic_bench(+0x4b87197) [0x5d8eff74b197]
.lake/build/bin/hexrealalgebraic_bench(+0x4b8780a) [0x5d8eff74b80a]
/nix/store/qqiqd3ah10x8hzsif4j1y4xc1miw23nx-glibc-2.42-67/lib/libc.so.6(+0x9ce53) [0x72a25fa9ce53]
/nix/store/qqiqd3ah10x8hzsif4j1y4xc1miw23nx-glibc-2.42-67/lib/libc.so.6(+0x12407c) [0x72a25fb2407c]
AlgebraicRoot.mul: certification failed
backtrace:
.lake/build/bin/hexrealalgebraic_bench(+0x4ba0f45) [0x5d8eff764f45]
.lake/build/bin/hexrealalgebraic_bench(+0x4b97ad7) [0x5d8eff75bad7]
.lake/build/bin/hexrealalgebraic_bench(+0x4b97bbb) [0x5d8eff75bbbb]
.lake/build/bin/hexrealalgebraic_bench(+0xd8f173) [0x5d8efb953173]
.lake/build/bin/hexrealalgebraic_bench(+0xdba566) [0x5d8efb97e566]
.lake/build/bin/hexrealalgebraic_bench(+0xbdc216) [0x5d8efb7a0216]
.lake/build/bin/hexrealalgebraic_bench(+0xbdcac5) [0x5d8efb7a0ac5]
.lake/build/bin/hexrealalgebraic_bench(+0xc0bc20) [0x5d8efb7cfc20]
.lake/build/bin/hexrealalgebraic_bench(+0x4ba5e00) [0x5d8eff769e00]
.lake/build/bin/hexrealalgebraic_bench(+0xe01b53) [0x5d8efb9c5b53]
.lake/build/bin/hexrealalgebraic_bench(+0xe022a8) [0x5d8efb9c62a8]
.lake/build/bin/hexrealalgebraic_bench(+0xe03309) [0x5d8efb9c7309]
.lake/build/bin/hexrealalgebraic_bench(+0xe663e1) [0x5d8efba2a3e1]
.lake/build/bin/hexrealalgebraic_bench(+0x4ba5e00) [0x5d8eff769e00]
.lake/build/bin/hexrealalgebraic_bench(+0x4ba68c1) [0x5d8eff76a8c1]
.lake/build/bin/hexrealalgebraic_bench(+0x4ba68c1) [0x5d8eff76a8c1]
.lake/build/bin/hexrealalgebraic_bench(+0x4ba689e) [0x5d8eff76a89e]
.lake/build/bin/hexrealalgebraic_bench(+0x4ba689e) [0x5d8eff76a89e]
.lake/build/bin/hexrealalgebraic_bench(+0x4ba689e) [0x5d8eff76a89e]
.lake/build/bin/hexrealalgebraic_bench(+0x4ba689e) [0x5d8eff76a89e]
.lake/build/bin/hexrealalgebraic_bench(+0x4ba689e) [0x5d8eff76a89e]
.lake/build/bin/hexrealalgebraic_bench(+0x4ba689e) [0x5d8eff76a89e]
.lake/build/bin/hexrealalgebraic_bench(+0x4ba689e) [0x5d8eff76a89e]
.lake/build/bin/hexrealalgebraic_bench(+0x4ba689e) [0x5d8eff76a89e]
.lake/build/bin/hexrealalgebraic_bench(+0x4ba689e) [0x5d8eff76a89e]
.lake/build/bin/hexrealalgebraic_bench(+0x4b87197) [0x5d8eff74b197]
.lake/build/bin/hexrealalgebraic_bench(+0x4b8780a) [0x5d8eff74b80a]
/nix/store/qqiqd3ah10x8hzsif4j1y4xc1miw23nx-glibc-2.42-67/lib/libc.so.6(+0x9ce53) [0x72a25fa9ce53]
/nix/store/qqiqd3ah10x8hzsif4j1y4xc1miw23nx-glibc-2.42-67/lib/libc.so.6(+0x12407c) [0x72a25fb2407c]
AlgebraicRoot.add: certification failed
backtrace:
.lake/build/bin/hexrealalgebraic_bench(+0x4ba0f45) [0x5d8eff764f45]
.lake/build/bin/hexrealalgebraic_bench(+0x4b97ad7) [0x5d8eff75bad7]
.lake/build/bin/hexrealalgebraic_bench(+0x4b97bbb) [0x5d8eff75bbbb]
.lake/build/bin/hexrealalgebraic_bench(+0xd8ef17) [0x5d8efb952f17]
.lake/build/bin/hexrealalgebraic_bench(+0xdba546) [0x5d8efb97e546]
.lake/build/bin/hexrealalgebraic_bench(+0xbdc221) [0x5d8efb7a0221]
.lake/build/bin/hexrealalgebraic_bench(+0xbdcac5) [0x5d8efb7a0ac5]
.lake/build/bin/hexrealalgebraic_bench(+0xc0bc20) [0x5d8efb7cfc20]
.lake/build/bin/hexrealalgebraic_bench(+0x4ba5e00) [0x5d8eff769e00]
.lake/build/bin/hexrealalgebraic_bench(+0xe01b53) [0x5d8efb9c5b53]
.lake/build/bin/hexrealalgebraic_bench(+0xe022a8) [0x5d8efb9c62a8]
.lake/build/bin/hexrealalgebraic_bench(+0xe03309) [0x5d8efb9c7309]
.lake/build/bin/hexrealalgebraic_bench(+0xe663e1) [0x5d8efba2a3e1]
.lake/build/bin/hexrealalgebraic_bench(+0x4ba5e00) [0x5d8eff769e00]
.lake/build/bin/hexrealalgebraic_bench(+0x4ba68c1) [0x5d8eff76a8c1]
.lake/build/bin/hexrealalgebraic_bench(+0x4ba68c1) [0x5d8eff76a8c1]
.lake/build/bin/hexrealalgebraic_bench(+0x4ba689e) [0x5d8eff76a89e]
.lake/build/bin/hexrealalgebraic_bench(+0x4ba689e) [0x5d8eff76a89e]
.lake/build/bin/hexrealalgebraic_bench(+0x4ba689e) [0x5d8eff76a89e]
.lake/build/bin/hexrealalgebraic_bench(+0x4ba689e) [0x5d8eff76a89e]
.lake/build/bin/hexrealalgebraic_bench(+0x4ba689e) [0x5d8eff76a89e]
.lake/build/bin/hexrealalgebraic_bench(+0x4ba689e) [0x5d8eff76a89e]
.lake/build/bin/hexrealalgebraic_bench(+0x4ba689e) [0x5d8eff76a89e]
.lake/build/bin/hexrealalgebraic_bench(+0x4ba689e) [0x5d8eff76a89e]
.lake/build/bin/hexrealalgebraic_bench(+0x4ba689e) [0x5d8eff76a89e]
.lake/build/bin/hexrealalgebraic_bench(+0x4b87197) [0x5d8eff74b197]
.lake/build/bin/hexrealalgebraic_bench(+0x4b8780a) [0x5d8eff74b80a]
/nix/store/qqiqd3ah10x8hzsif4j1y4xc1miw23nx-glibc-2.42-67/lib/libc.so.6(+0x9ce53) [0x72a25fa9ce53]
/nix/store/qqiqd3ah10x8hzsif4j1y4xc1miw23nx-glibc-2.42-67/lib/libc.so.6(+0x12407c) [0x72a25fb2407c]
AlgebraicRoot.mul: certification failed
backtrace:
.lake/build/bin/hexrealalgebraic_bench(+0x4ba0f45) [0x5d8eff764f45]
.lake/build/bin/hexrealalgebraic_bench(+0x4b97ad7) [0x5d8eff75bad7]
.lake/build/bin/hexrealalgebraic_bench(+0x4b97bbb) [0x5d8eff75bbbb]
.lake/build/bin/hexrealalgebraic_bench(+0xd8f173) [0x5d8efb953173]
.lake/build/bin/hexrealalgebraic_bench(+0xdb7c09) [0x5d8efb97bc09]
.lake/build/bin/hexrealalgebraic_bench(+0xc2ff4a) [0x5d8efb7f3f4a]
.lake/build/bin/hexrealalgebraic_bench(+0xc4baf4) [0x5d8efb80faf4]
.lake/build/bin/hexrealalgebraic_bench(+0x4ba5e00) [0x5d8eff769e00]
.lake/build/bin/hexrealalgebraic_bench(+0xe01b53) [0x5d8efb9c5b53]
.lake/build/bin/hexrealalgebraic_bench(+0xe022a8) [0x5d8efb9c62a8]
.lake/build/bin/hexrealalgebraic_bench(+0xe03309) [0x5d8efb9c7309]
.lake/build/bin/hexrealalgebraic_bench(+0xe663e1) [0x5d8efba2a3e1]
.lake/build/bin/hexrealalgebraic_bench(+0x4ba5e00) [0x5d8eff769e00]
.lake/build/bin/hexrealalgebraic_bench(+0x4ba68c1) [0x5d8eff76a8c1]
.lake/build/bin/hexrealalgebraic_bench(+0x4ba68c1) [0x5d8eff76a8c1]
.lake/build/bin/hexrealalgebraic_bench(+0x4ba689e) [0x5d8eff76a89e]
.lake/build/bin/hexrealalgebraic_bench(+0x4ba689e) [0x5d8eff76a89e]
.lake/build/bin/hexrealalgebraic_bench(+0x4ba689e) [0x5d8eff76a89e]
.lake/build/bin/hexrealalgebraic_bench(+0x4ba689e) [0x5d8eff76a89e]
.lake/build/bin/hexrealalgebraic_bench(+0x4ba689e) [0x5d8eff76a89e]
.lake/build/bin/hexrealalgebraic_bench(+0x4ba689e) [0x5d8eff76a89e]
.lake/build/bin/hexrealalgebraic_bench(+0x4ba689e) [0x5d8eff76a89e]
.lake/build/bin/hexrealalgebraic_bench(+0x4ba689e) [0x5d8eff76a89e]
.lake/build/bin/hexrealalgebraic_bench(+0x4ba689e) [0x5d8eff76a89e]
.lake/build/bin/hexrealalgebraic_bench(+0x4b87197) [0x5d8eff74b197]
.lake/build/bin/hexrealalgebraic_bench(+0x4b8780a) [0x5d8eff74b80a]
/nix/store/qqiqd3ah10x8hzsif4j1y4xc1miw23nx-glibc-2.42-67/lib/libc.so.6(+0x9ce53) [0x72a25fa9ce53]
/nix/store/qqiqd3ah10x8hzsif4j1y4xc1miw23nx-glibc-2.42-67/lib/libc.so.6(+0x12407c) [0x72a25fb2407c]
AlgebraicRoot.add: certification failed
backtrace:
.lake/build/bin/hexrealalgebraic_bench(+0x4ba0f45) [0x5d8eff764f45]
.lake/build/bin/hexrealalgebraic_bench(+0x4b97ad7) [0x5d8eff75bad7]
.lake/build/bin/hexrealalgebraic_bench(+0x4b97bbb) [0x5d8eff75bbbb]
.lake/build/bin/hexrealalgebraic_bench(+0xd8ef17) [0x5d8efb952f17]
.lake/build/bin/hexrealalgebraic_bench(+0xc2ff4a) [0x5d8efb7f3f4a]
.lake/build/bin/hexrealalgebraic_bench(+0xc4baf4) [0x5d8efb80faf4]
.lake/build/bin/hexrealalgebraic_bench(+0x4ba5e00) [0x5d8eff769e00]
.lake/build/bin/hexrealalgebraic_bench(+0xe01b53) [0x5d8efb9c5b53]
.lake/build/bin/hexrealalgebraic_bench(+0xe022a8) [0x5d8efb9c62a8]
.lake/build/bin/hexrealalgebraic_bench(+0xe03309) [0x5d8efb9c7309]
.lake/build/bin/hexrealalgebraic_bench(+0xe663e1) [0x5d8efba2a3e1]
.lake/build/bin/hexrealalgebraic_bench(+0x4ba5e00) [0x5d8eff769e00]
.lake/build/bin/hexrealalgebraic_bench(+0x4ba68c1) [0x5d8eff76a8c1]
.lake/build/bin/hexrealalgebraic_bench(+0x4ba68c1) [0x5d8eff76a8c1]
.lake/build/bin/hexrealalgebraic_bench(+0x4ba689e) [0x5d8eff76a89e]
.lake/build/bin/hexrealalgebraic_bench(+0x4ba689e) [0x5d8eff76a89e]
.lake/build/bin/hexrealalgebraic_bench(+0x4ba689e) [0x5d8eff76a89e]
.lake/build/bin/hexrealalgebraic_bench(+0x4ba689e) [0x5d8eff76a89e]
.lake/build/bin/hexrealalgebraic_bench(+0x4ba689e) [0x5d8eff76a89e]
.lake/build/bin/hexrealalgebraic_bench(+0x4ba689e) [0x5d8eff76a89e]
.lake/build/bin/hexrealalgebraic_bench(+0x4ba689e) [0x5d8eff76a89e]
.lake/build/bin/hexrealalgebraic_bench(+0x4ba689e) [0x5d8eff76a89e]
.lake/build/bin/hexrealalgebraic_bench(+0x4ba689e) [0x5d8eff76a89e]
.lake/build/bin/hexrealalgebraic_bench(+0x4b87197) [0x5d8eff74b197]
.lake/build/bin/hexrealalgebraic_bench(+0x4b8780a) [0x5d8eff74b80a]
/nix/store/qqiqd3ah10x8hzsif4j1y4xc1miw23nx-glibc-2.42-67/lib/libc.so.6(+0x9ce53) [0x72a25fa9ce53]
/nix/store/qqiqd3ah10x8hzsif4j1y4xc1miw23nx-glibc-2.42-67/lib/libc.so.6(+0x12407c) [0x72a25fb2407c]
AlgebraicRoot.add: certification failed
backtrace:
.lake/build/bin/hexrealalgebraic_bench(+0x4ba0f45) [0x5d8eff764f45]
.lake/build/bin/hexrealalgebraic_bench(+0x4b97ad7) [0x5d8eff75bad7]
.lake/build/bin/hexrealalgebraic_bench(+0x4b97bbb) [0x5d8eff75bbbb]
.lake/build/bin/hexrealalgebraic_bench(+0xd8ef17) [0x5d8efb952f17]
.lake/build/bin/hexrealalgebraic_bench(+0xdc5fbf) [0x5d8efb989fbf]
.lake/build/bin/hexrealalgebraic_bench(+0xc2ff64) [0x5d8efb7f3f64]
.lake/build/bin/hexrealalgebraic_bench(+0xc4baf4) [0x5d8efb80faf4]
.lake/build/bin/hexrealalgebraic_bench(+0x4ba5e00) [0x5d8eff769e00]
.lake/build/bin/hexrealalgebraic_bench(+0xe01b53) [0x5d8efb9c5b53]
.lake/build/bin/hexrealalgebraic_bench(+0xe022a8) [0x5d8efb9c62a8]
.lake/build/bin/hexrealalgebraic_bench(+0xe03309) [0x5d8efb9c7309]
.lake/build/bin/hexrealalgebraic_bench(+0xe663e1) [0x5d8efba2a3e1]
.lake/build/bin/hexrealalgebraic_bench(+0x4ba5e00) [0x5d8eff769e00]
.lake/build/bin/hexrealalgebraic_bench(+0x4ba68c1) [0x5d8eff76a8c1]
.lake/build/bin/hexrealalgebraic_bench(+0x4ba68c1) [0x5d8eff76a8c1]
.lake/build/bin/hexrealalgebraic_bench(+0x4ba689e) [0x5d8eff76a89e]
.lake/build/bin/hexrealalgebraic_bench(+0x4ba689e) [0x5d8eff76a89e]
.lake/build/bin/hexrealalgebraic_bench(+0x4ba689e) [0x5d8eff76a89e]
.lake/build/bin/hexrealalgebraic_bench(+0x4ba689e) [0x5d8eff76a89e]
.lake/build/bin/hexrealalgebraic_bench(+0x4ba689e) [0x5d8eff76a89e]
.lake/build/bin/hexrealalgebraic_bench(+0x4ba689e) [0x5d8eff76a89e]
.lake/build/bin/hexrealalgebraic_bench(+0x4ba689e) [0x5d8eff76a89e]
.lake/build/bin/hexrealalgebraic_bench(+0x4ba689e) [0x5d8eff76a89e]
.lake/build/bin/hexrealalgebraic_bench(+0x4ba689e) [0x5d8eff76a89e]
.lake/build/bin/hexrealalgebraic_bench(+0x4b87197) [0x5d8eff74b197]
.lake/build/bin/hexrealalgebraic_bench(+0x4b8780a) [0x5d8eff74b80a]
/nix/store/qqiqd3ah10x8hzsif4j1y4xc1miw23nx-glibc-2.42-67/lib/libc.so.6(+0x9ce53) [0x72a25fa9ce53]
/nix/store/qqiqd3ah10x8hzsif4j1y4xc1miw23nx-glibc-2.42-67/lib/libc.so.6(+0x12407c) [0x72a25fb2407c]
AlgebraicRoot.mul: certification failed
backtrace:
.lake/build/bin/hexrealalgebraic_bench(+0x4ba0f45) [0x5d8eff764f45]
.lake/build/bin/hexrealalgebraic_bench(+0x4b97ad7) [0x5d8eff75bad7]
.lake/build/bin/hexrealalgebraic_bench(+0x4b97bbb) [0x5d8eff75bbbb]
.lake/build/bin/hexrealalgebraic_bench(+0xd8f173) [0x5d8efb953173]
.lake/build/bin/hexrealalgebraic_bench(+0x4ba13e6) [0x5d8eff7653e6]
.lake/build/bin/hexrealalgebraic_bench(+0xdc6104) [0x5d8efb98a104]
.lake/build/bin/hexrealalgebraic_bench(+0xc2ff77) [0x5d8efb7f3f77]
.lake/build/bin/hexrealalgebraic_bench(+0xc4baf4) [0x5d8efb80faf4]
.lake/build/bin/hexrealalgebraic_bench(+0x4ba5e00) [0x5d8eff769e00]
.lake/build/bin/hexrealalgebraic_bench(+0xe01b53) [0x5d8efb9c5b53]
.lake/build/bin/hexrealalgebraic_bench(+0xe022a8) [0x5d8efb9c62a8]
.lake/build/bin/hexrealalgebraic_bench(+0xe03309) [0x5d8efb9c7309]
.lake/build/bin/hexrealalgebraic_bench(+0xe663e1) [0x5d8efba2a3e1]
.lake/build/bin/hexrealalgebraic_bench(+0x4ba5e00) [0x5d8eff769e00]
.lake/build/bin/hexrealalgebraic_bench(+0x4ba68c1) [0x5d8eff76a8c1]
.lake/build/bin/hexrealalgebraic_bench(+0x4ba68c1) [0x5d8eff76a8c1]
.lake/build/bin/hexrealalgebraic_bench(+0x4ba689e) [0x5d8eff76a89e]
.lake/build/bin/hexrealalgebraic_bench(+0x4ba689e) [0x5d8eff76a89e]
.lake/build/bin/hexrealalgebraic_bench(+0x4ba689e) [0x5d8eff76a89e]
.lake/build/bin/hexrealalgebraic_bench(+0x4ba689e) [0x5d8eff76a89e]
.lake/build/bin/hexrealalgebraic_bench(+0x4ba689e) [0x5d8eff76a89e]
.lake/build/bin/hexrealalgebraic_bench(+0x4ba689e) [0x5d8eff76a89e]
.lake/build/bin/hexrealalgebraic_bench(+0x4ba689e) [0x5d8eff76a89e]
.lake/build/bin/hexrealalgebraic_bench(+0x4ba689e) [0x5d8eff76a89e]
.lake/build/bin/hexrealalgebraic_bench(+0x4ba689e) [0x5d8eff76a89e]
.lake/build/bin/hexrealalgebraic_bench(+0x4b87197) [0x5d8eff74b197]
.lake/build/bin/hexrealalgebraic_bench(+0x4b8780a) [0x5d8eff74b80a]
/nix/store/qqiqd3ah10x8hzsif4j1y4xc1miw23nx-glibc-2.42-67/lib/libc.so.6(+0x9ce53) [0x72a25fa9ce53]
/nix/store/qqiqd3ah10x8hzsif4j1y4xc1miw23nx-glibc-2.42-67/lib/libc.so.6(+0x12407c) [0x72a25fb2407c]
AlgebraicRoot.mul: certification failed
backtrace:
.lake/build/bin/hexrealalgebraic_bench(+0x4ba0f45) [0x5d8eff764f45]
.lake/build/bin/hexrealalgebraic_bench(+0x4b97ad7) [0x5d8eff75bad7]
.lake/build/bin/hexrealalgebraic_bench(+0x4b97bbb) [0x5d8eff75bbbb]
.lake/build/bin/hexrealalgebraic_bench(+0xd8f173) [0x5d8efb953173]
.lake/build/bin/hexrealalgebraic_bench(+0xdaed99) [0x5d8efb972d99]
.lake/build/bin/hexrealalgebraic_bench(+0xdaed69) [0x5d8efb972d69]
.lake/build/bin/hexrealalgebraic_bench(+0xdaed69) [0x5d8efb972d69]
.lake/build/bin/hexrealalgebraic_bench(+0xdaf0e7) [0x5d8efb9730e7]
.lake/build/bin/hexrealalgebraic_bench(+0xdba5b6) [0x5d8efb97e5b6]
.lake/build/bin/hexrealalgebraic_bench(+0xc53040) [0x5d8efb817040]
.lake/build/bin/hexrealalgebraic_bench(+0xc5dd2b) [0x5d8efb821d2b]
.lake/build/bin/hexrealalgebraic_bench(+0x4ba5e00) [0x5d8eff769e00]
.lake/build/bin/hexrealalgebraic_bench(+0xe01b53) [0x5d8efb9c5b53]
.lake/build/bin/hexrealalgebraic_bench(+0xe022a8) [0x5d8efb9c62a8]
.lake/build/bin/hexrealalgebraic_bench(+0xe03309) [0x5d8efb9c7309]
.lake/build/bin/hexrealalgebraic_bench(+0xe663e1) [0x5d8efba2a3e1]
.lake/build/bin/hexrealalgebraic_bench(+0x4ba5e00) [0x5d8eff769e00]
.lake/build/bin/hexrealalgebraic_bench(+0x4ba68c1) [0x5d8eff76a8c1]
.lake/build/bin/hexrealalgebraic_bench(+0x4ba68c1) [0x5d8eff76a8c1]
.lake/build/bin/hexrealalgebraic_bench(+0x4ba689e) [0x5d8eff76a89e]
.lake/build/bin/hexrealalgebraic_bench(+0x4ba689e) [0x5d8eff76a89e]
.lake/build/bin/hexrealalgebraic_bench(+0x4ba689e) [0x5d8eff76a89e]
.lake/build/bin/hexrealalgebraic_bench(+0x4ba689e) [0x5d8eff76a89e]
.lake/build/bin/hexrealalgebraic_bench(+0x4ba689e) [0x5d8eff76a89e]
.lake/build/bin/hexrealalgebraic_bench(+0x4ba689e) [0x5d8eff76a89e]
.lake/build/bin/hexrealalgebraic_bench(+0x4ba689e) [0x5d8eff76a89e]
.lake/build/bin/hexrealalgebraic_bench(+0x4ba689e) [0x5d8eff76a89e]
.lake/build/bin/hexrealalgebraic_bench(+0x4ba689e) [0x5d8eff76a89e]
.lake/build/bin/hexrealalgebraic_bench(+0x4b87197) [0x5d8eff74b197]
.lake/build/bin/hexrealalgebraic_bench(+0x4b8780a) [0x5d8eff74b80a]
/nix/store/qqiqd3ah10x8hzsif4j1y4xc1miw23nx-glibc-2.42-67/lib/libc.so.6(+0x9ce53) [0x72a25fa9ce53]
/nix/store/qqiqd3ah10x8hzsif4j1y4xc1miw23nx-glibc-2.42-67/lib/libc.so.6(+0x12407c) [0x72a25fb2407c]
AlgebraicRoot.mul: certification failed
backtrace:
.lake/build/bin/hexrealalgebraic_bench(+0x4ba0f45) [0x5d8eff764f45]
.lake/build/bin/hexrealalgebraic_bench(+0x4b97ad7) [0x5d8eff75bad7]
.lake/build/bin/hexrealalgebraic_bench(+0x4b97bbb) [0x5d8eff75bbbb]
.lake/build/bin/hexrealalgebraic_bench(+0xd8f173) [0x5d8efb953173]
.lake/build/bin/hexrealalgebraic_bench(+0xdaed69) [0x5d8efb972d69]
.lake/build/bin/hexrealalgebraic_bench(+0xdaed69) [0x5d8efb972d69]
.lake/build/bin/hexrealalgebraic_bench(+0xdaf0e7) [0x5d8efb9730e7]
.lake/build/bin/hexrealalgebraic_bench(+0xdba5b6) [0x5d8efb97e5b6]
.lake/build/bin/hexrealalgebraic_bench(+0xc53040) [0x5d8efb817040]
.lake/build/bin/hexrealalgebraic_bench(+0xc5dd2b) [0x5d8efb821d2b]
.lake/build/bin/hexrealalgebraic_bench(+0x4ba5e00) [0x5d8eff769e00]
.lake/build/bin/hexrealalgebraic_bench(+0xe01b53) [0x5d8efb9c5b53]
.lake/build/bin/hexrealalgebraic_bench(+0xe022a8) [0x5d8efb9c62a8]
.lake/build/bin/hexrealalgebraic_bench(+0xe03309) [0x5d8efb9c7309]
.lake/build/bin/hexrealalgebraic_bench(+0xe663e1) [0x5d8efba2a3e1]
.lake/build/bin/hexrealalgebraic_bench(+0x4ba5e00) [0x5d8eff769e00]
.lake/build/bin/hexrealalgebraic_bench(+0x4ba68c1) [0x5d8eff76a8c1]
.lake/build/bin/hexrealalgebraic_bench(+0x4ba68c1) [0x5d8eff76a8c1]
.lake/build/bin/hexrealalgebraic_bench(+0x4ba689e) [0x5d8eff76a89e]
.lake/build/bin/hexrealalgebraic_bench(+0x4ba689e) [0x5d8eff76a89e]
.lake/build/bin/hexrealalgebraic_bench(+0x4ba689e) [0x5d8eff76a89e]
.lake/build/bin/hexrealalgebraic_bench(+0x4ba689e) [0x5d8eff76a89e]
.lake/build/bin/hexrealalgebraic_bench(+0x4ba689e) [0x5d8eff76a89e]
.lake/build/bin/hexrealalgebraic_bench(+0x4ba689e) [0x5d8eff76a89e]
.lake/build/bin/hexrealalgebraic_bench(+0x4ba689e) [0x5d8eff76a89e]
.lake/build/bin/hexrealalgebraic_bench(+0x4ba689e) [0x5d8eff76a89e]
.lake/build/bin/hexrealalgebraic_bench(+0x4ba689e) [0x5d8eff76a89e]
.lake/build/bin/hexrealalgebraic_bench(+0x4b87197) [0x5d8eff74b197]
.lake/build/bin/hexrealalgebraic_bench(+0x4b8780a) [0x5d8eff74b80a]
/nix/store/qqiqd3ah10x8hzsif4j1y4xc1miw23nx-glibc-2.42-67/lib/libc.so.6(+0x9ce53) [0x72a25fa9ce53]
/nix/store/qqiqd3ah10x8hzsif4j1y4xc1miw23nx-glibc-2.42-67/lib/libc.so.6(+0x12407c) [0x72a25fb2407c]
AlgebraicRoot.mul: certification failed
backtrace:
.lake/build/bin/hexrealalgebraic_bench(+0x4ba0f45) [0x5d8eff764f45]
.lake/build/bin/hexrealalgebraic_bench(+0x4b97ad7) [0x5d8eff75bad7]
.lake/build/bin/hexrealalgebraic_bench(+0x4b97bbb) [0x5d8eff75bbbb]
.lake/build/bin/hexrealalgebraic_bench(+0xd8f173) [0x5d8efb953173]
.lake/build/bin/hexrealalgebraic_bench(+0xdaed99) [0x5d8efb972d99]
.lake/build/bin/hexrealalgebraic_bench(+0xdaed69) [0x5d8efb972d69]
.lake/build/bin/hexrealalgebraic_bench(+0xdaf0e7) [0x5d8efb9730e7]
.lake/build/bin/hexrealalgebraic_bench(+0xdba5b6) [0x5d8efb97e5b6]
.lake/build/bin/hexrealalgebraic_bench(+0xc53040) [0x5d8efb817040]
.lake/build/bin/hexrealalgebraic_bench(+0xc5dd2b) [0x5d8efb821d2b]
.lake/build/bin/hexrealalgebraic_bench(+0x4ba5e00) [0x5d8eff769e00]
.lake/build/bin/hexrealalgebraic_bench(+0xe01b53) [0x5d8efb9c5b53]
.lake/build/bin/hexrealalgebraic_bench(+0xe022a8) [0x5d8efb9c62a8]
.lake/build/bin/hexrealalgebraic_bench(+0xe03309) [0x5d8efb9c7309]
.lake/build/bin/hexrealalgebraic_bench(+0xe663e1) [0x5d8efba2a3e1]
.lake/build/bin/hexrealalgebraic_bench(+0x4ba5e00) [0x5d8eff769e00]
.lake/build/bin/hexrealalgebraic_bench(+0x4ba68c1) [0x5d8eff76a8c1]
.lake/build/bin/hexrealalgebraic_bench(+0x4ba68c1) [0x5d8eff76a8c1]
.lake/build/bin/hexrealalgebraic_bench(+0x4ba689e) [0x5d8eff76a89e]
.lake/build/bin/hexrealalgebraic_bench(+0x4ba689e) [0x5d8eff76a89e]
.lake/build/bin/hexrealalgebraic_bench(+0x4ba689e) [0x5d8eff76a89e]
.lake/build/bin/hexrealalgebraic_bench(+0x4ba689e) [0x5d8eff76a89e]
.lake/build/bin/hexrealalgebraic_bench(+0x4ba689e) [0x5d8eff76a89e]
.lake/build/bin/hexrealalgebraic_bench(+0x4ba689e) [0x5d8eff76a89e]
.lake/build/bin/hexrealalgebraic_bench(+0x4ba689e) [0x5d8eff76a89e]
.lake/build/bin/hexrealalgebraic_bench(+0x4ba689e) [0x5d8eff76a89e]
.lake/build/bin/hexrealalgebraic_bench(+0x4ba689e) [0x5d8eff76a89e]
.lake/build/bin/hexrealalgebraic_bench(+0x4b87197) [0x5d8eff74b197]
.lake/build/bin/hexrealalgebraic_bench(+0x4b8780a) [0x5d8eff74b80a]
/nix/store/qqiqd3ah10x8hzsif4j1y4xc1miw23nx-glibc-2.42-67/lib/libc.so.6(+0x9ce53) [0x72a25fa9ce53]
/nix/store/qqiqd3ah10x8hzsif4j1y4xc1miw23nx-glibc-2.42-67/lib/libc.so.6(+0x12407c) [0x72a25fb2407c]
AlgebraicRoot.mul: certification failed
backtrace:
.lake/build/bin/hexrealalgebraic_bench(+0x4ba0f45) [0x5d8eff764f45]
.lake/build/bin/hexrealalgebraic_bench(+0x4b97ad7) [0x5d8eff75bad7]
.lake/build/bin/hexrealalgebraic_bench(+0x4b97bbb) [0x5d8eff75bbbb]
.lake/build/bin/hexrealalgebraic_bench(+0xd8f173) [0x5d8efb953173]
.lake/build/bin/hexrealalgebraic_bench(+0xdaed69) [0x5d8efb972d69]
.lake/build/bin/hexrealalgebraic_bench(+0xdaf0e7) [0x5d8efb9730e7]
.lake/build/bin/hexrealalgebraic_bench(+0xdba5b6) [0x5d8efb97e5b6]
.lake/build/bin/hexrealalgebraic_bench(+0xc53040) [0x5d8efb817040]
.lake/build/bin/hexrealalgebraic_bench(+0xc5dd2b) [0x5d8efb821d2b]
.lake/build/bin/hexrealalgebraic_bench(+0x4ba5e00) [0x5d8eff769e00]
.lake/build/bin/hexrealalgebraic_bench(+0xe01b53) [0x5d8efb9c5b53]
.lake/build/bin/hexrealalgebraic_bench(+0xe022a8) [0x5d8efb9c62a8]
.lake/build/bin/hexrealalgebraic_bench(+0xe03309) [0x5d8efb9c7309]
.lake/build/bin/hexrealalgebraic_bench(+0xe663e1) [0x5d8efba2a3e1]
.lake/build/bin/hexrealalgebraic_bench(+0x4ba5e00) [0x5d8eff769e00]
.lake/build/bin/hexrealalgebraic_bench(+0x4ba68c1) [0x5d8eff76a8c1]
.lake/build/bin/hexrealalgebraic_bench(+0x4ba68c1) [0x5d8eff76a8c1]
.lake/build/bin/hexrealalgebraic_bench(+0x4ba689e) [0x5d8eff76a89e]
.lake/build/bin/hexrealalgebraic_bench(+0x4ba689e) [0x5d8eff76a89e]
.lake/build/bin/hexrealalgebraic_bench(+0x4ba689e) [0x5d8eff76a89e]
.lake/build/bin/hexrealalgebraic_bench(+0x4ba689e) [0x5d8eff76a89e]
.lake/build/bin/hexrealalgebraic_bench(+0x4ba689e) [0x5d8eff76a89e]
.lake/build/bin/hexrealalgebraic_bench(+0x4ba689e) [0x5d8eff76a89e]
.lake/build/bin/hexrealalgebraic_bench(+0x4ba689e) [0x5d8eff76a89e]
.lake/build/bin/hexrealalgebraic_bench(+0x4ba689e) [0x5d8eff76a89e]
.lake/build/bin/hexrealalgebraic_bench(+0x4ba689e) [0x5d8eff76a89e]
.lake/build/bin/hexrealalgebraic_bench(+0x4b87197) [0x5d8eff74b197]
.lake/build/bin/hexrealalgebraic_bench(+0x4b8780a) [0x5d8eff74b80a]
/nix/store/qqiqd3ah10x8hzsif4j1y4xc1miw23nx-glibc-2.42-67/lib/libc.so.6(+0x9ce53) [0x72a25fa9ce53]
/nix/store/qqiqd3ah10x8hzsif4j1y4xc1miw23nx-glibc-2.42-67/lib/libc.so.6(+0x12407c) [0x72a25fb2407c]
AlgebraicRoot.mul: certification failed
backtrace:
.lake/build/bin/hexrealalgebraic_bench(+0x4ba0f45) [0x5d8eff764f45]
.lake/build/bin/hexrealalgebraic_bench(+0x4b97ad7) [0x5d8eff75bad7]
.lake/build/bin/hexrealalgebraic_bench(+0x4b97bbb) [0x5d8eff75bbbb]
.lake/build/bin/hexrealalgebraic_bench(+0xd8f173) [0x5d8efb953173]
.lake/build/bin/hexrealalgebraic_bench(+0xdaed99) [0x5d8efb972d99]
.lake/build/bin/hexrealalgebraic_bench(+0xdaf0e7) [0x5d8efb9730e7]
.lake/build/bin/hexrealalgebraic_bench(+0xdba5b6) [0x5d8efb97e5b6]
.lake/build/bin/hexrealalgebraic_bench(+0xc53040) [0x5d8efb817040]
.lake/build/bin/hexrealalgebraic_bench(+0xc5dd2b) [0x5d8efb821d2b]
.lake/build/bin/hexrealalgebraic_bench(+0x4ba5e00) [0x5d8eff769e00]
.lake/build/bin/hexrealalgebraic_bench(+0xe01b53) [0x5d8efb9c5b53]
.lake/build/bin/hexrealalgebraic_bench(+0xe022a8) [0x5d8efb9c62a8]
.lake/build/bin/hexrealalgebraic_bench(+0xe03309) [0x5d8efb9c7309]
.lake/build/bin/hexrealalgebraic_bench(+0xe663e1) [0x5d8efba2a3e1]
.lake/build/bin/hexrealalgebraic_bench(+0x4ba5e00) [0x5d8eff769e00]
.lake/build/bin/hexrealalgebraic_bench(+0x4ba68c1) [0x5d8eff76a8c1]
.lake/build/bin/hexrealalgebraic_bench(+0x4ba68c1) [0x5d8eff76a8c1]
.lake/build/bin/hexrealalgebraic_bench(+0x4ba689e) [0x5d8eff76a89e]
.lake/build/bin/hexrealalgebraic_bench(+0x4ba689e) [0x5d8eff76a89e]
.lake/build/bin/hexrealalgebraic_bench(+0x4ba689e) [0x5d8eff76a89e]
.lake/build/bin/hexrealalgebraic_bench(+0x4ba689e) [0x5d8eff76a89e]
.lake/build/bin/hexrealalgebraic_bench(+0x4ba689e) [0x5d8eff76a89e]
.lake/build/bin/hexrealalgebraic_bench(+0x4ba689e) [0x5d8eff76a89e]
.lake/build/bin/hexrealalgebraic_bench(+0x4ba689e) [0x5d8eff76a89e]
.lake/build/bin/hexrealalgebraic_bench(+0x4ba689e) [0x5d8eff76a89e]
.lake/build/bin/hexrealalgebraic_bench(+0x4ba689e) [0x5d8eff76a89e]
.lake/build/bin/hexrealalgebraic_bench(+0x4b87197) [0x5d8eff74b197]
.lake/build/bin/hexrealalgebraic_bench(+0x4b8780a) [0x5d8eff74b80a]
/nix/store/qqiqd3ah10x8hzsif4j1y4xc1miw23nx-glibc-2.42-67/lib/libc.so.6(+0x9ce53) [0x72a25fa9ce53]
/nix/store/qqiqd3ah10x8hzsif4j1y4xc1miw23nx-glibc-2.42-67/lib/libc.so.6(+0x12407c) [0x72a25fb2407c]
AlgebraicRoot.mul: certification failed
backtrace:
.lake/build/bin/hexrealalgebraic_bench(+0x4ba0f45) [0x5d8eff764f45]
.lake/build/bin/hexrealalgebraic_bench(+0x4b97ad7) [0x5d8eff75bad7]
.lake/build/bin/hexrealalgebraic_bench(+0x4b97bbb) [0x5d8eff75bbbb]
.lake/build/bin/hexrealalgebraic_bench(+0xd8f173) [0x5d8efb953173]
.lake/build/bin/hexrealalgebraic_bench(+0xdaf0e7) [0x5d8efb9730e7]
.lake/build/bin/hexrealalgebraic_bench(+0xdba5b6) [0x5d8efb97e5b6]
.lake/build/bin/hexrealalgebraic_bench(+0xc53040) [0x5d8efb817040]
.lake/build/bin/hexrealalgebraic_bench(+0xc5dd2b) [0x5d8efb821d2b]
.lake/build/bin/hexrealalgebraic_bench(+0x4ba5e00) [0x5d8eff769e00]
.lake/build/bin/hexrealalgebraic_bench(+0xe01b53) [0x5d8efb9c5b53]
.lake/build/bin/hexrealalgebraic_bench(+0xe022a8) [0x5d8efb9c62a8]
.lake/build/bin/hexrealalgebraic_bench(+0xe03309) [0x5d8efb9c7309]
.lake/build/bin/hexrealalgebraic_bench(+0xe663e1) [0x5d8efba2a3e1]
.lake/build/bin/hexrealalgebraic_bench(+0x4ba5e00) [0x5d8eff769e00]
.lake/build/bin/hexrealalgebraic_bench(+0x4ba68c1) [0x5d8eff76a8c1]
.lake/build/bin/hexrealalgebraic_bench(+0x4ba68c1) [0x5d8eff76a8c1]
.lake/build/bin/hexrealalgebraic_bench(+0x4ba689e) [0x5d8eff76a89e]
.lake/build/bin/hexrealalgebraic_bench(+0x4ba689e) [0x5d8eff76a89e]
.lake/build/bin/hexrealalgebraic_bench(+0x4ba689e) [0x5d8eff76a89e]
.lake/build/bin/hexrealalgebraic_bench(+0x4ba689e) [0x5d8eff76a89e]
.lake/build/bin/hexrealalgebraic_bench(+0x4ba689e) [0x5d8eff76a89e]
.lake/build/bin/hexrealalgebraic_bench(+0x4ba689e) [0x5d8eff76a89e]
.lake/build/bin/hexrealalgebraic_bench(+0x4ba689e) [0x5d8eff76a89e]
.lake/build/bin/hexrealalgebraic_bench(+0x4ba689e) [0x5d8eff76a89e]
.lake/build/bin/hexrealalgebraic_bench(+0x4ba689e) [0x5d8eff76a89e]
.lake/build/bin/hexrealalgebraic_bench(+0x4b87197) [0x5d8eff74b197]
.lake/build/bin/hexrealalgebraic_bench(+0x4b8780a) [0x5d8eff74b80a]
/nix/store/qqiqd3ah10x8hzsif4j1y4xc1miw23nx-glibc-2.42-67/lib/libc.so.6(+0x9ce53) [0x72a25fa9ce53]
/nix/store/qqiqd3ah10x8hzsif4j1y4xc1miw23nx-glibc-2.42-67/lib/libc.so.6(+0x12407c) [0x72a25fb2407c]
AlgebraicRoot.add: certification failed
backtrace:
.lake/build/bin/hexrealalgebraic_bench(+0x4ba0f45) [0x5d8eff764f45]
.lake/build/bin/hexrealalgebraic_bench(+0x4b97ad7) [0x5d8eff75bad7]
.lake/build/bin/hexrealalgebraic_bench(+0x4b97bbb) [0x5d8eff75bbbb]
.lake/build/bin/hexrealalgebraic_bench(+0xd8ef17) [0x5d8efb952f17]
.lake/build/bin/hexrealalgebraic_bench(+0xdba546) [0x5d8efb97e546]
.lake/build/bin/hexrealalgebraic_bench(+0xbdc1f2) [0x5d8efb7a01f2]
.lake/build/bin/hexrealalgebraic_bench(+0xbdcac5) [0x5d8efb7a0ac5]
.lake/build/bin/hexrealalgebraic_bench(+0xc105a0) [0x5d8efb7d45a0]
.lake/build/bin/hexrealalgebraic_bench(+0x4ba5e00) [0x5d8eff769e00]
.lake/build/bin/hexrealalgebraic_bench(+0xe01b53) [0x5d8efb9c5b53]
.lake/build/bin/hexrealalgebraic_bench(+0xe022a8) [0x5d8efb9c62a8]
.lake/build/bin/hexrealalgebraic_bench(+0xe03309) [0x5d8efb9c7309]
.lake/build/bin/hexrealalgebraic_bench(+0xe663e1) [0x5d8efba2a3e1]
.lake/build/bin/hexrealalgebraic_bench(+0x4ba5e00) [0x5d8eff769e00]
.lake/build/bin/hexrealalgebraic_bench(+0x4ba68c1) [0x5d8eff76a8c1]
.lake/build/bin/hexrealalgebraic_bench(+0x4ba68c1) [0x5d8eff76a8c1]
.lake/build/bin/hexrealalgebraic_bench(+0x4ba689e) [0x5d8eff76a89e]
.lake/build/bin/hexrealalgebraic_bench(+0x4ba689e) [0x5d8eff76a89e]
.lake/build/bin/hexrealalgebraic_bench(+0x4ba689e) [0x5d8eff76a89e]
.lake/build/bin/hexrealalgebraic_bench(+0x4ba689e) [0x5d8eff76a89e]
.lake/build/bin/hexrealalgebraic_bench(+0x4ba689e) [0x5d8eff76a89e]
.lake/build/bin/hexrealalgebraic_bench(+0x4ba689e) [0x5d8eff76a89e]
.lake/build/bin/hexrealalgebraic_bench(+0x4ba689e) [0x5d8eff76a89e]
.lake/build/bin/hexrealalgebraic_bench(+0x4ba689e) [0x5d8eff76a89e]
.lake/build/bin/hexrealalgebraic_bench(+0x4ba689e) [0x5d8eff76a89e]
.lake/build/bin/hexrealalgebraic_bench(+0x4b87197) [0x5d8eff74b197]
.lake/build/bin/hexrealalgebraic_bench(+0x4b8780a) [0x5d8eff74b80a]
/nix/store/qqiqd3ah10x8hzsif4j1y4xc1miw23nx-glibc-2.42-67/lib/libc.so.6(+0x9ce53) [0x72a25fa9ce53]
/nix/store/qqiqd3ah10x8hzsif4j1y4xc1miw23nx-glibc-2.42-67/lib/libc.so.6(+0x12407c) [0x72a25fb2407c]
AlgebraicRoot.mul: certification failed
backtrace:
.lake/build/bin/hexrealalgebraic_bench(+0x4ba0f45) [0x5d8eff764f45]
.lake/build/bin/hexrealalgebraic_bench(+0x4b97ad7) [0x5d8eff75bad7]
.lake/build/bin/hexrealalgebraic_bench(+0x4b97bbb) [0x5d8eff75bbbb]
.lake/build/bin/hexrealalgebraic_bench(+0xd8f173) [0x5d8efb953173]
.lake/build/bin/hexrealalgebraic_bench(+0xdba566) [0x5d8efb97e566]
.lake/build/bin/hexrealalgebraic_bench(+0xbdc216) [0x5d8efb7a0216]
.lake/build/bin/hexrealalgebraic_bench(+0xbdcac5) [0x5d8efb7a0ac5]
.lake/build/bin/hexrealalgebraic_bench(+0xc105a0) [0x5d8efb7d45a0]
.lake/build/bin/hexrealalgebraic_bench(+0x4ba5e00) [0x5d8eff769e00]
.lake/build/bin/hexrealalgebraic_bench(+0xe01b53) [0x5d8efb9c5b53]
.lake/build/bin/hexrealalgebraic_bench(+0xe022a8) [0x5d8efb9c62a8]
.lake/build/bin/hexrealalgebraic_bench(+0xe03309) [0x5d8efb9c7309]
.lake/build/bin/hexrealalgebraic_bench(+0xe663e1) [0x5d8efba2a3e1]
.lake/build/bin/hexrealalgebraic_bench(+0x4ba5e00) [0x5d8eff769e00]
.lake/build/bin/hexrealalgebraic_bench(+0x4ba68c1) [0x5d8eff76a8c1]
.lake/build/bin/hexrealalgebraic_bench(+0x4ba68c1) [0x5d8eff76a8c1]
.lake/build/bin/hexrealalgebraic_bench(+0x4ba689e) [0x5d8eff76a89e]
.lake/build/bin/hexrealalgebraic_bench(+0x4ba689e) [0x5d8eff76a89e]
.lake/build/bin/hexrealalgebraic_bench(+0x4ba689e) [0x5d8eff76a89e]
.lake/build/bin/hexrealalgebraic_bench(+0x4ba689e) [0x5d8eff76a89e]
.lake/build/bin/hexrealalgebraic_bench(+0x4ba689e) [0x5d8eff76a89e]
.lake/build/bin/hexrealalgebraic_bench(+0x4ba689e) [0x5d8eff76a89e]
.lake/build/bin/hexrealalgebraic_bench(+0x4ba689e) [0x5d8eff76a89e]
.lake/build/bin/hexrealalgebraic_bench(+0x4ba689e) [0x5d8eff76a89e]
.lake/build/bin/hexrealalgebraic_bench(+0x4ba689e) [0x5d8eff76a89e]
.lake/build/bin/hexrealalgebraic_bench(+0x4b87197) [0x5d8eff74b197]
.lake/build/bin/hexrealalgebraic_bench(+0x4b8780a) [0x5d8eff74b80a]
/nix/store/qqiqd3ah10x8hzsif4j1y4xc1miw23nx-glibc-2.42-67/lib/libc.so.6(+0x9ce53) [0x72a25fa9ce53]
/nix/store/qqiqd3ah10x8hzsif4j1y4xc1miw23nx-glibc-2.42-67/lib/libc.so.6(+0x12407c) [0x72a25fb2407c]
AlgebraicRoot.add: certification failed
backtrace:
.lake/build/bin/hexrealalgebraic_bench(+0x4ba0f45) [0x5d8eff764f45]
.lake/build/bin/hexrealalgebraic_bench(+0x4b97ad7) [0x5d8eff75bad7]
.lake/build/bin/hexrealalgebraic_bench(+0x4b97bbb) [0x5d8eff75bbbb]
.lake/build/bin/hexrealalgebraic_bench(+0xd8ef17) [0x5d8efb952f17]
.lake/build/bin/hexrealalgebraic_bench(+0xdba546) [0x5d8efb97e546]
.lake/build/bin/hexrealalgebraic_bench(+0xbdc221) [0x5d8efb7a0221]
.lake/build/bin/hexrealalgebraic_bench(+0xbdcac5) [0x5d8efb7a0ac5]
.lake/build/bin/hexrealalgebraic_bench(+0xc105a0) [0x5d8efb7d45a0]
.lake/build/bin/hexrealalgebraic_bench(+0x4ba5e00) [0x5d8eff769e00]
.lake/build/bin/hexrealalgebraic_bench(+0xe01b53) [0x5d8efb9c5b53]
.lake/build/bin/hexrealalgebraic_bench(+0xe022a8) [0x5d8efb9c62a8]
.lake/build/bin/hexrealalgebraic_bench(+0xe03309) [0x5d8efb9c7309]
.lake/build/bin/hexrealalgebraic_bench(+0xe663e1) [0x5d8efba2a3e1]
.lake/build/bin/hexrealalgebraic_bench(+0x4ba5e00) [0x5d8eff769e00]
.lake/build/bin/hexrealalgebraic_bench(+0x4ba68c1) [0x5d8eff76a8c1]
.lake/build/bin/hexrealalgebraic_bench(+0x4ba68c1) [0x5d8eff76a8c1]
.lake/build/bin/hexrealalgebraic_bench(+0x4ba689e) [0x5d8eff76a89e]
.lake/build/bin/hexrealalgebraic_bench(+0x4ba689e) [0x5d8eff76a89e]
.lake/build/bin/hexrealalgebraic_bench(+0x4ba689e) [0x5d8eff76a89e]
.lake/build/bin/hexrealalgebraic_bench(+0x4ba689e) [0x5d8eff76a89e]
.lake/build/bin/hexrealalgebraic_bench(+0x4ba689e) [0x5d8eff76a89e]
.lake/build/bin/hexrealalgebraic_bench(+0x4ba689e) [0x5d8eff76a89e]
.lake/build/bin/hexrealalgebraic_bench(+0x4ba689e) [0x5d8eff76a89e]
.lake/build/bin/hexrealalgebraic_bench(+0x4ba689e) [0x5d8eff76a89e]
.lake/build/bin/hexrealalgebraic_bench(+0x4ba689e) [0x5d8eff76a89e]
.lake/build/bin/hexrealalgebraic_bench(+0x4b87197) [0x5d8eff74b197]
.lake/build/bin/hexrealalgebraic_bench(+0x4b8780a) [0x5d8eff74b80a]
/nix/store/qqiqd3ah10x8hzsif4j1y4xc1miw23nx-glibc-2.42-67/lib/libc.so.6(+0x9ce53) [0x72a25fa9ce53]
/nix/store/qqiqd3ah10x8hzsif4j1y4xc1miw23nx-glibc-2.42-67/lib/libc.so.6(+0x12407c) [0x72a25fb2407c]
verifying 196 benchmark(s)...
  [ok ] Hex.RealAlgebraicBench.runRationalCeil
  [ok ] Hex.RealAlgebraicBench.runMembership
  [ok ] Hex.RealAlgebraicBench.runPolyConstructors
  [ok ] Hex.RealAlgebraicBench.runRationalQuotient
  [ok ] Hex.RealAlgebraicBench.runExactifyRoots
  [ok ] Hex.RealAlgebraicBench.runRationalRecognition
  [ok ] Hex.RealAlgebraicBench.runLeafChecks
  [ok ] Hex.RealAlgebraicBench.runSortRoots
  [ok ] Hex.RealAlgebraicBench.runRootSet
  [ok ] Hex.RealAlgebraicBench.runRationalFloor
  [ok ] Hex.RealAlgebraicBench.runHardBareDiv  [fixed]
  [ok ] Hex.RealAlgebraicScaling.runFlintSqrt8Protocol  [fixed]
  [ok ] Hex.RealAlgebraicBench.runBareDiv  [fixed]
  [ok ] Hex.RealAlgebraicBench.runFlintQuadraticRoots2Protocol  [fixed]
  [ok ] Hex.RealAlgebraicScaling.runZ3Rational16Protocol  [fixed]
  [ok ] Hex.RealAlgebraicScaling.runZ3Compare64  [fixed]
  [ok ] Hex.RealAlgebraicScaling.runFlintCeil16Protocol  [fixed]
  [ok ] Hex.RealAlgebraicBench.runZ3QuadraticRoots2  [fixed]
  [ok ] Hex.RealAlgebraicBench.runBareNeg  [fixed]
  [ok ] Hex.RealAlgebraicScaling.runZ3Add4  [fixed]
  [ok ] Hex.RealAlgebraicBench.runFilterRoots  [fixed]
  [ok ] Hex.RealAlgebraicBench.runFlintQuadraticRoots2  [fixed]
  [ok ] Hex.RealAlgebraicScaling.runFlintCompare256  [fixed]
  [ok ] Hex.RealAlgebraicScaling.runFlintSqrt2  [fixed]
  [ok ] Hex.RealAlgebraicScaling.runFlintCeil4  [fixed]
  [ok ] Hex.RealAlgebraicScaling.runZ3Rational1024  [fixed]
  [ok ] Hex.RealAlgebraicScaling.runZ3Compare16  [fixed]
  [ok ] Hex.RealAlgebraicBench.runZ3RationalRoots8Protocol  [fixed]
  [ok ] Hex.RealAlgebraicBench.runRounding  [fixed]
  [ok ] Hex.RealAlgebraicBench.runHardBareIntPow  [fixed]
  [ok ] Hex.RealAlgebraicScaling.runZ3Compare4  [fixed]
  [ok ] Hex.RealAlgebraicScaling.runFlintCompare64Protocol  [fixed]
  [ok ] Hex.RealAlgebraicScaling.runFlintRational16Protocol  [fixed]
  [ok ] Hex.RealAlgebraicScaling.runFlintRational1024Protocol  [fixed]
  [ok ] Hex.RealAlgebraicBench.runCasts  [fixed]
  [ok ] Hex.RealAlgebraicBench.runFlintRationalRoots8Protocol  [fixed]
  [ok ] Hex.RealAlgebraicScaling.runZ3Compare256Protocol  [fixed]
  [ok ] Hex.RealAlgebraicBench.runFlintRationalRoots2  [fixed]
  [ok ] Hex.RealAlgebraicScaling.runZ3Compare4Protocol  [fixed]
  [ok ] Hex.RealAlgebraicBench.runAdd  [fixed]
  [ok ] Hex.RealAlgebraicScaling.runZ3Compare256  [fixed]
  [ok ] Hex.RealAlgebraicScaling.runFlintFloor16Protocol  [fixed]
  [ok ] Hex.RealAlgebraicBench.runFlintQuadraticRoots1Protocol  [fixed]
  [ok ] Hex.RealAlgebraicBench.runQqbarProtocol  [fixed]
  [ok ] Hex.RealAlgebraicScaling.runFlintAdd4Protocol  [fixed]
  [ok ] Hex.RealAlgebraicScaling.runFlintFloor256Protocol  [fixed]
  [ok ] Hex.RealAlgebraicScaling.runFlintFloor64  [fixed]
  [ok ] Hex.RealAlgebraicScaling.runFlintRational256Protocol  [fixed]
  [ok ] Hex.RealAlgebraicBench.runSub  [fixed]
  [ok ] Hex.RealAlgebraicScaling.runCompare256  [fixed]
  [ok ] Hex.RealAlgebraicBench.runHardNatPow  [fixed]
  [ok ] Hex.RealAlgebraicBench.runConj  [fixed]
  [ok ] Hex.RealAlgebraicBench.runZ3QuadraticRoots4Protocol  [fixed]
  [ok ] Hex.RealAlgebraicScaling.runZ3Compare64Protocol  [fixed]
  [ok ] Hex.RealAlgebraicScaling.runRational16  [fixed]
  [ok ] Hex.RealAlgebraicBench.runHardBareSub  [fixed]
  [ok ] Hex.RealAlgebraicScaling.runFlintAdd4  [fixed]
  [ok ] Hex.RealAlgebraicBench.runQuadraticRoots4  [fixed]
  [ok ] Hex.RealAlgebraicBench.runCompare  [fixed]
  [ok ] Hex.RealAlgebraicScaling.runZ3Rational64Protocol  [fixed]
  [ok ] Hex.RealAlgebraicScaling.runZ3Sqrt2Protocol  [fixed]
  [ok ] Hex.RealAlgebraicBench.runConstructors  [fixed]
  [ok ] Hex.RealAlgebraicBench.runEquality  [fixed]
  [ok ] Hex.RealAlgebraicBench.runZ3QuadraticRoots1Protocol  [fixed]
  [ok ] Hex.RealAlgebraicBench.runAbs  [fixed]
  [ok ] Hex.RealAlgebraicBench.runFlintRationalRoots2Protocol  [fixed]
  [ok ] Hex.RealAlgebraicScaling.runFlintSqrt8  [fixed]
  [ok ] Hex.RealAlgebraicBench.runHardBareNeg  [fixed]
  [ok ] Hex.RealAlgebraicBench.runHardSub  [fixed]
  [ok ] Hex.RealAlgebraicBench.runEightRoots  [fixed]
  [ok ] Hex.RealAlgebraicScaling.runZ3Sqrt2  [fixed]
  [ok ] Hex.RealAlgebraicScaling.runFlintRational64Protocol  [fixed]
  [ok ] Hex.RealAlgebraicBench.runFlintQuadraticRoots4Protocol  [fixed]
  [ok ] Hex.RealAlgebraicBench.runQuadraticRoots2  [fixed]
  [ok ] Hex.RealAlgebraicBench.runCompareExact  [fixed]
  [ok ] Hex.RealAlgebraicScaling.runZ3Rational256  [fixed]
  [ok ] Hex.RealAlgebraicBench.runRationalRoots8  [fixed]
  [ok ] Hex.RealAlgebraicBench.runHardNeg  [fixed]
  [ok ] Hex.RealAlgebraicBench.runFieldSign  [fixed]
  [ok ] Hex.RealAlgebraicBench.runZ3QuadraticRoots4  [fixed]
  [ok ] Hex.RealAlgebraicBench.runBareAdd  [fixed]
  [ok ] Hex.RealAlgebraicBench.runZ3RationalRoots2  [fixed]
  [ok ] Hex.RealAlgebraicBench.runMul  [fixed]
  [ok ] Hex.RealAlgebraicBench.runComplexAbs  [fixed]
  [ok ] Hex.RealAlgebraicBench.runIntPow  [fixed]
  [ok ] Hex.RealAlgebraicBench.runNatPow  [fixed]
  [ok ] Hex.RealAlgebraicBench.runBareIntPow  [fixed]
  [ok ] Hex.RealAlgebraicScaling.runSqrt8  [fixed]
  [ok ] Hex.RealAlgebraicBench.runOrder  [fixed]
  [ok ] Hex.RealAlgebraicBench.runHardBareNatPow  [fixed]
  [ok ] Hex.RealAlgebraicScaling.runCeil64  [fixed]
  [ok ] Hex.RealAlgebraicScaling.runCeil256  [fixed]
  [ok ] Hex.RealAlgebraicScaling.runFlintCompare64  [fixed]
  [ok ] Hex.RealAlgebraicBench.runApprox  [fixed]
  [ok ] Hex.RealAlgebraicBench.runHardBareAdd  [fixed]
  [ok ] Hex.RealAlgebraicScaling.runFlintAdd2  [fixed]
  [ok ] Hex.RealAlgebraicScaling.runFlintCompare4Protocol  [fixed]
  [ok ] Hex.RealAlgebraicBench.runCloseExact  [fixed]
  [ok ] Hex.RealAlgebraicBench.runQqbarCloseCompare  [fixed]
  [ok ] Hex.RealAlgebraicScaling.runFloor4  [fixed]
  [ok ] Hex.RealAlgebraicScaling.runFlintFloor256  [fixed]
  [ok ] Hex.RealAlgebraicBench.runFlintRationalRoots4Protocol  [fixed]
  [ok ] Hex.RealAlgebraicBench.runHardMul  [fixed]
  [ok ] Hex.RealAlgebraicBench.runBareMul  [fixed]
  [ok ] Hex.RealAlgebraicScaling.runCeil4  [fixed]
  [ok ] Hex.RealAlgebraicBench.runHardBareMul  [fixed]
  [ok ] Hex.RealAlgebraicBench.runZ3RationalRoots8  [fixed]
  [ok ] Hex.RealAlgebraicScaling.runCompare4  [fixed]
  [ok ] Hex.RealAlgebraicScaling.runFlintFloor4  [fixed]
  [ok ] Hex.RealAlgebraicBench.runSign  [fixed]
  [ok ] Hex.RealAlgebraicBench.runBareSub  [fixed]
  [ok ] Hex.RealAlgebraicBench.runZ3RationalRoots2Protocol  [fixed]
  [ok ] Hex.RealAlgebraicScaling.runAdd2  [fixed]
  [ok ] Hex.RealAlgebraicBench.runInv  [fixed]
  [ok ] Hex.RealAlgebraicScaling.runZ3Rational16  [fixed]
  [ok ] Hex.RealAlgebraicScaling.runFlintCeil16  [fixed]
  [ok ] Hex.RealAlgebraicBench.runDiv  [fixed]
  [ok ] Hex.RealAlgebraicScaling.runFlintAdd8Protocol  [fixed]
  [ok ] Hex.RealAlgebraicScaling.runZ3Add2Protocol  [fixed]
  [ok ] Hex.RealAlgebraicScaling.runFlintFloor64Protocol  [fixed]
  [ok ] Hex.RealAlgebraicScaling.runFlintFloor4Protocol  [fixed]
  [ok ] Hex.RealAlgebraicBench.runFlintQuadraticRoots1  [fixed]
  [ok ] Hex.RealAlgebraicBench.runRepeatedRoots  [fixed]
  [ok ] Hex.RealAlgebraicScaling.runFlintFloor16  [fixed]
  [ok ] Hex.RealAlgebraicScaling.runCompare16  [fixed]
  [ok ] Hex.RealAlgebraicScaling.runZ3Sqrt4  [fixed]
  [ok ] Hex.RealAlgebraicScaling.runZ3Rational1024Protocol  [fixed]
  [ok ] Hex.RealAlgebraicScaling.runFlintCompare4  [fixed]
  [ok ] Hex.RealAlgebraicScaling.runZ3Add4Protocol  [fixed]
  [ok ] Hex.RealAlgebraicScaling.runFlintCompare256Protocol  [fixed]
  [ok ] Hex.RealAlgebraicScaling.runAdd8  [fixed]
  [ok ] Hex.RealAlgebraicScaling.runZ3Add2  [fixed]
  [ok ] Hex.RealAlgebraicBench.runQqbarCompare  [fixed]
  [ok ] Hex.RealAlgebraicScaling.runZ3Rational256Protocol  [fixed]
  [ok ] Hex.RealAlgebraicBench.runHardBareInv  [fixed]
  [ok ] Hex.RealAlgebraicScaling.runRational64  [fixed]
  [ok ] Hex.RealAlgebraicBench.runQuadraticRoots1  [fixed]
  [ok ] Hex.RealAlgebraicBench.runRationalRoots2  [fixed]
  [ok ] Hex.RealAlgebraicScaling.runFloor64  [fixed]
  [ok ] Hex.RealAlgebraicBench.runRational  [fixed]
  [ok ] Hex.RealAlgebraicScaling.runFlintAdd2Protocol  [fixed]
  [ok ] Hex.RealAlgebraicScaling.runFlintCeil64  [fixed]
  [ok ] Hex.RealAlgebraicScaling.runRational256  [fixed]
  [ok ] Hex.RealAlgebraicBench.runZ3QuadraticRoots1  [fixed]
  [ok ] Hex.RealAlgebraicScaling.runFlintRational64  [fixed]
  [ok ] Hex.RealAlgebraicBench.runHardAdd  [fixed]
  [ok ] Hex.RealAlgebraicScaling.runFlintCeil64Protocol  [fixed]
  [ok ] Hex.RealAlgebraicBench.runNorm  [fixed]
  [ok ] Hex.RealAlgebraicBench.runNeg  [fixed]
  [ok ] Hex.RealAlgebraicScaling.runSqrt2  [fixed]
  [ok ] Hex.RealAlgebraicScaling.runZ3Rational64  [fixed]
  [ok ] Hex.RealAlgebraicBench.runRepr  [fixed]
  [ok ] Hex.RealAlgebraicScaling.runCompare64  [fixed]
  [ok ] Hex.RealAlgebraicBench.runBareNatPow  [fixed]
  [ok ] Hex.RealAlgebraicBench.runFlintQuadraticRoots4  [fixed]
  [ok ] Hex.RealAlgebraicScaling.runZ3Sqrt8Protocol  [fixed]
  [ok ] Hex.RealAlgebraicBench.runBareInv  [fixed]
  [ok ] Hex.RealAlgebraicScaling.runFlintSqrt4Protocol  [fixed]
  [ok ] Hex.RealAlgebraicBench.runRoots  [fixed]
  [ok ] Hex.RealAlgebraicScaling.runFlintCeil4Protocol  [fixed]
  [ok ] Hex.RealAlgebraicScaling.runFlintRational256  [fixed]
  [ok ] Hex.RealAlgebraicScaling.runAdd4  [fixed]
  [ok ] Hex.RealAlgebraicScaling.runFlintSqrt4  [fixed]
  [ok ] Hex.RealAlgebraicScaling.runSqrt4  [fixed]
  [ok ] Hex.RealAlgebraicBench.runScalars  [fixed]
  [ok ] Hex.RealAlgebraicScaling.runFloor16  [fixed]
  [ok ] Hex.RealAlgebraicBench.runZ3RationalRoots4Protocol  [fixed]
  [ok ] Hex.RealAlgebraicScaling.runFloor256  [fixed]
  [ok ] Hex.RealAlgebraicScaling.runZ3Compare16Protocol  [fixed]
  [ok ] Hex.RealAlgebraicScaling.runFlintRational1024  [fixed]
  [ok ] Hex.RealAlgebraicBench.runZ3QuadraticRoots2Protocol  [fixed]
  [ok ] Hex.RealAlgebraicBench.runHardInv  [fixed]
  [ok ] Hex.RealAlgebraicScaling.runFlintCeil256  [fixed]
  [ok ] Hex.RealAlgebraicBench.runProjections  [fixed]
  [ok ] Hex.RealAlgebraicScaling.runZ3Add8  [fixed]
  [ok ] Hex.RealAlgebraicBench.runHardDiv  [fixed]
  [ok ] Hex.RealAlgebraicScaling.runZ3Sqrt8  [fixed]
  [ok ] Hex.RealAlgebraicScaling.runFlintCompare16Protocol  [fixed]
  [ok ] Hex.RealAlgebraicBench.runFlintRationalRoots8  [fixed]
  [ok ] Hex.RealAlgebraicBench.runHardIntPow  [fixed]
  [ok ] Hex.RealAlgebraicScaling.runFlintAdd8  [fixed]
  [ok ] Hex.RealAlgebraicBench.runRationalRoots4  [fixed]
  [ok ] Hex.RealAlgebraicBench.runZ3RationalRoots4  [fixed]
  [ok ] Hex.RealAlgebraicScaling.runRational1024  [fixed]
  [ok ] Hex.RealAlgebraicBench.runIntegerRoots  [fixed]
  [ok ] Hex.RealAlgebraicBench.runSqrt  [fixed]
  [ok ] Hex.RealAlgebraicBench.runSqrtTotal  [fixed]
  [ok ] Hex.RealAlgebraicScaling.runFlintSqrt2Protocol  [fixed]
  [ok ] Hex.RealAlgebraicScaling.runZ3Sqrt4Protocol  [fixed]
  [ok ] Hex.RealAlgebraicScaling.runFlintCeil256Protocol  [fixed]
  [ok ] Hex.RealAlgebraicBench.runFlintRationalRoots4  [fixed]
  [ok ] Hex.RealAlgebraicScaling.runCeil16  [fixed]
  [ok ] Hex.RealAlgebraicScaling.runFlintRational16  [fixed]
  [ok ] Hex.RealAlgebraicScaling.runFlintCompare16  [fixed]
  [ok ] Hex.RealAlgebraicScaling.runZ3Add8Protocol  [fixed]
  [ok ] Hex.RealAlgebraicBench.runCloseCompare  [fixed]
all 196 benchmark(s) passed
