⚠ [2057/2247] Replayed HexRationalFn.Map
warning: HexRationalFn/Map.lean:61:8: automatically included section variable(s) unused in theorem `_private.HexRationalFn.Map.0.Hex.RationalFn.coeff_add`:
  [DecidableEq K]
  [DecidableEq L]
consider restructuring your `variable` declarations so that the variables are not in scope or explicitly omit them:
  omit [DecidableEq K] [DecidableEq L] in theorem ...

Note: This linter can be disabled with `set_option linter.unusedSectionVars false`
⚠ [3357/3862] Replayed HexMvPolyMathlib.Equiv
warning: HexMvPolyMathlib/Equiv.lean:193:4: `MvPolynomial.coeff_add` has been deprecated: Use `AddMonoidAlgebra.coeff_add` instead

Note: The updated constant has a different type:
  ∀ {R : Type u_1} {M : Type u_4} [inst : Semiring R] (x y : AddMonoidAlgebra R M), (x + y).coeff = x.coeff + y.coeff
instead of
  ∀ {R : Type u} {σ : Type u_1} [inst : CommSemiring R] (m : σ →₀ ℕ) (p q : MvPolynomial σ R),
    (p + q).coeff m = p.coeff m + q.coeff m

Note: The updated constant is in a different namespace. Dot notation may need to be changed (e.g., from `x.coeff_add` to `AddMonoidAlgebra.coeff_add x`).
⚠ [3358/3862] Replayed HexMvPolyMathlib.Aeval
warning: HexMvPolyMathlib/Aeval.lean:63:0: automatically included section variable(s) unused in theorem `HexMvPolyMathlib.eval₂_toMvPolynomial`:
  [BEq R]
  [LawfulBEq R]
consider restructuring your `variable` declarations so that the variables are not in scope or explicitly omit them:
  omit [BEq R] [LawfulBEq R] in theorem ...

Note: This linter can be disabled with `set_option linter.unusedSectionVars false`
ℹ [3453/3862] Replayed HexBareiss.Bareiss
info: HexBareiss/Bareiss.lean:240:2: Try these:
  [apply] [grind
    .] for pattern: [@getElem (Vector #9 #8) (Fin _) _ _ _ (@getElem (Matrix _ _ _) (Fin _) (Vector _ _) _ _ #5 #1 _) #4 _, @findPivot? _ #8 #7 #6 #5 #4 #3]
  [apply] [grind →] for pattern: [@findPivot? #9 #8 #7 #6 #5 #4 #3, @LE.le `[Nat] `[instLENat] #3 (@Fin.val #8 #1)]
  [apply] [grind
    <=] for pattern: [@getElem (Vector #9 #8) (Fin _) _ _ _ (@getElem (Matrix _ _ _) (Fin _) (Vector _ _) _ _ #5 #1 _) #4 _, @LE.le `[Nat] `[instLENat] #3 (@Fin.val #8 #1)]
  [apply] [grind! →] for pattern: [@findPivot? #9 #8 #7 #6 #5 #4 #3, @Fin.val #8 #1]
info: HexBareiss/Bareiss.lean:982:2: Try this:
  [apply] [grind =] for pattern: [@pivotLoopWith #7 #6 #5 #4 #3 #2 #1 `[0] #0]
info: HexBareiss/Bareiss.lean:990:2: Try these:
  [apply] [grind =] for pattern: [@pivotLoopWith #9 #8 #7 #6 #5 #4 #3 (#2 + 1) #1]
  [apply] [grind
    =>] for pattern: [@LE.le `[Nat] `[instLENat] #8 ((@BareissState.step #9 #8 #1) + 1), @pivotLoopWith _ #8 #7 #6 #5 #4 #3 (#2 + 1) #1]
info: HexBareiss/Bareiss.lean:1000:2: Try these:
  [apply] [grind =] for pattern: [@pivotLoopWith #10 #9 #8 #7 #6 #5 #4 (#3 + 1) #2]
  [apply] [grind
    =_] for pattern: [@pivotLoopWith #10 #9 #8 #7 #6 #5 #4 #3 (@BareissState.mk _ #9 ((@BareissState.step _ #9 #2) + 1) (@stepMatrixWith _ #9 _ _ _ #4 (@BareissState.matrix _ #9 #2) (@BareissState.step _ #9 #2) (@getElem (Vector _ _) `[Nat] _ _ _ (@getElem (Matrix _ _ _) `[Nat] (Vector _ _) _ _ (@BareissState.matrix _ #9 #2) (@BareissState.step _ #9 #2) _) (@BareissState.step _ #9 #2) _) (@BareissState.prevPivot _ #9 #2)) (@getElem (Vector _ _) `[Nat] _ _ _ (@getElem (Matrix _ _ _) `[Nat] (Vector _ _) _ _ (@BareissState.matrix _ #9 #2) (@BareissState.step _ #9 #2) _) (@BareissState.step _ #9 #2) _) (@BareissState.rowSwaps _ #9 #2) `[none])]
  [apply] [grind
    =>] for pattern: [@LE.le `[Nat] `[instLENat] ((@BareissState.step #10 #9 #2) + 2) #9, @pivotLoopWith _ #9 #8 #7 #6 #5 #4 (#3 + 1) #2]
info: HexBareiss/Bareiss.lean:1017:2: Try these:
  [apply] [grind =] for pattern: [@pivotLoopWith #11 #10 #9 #8 #7 #6 #5 (#4 + 1) #3]
  [apply] [grind
    =>] for pattern: [@LE.le `[Nat] `[instLENat] ((@BareissState.step #11 #10 #3) + 2) #10, @findPivot? _ #10 #9 #6 (@BareissState.matrix _ #10 #3) (@Fin.mk #10 (@BareissState.step _ #10 #3) _) ((@BareissState.step _ #10 #3) + 1), @pivotLoopWith _ #10 _ #8 #7 _ #5 (#4 + 1) #3]
info: HexBareiss/Bareiss.lean:1033:2: Try these:
  [apply] [grind
    =_] for pattern: [@pivotLoopWith #13 #12 #11 #10 #9 #8 #7 #6 (@BareissState.mk _ #12 ((@BareissState.step _ #12 #5) + 1) (@stepMatrixWith _ #12 _ _ _ #7 (@rowSwap _ #12 #12 (@BareissState.matrix _ #12 #5) (@Fin.mk #12 (@BareissState.step _ #12 #5) _) #2) (@BareissState.step _ #12 #5) (@getElem (Vector _ _) `[Nat] _ _ _ (@getElem (Matrix _ _ _) `[Nat] (Vector _ _) _ _ (@rowSwap _ #12 #12 (@BareissState.matrix _ #12 #5) (@Fin.mk #12 (@BareissState.step _ #12 #5) _) #2) (@BareissState.step _ #12 #5) _) (@BareissState.step _ #12 #5) _) (@BareissState.prevPivot _ #12 #5)) (@getElem (Vector _ _) `[Nat] _ _ _ (@getElem (Matrix _ _ _) `[Nat] (Vector _ _) _ _ (@rowSwap _ #12 #12 (@BareissState.matrix _ #12 #5) (@Fin.mk #12 (@BareissState.step _ #12 #5) _) #2) (@BareissState.step _ #12 #5) _) (@BareissState.step _ #12 #5) _) ((@BareissState.rowSwaps _ #12 #5) + 1) `[none])]
  [apply] [grind
    .] for pattern: [@pivotLoopWith #13 #12 #11 #10 #9 #8 #7 (#6 + 1) #5, @pivotLoopWith _ #12 _ _ _ _ #7 #6 (@BareissState.mk _ #12 ((@BareissState.step _ #12 #5) + 1) (@stepMatrixWith _ #12 _ _ _ #7 (@rowSwap _ #12 #12 (@BareissState.matrix _ #12 #5) (@Fin.mk #12 (@BareissState.step _ #12 #5) _) #2) (@BareissState.step _ #12 #5) (@getElem (Vector _ _) `[Nat] _ _ _ (@getElem (Matrix _ _ _) `[Nat] (Vector _ _) _ _ (@rowSwap _ #12 #12 (@BareissState.matrix _ #12 #5) (@Fin.mk #12 (@BareissState.step _ #12 #5) _) #2) (@BareissState.step _ #12 #5) _) (@BareissState.step _ #12 #5) _) (@BareissState.prevPivot _ #12 #5)) (@getElem (Vector _ _) `[Nat] _ _ _ (@getElem (Matrix _ _ _) `[Nat] (Vector _ _) _ _ (@rowSwap _ #12 #12 (@BareissState.matrix _ #12 #5) (@Fin.mk #12 (@BareissState.step _ #12 #5) _) #2) (@BareissState.step _ #12 #5) _) (@BareissState.step _ #12 #5) _) ((@BareissState.rowSwaps _ #12 #5) + 1) `[none])]
  [apply] [grind
    =>] for pattern: [@LE.le `[Nat] `[instLENat] ((@BareissState.step #13 #12 #5) + 2) #12, @findPivot? _ #12 #11 #8 (@BareissState.matrix _ #12 #5) (@Fin.mk #12 (@BareissState.step _ #12 #5) _) ((@BareissState.step _ #12 #5) + 1), @some (Fin _) #2, @pivotLoopWith _ #12 _ #10 #9 _ #7 (#6 + 1) #5]
  [apply] [grind!
    .] for pattern: [@pivotLoopWith #13 #12 #11 #10 #9 #8 #7 (#6 + 1) #5, @rowSwap _ #12 #12 (@BareissState.matrix _ #12 #5) (@Fin.mk #12 (@BareissState.step _ #12 #5) _) #2]
info: HexBareiss/Bareiss.lean:1141:2: Try this:
  [apply] [grind =] for pattern: [@noPivotLoopWith #7 #6 #5 #4 #3 #2 #1 `[0] #0]
info: HexBareiss/Bareiss.lean:1149:2: Try these:
  [apply] [grind =] for pattern: [@noPivotLoopWith #9 #8 #7 #6 #5 #4 #3 (#2 + 1) #1]
  [apply] [grind
    =>] for pattern: [@LE.le `[Nat] `[instLENat] #8 ((@BareissState.step #9 #8 #1) + 1), @noPivotLoopWith _ #8 #7 #6 #5 #4 #3 (#2 + 1) #1]
info: HexBareiss/Bareiss.lean:1158:2: Try these:
  [apply] [grind =] for pattern: [@noPivotLoopWith #10 #9 #8 #7 #6 #5 #4 (#3 + 1) #2]
  [apply] [grind
    =>] for pattern: [@LE.le `[Nat] `[instLENat] ((@BareissState.step #10 #9 #2) + 2) #9, @noPivotLoopWith _ #9 #8 #7 #6 #5 #4 (#3 + 1) #2]
info: HexBareiss/Bareiss.lean:1168:2: Try these:
  [apply] [grind =] for pattern: [@noPivotLoopWith #10 #9 #8 #7 #6 #5 #4 (#3 + 1) #2]
  [apply] [grind
    =_] for pattern: [@noPivotLoopWith #10 #9 #8 #7 #6 #5 #4 #3 (@BareissState.mk _ #9 ((@BareissState.step _ #9 #2) + 1) (@stepMatrixWith _ #9 _ _ _ #4 (@BareissState.matrix _ #9 #2) (@BareissState.step _ #9 #2) (@getElem (Vector _ _) `[Nat] _ _ _ (@getElem (Matrix _ _ _) `[Nat] (Vector _ _) _ _ (@BareissState.matrix _ #9 #2) (@BareissState.step _ #9 #2) _) (@BareissState.step _ #9 #2) _) (@BareissState.prevPivot _ #9 #2)) (@getElem (Vector _ _) `[Nat] _ _ _ (@getElem (Matrix _ _ _) `[Nat] (Vector _ _) _ _ (@BareissState.matrix _ #9 #2) (@BareissState.step _ #9 #2) _) (@BareissState.step _ #9 #2) _) (@BareissState.rowSwaps _ #9 #2) `[none])]
  [apply] [grind
    =>] for pattern: [@LE.le `[Nat] `[instLENat] ((@BareissState.step #10 #9 #2) + 2) #9, @noPivotLoopWith _ #9 #8 #7 #6 #5 #4 (#3 + 1) #2]
info: HexBareiss/Bareiss.lean:1185:2: Try these:
  [apply] [grind
    =] for pattern: [@getElem (Vector #11 #10) (Fin _) _ _ _ (@getElem (Matrix _ _ _) (Fin _) (Vector _ _) _ _ (@BareissState.matrix _ #10 (@noPivotLoopWith _ #10 #9 #8 #7 #6 #5 #4 #3)) #2 _) #1 _]
  [apply] [grind
    =>] for pattern: [@LE.le `[Nat] `[instLENat] (@Fin.val #10 #2) (@BareissState.step #11 #10 #3), @LE.le `[Nat] `[instLENat] ((@Fin.val #10 #1) + 1) (@BareissState.step _ #10 #3), @getElem (Vector _ _) (Fin _) _ _ _ (@getElem (Matrix _ _ _) (Fin _) (Vector _ _) _ _ (@BareissState.matrix _ #10 (@noPivotLoopWith _ #10 #9 #8 #7 #6 #5 #4 #3)) #2 _) #1 _]
  [apply] [grind!
    =>] for pattern: [@LE.le `[Nat] `[instLENat] (@Fin.val #10 #2) (@BareissState.step #11 #10 #3), @LE.le `[Nat] `[instLENat] ((@Fin.val #10 #1) + 1) (@BareissState.step _ #10 #3), @noPivotLoopWith _ #10 #9 #8 #7 #6 #5 #4 #3]
info: HexBareiss/Bareiss.lean:1660:2: Try this:
  [apply] [grind
    =] for pattern: [@pivotLoopWith `[Int] #1 `[Zero.ofOfNat0] `[Int.instSub] `[Int.instMul] `[Int.instDecidableEq] `[HexArith.Int.exactDiv] `[0] #0]
info: HexBareiss/Bareiss.lean:1665:2: Try these:
  [apply] [grind
    =] for pattern: [@pivotLoopWith `[Int] #3 `[Zero.ofOfNat0] `[Int.instSub] `[Int.instMul] `[Int.instDecidableEq] `[HexArith.Int.exactDiv] (#2 + 1) #1]
  [apply] [grind
    =>] for pattern: [@LE.le `[Nat] `[instLENat] #3 ((@BareissState.step `[Int] #3 #1) + 1), @pivotLoopWith `[Int] #3 `[Zero.ofOfNat0] `[Int.instSub] `[Int.instMul] `[Int.instDecidableEq] `[HexArith.Int.exactDiv] (#2 + 1) #1]
info: HexBareiss/Bareiss.lean:1671:2: Try these:
  [apply] [grind
    =] for pattern: [@pivotLoopWith `[Int] #4 `[Zero.ofOfNat0] `[Int.instSub] `[Int.instMul] `[Int.instDecidableEq] `[HexArith.Int.exactDiv] (#3 + 1) #2]
  [apply] [grind
    =_] for pattern: [@pivotLoopWith `[Int] #4 `[Zero.ofOfNat0] `[Int.instSub] `[Int.instMul] `[Int.instDecidableEq] `[HexArith.Int.exactDiv] #3 (@BareissState.mk `[Int] #4 ((@BareissState.step `[Int] #4 #2) + 1) (@stepMatrixWith `[Int] #4 `[Zero.ofOfNat0] `[Int.instSub] `[Int.instMul] `[HexArith.Int.exactDiv] (@BareissState.matrix `[Int] #4 #2) (@BareissState.step `[Int] #4 #2) (@getElem (Vector `[Int] _) `[Nat] `[Int] _ _ (@getElem (Matrix `[Int] _ _) `[Nat] (Vector `[Int] _) _ _ (@BareissState.matrix `[Int] #4 #2) (@BareissState.step `[Int] #4 #2) _) (@BareissState.step `[Int] #4 #2) _) (@BareissState.prevPivot `[Int] #4 #2)) (@getElem (Vector `[Int] _) `[Nat] `[Int] _ _ (@getElem (Matrix `[Int] _ _) `[Nat] (Vector `[Int] _) _ _ (@BareissState.matrix `[Int] #4 #2) (@BareissState.step `[Int] #4 #2) _) (@BareissState.step `[Int] #4 #2) _) (@BareissState.rowSwaps `[Int] #4 #2) `[none])]
  [apply] [grind
    =>] for pattern: [@LE.le `[Nat] `[instLENat] ((@BareissState.step `[Int] #4 #2) + 2) #4, @pivotLoopWith `[Int] #4 `[Zero.ofOfNat0] `[Int.instSub] `[Int.instMul] `[Int.instDecidableEq] `[HexArith.Int.exactDiv] (#3 + 1) #2]
info: HexBareiss/Bareiss.lean:1685:2: Try these:
  [apply] [grind
    =] for pattern: [@pivotLoopWith `[Int] #5 `[Zero.ofOfNat0] `[Int.instSub] `[Int.instMul] `[Int.instDecidableEq] `[HexArith.Int.exactDiv] (#4 + 1) #3]
  [apply] [grind
    =>] for pattern: [@LE.le `[Nat] `[instLENat] ((@BareissState.step `[Int] #5 #3) + 2) #5, @pivotLoopWith `[Int] #5 `[Zero.ofOfNat0] `[Int.instSub] `[Int.instMul] `[Int.instDecidableEq] `[HexArith.Int.exactDiv] (#4 + 1) #3]
info: HexBareiss/Bareiss.lean:1697:2: Try these:
  [apply] [grind
    =_] for pattern: [@pivotLoopWith `[Int] #7 `[Zero.ofOfNat0] `[Int.instSub] `[Int.instMul] `[Int.instDecidableEq] `[HexArith.Int.exactDiv] #6 (@BareissState.mk `[Int] #7 ((@BareissState.step `[Int] #7 #5) + 1) (@stepMatrixWith `[Int] #7 `[Zero.ofOfNat0] `[Int.instSub] `[Int.instMul] `[HexArith.Int.exactDiv] (@rowSwap `[Int] #7 #7 (@BareissState.matrix `[Int] #7 #5) (@Fin.mk #7 (@BareissState.step `[Int] #7 #5) _) #2) (@BareissState.step `[Int] #7 #5) (@getElem (Vector `[Int] _) `[Nat] `[Int] _ _ (@getElem (Matrix `[Int] _ _) `[Nat] (Vector `[Int] _) _ _ (@rowSwap `[Int] #7 #7 (@BareissState.matrix `[Int] #7 #5) (@Fin.mk #7 (@BareissState.step `[Int] #7 #5) _) #2) (@BareissState.step `[Int] #7 #5) _) (@BareissState.step `[Int] #7 #5) _) (@BareissState.prevPivot `[Int] #7 #5)) (@getElem (Vector `[Int] _) `[Nat] `[Int] _ _ (@getElem (Matrix `[Int] _ _) `[Nat] (Vector `[Int] _) _ _ (@rowSwap `[Int] #7 #7 (@BareissState.matrix `[Int] #7 #5) (@Fin.mk #7 (@BareissState.step `[Int] #7 #5) _) #2) (@BareissState.step `[Int] #7 #5) _) (@BareissState.step `[Int] #7 #5) _) ((@BareissState.rowSwaps `[Int] #7 #5) + 1) `[none])]
  [apply] [grind
    .] for pattern: [@pivotLoopWith `[Int] #7 `[Zero.ofOfNat0] `[Int.instSub] `[Int.instMul] `[Int.instDecidableEq] `[HexArith.Int.exactDiv] (#6 + 1) #5, @pivotLoopWith `[Int] #7 `[Zero.ofOfNat0] `[Int.instSub] `[Int.instMul] `[Int.instDecidableEq] `[HexArith.Int.exactDiv] #6 (@BareissState.mk `[Int] #7 ((@BareissState.step `[Int] #7 #5) + 1) (@stepMatrixWith `[Int] #7 `[Zero.ofOfNat0] `[Int.instSub] `[Int.instMul] `[HexArith.Int.exactDiv] (@rowSwap `[Int] #7 #7 (@BareissState.matrix `[Int] #7 #5) (@Fin.mk #7 (@BareissState.step `[Int] #7 #5) _) #2) (@BareissState.step `[Int] #7 #5) (@getElem (Vector `[Int] _) `[Nat] `[Int] _ _ (@getElem (Matrix `[Int] _ _) `[Nat] (Vector `[Int] _) _ _ (@rowSwap `[Int] #7 #7 (@BareissState.matrix `[Int] #7 #5) (@Fin.mk #7 (@BareissState.step `[Int] #7 #5) _) #2) (@BareissState.step `[Int] #7 #5) _) (@BareissState.step `[Int] #7 #5) _) (@BareissState.prevPivot `[Int] #7 #5)) (@getElem (Vector `[Int] _) `[Nat] `[Int] _ _ (@getElem (Matrix `[Int] _ _) `[Nat] (Vector `[Int] _) _ _ (@rowSwap `[Int] #7 #7 (@BareissState.matrix `[Int] #7 #5) (@Fin.mk #7 (@BareissState.step `[Int] #7 #5) _) #2) (@BareissState.step `[Int] #7 #5) _) (@BareissState.step `[Int] #7 #5) _) ((@BareissState.rowSwaps `[Int] #7 #5) + 1) `[none])]
  [apply] [grind
    =>] for pattern: [@LE.le `[Nat] `[instLENat] ((@BareissState.step `[Int] #7 #5) + 2) #7, @some (Fin _) #2, @pivotLoopWith `[Int] #7 `[Zero.ofOfNat0] `[Int.instSub] `[Int.instMul] `[Int.instDecidableEq] `[HexArith.Int.exactDiv] (#6 + 1) #5]
  [apply] [grind!
    .] for pattern: [@pivotLoopWith `[Int] #7 `[Zero.ofOfNat0] `[Int.instSub] `[Int.instMul] `[Int.instDecidableEq] `[HexArith.Int.exactDiv] (#6 + 1) #5, @rowSwap `[Int] #7 #7 (@BareissState.matrix `[Int] #7 #5) (@Fin.mk #7 (@BareissState.step `[Int] #7 #5) _) #2]
info: HexBareiss/Bareiss.lean:1729:2: Try this:
  [apply] [grind
    =] for pattern: [@noPivotLoopWith `[Int] #1 `[Zero.ofOfNat0] `[Int.instSub] `[Int.instMul] `[Int.instDecidableEq] `[HexArith.Int.exactDiv] `[0] #0]
info: HexBareiss/Bareiss.lean:1734:2: Try these:
  [apply] [grind
    =] for pattern: [@noPivotLoopWith `[Int] #3 `[Zero.ofOfNat0] `[Int.instSub] `[Int.instMul] `[Int.instDecidableEq] `[HexArith.Int.exactDiv] (#2 + 1) #1]
  [apply] [grind
    =>] for pattern: [@LE.le `[Nat] `[instLENat] #3 ((@BareissState.step `[Int] #3 #1) + 1), @noPivotLoopWith `[Int] #3 `[Zero.ofOfNat0] `[Int.instSub] `[Int.instMul] `[Int.instDecidableEq] `[HexArith.Int.exactDiv] (#2 + 1) #1]
info: HexBareiss/Bareiss.lean:1740:2: Try these:
  [apply] [grind
    =] for pattern: [@noPivotLoopWith `[Int] #4 `[Zero.ofOfNat0] `[Int.instSub] `[Int.instMul] `[Int.instDecidableEq] `[HexArith.Int.exactDiv] (#3 + 1) #2]
  [apply] [grind
    =>] for pattern: [@LE.le `[Nat] `[instLENat] ((@BareissState.step `[Int] #4 #2) + 2) #4, @noPivotLoopWith `[Int] #4 `[Zero.ofOfNat0] `[Int.instSub] `[Int.instMul] `[Int.instDecidableEq] `[HexArith.Int.exactDiv] (#3 + 1) #2]
info: HexBareiss/Bareiss.lean:1747:2: Try these:
  [apply] [grind
    =] for pattern: [@noPivotLoopWith `[Int] #4 `[Zero.ofOfNat0] `[Int.instSub] `[Int.instMul] `[Int.instDecidableEq] `[HexArith.Int.exactDiv] (#3 + 1) #2]
  [apply] [grind
    =_] for pattern: [@noPivotLoopWith `[Int] #4 `[Zero.ofOfNat0] `[Int.instSub] `[Int.instMul] `[Int.instDecidableEq] `[HexArith.Int.exactDiv] #3 (@BareissState.mk `[Int] #4 ((@BareissState.step `[Int] #4 #2) + 1) (@stepMatrixWith `[Int] #4 `[Zero.ofOfNat0] `[Int.instSub] `[Int.instMul] `[HexArith.Int.exactDiv] (@BareissState.matrix `[Int] #4 #2) (@BareissState.step `[Int] #4 #2) (@getElem (Vector `[Int] _) `[Nat] `[Int] _ _ (@getElem (Matrix `[Int] _ _) `[Nat] (Vector `[Int] _) _ _ (@BareissState.matrix `[Int] #4 #2) (@BareissState.step `[Int] #4 #2) _) (@BareissState.step `[Int] #4 #2) _) (@BareissState.prevPivot `[Int] #4 #2)) (@getElem (Vector `[Int] _) `[Nat] `[Int] _ _ (@getElem (Matrix `[Int] _ _) `[Nat] (Vector `[Int] _) _ _ (@BareissState.matrix `[Int] #4 #2) (@BareissState.step `[Int] #4 #2) _) (@BareissState.step `[Int] #4 #2) _) (@BareissState.rowSwaps `[Int] #4 #2) `[none])]
  [apply] [grind
    =>] for pattern: [@LE.le `[Nat] `[instLENat] ((@BareissState.step `[Int] #4 #2) + 2) #4, @noPivotLoopWith `[Int] #4 `[Zero.ofOfNat0] `[Int.instSub] `[Int.instMul] `[Int.instDecidableEq] `[HexArith.Int.exactDiv] (#3 + 1) #2]
info: HexBareiss/Bareiss.lean:1761:2: Try these:
  [apply] [grind
    =] for pattern: [@getElem (Vector `[Int] #5) (Fin _) `[Int] _ _ (@getElem (Matrix `[Int] _ _) (Fin _) (Vector `[Int] _) _ _ (@BareissState.matrix `[Int] #5 (@noPivotLoopWith `[Int] #5 `[Zero.ofOfNat0] `[Int.instSub] `[Int.instMul] `[Int.instDecidableEq] `[HexArith.Int.exactDiv] #4 #3)) #2 _) #1 _]
  [apply] [grind
    =>] for pattern: [@LE.le `[Nat] `[instLENat] (@Fin.val #5 #2) (@BareissState.step `[Int] #5 #3), @LE.le `[Nat] `[instLENat] ((@Fin.val #5 #1) + 1) (@BareissState.step `[Int] #5 #3), @getElem (Vector `[Int] _) (Fin _) `[Int] _ _ (@getElem (Matrix `[Int] _ _) (Fin _) (Vector `[Int] _) _ _ (@BareissState.matrix `[Int] #5 (@noPivotLoopWith `[Int] #5 `[Zero.ofOfNat0] `[Int.instSub] `[Int.instMul] `[Int.instDecidableEq] `[HexArith.Int.exactDiv] #4 #3)) #2 _) #1 _]
  [apply] [grind!
    =>] for pattern: [@LE.le `[Nat] `[instLENat] (@Fin.val #5 #2) (@BareissState.step `[Int] #5 #3), @LE.le `[Nat] `[instLENat] ((@Fin.val #5 #1) + 1) (@BareissState.step `[Int] #5 #3), @noPivotLoopWith `[Int] #5 `[Zero.ofOfNat0] `[Int.instSub] `[Int.instMul] `[Int.instDecidableEq] `[HexArith.Int.exactDiv] #4 #3]
⚠ [3631/3862] Replayed HexGenericRankMathlib.Kernel
warning: HexGenericRankMathlib/Kernel.lean:143:0: automatically included section variable(s) unused in theorem `HexGenericRankMathlib.PolyLists.sum_canonical`:
  [BEq C]
  [LawfulBEq C]
consider restructuring your `variable` declarations so that the variables are not in scope or explicitly omit them:
  omit [BEq C] [LawfulBEq C] in theorem ...

Note: This linter can be disabled with `set_option linter.unusedSectionVars false`
warning: HexGenericRankMathlib/Kernel.lean:180:0: automatically included section variable(s) unused in theorem `HexGenericRankMathlib.PolyLists.canonical_get`:
  [BEq C]
  [LawfulBEq C]
consider restructuring your `variable` declarations so that the variables are not in scope or explicitly omit them:
  omit [BEq C] [LawfulBEq C] in theorem ...

Note: This linter can be disabled with `set_option linter.unusedSectionVars false`
⚠ [3636/3862] Replayed HexReflectMathlib.Correspondence
warning: HexReflectMathlib/Correspondence.lean:43:0: automatically included section variable(s) unused in theorem `HexReflectMathlib.eval₂_ringHom_ofIntTerms`:
  [DecidableEq C]
consider restructuring your `variable` declarations so that the variables are not in scope or explicitly omit them:
  omit [DecidableEq C] in theorem ...

Note: This linter can be disabled with `set_option linter.unusedSectionVars false`
warning: HexReflectMathlib/Correspondence.lean:49:0: automatically included section variable(s) unused in theorem `HexReflectMathlib.eval₂_ringHom_ofIntTermsC`:
  [DecidableEq C]
consider restructuring your `variable` declarations so that the variables are not in scope or explicitly omit them:
  omit [DecidableEq C] in theorem ...

Note: This linter can be disabled with `set_option linter.unusedSectionVars false`
⚠ [3645/3862] Replayed HexMatrixMathlib.Packed
warning: HexMatrixMathlib/Packed.lean:141:10: `if_pos` has been deprecated: Use `ite_eq_left` instead

Hint: Replace the deprecated name:
  i̵f̵_̵p̵o̵s̵i̲t̲e̲_̲e̲q̲_̲l̲e̲f̲t̲
warning: HexMatrixMathlib/Packed.lean:149:10: `if_neg` has been deprecated: Use `ite_eq_right` instead

Hint: Replace the deprecated name:
  i̵f̵_̵n̵e̵g̵i̲t̲e̲_̲e̲q̲_̲r̲i̲g̲h̲t̲
⚠ [3752/3862] Replayed HexBerlekamp.Factor
warning: HexBerlekamp/Factor.lean:661:12: This simp argument is unused:
  DensePoly.natDegree

Hint: Omit it from the simp argument list.
  [apply] simp [DensePoly.degree?, DensePoly.size, hcoeffs]

Note: This linter can be disabled with `set_option linter.unusedSimpArgs false`
⚠ [3883/4130] Replayed HexBerlekamp.RabinSoundness.RabinCore
warning: HexBerlekamp/RabinSoundness/RabinCore.lean:1431:10: This simp argument is unused:
  DensePoly.natDegree

Hint: Omit it from the simp argument list.
  [apply] simp [DensePoly.degree?] at hh_deg

Note: This linter can be disabled with `set_option linter.unusedSimpArgs false`
⚠ [3885/4130] Replayed HexBerlekamp.RabinSoundness.KernelWitness
warning: HexBerlekamp/RabinSoundness/KernelWitness.lean:57:8: This simp argument is unused:
  DensePoly.natDegree

Hint: Omit it from the simp argument list.
  [apply] simp [DensePoly.degree?, DensePoly.size, hcoeffs]

Note: This linter can be disabled with `set_option linter.unusedSimpArgs false`
⚠ [3887/4130] Replayed HexBerlekamp.DistinctDegree
warning: HexBerlekamp/DistinctDegree.lean:344:8: This simp argument is unused:
  DensePoly.natDegree

Hint: Omit it from the simp argument list.
  [apply] simp [DensePoly.degree?, DensePoly.size, hcoeffs]

Note: This linter can be disabled with `set_option linter.unusedSimpArgs false`
⚠ [3934/4130] Replayed HexNumberField.Convert
warning: HexNumberField/Convert.lean:59:2: `@[expose]` has no effect; this declaration would be exposed by default
warning: HexNumberField/Convert.lean:60:2: `@[expose]` has no effect; this declaration would be exposed by default
warning: HexNumberField/Convert.lean:61:2: `@[expose]` has no effect; this declaration would be exposed by default
warning: HexNumberField/Convert.lean:62:2: `@[expose]` has no effect; this declaration would be exposed by default
warning: HexNumberField/Convert.lean:63:2: `@[expose]` has no effect; this declaration would be exposed by default
warning: HexNumberField/Convert.lean:64:2: `@[expose]` has no effect; this declaration would be exposed by default
warning: HexNumberField/Convert.lean:65:2: `@[expose]` has no effect; this declaration would be exposed by default
warning: HexNumberField/Convert.lean:66:2: `@[expose]` has no effect; this declaration would be exposed by default
warning: HexNumberField/Convert.lean:67:2: `@[expose]` has no effect; this declaration would be exposed by default
warning: HexNumberField/Convert.lean:68:2: `@[expose]` has no effect; this declaration would be exposed by default
warning: HexNumberField/Convert.lean:69:2: `@[expose]` has no effect; this declaration would be exposed by default
warning: HexNumberField/Convert.lean:70:2: `@[expose]` has no effect; this declaration would be exposed by default
warning: HexNumberField/Convert.lean:72:2: `@[expose]` has no effect; this declaration would be exposed by default
warning: HexNumberField/Convert.lean:73:2: `@[expose]` has no effect; this declaration would be exposed by default
warning: HexNumberField/Convert.lean:74:2: `@[expose]` has no effect; this declaration would be exposed by default
warning: HexNumberField/Convert.lean:75:2: `@[expose]` has no effect; this declaration would be exposed by default
⚠ [4219/4240] Replayed HexRootsMathlib.Taylor
warning: HexRootsMathlib/Taylor.lean:73:10: This simp argument is unused:
  Hex.DensePoly.natDegree

Hint: Omit it from the simp argument list.
  [apply] simp [Hex.DensePoly.degree?, Nat.ne_of_gt hp]

Note: This linter can be disabled with `set_option linter.unusedSimpArgs false`
⚠ [4220/4240] Replayed HexRootsMathlib.SoftPellet
warning: HexRootsMathlib/SoftPellet.lean:504:12: This simp argument is unused:
  Hex.DensePoly.natDegree

Hint: Omit it from the simp argument list.
  [apply] simp [Hex.DensePoly.degree?, Nat.ne_of_gt hp]

Note: This linter can be disabled with `set_option linter.unusedSimpArgs false`
⚠ [4221/4240] Replayed HexRootsMathlib.RootFree
warning: HexRootsMathlib/RootFree.lean:109:12: This simp argument is unused:
  Hex.DensePoly.natDegree

Hint: Omit it from the simp argument list.
  [apply] simp [Hex.DensePoly.degree?, Nat.ne_of_gt hp]

Note: This linter can be disabled with `set_option linter.unusedSimpArgs false`
⚠ [9149/9477] Built HexNumberField.Lazy (1.7s)
warning: HexNumberField/Lazy.lean:258:19: This simp argument is unused:
  hball

Hint: Omit it from the simp argument list.
  [apply] simp only [Option.bind_none, Option.bind_some]

Note: This linter can be disabled with `set_option linter.unusedSimpArgs false`
warning: HexNumberField/Lazy.lean:282:19: This simp argument is unused:
  hball

Hint: Omit it from the simp argument list.
  [apply] simp only [Option.bind_none, Option.bind_some]

Note: This linter can be disabled with `set_option linter.unusedSimpArgs false`
⚠ [9829/9969] Replayed HexRootsMathlib.NKWitness
warning: HexRootsMathlib/NKWitness.lean:256:10: This simp argument is unused:
  Hex.DensePoly.natDegree

Hint: Omit it from the simp argument list.
  [apply] simp [Hex.DensePoly.degree?, Nat.ne_of_gt hp]

Note: This linter can be disabled with `set_option linter.unusedSimpArgs false`
⚠ [9844/9969] Replayed HexPolyFpMathlib.Basic
warning: HexPolyFpMathlib/Basic.lean:303:12: This simp argument is unused:
  Hex.DensePoly.natDegree

Hint: Omit it from the simp argument list.
  [apply] simp [Hex.DensePoly.degree?, hsize]

Note: This linter can be disabled with `set_option linter.unusedSimpArgs false`
⚠ [9954/10771] Replayed HexSignDet.Produce
warning: HexSignDet/Produce.lean:142:5: Variable name `h` is not explicitly referenced.

Hint: The binding can be removed (if unused) or named `_` (if used implicitly). Alternatively, prefix the name with `_` to silence this warning:
  [apply] _h

Note: This linter can be disabled with `set_option linter.unusedVariables false`
⚠ [9971/10771] Replayed HexSignDet.Dag
warning: HexSignDet/Dag.lean:164:26: This simp argument is unused:
  bind

Hint: Omit it from the simp argument list.
  [apply] simp [hr, Option.bind] at h

Note: This linter can be disabled with `set_option linter.unusedSimpArgs false`
warning: HexSignDet/Dag.lean:164:32: This simp argument is unused:
  Option.bind

Hint: Omit it from the simp argument list.
  [apply] simp [hr, bind] at h

Note: This linter can be disabled with `set_option linter.unusedSimpArgs false`
warning: HexSignDet/Dag.lean:166:23: This simp argument is unused:
  bind

Hint: Omit it from the simp argument list.
  [apply] simp only [hr, Option.bind] at h

Note: This linter can be disabled with `set_option linter.unusedSimpArgs false`
warning: HexSignDet/Dag.lean:166:29: This simp argument is unused:
  Option.bind

Hint: Omit it from the simp argument list.
  [apply] simp only [hr, bind] at h

Note: This linter can be disabled with `set_option linter.unusedSimpArgs false`
ℹ [10380/10771] Replayed HexPrimality.Table:c.o
info: stderr:
/home/kim/worktrees/hex-dev/hex-dev-issue-10389-toolchain/.lake/build/ir/HexPrimality/Table.c:37:114: warning: implicit truncation from '__size_t' (aka 'unsigned long') to bit-field changes value from 76760 to 11224 [-Wbitfield-constant-conversion]
1 warning generated.
ℹ [10464/10771] Replayed HexRealClosure.BisectionTests
info: HexRealClosure/BisectionTests.lean:58:15: Unknown constant `Hex.RealClosure.Bisection.Split.mk`
info: HexRealClosure/BisectionTests.lean:58:15: failed to synthesize instance of type class
  Inv Int

Hint: Type class instance resolution failures can be inspected with the `set_option trace.Meta.synthInstance true` command.
ℹ [10529/10771] Replayed HexRealClosure.BaseTests
info: HexRealClosure/BaseTests.lean:45:39: Type mismatch
  a
has type
  Element q
but is expected to have type
  Element (rational otherRegistry)

Note: The following definitions were not unfolded because their definition is not exposed:
  Context.real ↦ 4
  RealContext.rational ↦ 4
info: HexRealClosure/BaseTests.lean:45:0: fun a => sorry : (a : Element q) → ?m.12 a
info: HexRealClosure/BaseTests.lean:46:43: Type mismatch
  a
has type
  Element first
but is expected to have type
  Element (rational otherRegistry).infinitesimal

Note: The following definitions were not unfolded because their definition is not exposed:
  Context.real ↦ 4
  RealContext.rational ↦ 4
  Context.infinitesimal ↦ 6
info: HexRealClosure/BaseTests.lean:46:0: fun a => sorry : (a : Element first) → ?m.17 a
info: HexRealClosure/BaseTests.lean:47:43: failed to synthesize instance of type class
  HAdd (Element first) (Element second) ?m.8

Hint: Type class instance resolution failures can be inspected with the `set_option trace.Meta.synthInstance true` command.
info: HexRealClosure/BaseTests.lean:47:0: fun a => sorry : (a : Element first) → ?m.11 a
info: HexRealClosure/BaseTests.lean:48:28: Application type mismatch: The argument
  first
has type
  Context registry (RationalFn Rat) (OrderedFn.Infinitesimal.sign OrderedFn.orderSign)
but is expected to have type
  RealContext ?m.1 ?m.2 ?m.5 ?m.6
in the application
  Context.real first
info: HexRealClosure/BaseTests.lean:48:0: Context.real sorry : Context ?m.1 ?m.2 ?m.6
info: HexRealClosure/BaseTests.lean:49:15: Unknown constant `Hex.RealClosure.BaseContext.Context.mk`
info: HexRealClosure/BaseTests.lean:50:15: Unknown constant `Hex.RealClosure.BaseContext.RealContext.mk`
ℹ [10533/10771] Replayed HexRealClosure.BasePolynomialTests
info: HexRealClosure/BasePolynomialTests.lean:39:46: Type mismatch
  q
has type
  Polynomial first
but is expected to have type
  Polynomial second

Note: The following definitions were not unfolded because their definition is not exposed:
  Context.real ↦ 2
  Context.infinitesimal ↦ 8
info: HexRealClosure/BasePolynomialTests.lean:39:0: fun q => sorry : (q : Polynomial first) → ?m.12 q
info: HexRealClosure/BasePolynomialTests.lean:40:46: failed to synthesize instance of type class
  HAdd (Polynomial first) (Polynomial first.infinitesimal) ?m.14

Hint: Type class instance resolution failures can be inspected with the `set_option trace.Meta.synthInstance true` command.
info: HexRealClosure/BasePolynomialTests.lean:40:0: fun q => sorry : (q : Polynomial first) → ?m.17 q
info: HexRealClosure/BasePolynomialTests.lean:41:53: Application type mismatch: The argument
  delta
has type
  Element second
but is expected to have type
  Element first
in the application
  q.eval delta

Note: The following definitions were not unfolded because their definition is not exposed:
  Context.real ↦ 2
  Context.infinitesimal ↦ 8
info: HexRealClosure/BasePolynomialTests.lean:41:0: fun q => q.eval sorry : Polynomial first → Element first
info: HexRealClosure/BasePolynomialTests.lean:42:68: Application type mismatch: The argument
  delta
has type
  Element second
but is expected to have type
  Element first
in the application
  List.cons delta

Note: The following definitions were not unfolded because their definition is not exposed:
  Context.real ↦ 2
  Context.infinitesimal ↦ 8
info: HexRealClosure/BasePolynomialTests.lean:42:0: fun b => Polynomial.ofCoeffs #[b, sorry] : Element first → Polynomial first
info: HexRealClosure/BasePolynomialTests.lean:43:45: Type mismatch
  q
has type
  Polynomial base
but is expected to have type
  Polynomial (rational otherRegistry)

Note: The following definitions were not unfolded because their definition is not exposed:
  Context.real ↦ 4
  RealContext.rational ↦ 4
info: HexRealClosure/BasePolynomialTests.lean:43:0: fun q => sorry : (q : Polynomial base) → ?m.12 q
info: HexRealClosure/BasePolynomialTests.lean:44:87: failed to synthesize instance of type class
  HAdd (Polynomial base) (Polynomial (rational otherRegistry)) ?m.13

Hint: Type class instance resolution failures can be inspected with the `set_option trace.Meta.synthInstance true` command.
info: HexRealClosure/BasePolynomialTests.lean:44:0: fun q r => sorry : (q : Polynomial base) → (r : Polynomial (rational otherRegistry)) → ?m.16 q r
info: HexRealClosure/BasePolynomialTests.lean:46:2: Type mismatch
  q
has type
  Polynomial first
but is expected to have type
  Polynomial (rational otherRegistry).infinitesimal

Note: The following definitions were not unfolded because their definition is not exposed:
  Context.real ↦ 4
  RealContext.rational ↦ 4
  Context.infinitesimal ↦ 6
info: HexRealClosure/BasePolynomialTests.lean:45:0: fun q => sorry : (q : Polynomial first) → ?m.17 q
ℹ [10544/10771] Replayed HexRealClosure.AlgebraicTests
info: HexRealClosure/AlgebraicTests.lean:47:0: some #[1, -1, 0, -1, 0, 0, 1, 0, 1, 1, 2]
info: HexRealClosure/AlgebraicTests.lean:49:0: some #[1, -1, 0, -1, 0, 0, 1, 0, 1, 1, 4]
info: HexRealClosure/AlgebraicTests.lean:94:0: some #[1, 1, 0, 0, 1, 1, 1]
info: HexRealClosure/AlgebraicTests.lean:137:0: some #[1, -1, 0, 0, 1, -1, 0, 2, 1, 0]
info: HexRealClosure/AlgebraicTests.lean:139:0: some #[1, -1, 0, 0, 1, -1, 0, 4, 1, 0]
info: HexRealClosure/AlgebraicTests.lean:141:0: some #[1, -1, 0, 0, 1, -1, 0, 4, 1, 0]
info: HexRealClosure/AlgebraicTests.lean:145:15: Unknown constant `Hex.RealClosure.Algebraic.Element.mk`
info: HexRealClosure/AlgebraicTests.lean:145:15: failed to synthesize instance of type class
  Inv Int

Hint: Type class instance resolution failures can be inspected with the `set_option trace.Meta.synthInstance true` command.
info: HexRealClosure/AlgebraicTests.lean:146:15: Unknown constant `Hex.RealClosure.Algebraic.Context.mk`
info: HexRealClosure/AlgebraicTests.lean:149:55: failed to synthesize instance of type class
  HAdd (Element (Context.adjoin d fun x => true)) (Element (Context.adjoin d fun x => false)) ?m.80

Hint: Type class instance resolution failures can be inspected with the `set_option trace.Meta.synthInstance true` command.
info: HexRealClosure/AlgebraicTests.lean:147:0: fun {d} a b =>
  sorry : {d : SignDet.Descriptor Rat Nat Sturm.orderSign 7} →
  (a : Element (Context.adjoin d fun x => true)) → (b : Element (Context.adjoin d fun x => false)) → ?m.83 a b
⚠ [10550/10771] Replayed HexRealClosure.AlgebraicCodec
warning: HexRealClosure/AlgebraicCodec.lean:25:2: `@[expose]` has no effect; this declaration would be exposed by default
ℹ [10565/10771] Replayed HexRealClosure.TowerTests
info: HexRealClosure/TowerTests.lean:185:15: Unknown constant `Hex.RealClosure.Tower.Extension.mk`
info: HexRealClosure/TowerTests.lean:186:76: failed to synthesize instance of type class
  HAdd a.Value b.Value ?m.5

Hint: Type class instance resolution failures can be inspected with the `set_option trace.Meta.synthInstance true` command.
info: HexRealClosure/TowerTests.lean:186:0: fun a b x y => sorry : (a b : Context registry) → (x : a.Value) → (y : b.Value) → ?m.8 a b x y
ℹ [10578/10771] Replayed HexRealClosure.TowerOrderTests
info: HexRealClosure/TowerOrderTests.lean:61:86: Application type mismatch: The argument
  y
has type
  b.Value
but is expected to have type
  a.Value
in the application
  a.equal x y
info: HexRealClosure/TowerOrderTests.lean:61:0: fun a b x y => a.equal x sorry : (a b : Context registry) → a.Value → b.Value → Bool
info: HexRealClosure/TowerOrderTests.lean:62:88: Application type mismatch: The argument
  y
has type
  b.Value
but is expected to have type
  a.Value
in the application
  a.compare x y
info: HexRealClosure/TowerOrderTests.lean:62:0: fun a b x y => a.compare x sorry : (a b : Context registry) → a.Value → b.Value → Ordering
ℹ [10585/10771] Replayed HexRealClosure.TowerRefinementTests
info: HexRealClosure/TowerRefinementTests.lean:127:15: Unknown constant `Hex.RealClosure.Tower.Refinement.mk`
info: HexRealClosure/TowerRefinementTests.lean:128:15: Unknown constant `Hex.RealClosure.Tower.Later.mk`
⚠ [10586/10771] Replayed HexRealClosure.BaseSubsequence
warning: HexRealClosure/BaseSubsequence.lean:15:12: Ambiguous namespace `List`: it is interpreted as `_root_.Hex.List` because this `open` occurs inside `namespace Hex.RealClosure.BaseContext`, while `_root_.List` is silently not opened. Specify the namespace unambiguously, e.g. `_root_.Hex.List`. The warning can sometimes also be addressed by moving the `open` outside of the surrounding `namespace`.

Note: This linter can be disabled with `set_option linter.ambiguousOpen false`
warning: HexRealClosure/BaseSubsequence.lean:33:42: Variable name `sign` is not explicitly referenced.

Hint: The binding can be removed (if unused) or named `_` (if used implicitly). Alternatively, prefix the name with `_` to silence this warning:
  [apply] _sign

Note: This linter can be disabled with `set_option linter.unusedVariables false`
warning: HexRealClosure/BaseSubsequence.lean:33:47: Variable name `parent` is not explicitly referenced.

Hint: The binding can be removed (if unused) or named `_` (if used implicitly). Alternatively, prefix the name with `_` to silence this warning:
  [apply] _parent

Note: This linter can be disabled with `set_option linter.unusedVariables false`
warning: HexRealClosure/BaseSubsequence.lean:35:40: Variable name `sign` is not explicitly referenced.

Hint: The binding can be removed (if unused) or named `_` (if used implicitly). Alternatively, prefix the name with `_` to silence this warning:
  [apply] _sign

Note: This linter can be disabled with `set_option linter.unusedVariables false`
warning: HexRealClosure/BaseSubsequence.lean:39:60: Variable name `sourceSign` is not explicitly referenced.

Hint: The binding can be removed (if unused) or named `_` (if used implicitly). Alternatively, prefix the name with `_` to silence this warning:
  [apply] _sourceSign

Note: This linter can be disabled with `set_option linter.unusedVariables false`
ℹ [10595/10771] Replayed HexRealClosure.TowerConversionTests
info: HexRealClosure/TowerConversionTests.lean:92:61: Application type mismatch: The argument
  Transport.identity ?m.19
has type
  Transport ?m.19 ?m.19 id
but is expected to have type
  Transport (Context.base (BaseContext.rational registry)) (Context.base (BaseContext.rational registry)) fun x => 0
in the application
  { context := Context.base (BaseContext.rational registry), value := fun x => 0, checked := ⋯ }
✔ [10632/11091] Built HexNumberField:shared (61ms)
✔ [10633/11091] Built HexRealAlgebraic:shared (56ms)
⚠ [10659/11091] Replayed HexRealClosure.LiveContext
warning: HexRealClosure/LiveContext.lean:149:20: This simp argument is unused:
  baseEq

Hint: Omit it from the simp argument list.
  [apply] simp

Note: This linter can be disabled with `set_option linter.unusedSimpArgs false`
warning: HexRealClosure/LiveContext.lean:153:22: This simp argument is unused:
  baseEq

Hint: Omit it from the simp argument list.
  [apply] simp [rebuiltEq]

Note: This linter can be disabled with `set_option linter.unusedSimpArgs false`
warning: HexRealClosure/LiveContext.lean:154:30: This simp argument is unused:
  baseEq

Hint: Omit it from the simp argument list.
  [apply] simp [rebuiltEq]

Note: This linter can be disabled with `set_option linter.unusedSimpArgs false`
⚠ [11157/11467] Replayed HasseWeil.Foundation.Auxiliary.EllipticDivisibilitySequence
warning: projects/HasseWeil/HasseWeil/Foundation/Auxiliary/EllipticDivisibilitySequence.lean:427:25: `if_pos` has been deprecated: Use `ite_eq_left` instead

Hint: Replace the deprecated name:
  i̵f̵_̵p̵o̵s̵i̲t̲e̲_̲e̲q̲_̲l̲e̲f̲t̲
warning: projects/HasseWeil/HasseWeil/Foundation/Auxiliary/EllipticDivisibilitySequence.lean:432:25: `if_neg` has been deprecated: Use `ite_eq_right` instead

Hint: Replace the deprecated name:
  i̵f̵_̵n̵e̵g̵i̲t̲e̲_̲e̲q̲_̲r̲i̲g̲h̲t̲
warning: projects/HasseWeil/HasseWeil/Foundation/Auxiliary/EllipticDivisibilitySequence.lean:633:71: `if_neg` has been deprecated: Use `ite_eq_right` instead

Hint: Replace the deprecated name:
  i̵f̵_̵n̵e̵g̵i̲t̲e̲_̲e̲q̲_̲r̲i̲g̲h̲t̲
warning: projects/HasseWeil/HasseWeil/Foundation/Auxiliary/EllipticDivisibilitySequence.lean:635:55: `if_neg` has been deprecated: Use `ite_eq_right` instead

Hint: Replace the deprecated name:
  i̵f̵_̵n̵e̵g̵i̲t̲e̲_̲e̲q̲_̲r̲i̲g̲h̲t̲
⚠ [11160/11467] Replayed HasseWeil.Foundation.MulByIntPullback
warning: projects/HasseWeil/HasseWeil/Foundation/MulByIntPullback.lean:389:2: Try this: 
  haveI̵

The goal is a proposition, so `have` is preferred over `haveI`.
The difference between `have` and `haveI` is that `haveI` inlines the value.
But this is not relevant for proofs because of proof irrelevance.

Note: This linter can be disabled with `set_option linter.style.haveILetI false`
⚠ [11161/11467] Replayed HasseWeil.Foundation.Basic
warning: projects/HasseWeil/HasseWeil/Foundation/Basic.lean:123:2: Try this: 
  letI̵

The goal is a proposition, so `let` is preferred over `letI`.
The difference between `let` and `letI` is that `letI` inlines the value.
But this is not relevant for proofs because of proof irrelevance.

Note: This linter can be disabled with `set_option linter.style.haveILetI false`
warning: projects/HasseWeil/HasseWeil/Foundation/Basic.lean:124:2: Try this: 
  letI̵

The goal is a proposition, so `let` is preferred over `letI`.
The difference between `let` and `letI` is that `letI` inlines the value.
But this is not relevant for proofs because of proof irrelevance.

Note: This linter can be disabled with `set_option linter.style.haveILetI false`
warning: projects/HasseWeil/HasseWeil/Foundation/Basic.lean:125:2: Try this: 
  letI̵

The goal is a proposition, so `let` is preferred over `letI`.
The difference between `let` and `letI` is that `letI` inlines the value.
But this is not relevant for proofs because of proof irrelevance.

Note: This linter can be disabled with `set_option linter.style.haveILetI false`
warning: projects/HasseWeil/HasseWeil/Foundation/Basic.lean:126:2: Try this: 
  haveI̵

The goal is a proposition, so `have` is preferred over `haveI`.
The difference between `have` and `haveI` is that `haveI` inlines the value.
But this is not relevant for proofs because of proof irrelevance.

Note: This linter can be disabled with `set_option linter.style.haveILetI false`
warning: projects/HasseWeil/HasseWeil/Foundation/Basic.lean:128:2: Try this: 
  haveI̵

The goal is a proposition, so `have` is preferred over `haveI`.
The difference between `have` and `haveI` is that `haveI` inlines the value.
But this is not relevant for proofs because of proof irrelevance.

Note: This linter can be disabled with `set_option linter.style.haveILetI false`
warning: projects/HasseWeil/HasseWeil/Foundation/Basic.lean:652:2: Try this: 
  letI̵

The goal is a proposition, so `let` is preferred over `letI`.
The difference between `let` and `letI` is that `letI` inlines the value.
But this is not relevant for proofs because of proof irrelevance.

Note: This linter can be disabled with `set_option linter.style.haveILetI false`
warning: projects/HasseWeil/HasseWeil/Foundation/Basic.lean:653:2: Try this: 
  haveI̵

The goal is a proposition, so `have` is preferred over `haveI`.
The difference between `have` and `haveI` is that `haveI` inlines the value.
But this is not relevant for proofs because of proof irrelevance.

Note: This linter can be disabled with `set_option linter.style.haveILetI false`
warning: projects/HasseWeil/HasseWeil/Foundation/Basic.lean:700:2: Try this: 
  letI̵

The goal is a proposition, so `let` is preferred over `letI`.
The difference between `let` and `letI` is that `letI` inlines the value.
But this is not relevant for proofs because of proof irrelevance.

Note: This linter can be disabled with `set_option linter.style.haveILetI false`
warning: projects/HasseWeil/HasseWeil/Foundation/Basic.lean:701:2: Try this: 
  haveI̵

The goal is a proposition, so `have` is preferred over `haveI`.
The difference between `have` and `haveI` is that `haveI` inlines the value.
But this is not relevant for proofs because of proof irrelevance.

Note: This linter can be disabled with `set_option linter.style.haveILetI false`
warning: projects/HasseWeil/HasseWeil/Foundation/Basic.lean:719:37: This simp argument is unused:
  RingEquiv.toRingHom_eq_coe

Hint: Omit it from the simp argument list.
  [apply] simp only [RingHom.comp_apply, RingEquiv.coe_toRingHom, i, j, mulByIntRangeEquiv]

Note: This linter can be disabled with `set_option linter.unusedSimpArgs false`
warning: projects/HasseWeil/HasseWeil/Foundation/Basic.lean:719:65: This simp argument is unused:
  RingEquiv.coe_toRingHom

Hint: Omit it from the simp argument list.
  [apply] simp only [RingHom.comp_apply, RingEquiv.toRingHom_eq_coe, i, j, mulByIntRangeEquiv]

Note: This linter can be disabled with `set_option linter.unusedSimpArgs false`
warning: projects/HasseWeil/HasseWeil/Foundation/Basic.lean:740:73: `dif_neg` has been deprecated: Use `dite_eq_right` instead

Hint: Replace the deprecated name:
  d̵i̵f̵_̵n̵e̵g̵d̲i̲t̲e̲_̲e̲q̲_̲r̲i̲g̲h̲t̲
⚠ [11163/11467] Replayed HasseWeil.FormalGroup.FormalGroup
warning: projects/HasseWeil/HasseWeil/FormalGroup/FormalGroup.lean:204:8: `if_pos` has been deprecated: Use `ite_eq_left` instead

Hint: Replace the deprecated name:
  i̵f̵_̵p̵o̵s̵i̲t̲e̲_̲e̲q̲_̲l̲e̲f̲t̲
warning: projects/HasseWeil/HasseWeil/FormalGroup/FormalGroup.lean:206:10: `if_pos` has been deprecated: Use `ite_eq_left` instead

Hint: Replace the deprecated name:
  i̵f̵_̵p̵o̵s̵i̲t̲e̲_̲e̲q̲_̲l̲e̲f̲t̲
warning: projects/HasseWeil/HasseWeil/FormalGroup/FormalGroup.lean:209:10: `if_neg` has been deprecated: Use `ite_eq_right` instead

Hint: Replace the deprecated name:
  i̵f̵_̵n̵e̵g̵i̲t̲e̲_̲e̲q̲_̲r̲i̲g̲h̲t̲
warning: projects/HasseWeil/HasseWeil/FormalGroup/FormalGroup.lean:213:8: `if_neg` has been deprecated: Use `ite_eq_right` instead

Hint: Replace the deprecated name:
  i̵f̵_̵n̵e̵g̵i̲t̲e̲_̲e̲q̲_̲r̲i̲g̲h̲t̲
warning: projects/HasseWeil/HasseWeil/FormalGroup/FormalGroup.lean:230:6: `if_pos` has been deprecated: Use `ite_eq_left` instead

Hint: Replace the deprecated name:
  i̵f̵_̵p̵o̵s̵i̲t̲e̲_̲e̲q̲_̲l̲e̲f̲t̲
warning: projects/HasseWeil/HasseWeil/FormalGroup/FormalGroup.lean:232:6: `if_pos` has been deprecated: Use `ite_eq_left` instead

Hint: Replace the deprecated name:
  i̵f̵_̵p̵o̵s̵i̲t̲e̲_̲e̲q̲_̲l̲e̲f̲t̲
warning: projects/HasseWeil/HasseWeil/FormalGroup/FormalGroup.lean:294:8: `if_pos` has been deprecated: Use `ite_eq_left` instead

Hint: Replace the deprecated name:
  i̵f̵_̵p̵o̵s̵i̲t̲e̲_̲e̲q̲_̲l̲e̲f̲t̲
warning: projects/HasseWeil/HasseWeil/FormalGroup/FormalGroup.lean:298:10: `if_pos` has been deprecated: Use `ite_eq_left` instead

Hint: Replace the deprecated name:
  i̵f̵_̵p̵o̵s̵i̲t̲e̲_̲e̲q̲_̲l̲e̲f̲t̲
warning: projects/HasseWeil/HasseWeil/FormalGroup/FormalGroup.lean:300:12: `if_pos` has been deprecated: Use `ite_eq_left` instead

Hint: Replace the deprecated name:
  i̵f̵_̵p̵o̵s̵i̲t̲e̲_̲e̲q̲_̲l̲e̲f̲t̲
warning: projects/HasseWeil/HasseWeil/FormalGroup/FormalGroup.lean:306:12: `if_neg` has been deprecated: Use `ite_eq_right` instead

Hint: Replace the deprecated name:
  i̵f̵_̵n̵e̵g̵i̲t̲e̲_̲e̲q̲_̲r̲i̲g̲h̲t̲
warning: projects/HasseWeil/HasseWeil/FormalGroup/FormalGroup.lean:320:8: `if_neg` has been deprecated: Use `ite_eq_right` instead

Hint: Replace the deprecated name:
  i̵f̵_̵n̵e̵g̵i̲t̲e̲_̲e̲q̲_̲r̲i̲g̲h̲t̲
warning: projects/HasseWeil/HasseWeil/FormalGroup/FormalGroup.lean:396:6: `if_pos` has been deprecated: Use `ite_eq_left` instead

Hint: Replace the deprecated name:
  i̵f̵_̵p̵o̵s̵i̲t̲e̲_̲e̲q̲_̲l̲e̲f̲t̲
warning: projects/HasseWeil/HasseWeil/FormalGroup/FormalGroup.lean:396:18: `if_neg` has been deprecated: Use `ite_eq_right` instead

Hint: Replace the deprecated name:
  i̵f̵_̵n̵e̵g̵i̲t̲e̲_̲e̲q̲_̲r̲i̲g̲h̲t̲
warning: projects/HasseWeil/HasseWeil/FormalGroup/FormalGroup.lean:415:6: `if_neg` has been deprecated: Use `ite_eq_right` instead

Hint: Replace the deprecated name:
  i̵f̵_̵n̵e̵g̵i̲t̲e̲_̲e̲q̲_̲r̲i̲g̲h̲t̲
warning: projects/HasseWeil/HasseWeil/FormalGroup/FormalGroup.lean:415:37: `if_pos` has been deprecated: Use `ite_eq_left` instead

Hint: Replace the deprecated name:
  i̵f̵_̵p̵o̵s̵i̲t̲e̲_̲e̲q̲_̲l̲e̲f̲t̲
warning: projects/HasseWeil/HasseWeil/FormalGroup/FormalGroup.lean:418:6: `if_pos` has been deprecated: Use `ite_eq_left` instead

Hint: Replace the deprecated name:
  i̵f̵_̵p̵o̵s̵i̲t̲e̲_̲e̲q̲_̲l̲e̲f̲t̲
warning: projects/HasseWeil/HasseWeil/FormalGroup/FormalGroup.lean:418:42: `if_pos` has been deprecated: Use `ite_eq_left` instead

Hint: Replace the deprecated name:
  i̵f̵_̵p̵o̵s̵i̲t̲e̲_̲e̲q̲_̲l̲e̲f̲t̲
warning: projects/HasseWeil/HasseWeil/FormalGroup/FormalGroup.lean:419:6: `if_pos` has been deprecated: Use `ite_eq_left` instead

Hint: Replace the deprecated name:
  i̵f̵_̵p̵o̵s̵i̲t̲e̲_̲e̲q̲_̲l̲e̲f̲t̲
warning: projects/HasseWeil/HasseWeil/FormalGroup/FormalGroup.lean:441:6: `if_neg` has been deprecated: Use `ite_eq_right` instead

Hint: Replace the deprecated name:
  i̵f̵_̵n̵e̵g̵i̲t̲e̲_̲e̲q̲_̲r̲i̲g̲h̲t̲
warning: projects/HasseWeil/HasseWeil/FormalGroup/FormalGroup.lean:441:37: `if_neg` has been deprecated: Use `ite_eq_right` instead

Hint: Replace the deprecated name:
  i̵f̵_̵n̵e̵g̵i̲t̲e̲_̲e̲q̲_̲r̲i̲g̲h̲t̲
warning: projects/HasseWeil/HasseWeil/FormalGroup/FormalGroup.lean:442:6: `if_neg` has been deprecated: Use `ite_eq_right` instead

Hint: Replace the deprecated name:
  i̵f̵_̵n̵e̵g̵i̲t̲e̲_̲e̲q̲_̲r̲i̲g̲h̲t̲
warning: projects/HasseWeil/HasseWeil/FormalGroup/FormalGroup.lean:443:6: `if_pos` has been deprecated: Use `ite_eq_left` instead

Hint: Replace the deprecated name:
  i̵f̵_̵p̵o̵s̵i̲t̲e̲_̲e̲q̲_̲l̲e̲f̲t̲
warning: projects/HasseWeil/HasseWeil/FormalGroup/FormalGroup.lean:443:41: `if_pos` has been deprecated: Use `ite_eq_left` instead

Hint: Replace the deprecated name:
  i̵f̵_̵p̵o̵s̵i̲t̲e̲_̲e̲q̲_̲l̲e̲f̲t̲
warning: projects/HasseWeil/HasseWeil/FormalGroup/FormalGroup.lean:444:6: `if_pos` has been deprecated: Use `ite_eq_left` instead

Hint: Replace the deprecated name:
  i̵f̵_̵p̵o̵s̵i̲t̲e̲_̲e̲q̲_̲l̲e̲f̲t̲
warning: projects/HasseWeil/HasseWeil/FormalGroup/FormalGroup.lean:449:8: `if_pos` has been deprecated: Use `ite_eq_left` instead

Hint: Replace the deprecated name:
  i̵f̵_̵p̵o̵s̵i̲t̲e̲_̲e̲q̲_̲l̲e̲f̲t̲
warning: projects/HasseWeil/HasseWeil/FormalGroup/FormalGroup.lean:451:8: `if_pos` has been deprecated: Use `ite_eq_left` instead

Hint: Replace the deprecated name:
  i̵f̵_̵p̵o̵s̵i̲t̲e̲_̲e̲q̲_̲l̲e̲f̲t̲
⚠ [11164/11467] Replayed HasseWeil.FormalGroup.FormalGroupAssoc
warning: projects/HasseWeil/HasseWeil/FormalGroup/FormalGroupAssoc.lean:101:7: Private declaration `formalMulByNat_coeff` accessed publicly; this is allowed only because the `backward.privateInPublic` option is enabled. 

Disable `backward.privateInPublic.warn` to silence this warning.
warning: projects/HasseWeil/HasseWeil/FormalGroup/FormalGroupAssoc.lean:131:35: `if_true` has been deprecated: Use `ite_true` instead

Hint: Replace the deprecated name:
  i̵f̵_̵t̵r̵u̵e̵i̲t̲e̲_̲t̲r̲u̲e̲
warning: projects/HasseWeil/HasseWeil/FormalGroup/FormalGroupAssoc.lean:131:44: `if_false` has been deprecated: Use `ite_false` instead

Hint: Replace the deprecated name:
  i̵f̵_̵f̵a̵l̵s̵e̵i̲t̲e̲_̲f̲a̲l̲s̲e̲
warning: projects/HasseWeil/HasseWeil/FormalGroup/FormalGroupAssoc.lean:139:35: `if_true` has been deprecated: Use `ite_true` instead

Hint: Replace the deprecated name:
  i̵f̵_̵t̵r̵u̵e̵i̲t̲e̲_̲t̲r̲u̲e̲
warning: projects/HasseWeil/HasseWeil/FormalGroup/FormalGroupAssoc.lean:139:44: `if_false` has been deprecated: Use `ite_false` instead

Hint: Replace the deprecated name:
  i̵f̵_̵f̵a̵l̵s̵e̵i̲t̲e̲_̲f̲a̲l̲s̲e̲
warning: projects/HasseWeil/HasseWeil/FormalGroup/FormalGroupAssoc.lean:160:4: Private declaration `univPow` accessed publicly; this is allowed only because the `backward.privateInPublic` option is enabled. 

Disable `backward.privateInPublic.warn` to silence this warning.
warning: projects/HasseWeil/HasseWeil/FormalGroup/FormalGroupAssoc.lean:193:4: Private declaration `fgl_coeff` accessed publicly; this is allowed only because the `backward.privateInPublic` option is enabled. 

Disable `backward.privateInPublic.warn` to silence this warning.
warning: projects/HasseWeil/HasseWeil/FormalGroup/FormalGroupAssoc.lean:193:28: Private declaration `fgl_coeff` accessed publicly; this is allowed only because the `backward.privateInPublic` option is enabled. 

Disable `backward.privateInPublic.warn` to silence this warning.
warning: projects/HasseWeil/HasseWeil/FormalGroup/FormalGroupAssoc.lean:219:40: Private declaration `univPow` accessed publicly; this is allowed only because the `backward.privateInPublic` option is enabled. 

Disable `backward.privateInPublic.warn` to silence this warning.
⚠ [11166/11467] Replayed HasseWeil.FormalGroup.FormalGroupCorrespondence
warning: projects/HasseWeil/HasseWeil/FormalGroup/FormalGroupCorrespondence.lean:299:2: Try this: 
  haveI̵

The goal is a proposition, so `have` is preferred over `haveI`.
The difference between `have` and `haveI` is that `haveI` inlines the value.
But this is not relevant for proofs because of proof irrelevance.

Note: This linter can be disabled with `set_option linter.style.haveILetI false`
warning: projects/HasseWeil/HasseWeil/FormalGroup/FormalGroupCorrespondence.lean:324:0: automatically included section variable(s) unused in theorem `HasseWeil.formalMulByInt_linear_coeff`:
  [DecidableEq F]
  [WeierstrassCurve.IsElliptic W.toAffine]
consider restructuring your `variable` declarations so that the variables are not in scope or explicitly omit them:
  omit [DecidableEq F] [WeierstrassCurve.IsElliptic W.toAffine] in theorem ...

Note: This linter can be disabled with `set_option linter.unusedSectionVars false`
warning: projects/HasseWeil/HasseWeil/FormalGroup/FormalGroupCorrespondence.lean:329:0: automatically included section variable(s) unused in theorem `HasseWeil.formalMulByInt_const_zero`:
  [DecidableEq F]
  [WeierstrassCurve.IsElliptic W.toAffine]
consider restructuring your `variable` declarations so that the variables are not in scope or explicitly omit them:
  omit [DecidableEq F] [WeierstrassCurve.IsElliptic W.toAffine] in theorem ...

Note: This linter can be disabled with `set_option linter.unusedSectionVars false`
⚠ [11167/11467] Replayed HasseWeil.Foundation.Auxiliary.DiffQuotientRule
warning: projects/HasseWeil/HasseWeil/Foundation/Auxiliary/DiffQuotientRule.lean:30:0: automatically included section variable(s) unused in theorem `HasseWeil.D_inv_smul`:
  [WeierstrassCurve.IsElliptic E]
consider restructuring your `variable` declarations so that the variables are not in scope or explicitly omit them:
  omit [WeierstrassCurve.IsElliptic E] in theorem ...

Note: This linter can be disabled with `set_option linter.unusedSectionVars false`
⚠ [11170/11467] Replayed HasseWeil.Foundation.OmegaPullbackCoeff
warning: projects/HasseWeil/HasseWeil/Foundation/OmegaPullbackCoeff.lean:131:82: `dif_neg` has been deprecated: Use `dite_eq_right` instead

Hint: Replace the deprecated name:
  d̵i̵f̵_̵n̵e̵g̵d̲i̲t̲e̲_̲e̲q̲_̲r̲i̲g̲h̲t̲
warning: projects/HasseWeil/HasseWeil/Foundation/OmegaPullbackCoeff.lean:147:82: `dif_neg` has been deprecated: Use `dite_eq_right` instead

Hint: Replace the deprecated name:
  d̵i̵f̵_̵n̵e̵g̵d̲i̲t̲e̲_̲e̲q̲_̲r̲i̲g̲h̲t̲
warning: projects/HasseWeil/HasseWeil/Foundation/OmegaPullbackCoeff.lean:472:14: declaration uses `sorry`
warning: projects/HasseWeil/HasseWeil/Foundation/OmegaPullbackCoeff.lean:550:30: `if_pos` has been deprecated: Use `ite_eq_left` instead

Hint: Replace the deprecated name:
  i̵f̵_̵p̵o̵s̵i̲t̲e̲_̲e̲q̲_̲l̲e̲f̲t̲
warning: projects/HasseWeil/HasseWeil/Foundation/OmegaPullbackCoeff.lean:625:30: `if_pos` has been deprecated: Use `ite_eq_left` instead

Hint: Replace the deprecated name:
  i̵f̵_̵p̵o̵s̵i̲t̲e̲_̲e̲q̲_̲l̲e̲f̲t̲
⚠ [11173/11467] Replayed HasseWeil.Foundation.Curves.IntegralClosure
warning: projects/HasseWeil/HasseWeil/Foundation/Curves/IntegralClosure.lean:122:12: `Ideal.comap_ne_bot_of_integral_mem` has been deprecated: Use `Ideal.under_ne_bot_of_integral_mem` instead

Hint: Replace the deprecated name:
  I̵d̵e̵a̵l̵.̵c̵o̵m̵a̵p̵_̵n̵e̵_̵b̵o̵t̵_̵o̵f̵_̵i̵n̵t̵e̵g̵r̵a̵l̵_̵m̵e̵m̵I̲d̲e̲a̲l̲.̲u̲n̲d̲e̲r̲_̲n̲e̲_̲b̲o̲t̲_̲o̲f̲_̲i̲n̲t̲e̲g̲r̲a̲l̲_̲m̲e̲m̲
warning: projects/HasseWeil/HasseWeil/Foundation/Curves/IntegralClosure.lean:618:8: `if_neg` has been deprecated: Use `ite_eq_right` instead

Hint: Replace the deprecated name:
  i̵f̵_̵n̵e̵g̵i̲t̲e̲_̲e̲q̲_̲r̲i̲g̲h̲t̲
warning: projects/HasseWeil/HasseWeil/Foundation/Curves/IntegralClosure.lean:618:35: `if_neg` has been deprecated: Use `ite_eq_right` instead

Hint: Replace the deprecated name:
  i̵f̵_̵n̵e̵g̵i̲t̲e̲_̲e̲q̲_̲r̲i̲g̲h̲t̲
warning: projects/HasseWeil/HasseWeil/Foundation/Curves/IntegralClosure.lean:619:6: `if_neg` has been deprecated: Use `ite_eq_right` instead

Hint: Replace the deprecated name:
  i̵f̵_̵n̵e̵g̵i̲t̲e̲_̲e̲q̲_̲r̲i̲g̲h̲t̲
⚠ [11175/11467] Replayed HasseWeil.Isogeny.FunctionField
warning: projects/HasseWeil/HasseWeil/Isogeny/FunctionField.lean:88:2: Try this: 
  letI̵

The goal is a proposition, so `let` is preferred over `letI`.
The difference between `let` and `letI` is that `letI` inlines the value.
But this is not relevant for proofs because of proof irrelevance.

Note: This linter can be disabled with `set_option linter.style.haveILetI false`
warning: projects/HasseWeil/HasseWeil/Isogeny/FunctionField.lean:89:2: Try this: 
  letI̵

The goal is a proposition, so `let` is preferred over `letI`.
The difference between `let` and `letI` is that `letI` inlines the value.
But this is not relevant for proofs because of proof irrelevance.

Note: This linter can be disabled with `set_option linter.style.haveILetI false`
warning: projects/HasseWeil/HasseWeil/Isogeny/FunctionField.lean:90:2: Try this: 
  letI̵

The goal is a proposition, so `let` is preferred over `letI`.
The difference between `let` and `letI` is that `letI` inlines the value.
But this is not relevant for proofs because of proof irrelevance.

Note: This linter can be disabled with `set_option linter.style.haveILetI false`
warning: projects/HasseWeil/HasseWeil/Isogeny/FunctionField.lean:91:2: Try this: 
  haveI̵

The goal is a proposition, so `have` is preferred over `haveI`.
The difference between `have` and `haveI` is that `haveI` inlines the value.
But this is not relevant for proofs because of proof irrelevance.

Note: This linter can be disabled with `set_option linter.style.haveILetI false`
warning: projects/HasseWeil/HasseWeil/Isogeny/FunctionField.lean:93:2: Try this: 
  haveI̵

The goal is a proposition, so `have` is preferred over `haveI`.
The difference between `have` and `haveI` is that `haveI` inlines the value.
But this is not relevant for proofs because of proof irrelevance.

Note: This linter can be disabled with `set_option linter.style.haveILetI false`
⚠ [11176/11467] Replayed HasseWeil.Foundation.Valuation
warning: projects/HasseWeil/HasseWeil/Foundation/Valuation.lean:246:11: Try this: 
  letI̵

The goal is a proposition, so `let` is preferred over `letI`.
The difference between `let` and `letI` is that `letI` inlines the value.
But this is not relevant for proofs because of proof irrelevance.

Note: This linter can be disabled with `set_option linter.style.haveILetI false`
warning: projects/HasseWeil/HasseWeil/Foundation/Valuation.lean:281:4: Try this: 
  haveI̵

The goal is a proposition, so `have` is preferred over `haveI`.
The difference between `have` and `haveI` is that `haveI` inlines the value.
But this is not relevant for proofs because of proof irrelevance.

Note: This linter can be disabled with `set_option linter.style.haveILetI false`
warning: projects/HasseWeil/HasseWeil/Foundation/Valuation.lean:313:4: Try this: 
  haveI̵

The goal is a proposition, so `have` is preferred over `haveI`.
The difference between `have` and `haveI` is that `haveI` inlines the value.
But this is not relevant for proofs because of proof irrelevance.

Note: This linter can be disabled with `set_option linter.style.haveILetI false`
⚠ [11178/11467] Replayed HasseWeil.Foundation.Curves.Valuation.Valuation
warning: projects/HasseWeil/HasseWeil/Foundation/Curves/Valuation/Valuation.lean:107:55: `dif_neg` has been deprecated: Use `dite_eq_right` instead

Hint: Replace the deprecated name:
  d̵i̵f̵_̵n̵e̵g̵d̲i̲t̲e̲_̲e̲q̲_̲r̲i̲g̲h̲t̲
⚠ [11179/11467] Replayed HasseWeil.Foundation.Curves.Valuation.Infinity
warning: projects/HasseWeil/HasseWeil/Foundation/Curves/Valuation/Infinity.lean:94:56: `if_pos` has been deprecated: Use `ite_eq_left` instead

Hint: Replace the deprecated name:
  i̵f̵_̵p̵o̵s̵i̲t̲e̲_̲e̲q̲_̲l̲e̲f̲t̲
warning: projects/HasseWeil/HasseWeil/Foundation/Curves/Valuation/Infinity.lean:105:2: `if_neg` has been deprecated: Use `ite_eq_right` instead

Hint: Replace the deprecated name:
  i̵f̵_̵n̵e̵g̵i̲t̲e̲_̲e̲q̲_̲r̲i̲g̲h̲t̲
warning: projects/HasseWeil/HasseWeil/Foundation/Curves/Valuation/Infinity.lean:957:8: `Polynomial.degree_sub_lt` has been deprecated: Use `Polynomial.degree_sub_lt_left` instead

Hint: Replace the deprecated name:
  Polynomial.degree_sub_lt_̲l̲e̲f̲t̲
warning: projects/HasseWeil/HasseWeil/Foundation/Curves/Valuation/Infinity.lean:1063:21: `if_neg` has been deprecated: Use `ite_eq_right` instead

Hint: Replace the deprecated name:
  i̵f̵_̵n̵e̵g̵i̲t̲e̲_̲e̲q̲_̲r̲i̲g̲h̲t̲
warning: projects/HasseWeil/HasseWeil/Foundation/Curves/Valuation/Infinity.lean:1065:62: `if_pos` has been deprecated: Use `ite_eq_left` instead

Hint: Replace the deprecated name:
  i̵f̵_̵p̵o̵s̵i̲t̲e̲_̲e̲q̲_̲l̲e̲f̲t̲
warning: projects/HasseWeil/HasseWeil/Foundation/Curves/Valuation/Infinity.lean:1069:21: `if_neg` has been deprecated: Use `ite_eq_right` instead

Hint: Replace the deprecated name:
  i̵f̵_̵n̵e̵g̵i̲t̲e̲_̲e̲q̲_̲r̲i̲g̲h̲t̲
warning: projects/HasseWeil/HasseWeil/Foundation/Curves/Valuation/Infinity.lean:1332:5: `Polynomial.finite_setOf_isRoot` has been deprecated: Use `Polynomial.finite_setOfPred_isRoot` instead

Hint: Replace the deprecated name:
  Polynomial.finite_setOfP̲r̲e̲d̲_isRoot
warning: projects/HasseWeil/HasseWeil/Foundation/Curves/Valuation/Infinity.lean:1559:6: `dif_neg` has been deprecated: Use `dite_eq_right` instead

Hint: Replace the deprecated name:
  d̵i̵f̵_̵n̵e̵g̵d̲i̲t̲e̲_̲e̲q̲_̲r̲i̲g̲h̲t̲
warning: projects/HasseWeil/HasseWeil/Foundation/Curves/Valuation/Infinity.lean:1606:5: `Polynomial.finite_setOf_isRoot` has been deprecated: Use `Polynomial.finite_setOfPred_isRoot` instead

Hint: Replace the deprecated name:
  Polynomial.finite_setOfP̲r̲e̲d̲_isRoot
warning: projects/HasseWeil/HasseWeil/Foundation/Curves/Valuation/Infinity.lean:1654:28: `Set.mem_setOf_eq` has been deprecated: Use `Set.mem_ofPred_eq` instead

Hint: Replace the deprecated name:
  S̵e̵t̵.̵m̵e̵m̵_̵s̵e̵t̵O̵f̵_̵e̵q̵S̲e̲t̲.̲m̲e̲m̲_̲o̲f̲P̲r̲e̲d̲_̲e̲q̲
⚠ [11180/11467] Replayed HasseWeil.Foundation.OrdAtInftyBridge
warning: projects/HasseWeil/HasseWeil/Foundation/OrdAtInftyBridge.lean:58:8: automatically included section variable(s) unused in theorem `HasseWeil.W_smooth_toAffine`:
  [DecidableEq F]
  [WeierstrassCurve.IsElliptic W.toAffine]
consider restructuring your `variable` declarations so that the variables are not in scope or explicitly omit them:
  omit [DecidableEq F] [WeierstrassCurve.IsElliptic W.toAffine] in theorem ...

Note: This linter can be disabled with `set_option linter.unusedSectionVars false`
warning: projects/HasseWeil/HasseWeil/Foundation/OrdAtInftyBridge.lean:62:8: automatically included section variable(s) unused in theorem `HasseWeil.W_smooth_functionField`:
  [DecidableEq F]
  [WeierstrassCurve.IsElliptic W.toAffine]
consider restructuring your `variable` declarations so that the variables are not in scope or explicitly omit them:
  omit [DecidableEq F] [WeierstrassCurve.IsElliptic W.toAffine] in theorem ...

Note: This linter can be disabled with `set_option linter.unusedSectionVars false`
warning: projects/HasseWeil/HasseWeil/Foundation/OrdAtInftyBridge.lean:67:0: automatically included section variable(s) unused in theorem `HasseWeil.coordX_W_smooth_eq_x_gen`:
  [DecidableEq F]
  [WeierstrassCurve.IsElliptic W.toAffine]
consider restructuring your `variable` declarations so that the variables are not in scope or explicitly omit them:
  omit [DecidableEq F] [WeierstrassCurve.IsElliptic W.toAffine] in theorem ...

Note: This linter can be disabled with `set_option linter.unusedSectionVars false`
warning: projects/HasseWeil/HasseWeil/Foundation/OrdAtInftyBridge.lean:84:0: automatically included section variable(s) unused in theorem `HasseWeil.coordY_W_smooth_eq_y_gen`:
  [DecidableEq F]
  [WeierstrassCurve.IsElliptic W.toAffine]
consider restructuring your `variable` declarations so that the variables are not in scope or explicitly omit them:
  omit [DecidableEq F] [WeierstrassCurve.IsElliptic W.toAffine] in theorem ...

Note: This linter can be disabled with `set_option linter.unusedSectionVars false`
warning: projects/HasseWeil/HasseWeil/Foundation/OrdAtInftyBridge.lean:97:0: automatically included section variable(s) unused in theorem `HasseWeil.ordAtInfty_algebraMap_F_nonzero`:
  [DecidableEq F]
  [WeierstrassCurve.IsElliptic W.toAffine]
consider restructuring your `variable` declarations so that the variables are not in scope or explicitly omit them:
  omit [DecidableEq F] [WeierstrassCurve.IsElliptic W.toAffine] in theorem ...

Note: This linter can be disabled with `set_option linter.unusedSectionVars false`
warning: projects/HasseWeil/HasseWeil/Foundation/OrdAtInftyBridge.lean:117:82: `dif_neg` has been deprecated: Use `dite_eq_right` instead

Hint: Replace the deprecated name:
  d̵i̵f̵_̵n̵e̵g̵d̲i̲t̲e̲_̲e̲q̲_̲r̲i̲g̲h̲t̲
warning: projects/HasseWeil/HasseWeil/Foundation/OrdAtInftyBridge.lean:149:0: automatically included section variable(s) unused in theorem `HasseWeil.Φ_ff_eq_algebraMap_polynomial`:
  [DecidableEq F]
  [WeierstrassCurve.IsElliptic W.toAffine]
consider restructuring your `variable` declarations so that the variables are not in scope or explicitly omit them:
  omit [DecidableEq F] [WeierstrassCurve.IsElliptic W.toAffine] in theorem ...

Note: This linter can be disabled with `set_option linter.unusedSectionVars false`
warning: projects/HasseWeil/HasseWeil/Foundation/OrdAtInftyBridge.lean:156:0: automatically included section variable(s) unused in theorem `HasseWeil.ΨSq_ff_eq_algebraMap_polynomial`:
  [DecidableEq F]
  [WeierstrassCurve.IsElliptic W.toAffine]
consider restructuring your `variable` declarations so that the variables are not in scope or explicitly omit them:
  omit [DecidableEq F] [WeierstrassCurve.IsElliptic W.toAffine] in theorem ...

Note: This linter can be disabled with `set_option linter.unusedSectionVars false`
warning: projects/HasseWeil/HasseWeil/Foundation/OrdAtInftyBridge.lean:220:0: automatically included section variable(s) unused in theorem `HasseWeil.mulByInt_x_ne_zero`:
  [DecidableEq F]
consider restructuring your `variable` declarations so that the variables are not in scope or explicitly omit them:
  omit [DecidableEq F] in theorem ...

Note: This linter can be disabled with `set_option linter.unusedSectionVars false`
⚠ [11181/11467] Replayed HasseWeil.Foundation.AdditionPullback
warning: projects/HasseWeil/HasseWeil/Foundation/AdditionPullback.lean:278:2: Try this: 
  haveI̵

The goal is a proposition, so `have` is preferred over `haveI`.
The difference between `have` and `haveI` is that `haveI` inlines the value.
But this is not relevant for proofs because of proof irrelevance.

Note: This linter can be disabled with `set_option linter.style.haveILetI false`
⚠ [11184/11467] Replayed HasseWeil.Isogeny.Frobenius.FunctionField
warning: projects/HasseWeil/HasseWeil/Isogeny/Frobenius/FunctionField.lean:213:37: `FiniteField.expand_card` has been deprecated: Use `FiniteField.Polynomial.expand_card` instead

Note: The updated constant is in a different namespace. Dot notation may need to be changed (e.g., from `x.expand_card` to `Polynomial.expand_card x`).

Hint: Replace the deprecated name:
  F̵i̵n̵i̵t̵e̵F̵i̵e̵l̵d̵.̵e̵x̵p̵a̵n̵d̵_̵c̵a̵r̵d̵P̲o̲l̲y̲n̲o̲m̲i̲a̲l̲.̲e̲x̲p̲a̲n̲d̲_̲c̲a̲r̲d̲
⚠ [11186/11467] Replayed HasseWeil.Foundation.EC.AffinePointMap
warning: projects/HasseWeil/HasseWeil/Foundation/EC/AffinePointMap.lean:97:0: automatically included section variable(s) unused in theorem `HasseWeil.Affine.Point.map_neg`:
  [DecidableEq F]
  [DecidableEq F']
consider restructuring your `variable` declarations so that the variables are not in scope or explicitly omit them:
  omit [DecidableEq F] [DecidableEq F'] in theorem ...

Note: This linter can be disabled with `set_option linter.unusedSectionVars false`
⚠ [11187/11467] Replayed HasseWeil.Foundation.EC.GenericPoint
warning: projects/HasseWeil/HasseWeil/Foundation/EC/GenericPoint.lean:46:0: automatically included section variable(s) unused in theorem `HasseWeil.generic_nonsingular`:
  [DecidableEq F]
consider restructuring your `variable` declarations so that the variables are not in scope or explicitly omit them:
  omit [DecidableEq F] in theorem ...

Note: This linter can be disabled with `set_option linter.unusedSectionVars false`
⚠ [11188/11467] Replayed HasseWeil.Foundation.EC.MulByIntBaseCase
warning: projects/HasseWeil/HasseWeil/Foundation/EC/MulByIntBaseCase.lean:97:8: `AlgHom.coe_ringHom_injective` has been deprecated: Use `AlgHom.toRingHom_injective` instead

Hint: Replace the deprecated name:
  A̵l̵g̵H̵o̵m̵.̵c̵o̵e̵_̵r̵i̵n̵g̵H̵o̵m̵_̵i̵n̵j̵e̵c̵t̵i̵v̵e̵A̲l̲g̲H̲o̲m̲.̲t̲o̲R̲i̲n̲g̲H̲o̲m̲_̲i̲n̲j̲e̲c̲t̲i̲v̲e̲
warning: projects/HasseWeil/HasseWeil/Foundation/EC/MulByIntBaseCase.lean:215:8: `AlgHom.coe_ringHom_injective` has been deprecated: Use `AlgHom.toRingHom_injective` instead

Hint: Replace the deprecated name:
  A̵l̵g̵H̵o̵m̵.̵c̵o̵e̵_̵r̵i̵n̵g̵H̵o̵m̵_̵i̵n̵j̵e̵c̵t̵i̵v̵e̵A̲l̲g̲H̲o̲m̲.̲t̲o̲R̲i̲n̲g̲H̲o̲m̲_̲i̲n̲j̲e̲c̲t̲i̲v̲e̲
⚠ [11190/11467] Replayed HasseWeil.Foundation.EC.GenericPointZsmul
warning: projects/HasseWeil/HasseWeil/Foundation/EC/GenericPointZsmul.lean:142:0: automatically included section variable(s) unused in theorem `HasseWeil.mulByInt_y_neg`:
  [DecidableEq F]
consider restructuring your `variable` declarations so that the variables are not in scope or explicitly omit them:
  omit [DecidableEq F] in theorem ...

Note: This linter can be disabled with `set_option linter.unusedSectionVars false`
warning: projects/HasseWeil/HasseWeil/Foundation/EC/GenericPointZsmul.lean:164:0: automatically included section variable(s) unused in theorem `HasseWeil.mulByInt_x_eq`:
  [DecidableEq F]
consider restructuring your `variable` declarations so that the variables are not in scope or explicitly omit them:
  omit [DecidableEq F] in theorem ...

Note: This linter can be disabled with `set_option linter.unusedSectionVars false`
warning: projects/HasseWeil/HasseWeil/Foundation/EC/GenericPointZsmul.lean:253:0: automatically included section variable(s) unused in theorem `HasseWeil.mulByInt_y_sub_negY`:
  [DecidableEq F]
consider restructuring your `variable` declarations so that the variables are not in scope or explicitly omit them:
  omit [DecidableEq F] in theorem ...

Note: This linter can be disabled with `set_option linter.unusedSectionVars false`
warning: projects/HasseWeil/HasseWeil/Foundation/EC/GenericPointZsmul.lean:287:0: automatically included section variable(s) unused in theorem `HasseWeil.generic_weierstrass`:
  [DecidableEq F]
  [WeierstrassCurve.IsElliptic W.toAffine]
consider restructuring your `variable` declarations so that the variables are not in scope or explicitly omit them:
  omit [DecidableEq F] [WeierstrassCurve.IsElliptic W.toAffine] in theorem ...

Note: This linter can be disabled with `set_option linter.unusedSectionVars false`
warning: projects/HasseWeil/HasseWeil/Foundation/EC/GenericPointZsmul.lean:297:0: automatically included section variable(s) unused in theorem `HasseWeil.ψ_ff_three_eq`:
  [DecidableEq F]
  [WeierstrassCurve.IsElliptic W.toAffine]
consider restructuring your `variable` declarations so that the variables are not in scope or explicitly omit them:
  omit [DecidableEq F] [WeierstrassCurve.IsElliptic W.toAffine] in theorem ...

Note: This linter can be disabled with `set_option linter.unusedSectionVars false`
warning: projects/HasseWeil/HasseWeil/Foundation/EC/GenericPointZsmul.lean:607:0: automatically included section variable(s) unused in theorem `HasseWeil.evalEval_φ_at_mulByInt_eq_eval₂_Φ`:
  [DecidableEq F]
consider restructuring your `variable` declarations so that the variables are not in scope or explicitly omit them:
  omit [DecidableEq F] in theorem ...

Note: This linter can be disabled with `set_option linter.unusedSectionVars false`
warning: projects/HasseWeil/HasseWeil/Foundation/EC/GenericPointZsmul.lean:623:0: automatically included section variable(s) unused in theorem `HasseWeil.evalEval_ψ_sq_at_mulByInt_eq_eval₂_ΨSq`:
  [DecidableEq F]
consider restructuring your `variable` declarations so that the variables are not in scope or explicitly omit them:
  omit [DecidableEq F] in theorem ...

Note: This linter can be disabled with `set_option linter.unusedSectionVars false`
⚠ [11191/11467] Replayed HasseWeil.Isogeny.Frobenius.OrdAtInfty
warning: projects/HasseWeil/HasseWeil/Isogeny/Frobenius/OrdAtInfty.lean:1146:0: automatically included section variable(s) unused in theorem `HasseWeil.mulByInt_pullback_y_neg_one`:
  [Fintype K]
consider restructuring your `variable` declarations so that the variables are not in scope or explicitly omit them:
  omit [Fintype K] in theorem ...

Note: This linter can be disabled with `set_option linter.unusedSectionVars false`
warning: projects/HasseWeil/HasseWeil/Isogeny/Frobenius/OrdAtInfty.lean:2383:0: automatically included section variable(s) unused in theorem `HasseWeil.mulByInt_neg_one_pullback_comp_self`:
  [Fintype K]
consider restructuring your `variable` declarations so that the variables are not in scope or explicitly omit them:
  omit [Fintype K] in theorem ...

Note: This linter can be disabled with `set_option linter.unusedSectionVars false`
warning: projects/HasseWeil/HasseWeil/Isogeny/Frobenius/OrdAtInfty.lean:2534:4: Try this: 
  haveI̵

The goal is a proposition, so `have` is preferred over `haveI`.
The difference between `have` and `haveI` is that `haveI` inlines the value.
But this is not relevant for proofs because of proof irrelevance.

Note: This linter can be disabled with `set_option linter.style.haveILetI false`
warning: projects/HasseWeil/HasseWeil/Isogeny/Frobenius/OrdAtInfty.lean:2546:8: automatically included section variable(s) unused in theorem `HasseWeil.mulByInt_neg_one_pullback_algebraMap_K`:
  [Fintype K]
consider restructuring your `variable` declarations so that the variables are not in scope or explicitly omit them:
  omit [Fintype K] in theorem ...

Note: This linter can be disabled with `set_option linter.unusedSectionVars false`
warning: projects/HasseWeil/HasseWeil/Isogeny/Frobenius/OrdAtInfty.lean:2554:0: automatically included section variable(s) unused in theorem `HasseWeil.mulByInt_neg_one_pullback_algebraMap_polyK`:
  [Fintype K]
consider restructuring your `variable` declarations so that the variables are not in scope or explicitly omit them:
  omit [Fintype K] in theorem ...

Note: This linter can be disabled with `set_option linter.unusedSectionVars false`
warning: projects/HasseWeil/HasseWeil/Isogeny/Frobenius/OrdAtInfty.lean:2620:0: automatically included section variable(s) unused in theorem `HasseWeil.a₁X_plus_a₃_ne_zero_char_two`:
  [Fintype K]
  [DecidableEq K]
consider restructuring your `variable` declarations so that the variables are not in scope or explicitly omit them:
  omit [Fintype K] [DecidableEq K] in theorem ...

Note: This linter can be disabled with `set_option linter.unusedSectionVars false`
warning: projects/HasseWeil/HasseWeil/Isogeny/Frobenius/OrdAtInfty.lean:2636:0: automatically included section variable(s) unused in theorem `HasseWeil.algebraMap_a₁X_plus_a₃`:
  [Fintype K]
  [DecidableEq K]
  [WeierstrassCurve.IsElliptic W.toAffine]
consider restructuring your `variable` declarations so that the variables are not in scope or explicitly omit them:
  omit [Fintype K] [DecidableEq K] [WeierstrassCurve.IsElliptic W.toAffine] in theorem ...

Note: This linter can be disabled with `set_option linter.unusedSectionVars false`
warning: projects/HasseWeil/HasseWeil/Isogeny/Frobenius/OrdAtInfty.lean:2742:4: Try this: 
  haveI̵

The goal is a proposition, so `have` is preferred over `haveI`.
The difference between `have` and `haveI` is that `haveI` inlines the value.
But this is not relevant for proofs because of proof irrelevance.

Note: This linter can be disabled with `set_option linter.style.haveILetI false`
warning: projects/HasseWeil/HasseWeil/Isogeny/Frobenius/OrdAtInfty.lean:3077:0: automatically included section variable(s) unused in theorem `HasseWeil.sigma_mulByInt_pullback_x_eq`:
  [Fintype K]
consider restructuring your `variable` declarations so that the variables are not in scope or explicitly omit them:
  omit [Fintype K] in theorem ...

Note: This linter can be disabled with `set_option linter.unusedSectionVars false`
warning: projects/HasseWeil/HasseWeil/Isogeny/Frobenius/OrdAtInfty.lean:3092:0: automatically included section variable(s) unused in theorem `HasseWeil.sigma_mulByInt_pullback_y_eq`:
  [Fintype K]
consider restructuring your `variable` declarations so that the variables are not in scope or explicitly omit them:
  omit [Fintype K] in theorem ...

Note: This linter can be disabled with `set_option linter.unusedSectionVars false`
warning: projects/HasseWeil/HasseWeil/Isogeny/Frobenius/OrdAtInfty.lean:3314:0: automatically included section variable(s) unused in theorem `HasseWeil.ordAtInfty_mulByInt_neg_pullback_x_gen`:
  [Fintype K]
consider restructuring your `variable` declarations so that the variables are not in scope or explicitly omit them:
  omit [Fintype K] in theorem ...

Note: This linter can be disabled with `set_option linter.unusedSectionVars false`
warning: projects/HasseWeil/HasseWeil/Isogeny/Frobenius/OrdAtInfty.lean:3536:0: automatically included section variable(s) unused in theorem `HasseWeil.ordAtInfty_mulByInt_y_eq_of_x`:
  [Fintype K]
consider restructuring your `variable` declarations so that the variables are not in scope or explicitly omit them:
  omit [Fintype K] in theorem ...

Note: This linter can be disabled with `set_option linter.unusedSectionVars false`
warning: projects/HasseWeil/HasseWeil/Isogeny/Frobenius/OrdAtInfty.lean:3839:15: Variable name `hr` is not explicitly referenced.

Hint: The binding can be removed (if unused) or named `_` (if used implicitly). Alternatively, prefix the name with `_` to silence this warning:
  [apply] _hr

Note: This linter can be disabled with `set_option linter.unusedVariables false`
warning: projects/HasseWeil/HasseWeil/Isogeny/Frobenius/OrdAtInfty.lean:3839:28: Variable name `hs` is not explicitly referenced.

Hint: The binding can be removed (if unused) or named `_` (if used implicitly). Alternatively, prefix the name with `_` to silence this warning:
  [apply] _hs

Note: This linter can be disabled with `set_option linter.unusedVariables false`
warning: projects/HasseWeil/HasseWeil/Isogeny/Frobenius/OrdAtInfty.lean:4409:2: Try this: 
  haveI̵

The goal is a proposition, so `have` is preferred over `haveI`.
The difference between `have` and `haveI` is that `haveI` inlines the value.
But this is not relevant for proofs because of proof irrelevance.

Note: This linter can be disabled with `set_option linter.style.haveILetI false`
warning: projects/HasseWeil/HasseWeil/Isogeny/Frobenius/OrdAtInfty.lean:4424:2: Try this: 
  haveI̵

The goal is a proposition, so `have` is preferred over `haveI`.
The difference between `have` and `haveI` is that `haveI` inlines the value.
But this is not relevant for proofs because of proof irrelevance.

Note: This linter can be disabled with `set_option linter.style.haveILetI false`
warning: projects/HasseWeil/HasseWeil/Isogeny/Frobenius/OrdAtInfty.lean:4444:2: Try this: 
  haveI̵

The goal is a proposition, so `have` is preferred over `haveI`.
The difference between `have` and `haveI` is that `haveI` inlines the value.
But this is not relevant for proofs because of proof irrelevance.

Note: This linter can be disabled with `set_option linter.style.haveILetI false`
warning: projects/HasseWeil/HasseWeil/Isogeny/Frobenius/OrdAtInfty.lean:4612:2: Try this: 
  haveI̵

The goal is a proposition, so `have` is preferred over `haveI`.
The difference between `have` and `haveI` is that `haveI` inlines the value.
But this is not relevant for proofs because of proof irrelevance.

Note: This linter can be disabled with `set_option linter.style.haveILetI false`
warning: projects/HasseWeil/HasseWeil/Isogeny/Frobenius/OrdAtInfty.lean:4784:5: Private declaration `h_pole_discharge` accessed publicly; this is allowed only because the `backward.privateInPublic` option is enabled. 

Disable `backward.privateInPublic.warn` to silence this warning.
⚠ [11195/11467] Replayed HasseWeil.Isogeny.Kernel
warning: projects/HasseWeil/HasseWeil/Isogeny/Kernel.lean:184:13: `Set.mem_setOf_eq` has been deprecated: Use `Set.mem_ofPred_eq` instead

Hint: Replace the deprecated name:
  S̵e̵t̵.̵m̵e̵m̵_̵s̵e̵t̵O̵f̵_̵e̵q̵S̲e̲t̲.̲m̲e̲m̲_̲o̲f̲P̲r̲e̲d̲_̲e̲q̲
warning: projects/HasseWeil/HasseWeil/Isogeny/Kernel.lean:220:4: Try this: 
  haveI̵

The goal is a proposition, so `have` is preferred over `haveI`.
The difference between `have` and `haveI` is that `haveI` inlines the value.
But this is not relevant for proofs because of proof irrelevance.

Note: This linter can be disabled with `set_option linter.style.haveILetI false`
warning: projects/HasseWeil/HasseWeil/Isogeny/Kernel.lean:498:2: Try this: 
  letI̵

The goal is a proposition, so `let` is preferred over `letI`.
The difference between `let` and `letI` is that `letI` inlines the value.
But this is not relevant for proofs because of proof irrelevance.

Note: This linter can be disabled with `set_option linter.style.haveILetI false`
warning: projects/HasseWeil/HasseWeil/Isogeny/Kernel.lean:499:2: Try this: 
  haveI̵

The goal is a proposition, so `have` is preferred over `haveI`.
The difference between `have` and `haveI` is that `haveI` inlines the value.
But this is not relevant for proofs because of proof irrelevance.

Note: This linter can be disabled with `set_option linter.style.haveILetI false`
warning: projects/HasseWeil/HasseWeil/Isogeny/Kernel.lean:500:2: Try this: 
  haveI̵

The goal is a proposition, so `have` is preferred over `haveI`.
The difference between `have` and `haveI` is that `haveI` inlines the value.
But this is not relevant for proofs because of proof irrelevance.

Note: This linter can be disabled with `set_option linter.style.haveILetI false`
warning: projects/HasseWeil/HasseWeil/Isogeny/Kernel.lean:517:2: Try this: 
  letI̵

The goal is a proposition, so `let` is preferred over `letI`.
The difference between `let` and `letI` is that `letI` inlines the value.
But this is not relevant for proofs because of proof irrelevance.

Note: This linter can be disabled with `set_option linter.style.haveILetI false`
⚠ [11197/11467] Replayed HasseWeil.Foundation.Curves.Divisor.Divisors
warning: projects/HasseWeil/HasseWeil/Foundation/Curves/Divisor/Divisors.lean:123:15: `Set.mem_setOf_eq` has been deprecated: Use `Set.mem_ofPred_eq` instead

Hint: Replace the deprecated name:
  S̵e̵t̵.̵m̵e̵m̵_̵s̵e̵t̵O̵f̵_̵e̵q̵S̲e̲t̲.̲m̲e̲m̲_̲o̲f̲P̲r̲e̲d̲_̲e̲q̲
⚠ [11198/11467] Replayed HasseWeil.Foundation.Curves.Valuation.AlgebraicNonNegOrd
warning: projects/HasseWeil/HasseWeil/Foundation/Curves/Valuation/AlgebraicNonNegOrd.lean:91:8: `dif_neg` has been deprecated: Use `dite_eq_right` instead

Hint: Replace the deprecated name:
  d̵i̵f̵_̵n̵e̵g̵d̲i̲t̲e̲_̲e̲q̲_̲r̲i̲g̲h̲t̲
⚠ [11199/11467] Replayed HasseWeil.Foundation.Curves.Map.CurveMap
warning: projects/HasseWeil/HasseWeil/Foundation/Curves/Map/CurveMap.lean:5:0: Use RingTheory.RamificationInertia.Basic
'Mathlib.NumberTheory.RamificationInertia.Basic' has been deprecated: please replace this import by

import Mathlib.LinearAlgebra.Dimension.DivisionRing
import Mathlib.NumberTheory.RamificationInertia.Inertia
import Mathlib.NumberTheory.RamificationInertia.Ramification
import Mathlib.RingTheory.Ideal.Norm.AbsNorm
import Mathlib.RingTheory.SimpleModule.Basic
warning: projects/HasseWeil/HasseWeil/Foundation/Curves/Map/CurveMap.lean:117:2: Try this: 
  letI̵

The goal is a proposition, so `let` is preferred over `letI`.
The difference between `let` and `letI` is that `letI` inlines the value.
But this is not relevant for proofs because of proof irrelevance.

Note: This linter can be disabled with `set_option linter.style.haveILetI false`
warning: projects/HasseWeil/HasseWeil/Foundation/Curves/Map/CurveMap.lean:118:2: Try this: 
  letI̵

The goal is a proposition, so `let` is preferred over `letI`.
The difference between `let` and `letI` is that `letI` inlines the value.
But this is not relevant for proofs because of proof irrelevance.

Note: This linter can be disabled with `set_option linter.style.haveILetI false`
warning: projects/HasseWeil/HasseWeil/Foundation/Curves/Map/CurveMap.lean:119:2: Try this: 
  letI̵

The goal is a proposition, so `let` is preferred over `letI`.
The difference between `let` and `letI` is that `letI` inlines the value.
But this is not relevant for proofs because of proof irrelevance.

Note: This linter can be disabled with `set_option linter.style.haveILetI false`
warning: projects/HasseWeil/HasseWeil/Foundation/Curves/Map/CurveMap.lean:120:2: Try this: 
  haveI̵

The goal is a proposition, so `have` is preferred over `haveI`.
The difference between `have` and `haveI` is that `haveI` inlines the value.
But this is not relevant for proofs because of proof irrelevance.

Note: This linter can be disabled with `set_option linter.style.haveILetI false`
warning: projects/HasseWeil/HasseWeil/Foundation/Curves/Map/CurveMap.lean:122:2: Try this: 
  haveI̵

The goal is a proposition, so `have` is preferred over `haveI`.
The difference between `have` and `haveI` is that `haveI` inlines the value.
But this is not relevant for proofs because of proof irrelevance.

Note: This linter can be disabled with `set_option linter.style.haveILetI false`
warning: projects/HasseWeil/HasseWeil/Foundation/Curves/Map/CurveMap.lean:262:2: Try this: 
  letI̵

The goal is a proposition, so `let` is preferred over `letI`.
The difference between `let` and `letI` is that `letI` inlines the value.
But this is not relevant for proofs because of proof irrelevance.

Note: This linter can be disabled with `set_option linter.style.haveILetI false`
warning: projects/HasseWeil/HasseWeil/Foundation/Curves/Map/CurveMap.lean:335:2: Try this: 
  letI̵

The goal is a proposition, so `let` is preferred over `letI`.
The difference between `let` and `letI` is that `letI` inlines the value.
But this is not relevant for proofs because of proof irrelevance.

Note: This linter can be disabled with `set_option linter.style.haveILetI false`
warning: projects/HasseWeil/HasseWeil/Foundation/Curves/Map/CurveMap.lean:336:2: Try this: 
  haveI̵

The goal is a proposition, so `have` is preferred over `haveI`.
The difference between `have` and `haveI` is that `haveI` inlines the value.
But this is not relevant for proofs because of proof irrelevance.

Note: This linter can be disabled with `set_option linter.style.haveILetI false`
warning: projects/HasseWeil/HasseWeil/Foundation/Curves/Map/CurveMap.lean:409:8: `Ideal.inertiaDeg'` has been deprecated: Use `Ideal.inertiaDeg` instead.
warning: projects/HasseWeil/HasseWeil/Foundation/Curves/Map/CurveMap.lean:410:2: Try this: 
  letI̵

The goal is a proposition, so `let` is preferred over `letI`.
The difference between `let` and `letI` is that `letI` inlines the value.
But this is not relevant for proofs because of proof irrelevance.

Note: This linter can be disabled with `set_option linter.style.haveILetI false`
warning: projects/HasseWeil/HasseWeil/Foundation/Curves/Map/CurveMap.lean:412:2: Try this: 
  letI̵

The goal is a proposition, so `let` is preferred over `letI`.
The difference between `let` and `letI` is that `letI` inlines the value.
But this is not relevant for proofs because of proof irrelevance.

Note: This linter can be disabled with `set_option linter.style.haveILetI false`
warning: projects/HasseWeil/HasseWeil/Foundation/Curves/Map/CurveMap.lean:413:2: Try this: 
  haveI̵

The goal is a proposition, so `have` is preferred over `haveI`.
The difference between `have` and `haveI` is that `haveI` inlines the value.
But this is not relevant for proofs because of proof irrelevance.

Note: This linter can be disabled with `set_option linter.style.haveILetI false`
warning: projects/HasseWeil/HasseWeil/Foundation/Curves/Map/CurveMap.lean:418:2: Try this: 
  haveI̵

The goal is a proposition, so `have` is preferred over `haveI`.
The difference between `have` and `haveI` is that `haveI` inlines the value.
But this is not relevant for proofs because of proof irrelevance.

Note: This linter can be disabled with `set_option linter.style.haveILetI false`
warning: projects/HasseWeil/HasseWeil/Foundation/Curves/Map/CurveMap.lean:427:2: Try this: 
  haveI̵

The goal is a proposition, so `have` is preferred over `haveI`.
The difference between `have` and `haveI` is that `haveI` inlines the value.
But this is not relevant for proofs because of proof irrelevance.

Note: This linter can be disabled with `set_option linter.style.haveILetI false`
warning: projects/HasseWeil/HasseWeil/Foundation/Curves/Map/CurveMap.lean:428:2: Try this: 
  letI̵

The goal is a proposition, so `let` is preferred over `letI`.
The difference between `let` and `letI` is that `letI` inlines the value.
But this is not relevant for proofs because of proof irrelevance.

Note: This linter can be disabled with `set_option linter.style.haveILetI false`
warning: projects/HasseWeil/HasseWeil/Foundation/Curves/Map/CurveMap.lean:429:2: Try this: 
  haveI̵

The goal is a proposition, so `have` is preferred over `haveI`.
The difference between `have` and `haveI` is that `haveI` inlines the value.
But this is not relevant for proofs because of proof irrelevance.

Note: This linter can be disabled with `set_option linter.style.haveILetI false`
warning: projects/HasseWeil/HasseWeil/Foundation/Curves/Map/CurveMap.lean:431:8: `Ideal.sum_ramification_inertia` has been deprecated: Use results of RingTheory.RamificationInertia.Basic
⚠ [11201/11467] Replayed HasseWeil.Foundation.Curves.Valuation.SmoothPointTranslate
warning: projects/HasseWeil/HasseWeil/Foundation/Curves/Valuation/SmoothPointTranslate.lean:110:12: Private declaration `Affine.Point.exists_some_of_isSome` accessed publicly; this is allowed only because the `backward.privateInPublic` option is enabled. 

Disable `backward.privateInPublic.warn` to silence this warning.
⚠ [11202/11467] Replayed HasseWeil.Foundation.EC.TranslationOrd
warning: projects/HasseWeil/HasseWeil/Foundation/EC/TranslationOrd.lean:124:6: `dif_neg` has been deprecated: Use `dite_eq_right` instead

Hint: Replace the deprecated name:
  d̵i̵f̵_̵n̵e̵g̵d̲i̲t̲e̲_̲e̲q̲_̲r̲i̲g̲h̲t̲
warning: projects/HasseWeil/HasseWeil/Foundation/EC/TranslationOrd.lean:222:6: `dif_neg` has been deprecated: Use `dite_eq_right` instead

Hint: Replace the deprecated name:
  d̵i̵f̵_̵n̵e̵g̵d̲i̲t̲e̲_̲e̲q̲_̲r̲i̲g̲h̲t̲
warning: projects/HasseWeil/HasseWeil/Foundation/EC/TranslationOrd.lean:1013:6: `dif_neg` has been deprecated: Use `dite_eq_right` instead

Hint: Replace the deprecated name:
  d̵i̵f̵_̵n̵e̵g̵d̲i̲t̲e̲_̲e̲q̲_̲r̲i̲g̲h̲t̲
warning: projects/HasseWeil/HasseWeil/Foundation/EC/TranslationOrd.lean:1236:8: `dif_neg` has been deprecated: Use `dite_eq_right` instead

Hint: Replace the deprecated name:
  d̵i̵f̵_̵n̵e̵g̵d̲i̲t̲e̲_̲e̲q̲_̲r̲i̲g̲h̲t̲
info: projects/HasseWeil/HasseWeil/Foundation/EC/TranslationOrd.lean:1406:48: Try this:
  [apply] ring_nf
  
  The `ring` tactic failed to close the goal. Use `ring_nf` to obtain a normal form.
    
  Note that `ring` works primarily in *commutative* rings. If you have a noncommutative ring, abelian group or module, consider using `noncomm_ring`, `abel` or `module` instead.
info: projects/HasseWeil/HasseWeil/Foundation/EC/TranslationOrd.lean:1408:63: Try this:
  [apply] ring_nf
  
  The `ring` tactic failed to close the goal. Use `ring_nf` to obtain a normal form.
    
  Note that `ring` works primarily in *commutative* rings. If you have a noncommutative ring, abelian group or module, consider using `noncomm_ring`, `abel` or `module` instead.
info: projects/HasseWeil/HasseWeil/Foundation/EC/TranslationOrd.lean:1499:25: Try this:
  [apply] ring_nf
  
  The `ring` tactic failed to close the goal. Use `ring_nf` to obtain a normal form.
    
  Note that `ring` works primarily in *commutative* rings. If you have a noncommutative ring, abelian group or module, consider using `noncomm_ring`, `abel` or `module` instead.
warning: projects/HasseWeil/HasseWeil/Foundation/EC/TranslationOrd.lean:3433:8: `dif_pos` has been deprecated: Use `dite_eq_left` instead

Hint: Replace the deprecated name:
  d̵i̵f̵_̵p̵o̵s̵d̲i̲t̲e̲_̲e̲q̲_̲l̲e̲f̲t̲
warning: projects/HasseWeil/HasseWeil/Foundation/EC/TranslationOrd.lean:3441:8: `dif_neg` has been deprecated: Use `dite_eq_right` instead

Hint: Replace the deprecated name:
  d̵i̵f̵_̵n̵e̵g̵d̲i̲t̲e̲_̲e̲q̲_̲r̲i̲g̲h̲t̲
warning: projects/HasseWeil/HasseWeil/Foundation/EC/TranslationOrd.lean:4684:2: Try this: 
  haveI̵

The goal is a proposition, so `have` is preferred over `haveI`.
The difference between `have` and `haveI` is that `haveI` inlines the value.
But this is not relevant for proofs because of proof irrelevance.

Note: This linter can be disabled with `set_option linter.style.haveILetI false`
warning: projects/HasseWeil/HasseWeil/Foundation/EC/TranslationOrd.lean:5044:2: Try this: 
  haveI̵

The goal is a proposition, so `have` is preferred over `haveI`.
The difference between `have` and `haveI` is that `haveI` inlines the value.
But this is not relevant for proofs because of proof irrelevance.

Note: This linter can be disabled with `set_option linter.style.haveILetI false`
warning: projects/HasseWeil/HasseWeil/Foundation/EC/TranslationOrd.lean:5224:10: `dif_neg` has been deprecated: Use `dite_eq_right` instead

Hint: Replace the deprecated name:
  d̵i̵f̵_̵n̵e̵g̵d̲i̲t̲e̲_̲e̲q̲_̲r̲i̲g̲h̲t̲
warning: projects/HasseWeil/HasseWeil/Foundation/EC/TranslationOrd.lean:5228:10: `dif_neg` has been deprecated: Use `dite_eq_right` instead

Hint: Replace the deprecated name:
  d̵i̵f̵_̵n̵e̵g̵d̲i̲t̲e̲_̲e̲q̲_̲r̲i̲g̲h̲t̲
⚠ [11205/11467] Replayed HasseWeil.Foundation.Verschiebung.PurelyInsep
warning: projects/HasseWeil/HasseWeil/Foundation/Verschiebung/PurelyInsep.lean:173:2: Try this: 
  haveI̵

The goal is a proposition, so `have` is preferred over `haveI`.
The difference between `have` and `haveI` is that `haveI` inlines the value.
But this is not relevant for proofs because of proof irrelevance.

Note: This linter can be disabled with `set_option linter.style.haveILetI false`
⚠ [11206/11467] Replayed HasseWeil.Foundation.Verschiebung.QthRoots
warning: projects/HasseWeil/HasseWeil/Foundation/Verschiebung/QthRoots.lean:123:2: Try this: 
  haveI̵

The goal is a proposition, so `have` is preferred over `haveI`.
The difference between `have` and `haveI` is that `haveI` inlines the value.
But this is not relevant for proofs because of proof irrelevance.

Note: This linter can be disabled with `set_option linter.style.haveILetI false`
warning: projects/HasseWeil/HasseWeil/Foundation/Verschiebung/QthRoots.lean:124:2: Try this: 
  haveI̵

The goal is a proposition, so `have` is preferred over `haveI`.
The difference between `have` and `haveI` is that `haveI` inlines the value.
But this is not relevant for proofs because of proof irrelevance.

Note: This linter can be disabled with `set_option linter.style.haveILetI false`
warning: projects/HasseWeil/HasseWeil/Foundation/Verschiebung/QthRoots.lean:720:10: This simp argument is unused:
  Set.image_pair

Hint: Omit it from the simp argument list.
  [apply] simp

Note: This linter can be disabled with `set_option linter.unusedSimpArgs false`
warning: projects/HasseWeil/HasseWeil/Foundation/Verschiebung/QthRoots.lean:1620:2: Private declaration `omega3_witness_coeff_X0_a₁5` accessed publicly; this is allowed only because the `backward.privateInPublic` option is enabled. 

Disable `backward.privateInPublic.warn` to silence this warning.
warning: projects/HasseWeil/HasseWeil/Foundation/Verschiebung/QthRoots.lean:1620:34: Private declaration `omega3_witness_coeff_X0_a₁4` accessed publicly; this is allowed only because the `backward.privateInPublic` option is enabled. 

Disable `backward.privateInPublic.warn` to silence this warning.
warning: projects/HasseWeil/HasseWeil/Foundation/Verschiebung/QthRoots.lean:1620:66: Private declaration `omega3_witness_coeff_X0_a₁3` accessed publicly; this is allowed only because the `backward.privateInPublic` option is enabled. 

Disable `backward.privateInPublic.warn` to silence this warning.
warning: projects/HasseWeil/HasseWeil/Foundation/Verschiebung/QthRoots.lean:1621:2: Private declaration `omega3_witness_coeff_X0_a₁2` accessed publicly; this is allowed only because the `backward.privateInPublic` option is enabled. 

Disable `backward.privateInPublic.warn` to silence this warning.
warning: projects/HasseWeil/HasseWeil/Foundation/Verschiebung/QthRoots.lean:1621:34: Private declaration `omega3_witness_coeff_X0_a₁1_a₂2` accessed publicly; this is allowed only because the `backward.privateInPublic` option is enabled. 

Disable `backward.privateInPublic.warn` to silence this warning.
warning: projects/HasseWeil/HasseWeil/Foundation/Verschiebung/QthRoots.lean:1622:2: Private declaration `omega3_witness_coeff_X0_a₁1_a₂1` accessed publicly; this is allowed only because the `backward.privateInPublic` option is enabled. 

Disable `backward.privateInPublic.warn` to silence this warning.
warning: projects/HasseWeil/HasseWeil/Foundation/Verschiebung/QthRoots.lean:1622:38: Private declaration `omega3_witness_coeff_X0_a₁1_a₂0` accessed publicly; this is allowed only because the `backward.privateInPublic` option is enabled. 

Disable `backward.privateInPublic.warn` to silence this warning.
warning: projects/HasseWeil/HasseWeil/Foundation/Verschiebung/QthRoots.lean:1623:2: Private declaration `omega3_witness_coeff_X0_a₁0_a₂3` accessed publicly; this is allowed only because the `backward.privateInPublic` option is enabled. 

Disable `backward.privateInPublic.warn` to silence this warning.
warning: projects/HasseWeil/HasseWeil/Foundation/Verschiebung/QthRoots.lean:1623:38: Private declaration `omega3_witness_coeff_X0_a₁0_a₂2` accessed publicly; this is allowed only because the `backward.privateInPublic` option is enabled. 

Disable `backward.privateInPublic.warn` to silence this warning.
warning: projects/HasseWeil/HasseWeil/Foundation/Verschiebung/QthRoots.lean:1624:2: Private declaration `omega3_witness_coeff_X0_a₁0_a₂1` accessed publicly; this is allowed only because the `backward.privateInPublic` option is enabled. 

Disable `backward.privateInPublic.warn` to silence this warning.
warning: projects/HasseWeil/HasseWeil/Foundation/Verschiebung/QthRoots.lean:1624:38: Private declaration `omega3_witness_coeff_X0_a₁0_a₂0` accessed publicly; this is allowed only because the `backward.privateInPublic` option is enabled. 

Disable `backward.privateInPublic.warn` to silence this warning.
warning: projects/HasseWeil/HasseWeil/Foundation/Verschiebung/QthRoots.lean:1715:2: Private declaration `omega3_witness_coeff_X1_a₁8` accessed publicly; this is allowed only because the `backward.privateInPublic` option is enabled. 

Disable `backward.privateInPublic.warn` to silence this warning.
warning: projects/HasseWeil/HasseWeil/Foundation/Verschiebung/QthRoots.lean:1715:34: Private declaration `omega3_witness_coeff_X1_a₁7` accessed publicly; this is allowed only because the `backward.privateInPublic` option is enabled. 

Disable `backward.privateInPublic.warn` to silence this warning.
warning: projects/HasseWeil/HasseWeil/Foundation/Verschiebung/QthRoots.lean:1715:66: Private declaration `omega3_witness_coeff_X1_a₁6` accessed publicly; this is allowed only because the `backward.privateInPublic` option is enabled. 

Disable `backward.privateInPublic.warn` to silence this warning.
warning: projects/HasseWeil/HasseWeil/Foundation/Verschiebung/QthRoots.lean:1716:2: Private declaration `omega3_witness_coeff_X1_a₁5` accessed publicly; this is allowed only because the `backward.privateInPublic` option is enabled. 

Disable `backward.privateInPublic.warn` to silence this warning.
warning: projects/HasseWeil/HasseWeil/Foundation/Verschiebung/QthRoots.lean:1716:34: Private declaration `omega3_witness_coeff_X1_a₁4` accessed publicly; this is allowed only because the `backward.privateInPublic` option is enabled. 

Disable `backward.privateInPublic.warn` to silence this warning.
warning: projects/HasseWeil/HasseWeil/Foundation/Verschiebung/QthRoots.lean:1717:2: Private declaration `omega3_witness_coeff_X1_a₁3_a₂3` accessed publicly; this is allowed only because the `backward.privateInPublic` option is enabled. 

Disable `backward.privateInPublic.warn` to silence this warning.
warning: projects/HasseWeil/HasseWeil/Foundation/Verschiebung/QthRoots.lean:1717:38: Private declaration `omega3_witness_coeff_X1_a₁3_a₂2` accessed publicly; this is allowed only because the `backward.privateInPublic` option is enabled. 

Disable `backward.privateInPublic.warn` to silence this warning.
warning: projects/HasseWeil/HasseWeil/Foundation/Verschiebung/QthRoots.lean:1718:2: Private declaration `omega3_witness_coeff_X1_a₁3_a₂1` accessed publicly; this is allowed only because the `backward.privateInPublic` option is enabled. 

Disable `backward.privateInPublic.warn` to silence this warning.
warning: projects/HasseWeil/HasseWeil/Foundation/Verschiebung/QthRoots.lean:1718:38: Private declaration `omega3_witness_coeff_X1_a₁3_a₂0` accessed publicly; this is allowed only because the `backward.privateInPublic` option is enabled. 

Disable `backward.privateInPublic.warn` to silence this warning.
warning: projects/HasseWeil/HasseWeil/Foundation/Verschiebung/QthRoots.lean:1719:2: Private declaration `omega3_witness_coeff_X1_a₁2_a₂3` accessed publicly; this is allowed only because the `backward.privateInPublic` option is enabled. 

Disable `backward.privateInPublic.warn` to silence this warning.
warning: projects/HasseWeil/HasseWeil/Foundation/Verschiebung/QthRoots.lean:1719:38: Private declaration `omega3_witness_coeff_X1_a₁2_a₂2` accessed publicly; this is allowed only because the `backward.privateInPublic` option is enabled. 

Disable `backward.privateInPublic.warn` to silence this warning.
warning: projects/HasseWeil/HasseWeil/Foundation/Verschiebung/QthRoots.lean:1720:2: Private declaration `omega3_witness_coeff_X1_a₁2_a₂1` accessed publicly; this is allowed only because the `backward.privateInPublic` option is enabled. 

Disable `backward.privateInPublic.warn` to silence this warning.
warning: projects/HasseWeil/HasseWeil/Foundation/Verschiebung/QthRoots.lean:1720:38: Private declaration `omega3_witness_coeff_X1_a₁2_a₂0` accessed publicly; this is allowed only because the `backward.privateInPublic` option is enabled. 

Disable `backward.privateInPublic.warn` to silence this warning.
warning: projects/HasseWeil/HasseWeil/Foundation/Verschiebung/QthRoots.lean:1721:2: Private declaration `omega3_witness_coeff_X1_a₁1_a₂4` accessed publicly; this is allowed only because the `backward.privateInPublic` option is enabled. 

Disable `backward.privateInPublic.warn` to silence this warning.
warning: projects/HasseWeil/HasseWeil/Foundation/Verschiebung/QthRoots.lean:1721:38: Private declaration `omega3_witness_coeff_X1_a₁1_a₂3` accessed publicly; this is allowed only because the `backward.privateInPublic` option is enabled. 

Disable `backward.privateInPublic.warn` to silence this warning.
warning: projects/HasseWeil/HasseWeil/Foundation/Verschiebung/QthRoots.lean:1722:2: Private declaration `omega3_witness_coeff_X1_a₁1_a₂2` accessed publicly; this is allowed only because the `backward.privateInPublic` option is enabled. 

Disable `backward.privateInPublic.warn` to silence this warning.
warning: projects/HasseWeil/HasseWeil/Foundation/Verschiebung/QthRoots.lean:1722:38: Private declaration `omega3_witness_coeff_X1_a₁1_a₂1` accessed publicly; this is allowed only because the `backward.privateInPublic` option is enabled. 

Disable `backward.privateInPublic.warn` to silence this warning.
warning: projects/HasseWeil/HasseWeil/Foundation/Verschiebung/QthRoots.lean:1723:2: Private declaration `omega3_witness_coeff_X1_a₁1_a₂0` accessed publicly; this is allowed only because the `backward.privateInPublic` option is enabled. 

Disable `backward.privateInPublic.warn` to silence this warning.
warning: projects/HasseWeil/HasseWeil/Foundation/Verschiebung/QthRoots.lean:1723:38: Private declaration `omega3_witness_coeff_X1_a₁0_a₂3` accessed publicly; this is allowed only because the `backward.privateInPublic` option is enabled. 

Disable `backward.privateInPublic.warn` to silence this warning.
warning: projects/HasseWeil/HasseWeil/Foundation/Verschiebung/QthRoots.lean:1724:2: Private declaration `omega3_witness_coeff_X1_a₁0_a₂2` accessed publicly; this is allowed only because the `backward.privateInPublic` option is enabled. 

Disable `backward.privateInPublic.warn` to silence this warning.
warning: projects/HasseWeil/HasseWeil/Foundation/Verschiebung/QthRoots.lean:1724:38: Private declaration `omega3_witness_coeff_X1_a₁0_a₂1` accessed publicly; this is allowed only because the `backward.privateInPublic` option is enabled. 

Disable `backward.privateInPublic.warn` to silence this warning.
warning: projects/HasseWeil/HasseWeil/Foundation/Verschiebung/QthRoots.lean:1725:2: Private declaration `omega3_witness_coeff_X1_a₁0_a₂0` accessed publicly; this is allowed only because the `backward.privateInPublic` option is enabled. 

Disable `backward.privateInPublic.warn` to silence this warning.
warning: projects/HasseWeil/HasseWeil/Foundation/Verschiebung/QthRoots.lean:1785:2: Private declaration `omega3_witness_coeff_X2_a₁11` accessed publicly; this is allowed only because the `backward.privateInPublic` option is enabled. 

Disable `backward.privateInPublic.warn` to silence this warning.
warning: projects/HasseWeil/HasseWeil/Foundation/Verschiebung/QthRoots.lean:1785:35: Private declaration `omega3_witness_coeff_X2_a₁10` accessed publicly; this is allowed only because the `backward.privateInPublic` option is enabled. 

Disable `backward.privateInPublic.warn` to silence this warning.
warning: projects/HasseWeil/HasseWeil/Foundation/Verschiebung/QthRoots.lean:1785:68: Private declaration `omega3_witness_coeff_X2_a₁9` accessed publicly; this is allowed only because the `backward.privateInPublic` option is enabled. 

Disable `backward.privateInPublic.warn` to silence this warning.
warning: projects/HasseWeil/HasseWeil/Foundation/Verschiebung/QthRoots.lean:1786:2: Private declaration `omega3_witness_coeff_X2_a₁8` accessed publicly; this is allowed only because the `backward.privateInPublic` option is enabled. 

Disable `backward.privateInPublic.warn` to silence this warning.
warning: projects/HasseWeil/HasseWeil/Foundation/Verschiebung/QthRoots.lean:1786:34: Private declaration `omega3_witness_coeff_X2_a₁7` accessed publicly; this is allowed only because the `backward.privateInPublic` option is enabled. 

Disable `backward.privateInPublic.warn` to silence this warning.
warning: projects/HasseWeil/HasseWeil/Foundation/Verschiebung/QthRoots.lean:1786:66: Private declaration `omega3_witness_coeff_X2_a₁6` accessed publicly; this is allowed only because the `backward.privateInPublic` option is enabled. 

Disable `backward.privateInPublic.warn` to silence this warning.
warning: projects/HasseWeil/HasseWeil/Foundation/Verschiebung/QthRoots.lean:1787:2: Private declaration `omega3_witness_coeff_X2_a₁5` accessed publicly; this is allowed only because the `backward.privateInPublic` option is enabled. 

Disable `backward.privateInPublic.warn` to silence this warning.
warning: projects/HasseWeil/HasseWeil/Foundation/Verschiebung/QthRoots.lean:1787:34: Private declaration `omega3_witness_coeff_X2_a₁4` accessed publicly; this is allowed only because the `backward.privateInPublic` option is enabled. 

Disable `backward.privateInPublic.warn` to silence this warning.
warning: projects/HasseWeil/HasseWeil/Foundation/Verschiebung/QthRoots.lean:1787:66: Private declaration `omega3_witness_coeff_X2_a₁3` accessed publicly; this is allowed only because the `backward.privateInPublic` option is enabled. 

Disable `backward.privateInPublic.warn` to silence this warning.
warning: projects/HasseWeil/HasseWeil/Foundation/Verschiebung/QthRoots.lean:1788:2: Private declaration `omega3_witness_coeff_X2_a₁2` accessed publicly; this is allowed only because the `backward.privateInPublic` option is enabled. 

Disable `backward.privateInPublic.warn` to silence this warning.
warning: projects/HasseWeil/HasseWeil/Foundation/Verschiebung/QthRoots.lean:1788:34: Private declaration `omega3_witness_coeff_X2_a₁1` accessed publicly; this is allowed only because the `backward.privateInPublic` option is enabled. 

Disable `backward.privateInPublic.warn` to silence this warning.
warning: projects/HasseWeil/HasseWeil/Foundation/Verschiebung/QthRoots.lean:1788:66: Private declaration `omega3_witness_coeff_X2_a₁0` accessed publicly; this is allowed only because the `backward.privateInPublic` option is enabled. 

Disable `backward.privateInPublic.warn` to silence this warning.
warning: projects/HasseWeil/HasseWeil/Foundation/Verschiebung/QthRoots.lean:1890:2: Private declaration `omega3_witness_coeff_X3_a₁13` accessed publicly; this is allowed only because the `backward.privateInPublic` option is enabled. 

Disable `backward.privateInPublic.warn` to silence this warning.
warning: projects/HasseWeil/HasseWeil/Foundation/Verschiebung/QthRoots.lean:1890:35: Private declaration `omega3_witness_coeff_X3_a₁12` accessed publicly; this is allowed only because the `backward.privateInPublic` option is enabled. 

Disable `backward.privateInPublic.warn` to silence this warning.
warning: projects/HasseWeil/HasseWeil/Foundation/Verschiebung/QthRoots.lean:1890:68: Private declaration `omega3_witness_coeff_X3_a₁11` accessed publicly; this is allowed only because the `backward.privateInPublic` option is enabled. 

Disable `backward.privateInPublic.warn` to silence this warning.
warning: projects/HasseWeil/HasseWeil/Foundation/Verschiebung/QthRoots.lean:1891:2: Private declaration `omega3_witness_coeff_X3_a₁10` accessed publicly; this is allowed only because the `backward.privateInPublic` option is enabled. 

Disable `backward.privateInPublic.warn` to silence this warning.
warning: projects/HasseWeil/HasseWeil/Foundation/Verschiebung/QthRoots.lean:1891:35: Private declaration `omega3_witness_coeff_X3_a₁9` accessed publicly; this is allowed only because the `backward.privateInPublic` option is enabled. 

Disable `backward.privateInPublic.warn` to silence this warning.
warning: projects/HasseWeil/HasseWeil/Foundation/Verschiebung/QthRoots.lean:1891:67: Private declaration `omega3_witness_coeff_X3_a₁8` accessed publicly; this is allowed only because the `backward.privateInPublic` option is enabled. 

Disable `backward.privateInPublic.warn` to silence this warning.
warning: projects/HasseWeil/HasseWeil/Foundation/Verschiebung/QthRoots.lean:1892:2: Private declaration `omega3_witness_coeff_X3_a₁7` accessed publicly; this is allowed only because the `backward.privateInPublic` option is enabled. 

Disable `backward.privateInPublic.warn` to silence this warning.
warning: projects/HasseWeil/HasseWeil/Foundation/Verschiebung/QthRoots.lean:1892:34: Private declaration `omega3_witness_coeff_X3_a₁6` accessed publicly; this is allowed only because the `backward.privateInPublic` option is enabled. 

Disable `backward.privateInPublic.warn` to silence this warning.
warning: projects/HasseWeil/HasseWeil/Foundation/Verschiebung/QthRoots.lean:1892:66: Private declaration `omega3_witness_coeff_X3_a₁5` accessed publicly; this is allowed only because the `backward.privateInPublic` option is enabled. 

Disable `backward.privateInPublic.warn` to silence this warning.
warning: projects/HasseWeil/HasseWeil/Foundation/Verschiebung/QthRoots.lean:1893:2: Private declaration `omega3_witness_coeff_X3_a₁4` accessed publicly; this is allowed only because the `backward.privateInPublic` option is enabled. 

Disable `backward.privateInPublic.warn` to silence this warning.
warning: projects/HasseWeil/HasseWeil/Foundation/Verschiebung/QthRoots.lean:1893:34: Private declaration `omega3_witness_coeff_X3_a₁3_a₂6` accessed publicly; this is allowed only because the `backward.privateInPublic` option is enabled. 

Disable `backward.privateInPublic.warn` to silence this warning.
warning: projects/HasseWeil/HasseWeil/Foundation/Verschiebung/QthRoots.lean:1894:2: Private declaration `omega3_witness_coeff_X3_a₁3_a₂5` accessed publicly; this is allowed only because the `backward.privateInPublic` option is enabled. 

Disable `backward.privateInPublic.warn` to silence this warning.
warning: projects/HasseWeil/HasseWeil/Foundation/Verschiebung/QthRoots.lean:1894:38: Private declaration `omega3_witness_coeff_X3_a₁3_a₂4` accessed publicly; this is allowed only because the `backward.privateInPublic` option is enabled. 

Disable `backward.privateInPublic.warn` to silence this warning.
warning: projects/HasseWeil/HasseWeil/Foundation/Verschiebung/QthRoots.lean:1895:2: Private declaration `omega3_witness_coeff_X3_a₁3_a₂3` accessed publicly; this is allowed only because the `backward.privateInPublic` option is enabled. 

Disable `backward.privateInPublic.warn` to silence this warning.
warning: projects/HasseWeil/HasseWeil/Foundation/Verschiebung/QthRoots.lean:1895:38: Private declaration `omega3_witness_coeff_X3_a₁3_a₂2` accessed publicly; this is allowed only because the `backward.privateInPublic` option is enabled. 

Disable `backward.privateInPublic.warn` to silence this warning.
warning: projects/HasseWeil/HasseWeil/Foundation/Verschiebung/QthRoots.lean:1896:2: Private declaration `omega3_witness_coeff_X3_a₁3_a₂1` accessed publicly; this is allowed only because the `backward.privateInPublic` option is enabled. 

Disable `backward.privateInPublic.warn` to silence this warning.
warning: projects/HasseWeil/HasseWeil/Foundation/Verschiebung/QthRoots.lean:1896:38: Private declaration `omega3_witness_coeff_X3_a₁3_a₂0` accessed publicly; this is allowed only because the `backward.privateInPublic` option is enabled. 

Disable `backward.privateInPublic.warn` to silence this warning.
warning: projects/HasseWeil/HasseWeil/Foundation/Verschiebung/QthRoots.lean:1897:2: Private declaration `omega3_witness_coeff_X3_a₁2` accessed publicly; this is allowed only because the `backward.privateInPublic` option is enabled. 

Disable `backward.privateInPublic.warn` to silence this warning.
warning: projects/HasseWeil/HasseWeil/Foundation/Verschiebung/QthRoots.lean:1897:34: Private declaration `omega3_witness_coeff_X3_a₁1_a₂7` accessed publicly; this is allowed only because the `backward.privateInPublic` option is enabled. 

Disable `backward.privateInPublic.warn` to silence this warning.
warning: projects/HasseWeil/HasseWeil/Foundation/Verschiebung/QthRoots.lean:1898:2: Private declaration `omega3_witness_coeff_X3_a₁1_a₂6` accessed publicly; this is allowed only because the `backward.privateInPublic` option is enabled. 

Disable `backward.privateInPublic.warn` to silence this warning.
warning: projects/HasseWeil/HasseWeil/Foundation/Verschiebung/QthRoots.lean:1898:38: Private declaration `omega3_witness_coeff_X3_a₁1_a₂5` accessed publicly; this is allowed only because the `backward.privateInPublic` option is enabled. 

Disable `backward.privateInPublic.warn` to silence this warning.
warning: projects/HasseWeil/HasseWeil/Foundation/Verschiebung/QthRoots.lean:1899:2: Private declaration `omega3_witness_coeff_X3_a₁1_a₂4` accessed publicly; this is allowed only because the `backward.privateInPublic` option is enabled. 

Disable `backward.privateInPublic.warn` to silence this warning.
warning: projects/HasseWeil/HasseWeil/Foundation/Verschiebung/QthRoots.lean:1899:38: Private declaration `omega3_witness_coeff_X3_a₁1_a₂3` accessed publicly; this is allowed only because the `backward.privateInPublic` option is enabled. 

Disable `backward.privateInPublic.warn` to silence this warning.
warning: projects/HasseWeil/HasseWeil/Foundation/Verschiebung/QthRoots.lean:1900:2: Private declaration `omega3_witness_coeff_X3_a₁1_a₂2` accessed publicly; this is allowed only because the `backward.privateInPublic` option is enabled. 

Disable `backward.privateInPublic.warn` to silence this warning.
warning: projects/HasseWeil/HasseWeil/Foundation/Verschiebung/QthRoots.lean:1900:38: Private declaration `omega3_witness_coeff_X3_a₁1_a₂1` accessed publicly; this is allowed only because the `backward.privateInPublic` option is enabled. 

Disable `backward.privateInPublic.warn` to silence this warning.
warning: projects/HasseWeil/HasseWeil/Foundation/Verschiebung/QthRoots.lean:1901:2: Private declaration `omega3_witness_coeff_X3_a₁1_a₂0` accessed publicly; this is allowed only because the `backward.privateInPublic` option is enabled. 

Disable `backward.privateInPublic.warn` to silence this warning.
warning: projects/HasseWeil/HasseWeil/Foundation/Verschiebung/QthRoots.lean:1901:38: Private declaration `omega3_witness_coeff_X3_a₁0` accessed publicly; this is allowed only because the `backward.privateInPublic` option is enabled. 

Disable `backward.privateInPublic.warn` to silence this warning.
warning: projects/HasseWeil/HasseWeil/Foundation/Verschiebung/QthRoots.lean:1966:2: Private declaration `omega3_witness_coeff_X4_a₁15` accessed publicly; this is allowed only because the `backward.privateInPublic` option is enabled. 

Disable `backward.privateInPublic.warn` to silence this warning.
warning: projects/HasseWeil/HasseWeil/Foundation/Verschiebung/QthRoots.lean:1966:35: Private declaration `omega3_witness_coeff_X4_a₁14` accessed publicly; this is allowed only because the `backward.privateInPublic` option is enabled. 

Disable `backward.privateInPublic.warn` to silence this warning.
warning: projects/HasseWeil/HasseWeil/Foundation/Verschiebung/QthRoots.lean:1966:68: Private declaration `omega3_witness_coeff_X4_a₁13` accessed publicly; this is allowed only because the `backward.privateInPublic` option is enabled. 

Disable `backward.privateInPublic.warn` to silence this warning.
warning: projects/HasseWeil/HasseWeil/Foundation/Verschiebung/QthRoots.lean:1967:2: Private declaration `omega3_witness_coeff_X4_a₁12` accessed publicly; this is allowed only because the `backward.privateInPublic` option is enabled. 

Disable `backward.privateInPublic.warn` to silence this warning.
warning: projects/HasseWeil/HasseWeil/Foundation/Verschiebung/QthRoots.lean:1967:35: Private declaration `omega3_witness_coeff_X4_a₁11` accessed publicly; this is allowed only because the `backward.privateInPublic` option is enabled. 

Disable `backward.privateInPublic.warn` to silence this warning.
warning: projects/HasseWeil/HasseWeil/Foundation/Verschiebung/QthRoots.lean:1967:68: Private declaration `omega3_witness_coeff_X4_a₁10` accessed publicly; this is allowed only because the `backward.privateInPublic` option is enabled. 

Disable `backward.privateInPublic.warn` to silence this warning.
warning: projects/HasseWeil/HasseWeil/Foundation/Verschiebung/QthRoots.lean:1968:2: Private declaration `omega3_witness_coeff_X4_a₁9` accessed publicly; this is allowed only because the `backward.privateInPublic` option is enabled. 

Disable `backward.privateInPublic.warn` to silence this warning.
warning: projects/HasseWeil/HasseWeil/Foundation/Verschiebung/QthRoots.lean:1968:34: Private declaration `omega3_witness_coeff_X4_a₁8` accessed publicly; this is allowed only because the `backward.privateInPublic` option is enabled. 

Disable `backward.privateInPublic.warn` to silence this warning.
warning: projects/HasseWeil/HasseWeil/Foundation/Verschiebung/QthRoots.lean:1968:66: Private declaration `omega3_witness_coeff_X4_a₁7` accessed publicly; this is allowed only because the `backward.privateInPublic` option is enabled. 

Disable `backward.privateInPublic.warn` to silence this warning.
warning: projects/HasseWeil/HasseWeil/Foundation/Verschiebung/QthRoots.lean:1969:2: Private declaration `omega3_witness_coeff_X4_a₁6` accessed publicly; this is allowed only because the `backward.privateInPublic` option is enabled. 

Disable `backward.privateInPublic.warn` to silence this warning.
warning: projects/HasseWeil/HasseWeil/Foundation/Verschiebung/QthRoots.lean:1969:34: Private declaration `omega3_witness_coeff_X4_a₁5` accessed publicly; this is allowed only because the `backward.privateInPublic` option is enabled. 

Disable `backward.privateInPublic.warn` to silence this warning.
warning: projects/HasseWeil/HasseWeil/Foundation/Verschiebung/QthRoots.lean:1969:66: Private declaration `omega3_witness_coeff_X4_a₁4` accessed publicly; this is allowed only because the `backward.privateInPublic` option is enabled. 

Disable `backward.privateInPublic.warn` to silence this warning.
warning: projects/HasseWeil/HasseWeil/Foundation/Verschiebung/QthRoots.lean:1970:2: Private declaration `omega3_witness_coeff_X4_a₁3` accessed publicly; this is allowed only because the `backward.privateInPublic` option is enabled. 

Disable `backward.privateInPublic.warn` to silence this warning.
warning: projects/HasseWeil/HasseWeil/Foundation/Verschiebung/QthRoots.lean:1970:34: Private declaration `omega3_witness_coeff_X4_a₁2` accessed publicly; this is allowed only because the `backward.privateInPublic` option is enabled. 

Disable `backward.privateInPublic.warn` to silence this warning.
warning: projects/HasseWeil/HasseWeil/Foundation/Verschiebung/QthRoots.lean:1970:66: Private declaration `omega3_witness_coeff_X4_a₁1` accessed publicly; this is allowed only because the `backward.privateInPublic` option is enabled. 

Disable `backward.privateInPublic.warn` to silence this warning.
warning: projects/HasseWeil/HasseWeil/Foundation/Verschiebung/QthRoots.lean:1971:2: Private declaration `omega3_witness_coeff_X4_a₁0` accessed publicly; this is allowed only because the `backward.privateInPublic` option is enabled. 

Disable `backward.privateInPublic.warn` to silence this warning.
warning: projects/HasseWeil/HasseWeil/Foundation/Verschiebung/QthRoots.lean:2744:6: `if_neg` has been deprecated: Use `ite_eq_right` instead

Hint: Replace the deprecated name:
  i̵f̵_̵n̵e̵g̵i̲t̲e̲_̲e̲q̲_̲r̲i̲g̲h̲t̲
⚠ [11207/11467] Replayed HasseWeil.HasseBound.PointCount
warning: projects/HasseWeil/HasseWeil/HasseBound/PointCount.lean:270:2: Try this: 
  letI̵

The goal is a proposition, so `let` is preferred over `letI`.
The difference between `let` and `letI` is that `letI` inlines the value.
But this is not relevant for proofs because of proof irrelevance.

Note: This linter can be disabled with `set_option linter.style.haveILetI false`
warning: projects/HasseWeil/HasseWeil/HasseBound/PointCount.lean:271:2: Try this: 
  haveI̵

The goal is a proposition, so `have` is preferred over `haveI`.
The difference between `have` and `haveI` is that `haveI` inlines the value.
But this is not relevant for proofs because of proof irrelevance.

Note: This linter can be disabled with `set_option linter.style.haveILetI false`
warning: projects/HasseWeil/HasseWeil/HasseBound/PointCount.lean:272:2: Try this: 
  haveI̵

The goal is a proposition, so `have` is preferred over `haveI`.
The difference between `have` and `haveI` is that `haveI` inlines the value.
But this is not relevant for proofs because of proof irrelevance.

Note: This linter can be disabled with `set_option linter.style.haveILetI false`
warning: projects/HasseWeil/HasseWeil/HasseBound/PointCount.lean:443:2: Try this: 
  letI̵

The goal is a proposition, so `let` is preferred over `letI`.
The difference between `let` and `letI` is that `letI` inlines the value.
But this is not relevant for proofs because of proof irrelevance.

Note: This linter can be disabled with `set_option linter.style.haveILetI false`
warning: projects/HasseWeil/HasseWeil/HasseBound/PointCount.lean:483:0: automatically included section variable(s) unused in theorem `HasseWeil.algHom_ext_of_eq_on_xy`:
  [DecidableEq F]
consider restructuring your `variable` declarations so that the variables are not in scope or explicitly omit them:
  omit [DecidableEq F] in theorem ...

Note: This linter can be disabled with `set_option linter.unusedSectionVars false`
warning: projects/HasseWeil/HasseWeil/HasseBound/PointCount.lean:737:2: Try this: 
  letI̵

The goal is a proposition, so `let` is preferred over `letI`.
The difference between `let` and `letI` is that `letI` inlines the value.
But this is not relevant for proofs because of proof irrelevance.

Note: This linter can be disabled with `set_option linter.style.haveILetI false`
warning: projects/HasseWeil/HasseWeil/HasseBound/PointCount.lean:738:2: Try this: 
  letI̵

The goal is a proposition, so `let` is preferred over `letI`.
The difference between `let` and `letI` is that `letI` inlines the value.
But this is not relevant for proofs because of proof irrelevance.

Note: This linter can be disabled with `set_option linter.style.haveILetI false`
warning: projects/HasseWeil/HasseWeil/HasseBound/PointCount.lean:740:2: Try this: 
  letI̵

The goal is a proposition, so `let` is preferred over `letI`.
The difference between `let` and `letI` is that `letI` inlines the value.
But this is not relevant for proofs because of proof irrelevance.

Note: This linter can be disabled with `set_option linter.style.haveILetI false`
⚠ [11217/11467] Replayed HasseWeil.Foundation.Curves.Valuation.NormValuation
warning: projects/HasseWeil/HasseWeil/Foundation/Curves/Valuation/NormValuation.lean:9:0: Use RingTheory.RamificationInertia.Basic
'Mathlib.NumberTheory.RamificationInertia.Basic' has been deprecated: please replace this import by

import Mathlib.LinearAlgebra.Dimension.DivisionRing
import Mathlib.NumberTheory.RamificationInertia.Inertia
import Mathlib.NumberTheory.RamificationInertia.Ramification
import Mathlib.RingTheory.Ideal.Norm.AbsNorm
import Mathlib.RingTheory.SimpleModule.Basic
warning: projects/HasseWeil/HasseWeil/Foundation/Curves/Valuation/NormValuation.lean:166:2: Try this: 
  haveI̵

The goal is a proposition, so `have` is preferred over `haveI`.
The difference between `have` and `haveI` is that `haveI` inlines the value.
But this is not relevant for proofs because of proof irrelevance.

Note: This linter can be disabled with `set_option linter.style.haveILetI false`
warning: projects/HasseWeil/HasseWeil/Foundation/Curves/Valuation/NormValuation.lean:204:4: `Ideal.inertiaDeg'` has been deprecated: Use `Ideal.inertiaDeg` instead.
warning: projects/HasseWeil/HasseWeil/Foundation/Curves/Valuation/NormValuation.lean:206:2: Try this: 
  haveI̵

The goal is a proposition, so `have` is preferred over `haveI`.
The difference between `have` and `haveI` is that `haveI` inlines the value.
But this is not relevant for proofs because of proof irrelevance.

Note: This linter can be disabled with `set_option linter.style.haveILetI false`
warning: projects/HasseWeil/HasseWeil/Foundation/Curves/Valuation/NormValuation.lean:207:6: `Ideal.inertiaDeg'_algebraMap` has been deprecated: Use `Ideal.inertiaDeg_eq_of_isMaximal` instead.
warning: projects/HasseWeil/HasseWeil/Foundation/Curves/Valuation/NormValuation.lean:208:2: Try this: 
  haveI̵

The goal is a proposition, so `have` is preferred over `haveI`.
The difference between `have` and `haveI` is that `haveI` inlines the value.
But this is not relevant for proofs because of proof irrelevance.

Note: This linter can be disabled with `set_option linter.style.haveILetI false`
warning: projects/HasseWeil/HasseWeil/Foundation/Curves/Valuation/NormValuation.lean:213:2: Try this: 
  haveI̵

The goal is a proposition, so `have` is preferred over `haveI`.
The difference between `have` and `haveI` is that `haveI` inlines the value.
But this is not relevant for proofs because of proof irrelevance.

Note: This linter can be disabled with `set_option linter.style.haveILetI false`
warning: projects/HasseWeil/HasseWeil/Foundation/Curves/Valuation/NormValuation.lean:216:2: Try this: 
  haveI̵

The goal is a proposition, so `have` is preferred over `haveI`.
The difference between `have` and `haveI` is that `haveI` inlines the value.
But this is not relevant for proofs because of proof irrelevance.

Note: This linter can be disabled with `set_option linter.style.haveILetI false`
warning: projects/HasseWeil/HasseWeil/Foundation/Curves/Valuation/NormValuation.lean:227:2: Try this: 
  haveI̵

The goal is a proposition, so `have` is preferred over `haveI`.
The difference between `have` and `haveI` is that `haveI` inlines the value.
But this is not relevant for proofs because of proof irrelevance.

Note: This linter can be disabled with `set_option linter.style.haveILetI false`
warning: projects/HasseWeil/HasseWeil/Foundation/Curves/Valuation/NormValuation.lean:253:2: Try this: 
  letI̵

The goal is a proposition, so `let` is preferred over `letI`.
The difference between `let` and `letI` is that `letI` inlines the value.
But this is not relevant for proofs because of proof irrelevance.

Note: This linter can be disabled with `set_option linter.style.haveILetI false`
warning: projects/HasseWeil/HasseWeil/Foundation/Curves/Valuation/NormValuation.lean:254:2: Try this: 
  haveI̵

The goal is a proposition, so `have` is preferred over `haveI`.
The difference between `have` and `haveI` is that `haveI` inlines the value.
But this is not relevant for proofs because of proof irrelevance.

Note: This linter can be disabled with `set_option linter.style.haveILetI false`
warning: projects/HasseWeil/HasseWeil/Foundation/Curves/Valuation/NormValuation.lean:267:2: Try this: 
  letI̵

The goal is a proposition, so `let` is preferred over `letI`.
The difference between `let` and `letI` is that `letI` inlines the value.
But this is not relevant for proofs because of proof irrelevance.

Note: This linter can be disabled with `set_option linter.style.haveILetI false`
warning: projects/HasseWeil/HasseWeil/Foundation/Curves/Valuation/NormValuation.lean:268:2: Try this: 
  haveI̵

The goal is a proposition, so `have` is preferred over `haveI`.
The difference between `have` and `haveI` is that `haveI` inlines the value.
But this is not relevant for proofs because of proof irrelevance.

Note: This linter can be disabled with `set_option linter.style.haveILetI false`
warning: projects/HasseWeil/HasseWeil/Foundation/Curves/Valuation/NormValuation.lean:269:2: Try this: 
  haveI̵

The goal is a proposition, so `have` is preferred over `haveI`.
The difference between `have` and `haveI` is that `haveI` inlines the value.
But this is not relevant for proofs because of proof irrelevance.

Note: This linter can be disabled with `set_option linter.style.haveILetI false`
warning: projects/HasseWeil/HasseWeil/Foundation/Curves/Valuation/NormValuation.lean:288:2: Try this: 
  letI̵

The goal is a proposition, so `let` is preferred over `letI`.
The difference between `let` and `letI` is that `letI` inlines the value.
But this is not relevant for proofs because of proof irrelevance.

Note: This linter can be disabled with `set_option linter.style.haveILetI false`
warning: projects/HasseWeil/HasseWeil/Foundation/Curves/Valuation/NormValuation.lean:311:2: Try this: 
  letI̵

The goal is a proposition, so `let` is preferred over `letI`.
The difference between `let` and `letI` is that `letI` inlines the value.
But this is not relevant for proofs because of proof irrelevance.

Note: This linter can be disabled with `set_option linter.style.haveILetI false`
warning: projects/HasseWeil/HasseWeil/Foundation/Curves/Valuation/NormValuation.lean:348:2: Try this: 
  letI̵

The goal is a proposition, so `let` is preferred over `letI`.
The difference between `let` and `letI` is that `letI` inlines the value.
But this is not relevant for proofs because of proof irrelevance.

Note: This linter can be disabled with `set_option linter.style.haveILetI false`
warning: projects/HasseWeil/HasseWeil/Foundation/Curves/Valuation/NormValuation.lean:564:6: `Ideal.inertiaDeg'` has been deprecated: Use `Ideal.inertiaDeg` instead.
warning: projects/HasseWeil/HasseWeil/Foundation/Curves/Valuation/NormValuation.lean:568:2: Try this: 
  haveI̵

The goal is a proposition, so `have` is preferred over `haveI`.
The difference between `have` and `haveI` is that `haveI` inlines the value.
But this is not relevant for proofs because of proof irrelevance.

Note: This linter can be disabled with `set_option linter.style.haveILetI false`
warning: projects/HasseWeil/HasseWeil/Foundation/Curves/Valuation/NormValuation.lean:571:8: `Ideal.sum_ramification_inertia` has been deprecated: Use results of RingTheory.RamificationInertia.Basic
warning: projects/HasseWeil/HasseWeil/Foundation/Curves/Valuation/NormValuation.lean:612:2: Try this: 
  haveI̵

The goal is a proposition, so `have` is preferred over `haveI`.
The difference between `have` and `haveI` is that `haveI` inlines the value.
But this is not relevant for proofs because of proof irrelevance.

Note: This linter can be disabled with `set_option linter.style.haveILetI false`
warning: projects/HasseWeil/HasseWeil/Foundation/Curves/Valuation/NormValuation.lean:633:4: `Ideal.inertiaDeg'` has been deprecated: Use `Ideal.inertiaDeg` instead.
warning: projects/HasseWeil/HasseWeil/Foundation/Curves/Valuation/NormValuation.lean:634:2: Try this: 
  haveI̵

The goal is a proposition, so `have` is preferred over `haveI`.
The difference between `have` and `haveI` is that `haveI` inlines the value.
But this is not relevant for proofs because of proof irrelevance.

Note: This linter can be disabled with `set_option linter.style.haveILetI false`
warning: projects/HasseWeil/HasseWeil/Foundation/Curves/Valuation/NormValuation.lean:661:2: Try this: 
  haveI̵

The goal is a proposition, so `have` is preferred over `haveI`.
The difference between `have` and `haveI` is that `haveI` inlines the value.
But this is not relevant for proofs because of proof irrelevance.

Note: This linter can be disabled with `set_option linter.style.haveILetI false`
warning: projects/HasseWeil/HasseWeil/Foundation/Curves/Valuation/NormValuation.lean:689:4: Try this: 
  haveI̵

The goal is a proposition, so `have` is preferred over `haveI`.
The difference between `have` and `haveI` is that `haveI` inlines the value.
But this is not relevant for proofs because of proof irrelevance.

Note: This linter can be disabled with `set_option linter.style.haveILetI false`
warning: projects/HasseWeil/HasseWeil/Foundation/Curves/Valuation/NormValuation.lean:695:6: Try this: 
  haveI̵

The goal is a proposition, so `have` is preferred over `haveI`.
The difference between `have` and `haveI` is that `haveI` inlines the value.
But this is not relevant for proofs because of proof irrelevance.

Note: This linter can be disabled with `set_option linter.style.haveILetI false`
warning: projects/HasseWeil/HasseWeil/Foundation/Curves/Valuation/NormValuation.lean:717:2: Try this: 
  haveI̵

The goal is a proposition, so `have` is preferred over `haveI`.
The difference between `have` and `haveI` is that `haveI` inlines the value.
But this is not relevant for proofs because of proof irrelevance.

Note: This linter can be disabled with `set_option linter.style.haveILetI false`
warning: projects/HasseWeil/HasseWeil/Foundation/Curves/Valuation/NormValuation.lean:718:2: Try this: 
  haveI̵

The goal is a proposition, so `have` is preferred over `haveI`.
The difference between `have` and `haveI` is that `haveI` inlines the value.
But this is not relevant for proofs because of proof irrelevance.

Note: This linter can be disabled with `set_option linter.style.haveILetI false`
warning: projects/HasseWeil/HasseWeil/Foundation/Curves/Valuation/NormValuation.lean:776:2: Try this: 
  haveI̵

The goal is a proposition, so `have` is preferred over `haveI`.
The difference between `have` and `haveI` is that `haveI` inlines the value.
But this is not relevant for proofs because of proof irrelevance.

Note: This linter can be disabled with `set_option linter.style.haveILetI false`
warning: projects/HasseWeil/HasseWeil/Foundation/Curves/Valuation/NormValuation.lean:813:2: Try this: 
  haveI̵

The goal is a proposition, so `have` is preferred over `haveI`.
The difference between `have` and `haveI` is that `haveI` inlines the value.
But this is not relevant for proofs because of proof irrelevance.

Note: This linter can be disabled with `set_option linter.style.haveILetI false`
warning: projects/HasseWeil/HasseWeil/Foundation/Curves/Valuation/NormValuation.lean:833:2: Try this: 
  haveI̵

The goal is a proposition, so `have` is preferred over `haveI`.
The difference between `have` and `haveI` is that `haveI` inlines the value.
But this is not relevant for proofs because of proof irrelevance.

Note: This linter can be disabled with `set_option linter.style.haveILetI false`
warning: projects/HasseWeil/HasseWeil/Foundation/Curves/Valuation/NormValuation.lean:853:2: Try this: 
  haveI̵

The goal is a proposition, so `have` is preferred over `haveI`.
The difference between `have` and `haveI` is that `haveI` inlines the value.
But this is not relevant for proofs because of proof irrelevance.

Note: This linter can be disabled with `set_option linter.style.haveILetI false`
warning: projects/HasseWeil/HasseWeil/Foundation/Curves/Valuation/NormValuation.lean:854:2: Try this: 
  haveI̵

The goal is a proposition, so `have` is preferred over `haveI`.
The difference between `have` and `haveI` is that `haveI` inlines the value.
But this is not relevant for proofs because of proof irrelevance.

Note: This linter can be disabled with `set_option linter.style.haveILetI false`
warning: projects/HasseWeil/HasseWeil/Foundation/Curves/Valuation/NormValuation.lean:856:2: Try this: 
  haveI̵

The goal is a proposition, so `have` is preferred over `haveI`.
The difference between `have` and `haveI` is that `haveI` inlines the value.
But this is not relevant for proofs because of proof irrelevance.

Note: This linter can be disabled with `set_option linter.style.haveILetI false`
warning: projects/HasseWeil/HasseWeil/Foundation/Curves/Valuation/NormValuation.lean:874:36: `Prime.not_unit` has been deprecated: Use `Prime.not_isUnit` instead
warning: projects/HasseWeil/HasseWeil/Foundation/Curves/Valuation/NormValuation.lean:925:40: `Prime.not_unit` has been deprecated: Use `Prime.not_isUnit` instead
warning: projects/HasseWeil/HasseWeil/Foundation/Curves/Valuation/NormValuation.lean:932:40: `Prime.not_unit` has been deprecated: Use `Prime.not_isUnit` instead
warning: projects/HasseWeil/HasseWeil/Foundation/Curves/Valuation/NormValuation.lean:954:2: Try this: 
  haveI̵

The goal is a proposition, so `have` is preferred over `haveI`.
The difference between `have` and `haveI` is that `haveI` inlines the value.
But this is not relevant for proofs because of proof irrelevance.

Note: This linter can be disabled with `set_option linter.style.haveILetI false`
warning: projects/HasseWeil/HasseWeil/Foundation/Curves/Valuation/NormValuation.lean:1010:2: Try this: 
  haveI̵

The goal is a proposition, so `have` is preferred over `haveI`.
The difference between `have` and `haveI` is that `haveI` inlines the value.
But this is not relevant for proofs because of proof irrelevance.

Note: This linter can be disabled with `set_option linter.style.haveILetI false`
warning: projects/HasseWeil/HasseWeil/Foundation/Curves/Valuation/NormValuation.lean:1047:2: Try this: 
  haveI̵

The goal is a proposition, so `have` is preferred over `haveI`.
The difference between `have` and `haveI` is that `haveI` inlines the value.
But this is not relevant for proofs because of proof irrelevance.

Note: This linter can be disabled with `set_option linter.style.haveILetI false`
warning: projects/HasseWeil/HasseWeil/Foundation/Curves/Valuation/NormValuation.lean:1054:52: `dif_pos` has been deprecated: Use `dite_eq_left` instead

Hint: Replace the deprecated name:
  d̵i̵f̵_̵p̵o̵s̵d̲i̲t̲e̲_̲e̲q̲_̲l̲e̲f̲t̲
warning: projects/HasseWeil/HasseWeil/Foundation/Curves/Valuation/NormValuation.lean:1081:2: Try this: 
  haveI̵

The goal is a proposition, so `have` is preferred over `haveI`.
The difference between `have` and `haveI` is that `haveI` inlines the value.
But this is not relevant for proofs because of proof irrelevance.

Note: This linter can be disabled with `set_option linter.style.haveILetI false`
warning: projects/HasseWeil/HasseWeil/Foundation/Curves/Valuation/NormValuation.lean:1082:2: Try this: 
  haveI̵

The goal is a proposition, so `have` is preferred over `haveI`.
The difference between `have` and `haveI` is that `haveI` inlines the value.
But this is not relevant for proofs because of proof irrelevance.

Note: This linter can be disabled with `set_option linter.style.haveILetI false`
warning: projects/HasseWeil/HasseWeil/Foundation/Curves/Valuation/NormValuation.lean:1112:2: Try this: 
  haveI̵

The goal is a proposition, so `have` is preferred over `haveI`.
The difference between `have` and `haveI` is that `haveI` inlines the value.
But this is not relevant for proofs because of proof irrelevance.

Note: This linter can be disabled with `set_option linter.style.haveILetI false`
warning: projects/HasseWeil/HasseWeil/Foundation/Curves/Valuation/NormValuation.lean:1161:2: Try this: 
  haveI̵

The goal is a proposition, so `have` is preferred over `haveI`.
The difference between `have` and `haveI` is that `haveI` inlines the value.
But this is not relevant for proofs because of proof irrelevance.

Note: This linter can be disabled with `set_option linter.style.haveILetI false`
warning: projects/HasseWeil/HasseWeil/Foundation/Curves/Valuation/NormValuation.lean:1243:2: Try this: 
  haveI̵

The goal is a proposition, so `have` is preferred over `haveI`.
The difference between `have` and `haveI` is that `haveI` inlines the value.
But this is not relevant for proofs because of proof irrelevance.

Note: This linter can be disabled with `set_option linter.style.haveILetI false`
warning: projects/HasseWeil/HasseWeil/Foundation/Curves/Valuation/NormValuation.lean:1244:2: Try this: 
  haveI̵

The goal is a proposition, so `have` is preferred over `haveI`.
The difference between `have` and `haveI` is that `haveI` inlines the value.
But this is not relevant for proofs because of proof irrelevance.

Note: This linter can be disabled with `set_option linter.style.haveILetI false`
warning: projects/HasseWeil/HasseWeil/Foundation/Curves/Valuation/NormValuation.lean:1246:2: Try this: 
  haveI̵

The goal is a proposition, so `have` is preferred over `haveI`.
The difference between `have` and `haveI` is that `haveI` inlines the value.
But this is not relevant for proofs because of proof irrelevance.

Note: This linter can be disabled with `set_option linter.style.haveILetI false`
warning: projects/HasseWeil/HasseWeil/Foundation/Curves/Valuation/NormValuation.lean:1512:6: `dif_neg` has been deprecated: Use `dite_eq_right` instead

Hint: Replace the deprecated name:
  d̵i̵f̵_̵n̵e̵g̵d̲i̲t̲e̲_̲e̲q̲_̲r̲i̲g̲h̲t̲
warning: projects/HasseWeil/HasseWeil/Foundation/Curves/Valuation/NormValuation.lean:1583:2: Try this: 
  haveI̵

The goal is a proposition, so `have` is preferred over `haveI`.
The difference between `have` and `haveI` is that `haveI` inlines the value.
But this is not relevant for proofs because of proof irrelevance.

Note: This linter can be disabled with `set_option linter.style.haveILetI false`
warning: projects/HasseWeil/HasseWeil/Foundation/Curves/Valuation/NormValuation.lean:1606:2: Try this: 
  haveI̵

The goal is a proposition, so `have` is preferred over `haveI`.
The difference between `have` and `haveI` is that `haveI` inlines the value.
But this is not relevant for proofs because of proof irrelevance.

Note: This linter can be disabled with `set_option linter.style.haveILetI false`
warning: projects/HasseWeil/HasseWeil/Foundation/Curves/Valuation/NormValuation.lean:1631:2: Try this: 
  haveI̵

The goal is a proposition, so `have` is preferred over `haveI`.
The difference between `have` and `haveI` is that `haveI` inlines the value.
But this is not relevant for proofs because of proof irrelevance.

Note: This linter can be disabled with `set_option linter.style.haveILetI false`
warning: projects/HasseWeil/HasseWeil/Foundation/Curves/Valuation/NormValuation.lean:1722:2: Try this: 
  haveI̵

The goal is a proposition, so `have` is preferred over `haveI`.
The difference between `have` and `haveI` is that `haveI` inlines the value.
But this is not relevant for proofs because of proof irrelevance.

Note: This linter can be disabled with `set_option linter.style.haveILetI false`
warning: projects/HasseWeil/HasseWeil/Foundation/Curves/Valuation/NormValuation.lean:1749:2: Try this: 
  haveI̵

The goal is a proposition, so `have` is preferred over `haveI`.
The difference between `have` and `haveI` is that `haveI` inlines the value.
But this is not relevant for proofs because of proof irrelevance.

Note: This linter can be disabled with `set_option linter.style.haveILetI false`
warning: projects/HasseWeil/HasseWeil/Foundation/Curves/Valuation/NormValuation.lean:1781:2: Try this: 
  haveI̵

The goal is a proposition, so `have` is preferred over `haveI`.
The difference between `have` and `haveI` is that `haveI` inlines the value.
But this is not relevant for proofs because of proof irrelevance.

Note: This linter can be disabled with `set_option linter.style.haveILetI false`
warning: projects/HasseWeil/HasseWeil/Foundation/Curves/Valuation/NormValuation.lean:1847:10: `if_pos` has been deprecated: Use `ite_eq_left` instead

Hint: Replace the deprecated name:
  i̵f̵_̵p̵o̵s̵i̲t̲e̲_̲e̲q̲_̲l̲e̲f̲t̲
warning: projects/HasseWeil/HasseWeil/Foundation/Curves/Valuation/NormValuation.lean:1849:10: `if_neg` has been deprecated: Use `ite_eq_right` instead

Hint: Replace the deprecated name:
  i̵f̵_̵n̵e̵g̵i̲t̲e̲_̲e̲q̲_̲r̲i̲g̲h̲t̲
warning: projects/HasseWeil/HasseWeil/Foundation/Curves/Valuation/NormValuation.lean:1985:2: Try this: 
  haveI̵

The goal is a proposition, so `have` is preferred over `haveI`.
The difference between `have` and `haveI` is that `haveI` inlines the value.
But this is not relevant for proofs because of proof irrelevance.

Note: This linter can be disabled with `set_option linter.style.haveILetI false`
warning: projects/HasseWeil/HasseWeil/Foundation/Curves/Valuation/NormValuation.lean:2002:2: Try this: 
  haveI̵

The goal is a proposition, so `have` is preferred over `haveI`.
The difference between `have` and `haveI` is that `haveI` inlines the value.
But this is not relevant for proofs because of proof irrelevance.

Note: This linter can be disabled with `set_option linter.style.haveILetI false`
warning: projects/HasseWeil/HasseWeil/Foundation/Curves/Valuation/NormValuation.lean:2022:2: Try this: 
  haveI̵

The goal is a proposition, so `have` is preferred over `haveI`.
The difference between `have` and `haveI` is that `haveI` inlines the value.
But this is not relevant for proofs because of proof irrelevance.

Note: This linter can be disabled with `set_option linter.style.haveILetI false`
warning: projects/HasseWeil/HasseWeil/Foundation/Curves/Valuation/NormValuation.lean:2068:58: `Set.mem_setOf_eq` has been deprecated: Use `Set.mem_ofPred_eq` instead

Hint: Replace the deprecated name:
  S̵e̵t̵.̵m̵e̵m̵_̵s̵e̵t̵O̵f̵_̵e̵q̵S̲e̲t̲.̲m̲e̲m̲_̲o̲f̲P̲r̲e̲d̲_̲e̲q̲
⚠ [11219/11467] Replayed HasseWeil.Foundation.Ramification
warning: projects/HasseWeil/HasseWeil/Foundation/Ramification.lean:11:0: Use RingTheory.RamificationInertia.Basic
'Mathlib.NumberTheory.RamificationInertia.Basic' has been deprecated: please replace this import by

import Mathlib.LinearAlgebra.Dimension.DivisionRing
import Mathlib.NumberTheory.RamificationInertia.Inertia
import Mathlib.NumberTheory.RamificationInertia.Ramification
import Mathlib.RingTheory.Ideal.Norm.AbsNorm
import Mathlib.RingTheory.SimpleModule.Basic
warning: projects/HasseWeil/HasseWeil/Foundation/Ramification.lean:164:2: Try this: 
  letI̵

The goal is a proposition, so `let` is preferred over `letI`.
The difference between `let` and `letI` is that `letI` inlines the value.
But this is not relevant for proofs because of proof irrelevance.

Note: This linter can be disabled with `set_option linter.style.haveILetI false`
warning: projects/HasseWeil/HasseWeil/Foundation/Ramification.lean:165:2: Try this: 
  haveI̵

The goal is a proposition, so `have` is preferred over `haveI`.
The difference between `have` and `haveI` is that `haveI` inlines the value.
But this is not relevant for proofs because of proof irrelevance.

Note: This linter can be disabled with `set_option linter.style.haveILetI false`
warning: projects/HasseWeil/HasseWeil/Foundation/Ramification.lean:197:3: `AdjoinRoot.noZeroSMulDivisors_of_prime_of_degree_ne_zero` has been deprecated: Use `AdjoinRoot.isTorsionFree_of_prime_of_degree_ne_zero` instead

Hint: Replace the deprecated name:
  A̵d̵j̵o̵i̵n̵R̵o̵o̵t̵.̵n̵o̵Z̵e̵r̵o̵S̵M̵u̵l̵D̵i̵v̵i̵s̵o̵r̵s̵_̵o̵f̵_̵p̵r̵i̵m̵e̵_̵o̵f̵_̵d̵e̵g̵r̵e̵e̵_̵n̵e̵_̵z̵e̵r̵o̵A̲d̲j̲o̲i̲n̲R̲o̲o̲t̲.̲i̲s̲T̲o̲r̲s̲i̲o̲n̲F̲r̲e̲e̲_̲o̲f̲_̲p̲r̲i̲m̲e̲_̲o̲f̲_̲d̲e̲g̲r̲e̲e̲_̲n̲e̲_̲z̲e̲r̲o̲
warning: projects/HasseWeil/HasseWeil/Foundation/Ramification.lean:462:2: Try this: 
  haveI̵

The goal is a proposition, so `have` is preferred over `haveI`.
The difference between `have` and `haveI` is that `haveI` inlines the value.
But this is not relevant for proofs because of proof irrelevance.

Note: This linter can be disabled with `set_option linter.style.haveILetI false`
warning: projects/HasseWeil/HasseWeil/Foundation/Ramification.lean:465:2: Try this: 
  letI̵

The goal is a proposition, so `let` is preferred over `letI`.
The difference between `let` and `letI` is that `letI` inlines the value.
But this is not relevant for proofs because of proof irrelevance.

Note: This linter can be disabled with `set_option linter.style.haveILetI false`
warning: projects/HasseWeil/HasseWeil/Foundation/Ramification.lean:466:2: Try this: 
  haveI̵

The goal is a proposition, so `have` is preferred over `haveI`.
The difference between `have` and `haveI` is that `haveI` inlines the value.
But this is not relevant for proofs because of proof irrelevance.

Note: This linter can be disabled with `set_option linter.style.haveILetI false`
warning: projects/HasseWeil/HasseWeil/Foundation/Ramification.lean:492:2: Try this: 
  letI̵

The goal is a proposition, so `let` is preferred over `letI`.
The difference between `let` and `letI` is that `letI` inlines the value.
But this is not relevant for proofs because of proof irrelevance.

Note: This linter can be disabled with `set_option linter.style.haveILetI false`
warning: projects/HasseWeil/HasseWeil/Foundation/Ramification.lean:493:2: Try this: 
  haveI̵

The goal is a proposition, so `have` is preferred over `haveI`.
The difference between `have` and `haveI` is that `haveI` inlines the value.
But this is not relevant for proofs because of proof irrelevance.

Note: This linter can be disabled with `set_option linter.style.haveILetI false`
warning: projects/HasseWeil/HasseWeil/Foundation/Ramification.lean:496:2: Try this: 
  haveI̵

The goal is a proposition, so `have` is preferred over `haveI`.
The difference between `have` and `haveI` is that `haveI` inlines the value.
But this is not relevant for proofs because of proof irrelevance.

Note: This linter can be disabled with `set_option linter.style.haveILetI false`
warning: projects/HasseWeil/HasseWeil/Foundation/Ramification.lean:509:19: `Ideal.eq_bot_of_comap_eq_bot` has been deprecated: Use `Ideal.eq_bot_of_under_eq_bot` instead

Hint: Replace the deprecated name:
  e̵q̵_̵b̵o̵t̵_̵o̵f̵_̵c̵o̵m̵a̵p̵_̵e̵q̵_̵b̵o̵t̵e̲q̲_̲b̲o̲t̲_̲o̲f̲_̲u̲n̲d̲e̲r̲_̲e̲q̲_̲b̲o̲t̲
warning: projects/HasseWeil/HasseWeil/Foundation/Ramification.lean:517:4: Try this: 
  haveI̵

The goal is a proposition, so `have` is preferred over `haveI`.
The difference between `have` and `haveI` is that `haveI` inlines the value.
But this is not relevant for proofs because of proof irrelevance.

Note: This linter can be disabled with `set_option linter.style.haveILetI false`
warning: projects/HasseWeil/HasseWeil/Foundation/Ramification.lean:519:4: Try this: 
  haveI̵

The goal is a proposition, so `have` is preferred over `haveI`.
The difference between `have` and `haveI` is that `haveI` inlines the value.
But this is not relevant for proofs because of proof irrelevance.

Note: This linter can be disabled with `set_option linter.style.haveILetI false`
warning: projects/HasseWeil/HasseWeil/Foundation/Ramification.lean:521:4: Try this: 
  haveI̵

The goal is a proposition, so `have` is preferred over `haveI`.
The difference between `have` and `haveI` is that `haveI` inlines the value.
But this is not relevant for proofs because of proof irrelevance.

Note: This linter can be disabled with `set_option linter.style.haveILetI false`
warning: projects/HasseWeil/HasseWeil/Foundation/Ramification.lean:524:4: Try this: 
  haveI̵

The goal is a proposition, so `have` is preferred over `haveI`.
The difference between `have` and `haveI` is that `haveI` inlines the value.
But this is not relevant for proofs because of proof irrelevance.

Note: This linter can be disabled with `set_option linter.style.haveILetI false`
warning: projects/HasseWeil/HasseWeil/Foundation/Ramification.lean:526:4: Try this: 
  haveI̵

The goal is a proposition, so `have` is preferred over `haveI`.
The difference between `have` and `haveI` is that `haveI` inlines the value.
But this is not relevant for proofs because of proof irrelevance.

Note: This linter can be disabled with `set_option linter.style.haveILetI false`
warning: projects/HasseWeil/HasseWeil/Foundation/Ramification.lean:591:2: Try this: 
  haveI̵

The goal is a proposition, so `have` is preferred over `haveI`.
The difference between `have` and `haveI` is that `haveI` inlines the value.
But this is not relevant for proofs because of proof irrelevance.

Note: This linter can be disabled with `set_option linter.style.haveILetI false`
warning: projects/HasseWeil/HasseWeil/Foundation/Ramification.lean:592:2: Try this: 
  haveI̵

The goal is a proposition, so `have` is preferred over `haveI`.
The difference between `have` and `haveI` is that `haveI` inlines the value.
But this is not relevant for proofs because of proof irrelevance.

Note: This linter can be disabled with `set_option linter.style.haveILetI false`
warning: projects/HasseWeil/HasseWeil/Foundation/Ramification.lean:656:2: Try this: 
  letI̵

The goal is a proposition, so `let` is preferred over `letI`.
The difference between `let` and `letI` is that `letI` inlines the value.
But this is not relevant for proofs because of proof irrelevance.

Note: This linter can be disabled with `set_option linter.style.haveILetI false`
warning: projects/HasseWeil/HasseWeil/Foundation/Ramification.lean:681:2: Try this: 
  haveI̵

The goal is a proposition, so `have` is preferred over `haveI`.
The difference between `have` and `haveI` is that `haveI` inlines the value.
But this is not relevant for proofs because of proof irrelevance.

Note: This linter can be disabled with `set_option linter.style.haveILetI false`
warning: projects/HasseWeil/HasseWeil/Foundation/Ramification.lean:938:2: Try this: 
  letI̵

The goal is a proposition, so `let` is preferred over `letI`.
The difference between `let` and `letI` is that `letI` inlines the value.
But this is not relevant for proofs because of proof irrelevance.

Note: This linter can be disabled with `set_option linter.style.haveILetI false`
warning: projects/HasseWeil/HasseWeil/Foundation/Ramification.lean:941:2: Try this: 
  haveI̵

The goal is a proposition, so `have` is preferred over `haveI`.
The difference between `have` and `haveI` is that `haveI` inlines the value.
But this is not relevant for proofs because of proof irrelevance.

Note: This linter can be disabled with `set_option linter.style.haveILetI false`
warning: projects/HasseWeil/HasseWeil/Foundation/Ramification.lean:992:2: Try this: 
  haveI̵

The goal is a proposition, so `have` is preferred over `haveI`.
The difference between `have` and `haveI` is that `haveI` inlines the value.
But this is not relevant for proofs because of proof irrelevance.

Note: This linter can be disabled with `set_option linter.style.haveILetI false`
warning: projects/HasseWeil/HasseWeil/Foundation/Ramification.lean:1039:2: Try this: 
  letI̵

The goal is a proposition, so `let` is preferred over `letI`.
The difference between `let` and `letI` is that `letI` inlines the value.
But this is not relevant for proofs because of proof irrelevance.

Note: This linter can be disabled with `set_option linter.style.haveILetI false`
warning: projects/HasseWeil/HasseWeil/Foundation/Ramification.lean:1041:2: Try this: 
  haveI̵

The goal is a proposition, so `have` is preferred over `haveI`.
The difference between `have` and `haveI` is that `haveI` inlines the value.
But this is not relevant for proofs because of proof irrelevance.

Note: This linter can be disabled with `set_option linter.style.haveILetI false`
warning: projects/HasseWeil/HasseWeil/Foundation/Ramification.lean:1095:2: Try this: 
  haveI̵

The goal is a proposition, so `have` is preferred over `haveI`.
The difference between `have` and `haveI` is that `haveI` inlines the value.
But this is not relevant for proofs because of proof irrelevance.

Note: This linter can be disabled with `set_option linter.style.haveILetI false`
warning: projects/HasseWeil/HasseWeil/Foundation/Ramification.lean:1263:2: Try this: 
  letI̵

The goal is a proposition, so `let` is preferred over `letI`.
The difference between `let` and `letI` is that `letI` inlines the value.
But this is not relevant for proofs because of proof irrelevance.

Note: This linter can be disabled with `set_option linter.style.haveILetI false`
warning: projects/HasseWeil/HasseWeil/Foundation/Ramification.lean:1267:48: `Ideal.eq_bot_of_comap_eq_bot` has been deprecated: Use `Ideal.eq_bot_of_under_eq_bot` instead

Hint: Replace the deprecated name:
  e̵q̵_̵b̵o̵t̵_̵o̵f̵_̵c̵o̵m̵a̵p̵_̵e̵q̵_̵b̵o̵t̵e̲q̲_̲b̲o̲t̲_̲o̲f̲_̲u̲n̲d̲e̲r̲_̲e̲q̲_̲b̲o̲t̲
warning: projects/HasseWeil/HasseWeil/Foundation/Ramification.lean:1268:2: Try this: 
  haveI̵

The goal is a proposition, so `have` is preferred over `haveI`.
The difference between `have` and `haveI` is that `haveI` inlines the value.
But this is not relevant for proofs because of proof irrelevance.

Note: This linter can be disabled with `set_option linter.style.haveILetI false`
warning: projects/HasseWeil/HasseWeil/Foundation/Ramification.lean:1270:2: Try this: 
  haveI̵

The goal is a proposition, so `have` is preferred over `haveI`.
The difference between `have` and `haveI` is that `haveI` inlines the value.
But this is not relevant for proofs because of proof irrelevance.

Note: This linter can be disabled with `set_option linter.style.haveILetI false`
warning: projects/HasseWeil/HasseWeil/Foundation/Ramification.lean:1314:2: Try this: 
  letI̵

The goal is a proposition, so `let` is preferred over `letI`.
The difference between `let` and `letI` is that `letI` inlines the value.
But this is not relevant for proofs because of proof irrelevance.

Note: This linter can be disabled with `set_option linter.style.haveILetI false`
warning: projects/HasseWeil/HasseWeil/Foundation/Ramification.lean:1337:2: Try this: 
  haveI̵

The goal is a proposition, so `have` is preferred over `haveI`.
The difference between `have` and `haveI` is that `haveI` inlines the value.
But this is not relevant for proofs because of proof irrelevance.

Note: This linter can be disabled with `set_option linter.style.haveILetI false`
warning: projects/HasseWeil/HasseWeil/Foundation/Ramification.lean:1338:2: Try this: 
  haveI̵

The goal is a proposition, so `have` is preferred over `haveI`.
The difference between `have` and `haveI` is that `haveI` inlines the value.
But this is not relevant for proofs because of proof irrelevance.

Note: This linter can be disabled with `set_option linter.style.haveILetI false`
warning: projects/HasseWeil/HasseWeil/Foundation/Ramification.lean:1340:2: Try this: 
  haveI̵

The goal is a proposition, so `have` is preferred over `haveI`.
The difference between `have` and `haveI` is that `haveI` inlines the value.
But this is not relevant for proofs because of proof irrelevance.

Note: This linter can be disabled with `set_option linter.style.haveILetI false`
warning: projects/HasseWeil/HasseWeil/Foundation/Ramification.lean:1398:2: Try this: 
  haveI̵

The goal is a proposition, so `have` is preferred over `haveI`.
The difference between `have` and `haveI` is that `haveI` inlines the value.
But this is not relevant for proofs because of proof irrelevance.

Note: This linter can be disabled with `set_option linter.style.haveILetI false`
warning: projects/HasseWeil/HasseWeil/Foundation/Ramification.lean:1400:4: Try this: 
  haveI̵

The goal is a proposition, so `have` is preferred over `haveI`.
The difference between `have` and `haveI` is that `haveI` inlines the value.
But this is not relevant for proofs because of proof irrelevance.

Note: This linter can be disabled with `set_option linter.style.haveILetI false`
warning: projects/HasseWeil/HasseWeil/Foundation/Ramification.lean:1403:8: `Algebra.IsAlgebraic.finrank_of_isFractionRing` has been deprecated: Use `IsFractionRing.finrank_eq` instead

Note: The updated constant is in a different namespace. Dot notation may need to be changed (e.g., from `x.finrank_of_isFractionRing` to `IsFractionRing.finrank_eq x`).

Hint: Replace the deprecated name:
  A̵l̵g̵e̵b̵r̵a̵.̵I̵s̵A̵l̵g̵e̵b̵r̵a̵i̵c̵.̵f̵i̵n̵r̵a̵n̵k̵_̵o̵f̵_̵i̵s̵F̵r̵a̵c̵t̵i̵o̵n̵R̵i̵n̵g̵I̲s̲F̲r̲a̲c̲t̲i̲o̲n̲R̲i̲n̲g̲.̲f̲i̲n̲r̲a̲n̲k̲_̲e̲q̲
warning: projects/HasseWeil/HasseWeil/Foundation/Ramification.lean:1409:4: Try this: 
  haveI̵

The goal is a proposition, so `have` is preferred over `haveI`.
The difference between `have` and `haveI` is that `haveI` inlines the value.
But this is not relevant for proofs because of proof irrelevance.

Note: This linter can be disabled with `set_option linter.style.haveILetI false`
⚠ [11220/11467] Replayed HasseWeil.Foundation.EC.TranslateValuation
warning: projects/HasseWeil/HasseWeil/Foundation/EC/TranslateValuation.lean:194:8: `dif_neg` has been deprecated: Use `dite_eq_right` instead

Hint: Replace the deprecated name:
  d̵i̵f̵_̵n̵e̵g̵d̲i̲t̲e̲_̲e̲q̲_̲r̲i̲g̲h̲t̲
warning: projects/HasseWeil/HasseWeil/Foundation/EC/TranslateValuation.lean:1901:10: `dif_neg` has been deprecated: Use `dite_eq_right` instead

Hint: Replace the deprecated name:
  d̵i̵f̵_̵n̵e̵g̵d̲i̲t̲e̲_̲e̲q̲_̲r̲i̲g̲h̲t̲
ℹ [11272/11819] Replayed HexSturmMathlib.Tests.Replay.Accepted
info: HexSturmMathlib/Tests/Replay/Accepted.lean:32:0: 'HexSturmMathlib.ReplayTests.accepted' depends on axioms: [propext, Classical.choice, Quot.sound]
info: HexSturmMathlib/Tests/Replay/Accepted.lean:37:0: 'HexSturmMathlib.ReplayTests.domain' depends on axioms: [propext, Classical.choice, Quot.sound]
ℹ [11273/11819] Replayed HexSturmMathlib.Tests.Replay.Rejected
info: HexSturmMathlib/Tests/Replay/Rejected.lean:30:0: 'HexSturmMathlib.ReplayTests.rejected' depends on axioms: [propext, Classical.choice, Quot.sound]
info: HexSturmMathlib/Tests/Replay/Rejected.lean:35:0: 'HexSturmMathlib.ReplayTests.stale' depends on axioms: [propext, Classical.choice, Quot.sound]
⚠ [11279/11819] Replayed HasseWeil.Foundation.LocalExpansion
warning: projects/HasseWeil/HasseWeil/Foundation/LocalExpansion.lean:85:8: automatically included section variable(s) unused in theorem `HasseWeil.formalU_constantCoeff`:
  [DecidableEq F]
  [WeierstrassCurve.IsElliptic W.toAffine]
consider restructuring your `variable` declarations so that the variables are not in scope or explicitly omit them:
  omit [DecidableEq F] [WeierstrassCurve.IsElliptic W.toAffine] in theorem ...

Note: This linter can be disabled with `set_option linter.unusedSectionVars false`
warning: projects/HasseWeil/HasseWeil/Foundation/LocalExpansion.lean:112:8: automatically included section variable(s) unused in theorem `HasseWeil.formalU_inv_constantCoeff`:
  [DecidableEq F]
  [WeierstrassCurve.IsElliptic W.toAffine]
consider restructuring your `variable` declarations so that the variables are not in scope or explicitly omit them:
  omit [DecidableEq F] [WeierstrassCurve.IsElliptic W.toAffine] in theorem ...

Note: This linter can be disabled with `set_option linter.unusedSectionVars false`
warning: projects/HasseWeil/HasseWeil/Foundation/LocalExpansion.lean:186:33: `if_pos` has been deprecated: Use `ite_eq_left` instead

Hint: Replace the deprecated name:
  i̵f̵_̵p̵o̵s̵i̲t̲e̲_̲e̲q̲_̲l̲e̲f̲t̲
warning: projects/HasseWeil/HasseWeil/Foundation/LocalExpansion.lean:257:0: automatically included section variable(s) unused in theorem `HasseWeil.formalW_ne_zero`:
  [DecidableEq F]
  [WeierstrassCurve.IsElliptic W.toAffine]
consider restructuring your `variable` declarations so that the variables are not in scope or explicitly omit them:
  omit [DecidableEq F] [WeierstrassCurve.IsElliptic W.toAffine] in theorem ...

Note: This linter can be disabled with `set_option linter.unusedSectionVars false`
warning: projects/HasseWeil/HasseWeil/Foundation/LocalExpansion.lean:291:8: `if_neg` has been deprecated: Use `ite_eq_right` instead

Hint: Replace the deprecated name:
  i̵f̵_̵n̵e̵g̵i̲t̲e̲_̲e̲q̲_̲r̲i̲g̲h̲t̲
warning: projects/HasseWeil/HasseWeil/Foundation/LocalExpansion.lean:275:0: automatically included section variable(s) unused in theorem `HasseWeil.formalW_eq_X3_mul_U`:
  [DecidableEq F]
  [WeierstrassCurve.IsElliptic W.toAffine]
consider restructuring your `variable` declarations so that the variables are not in scope or explicitly omit them:
  omit [DecidableEq F] [WeierstrassCurve.IsElliptic W.toAffine] in theorem ...

Note: This linter can be disabled with `set_option linter.unusedSectionVars false`
warning: projects/HasseWeil/HasseWeil/Foundation/LocalExpansion.lean:303:6: `PowerSeries.order_zero_of_unit` has been deprecated: Use `PowerSeries.order_zero_of_isUnit` instead

Hint: Replace the deprecated name:
  P̵o̵w̵e̵r̵S̵e̵r̵i̵e̵s̵.̵o̵r̵d̵e̵r̵_̵z̵e̵r̵o̵_̵o̵f̵_̵u̵n̵i̵t̵o̲r̲d̲e̲r̲_̲z̲e̲r̲o̲_̲o̲f̲_̲i̲s̲U̲n̲i̲t̲
warning: projects/HasseWeil/HasseWeil/Foundation/LocalExpansion.lean:455:0: automatically included section variable(s) unused in theorem `HasseWeil.localParam_ne_zero`:
  [DecidableEq F]
  [WeierstrassCurve.IsElliptic W.toAffine]
consider restructuring your `variable` declarations so that the variables are not in scope or explicitly omit them:
  omit [DecidableEq F] [WeierstrassCurve.IsElliptic W.toAffine] in theorem ...

Note: This linter can be disabled with `set_option linter.unusedSectionVars false`
warning: projects/HasseWeil/HasseWeil/Foundation/LocalExpansion.lean:480:8: automatically included section variable(s) unused in theorem `HasseWeil.localExpand_inner_X`:
  [DecidableEq F]
  [WeierstrassCurve.IsElliptic W.toAffine]
consider restructuring your `variable` declarations so that the variables are not in scope or explicitly omit them:
  omit [DecidableEq F] [WeierstrassCurve.IsElliptic W.toAffine] in theorem ...

Note: This linter can be disabled with `set_option linter.unusedSectionVars false`
warning: projects/HasseWeil/HasseWeil/Foundation/LocalExpansion.lean:485:8: automatically included section variable(s) unused in theorem `HasseWeil.localExpand_inner_C`:
  [DecidableEq F]
  [WeierstrassCurve.IsElliptic W.toAffine]
consider restructuring your `variable` declarations so that the variables are not in scope or explicitly omit them:
  omit [DecidableEq F] [WeierstrassCurve.IsElliptic W.toAffine] in theorem ...

Note: This linter can be disabled with `set_option linter.unusedSectionVars false`
warning: projects/HasseWeil/HasseWeil/Foundation/LocalExpansion.lean:759:23: Private declaration `localExpand_coordHom_injective` accessed publicly; this is allowed only because the `backward.privateInPublic` option is enabled. 

Disable `backward.privateInPublic.warn` to silence this warning.
⚠ [11280/11819] Replayed HasseWeil.Isogeny.FormalSeries
warning: projects/HasseWeil/HasseWeil/Isogeny/FormalSeries.lean:360:8: declaration uses `sorry`
warning: projects/HasseWeil/HasseWeil/Isogeny/FormalSeries.lean:698:36: `if_pos` has been deprecated: Use `ite_eq_left` instead

Hint: Replace the deprecated name:
  i̵f̵_̵p̵o̵s̵i̲t̲e̲_̲e̲q̲_̲l̲e̲f̲t̲
warning: projects/HasseWeil/HasseWeil/Isogeny/FormalSeries.lean:700:43: `if_neg` has been deprecated: Use `ite_eq_right` instead

Hint: Replace the deprecated name:
  i̵f̵_̵n̵e̵g̵i̲t̲e̲_̲e̲q̲_̲r̲i̲g̲h̲t̲
warning: projects/HasseWeil/HasseWeil/Isogeny/FormalSeries.lean:706:51: `if_pos` has been deprecated: Use `ite_eq_left` instead

Hint: Replace the deprecated name:
  i̵f̵_̵p̵o̵s̵i̲t̲e̲_̲e̲q̲_̲l̲e̲f̲t̲
warning: projects/HasseWeil/HasseWeil/Isogeny/FormalSeries.lean:725:53: `if_pos` has been deprecated: Use `ite_eq_left` instead

Hint: Replace the deprecated name:
  i̵f̵_̵p̵o̵s̵i̲t̲e̲_̲e̲q̲_̲l̲e̲f̲t̲
warning: projects/HasseWeil/HasseWeil/Isogeny/FormalSeries.lean:743:36: `if_pos` has been deprecated: Use `ite_eq_left` instead

Hint: Replace the deprecated name:
  i̵f̵_̵p̵o̵s̵i̲t̲e̲_̲e̲q̲_̲l̲e̲f̲t̲
warning: projects/HasseWeil/HasseWeil/Isogeny/FormalSeries.lean:745:43: `if_neg` has been deprecated: Use `ite_eq_right` instead

Hint: Replace the deprecated name:
  i̵f̵_̵n̵e̵g̵i̲t̲e̲_̲e̲q̲_̲r̲i̲g̲h̲t̲
warning: projects/HasseWeil/HasseWeil/Isogeny/FormalSeries.lean:1765:12: `HahnSeries.embDomain_notin_range` has been deprecated: Use `HahnSeries.embDomain_of_notMem_range` instead

Hint: Replace the deprecated name:
  H̵a̵h̵n̵S̵e̵r̵i̵e̵s̵.̵e̵m̵b̵D̵o̵m̵a̵i̵n̵_̵n̵o̵t̵i̵n̵_̵r̵a̵n̵g̵e̵H̲a̲h̲n̲S̲e̲r̲i̲e̲s̲.̲e̲m̲b̲D̲o̲m̲a̲i̲n̲_̲o̲f̲_̲n̲o̲t̲M̲e̲m̲_̲r̲a̲n̲g̲e̲
⚠ [11281/11819] Replayed HasseWeil.Foundation.Curves.Transcendence
warning: projects/HasseWeil/HasseWeil/Foundation/Curves/Transcendence.lean:56:2: Try this: 
  haveI̵

The goal is a proposition, so `have` is preferred over `haveI`.
The difference between `have` and `haveI` is that `haveI` inlines the value.
But this is not relevant for proofs because of proof irrelevance.

Note: This linter can be disabled with `set_option linter.style.haveILetI false`
warning: projects/HasseWeil/HasseWeil/Foundation/Curves/Transcendence.lean:58:2: Try this: 
  haveI̵

The goal is a proposition, so `have` is preferred over `haveI`.
The difference between `have` and `haveI` is that `haveI` inlines the value.
But this is not relevant for proofs because of proof irrelevance.

Note: This linter can be disabled with `set_option linter.style.haveILetI false`
warning: projects/HasseWeil/HasseWeil/Foundation/Curves/Transcendence.lean:120:4: Try this: 
  haveI̵

The goal is a proposition, so `have` is preferred over `haveI`.
The difference between `have` and `haveI` is that `haveI` inlines the value.
But this is not relevant for proofs because of proof irrelevance.

Note: This linter can be disabled with `set_option linter.style.haveILetI false`
warning: projects/HasseWeil/HasseWeil/Foundation/Curves/Transcendence.lean:124:2: Try this: 
  haveI̵

The goal is a proposition, so `have` is preferred over `haveI`.
The difference between `have` and `haveI` is that `haveI` inlines the value.
But this is not relevant for proofs because of proof irrelevance.

Note: This linter can be disabled with `set_option linter.style.haveILetI false`
⚠ [11284/11819] Replayed HasseWeil.Foundation.Curves.Differentials
warning: projects/HasseWeil/HasseWeil/Foundation/Curves/Differentials.lean:213:2: Try this: 
  letI̵

The goal is a proposition, so `let` is preferred over `letI`.
The difference between `let` and `letI` is that `letI` inlines the value.
But this is not relevant for proofs because of proof irrelevance.

Note: This linter can be disabled with `set_option linter.style.haveILetI false`
warning: projects/HasseWeil/HasseWeil/Foundation/Curves/Differentials.lean:214:2: Try this: 
  haveI̵

The goal is a proposition, so `have` is preferred over `haveI`.
The difference between `have` and `haveI` is that `haveI` inlines the value.
But this is not relevant for proofs because of proof irrelevance.

Note: This linter can be disabled with `set_option linter.style.haveILetI false`
warning: projects/HasseWeil/HasseWeil/Foundation/Curves/Differentials.lean:228:2: Try this: 
  letI̵

The goal is a proposition, so `let` is preferred over `letI`.
The difference between `let` and `letI` is that `letI` inlines the value.
But this is not relevant for proofs because of proof irrelevance.

Note: This linter can be disabled with `set_option linter.style.haveILetI false`
warning: projects/HasseWeil/HasseWeil/Foundation/Curves/Differentials.lean:229:2: Try this: 
  haveI̵

The goal is a proposition, so `have` is preferred over `haveI`.
The difference between `have` and `haveI` is that `haveI` inlines the value.
But this is not relevant for proofs because of proof irrelevance.

Note: This linter can be disabled with `set_option linter.style.haveILetI false`
warning: projects/HasseWeil/HasseWeil/Foundation/Curves/Differentials.lean:286:2: Try this: 
  letI̵

The goal is a proposition, so `let` is preferred over `letI`.
The difference between `let` and `letI` is that `letI` inlines the value.
But this is not relevant for proofs because of proof irrelevance.

Note: This linter can be disabled with `set_option linter.style.haveILetI false`
warning: projects/HasseWeil/HasseWeil/Foundation/Curves/Differentials.lean:302:2: Try this: 
  haveI̵

The goal is a proposition, so `have` is preferred over `haveI`.
The difference between `have` and `haveI` is that `haveI` inlines the value.
But this is not relevant for proofs because of proof irrelevance.

Note: This linter can be disabled with `set_option linter.style.haveILetI false`
warning: projects/HasseWeil/HasseWeil/Foundation/Curves/Differentials.lean:328:2: Try this: 
  letI̵

The goal is a proposition, so `let` is preferred over `letI`.
The difference between `let` and `letI` is that `letI` inlines the value.
But this is not relevant for proofs because of proof irrelevance.

Note: This linter can be disabled with `set_option linter.style.haveILetI false`
warning: projects/HasseWeil/HasseWeil/Foundation/Curves/Differentials.lean:329:2: Try this: 
  haveI̵

The goal is a proposition, so `have` is preferred over `haveI`.
The difference between `have` and `haveI` is that `haveI` inlines the value.
But this is not relevant for proofs because of proof irrelevance.

Note: This linter can be disabled with `set_option linter.style.haveILetI false`
warning: projects/HasseWeil/HasseWeil/Foundation/Curves/Differentials.lean:330:2: Try this: 
  haveI̵

The goal is a proposition, so `have` is preferred over `haveI`.
The difference between `have` and `haveI` is that `haveI` inlines the value.
But this is not relevant for proofs because of proof irrelevance.

Note: This linter can be disabled with `set_option linter.style.haveILetI false`
warning: projects/HasseWeil/HasseWeil/Foundation/Curves/Differentials.lean:348:2: Try this: 
  letI̵

The goal is a proposition, so `let` is preferred over `letI`.
The difference between `let` and `letI` is that `letI` inlines the value.
But this is not relevant for proofs because of proof irrelevance.

Note: This linter can be disabled with `set_option linter.style.haveILetI false`
warning: projects/HasseWeil/HasseWeil/Foundation/Curves/Differentials.lean:349:2: Try this: 
  haveI̵

The goal is a proposition, so `have` is preferred over `haveI`.
The difference between `have` and `haveI` is that `haveI` inlines the value.
But this is not relevant for proofs because of proof irrelevance.

Note: This linter can be disabled with `set_option linter.style.haveILetI false`
warning: projects/HasseWeil/HasseWeil/Foundation/Curves/Differentials.lean:350:2: Try this: 
  haveI̵

The goal is a proposition, so `have` is preferred over `haveI`.
The difference between `have` and `haveI` is that `haveI` inlines the value.
But this is not relevant for proofs because of proof irrelevance.

Note: This linter can be disabled with `set_option linter.style.haveILetI false`
warning: projects/HasseWeil/HasseWeil/Foundation/Curves/Differentials.lean:375:2: Try this: 
  letI̵

The goal is a proposition, so `let` is preferred over `letI`.
The difference between `let` and `letI` is that `letI` inlines the value.
But this is not relevant for proofs because of proof irrelevance.

Note: This linter can be disabled with `set_option linter.style.haveILetI false`
warning: projects/HasseWeil/HasseWeil/Foundation/Curves/Differentials.lean:376:2: Try this: 
  haveI̵

The goal is a proposition, so `have` is preferred over `haveI`.
The difference between `have` and `haveI` is that `haveI` inlines the value.
But this is not relevant for proofs because of proof irrelevance.

Note: This linter can be disabled with `set_option linter.style.haveILetI false`
warning: projects/HasseWeil/HasseWeil/Foundation/Curves/Differentials.lean:377:2: Try this: 
  haveI̵

The goal is a proposition, so `have` is preferred over `haveI`.
The difference between `have` and `haveI` is that `haveI` inlines the value.
But this is not relevant for proofs because of proof irrelevance.

Note: This linter can be disabled with `set_option linter.style.haveILetI false`
warning: projects/HasseWeil/HasseWeil/Foundation/Curves/Differentials.lean:513:2: Try this: 
  haveI̵

The goal is a proposition, so `have` is preferred over `haveI`.
The difference between `have` and `haveI` is that `haveI` inlines the value.
But this is not relevant for proofs because of proof irrelevance.

Note: This linter can be disabled with `set_option linter.style.haveILetI false`
warning: projects/HasseWeil/HasseWeil/Foundation/Curves/Differentials.lean:514:2: Try this: 
  haveI̵

The goal is a proposition, so `have` is preferred over `haveI`.
The difference between `have` and `haveI` is that `haveI` inlines the value.
But this is not relevant for proofs because of proof irrelevance.

Note: This linter can be disabled with `set_option linter.style.haveILetI false`
warning: projects/HasseWeil/HasseWeil/Foundation/Curves/Differentials.lean:518:2: Try this: 
  haveI̵

The goal is a proposition, so `have` is preferred over `haveI`.
The difference between `have` and `haveI` is that `haveI` inlines the value.
But this is not relevant for proofs because of proof irrelevance.

Note: This linter can be disabled with `set_option linter.style.haveILetI false`
warning: projects/HasseWeil/HasseWeil/Foundation/Curves/Differentials.lean:767:2: Try this: 
  haveI̵

The goal is a proposition, so `have` is preferred over `haveI`.
The difference between `have` and `haveI` is that `haveI` inlines the value.
But this is not relevant for proofs because of proof irrelevance.

Note: This linter can be disabled with `set_option linter.style.haveILetI false`
⚠ [11285/11819] Replayed HasseWeil.Isogeny.Basic
warning: projects/HasseWeil/HasseWeil/Isogeny/Basic.lean:303:8: automatically included section variable(s) unused in theorem `HasseWeil.EC.Isogeny.frobenius_pullback`:
  [DecidableEq K]
consider restructuring your `variable` declarations so that the variables are not in scope or explicitly omit them:
  omit [DecidableEq K] in theorem ...

Note: This linter can be disabled with `set_option linter.unusedSectionVars false`
warning: projects/HasseWeil/HasseWeil/Isogeny/Basic.lean:322:8: automatically included section variable(s) unused in theorem `HasseWeil.EC.Isogeny.frobenius_degree`:
  [DecidableEq K]
consider restructuring your `variable` declarations so that the variables are not in scope or explicitly omit them:
  omit [DecidableEq K] in theorem ...

Note: This linter can be disabled with `set_option linter.unusedSectionVars false`
warning: projects/HasseWeil/HasseWeil/Isogeny/Basic.lean:332:8: automatically included section variable(s) unused in theorem `_private.HasseWeil.Isogeny.Basic.0.HasseWeil.EC.Isogeny.frobenius_evalAtPullback`:
  [DecidableEq K]
consider restructuring your `variable` declarations so that the variables are not in scope or explicitly omit them:
  omit [DecidableEq K] in theorem ...

Note: This linter can be disabled with `set_option linter.unusedSectionVars false`
warning: projects/HasseWeil/HasseWeil/Isogeny/Basic.lean:435:8: automatically included section variable(s) unused in theorem `HasseWeil.EC.Isogeny.mulByIntOfBasepoint_pullback`:
  [DecidableEq F]
consider restructuring your `variable` declarations so that the variables are not in scope or explicitly omit them:
  omit [DecidableEq F] in theorem ...

Note: This linter can be disabled with `set_option linter.unusedSectionVars false`
⚠ [11286/11819] Replayed HasseWeil.Foundation.Curves.Ramification.InseparableDegree
warning: projects/HasseWeil/HasseWeil/Foundation/Curves/Ramification/InseparableDegree.lean:77:2: Try this: 
  letI̵

The goal is a proposition, so `let` is preferred over `letI`.
The difference between `let` and `letI` is that `letI` inlines the value.
But this is not relevant for proofs because of proof irrelevance.

Note: This linter can be disabled with `set_option linter.style.haveILetI false`
warning: projects/HasseWeil/HasseWeil/Foundation/Curves/Ramification/InseparableDegree.lean:90:2: Try this: 
  letI̵

The goal is a proposition, so `let` is preferred over `letI`.
The difference between `let` and `letI` is that `letI` inlines the value.
But this is not relevant for proofs because of proof irrelevance.

Note: This linter can be disabled with `set_option linter.style.haveILetI false`
warning: projects/HasseWeil/HasseWeil/Foundation/Curves/Ramification/InseparableDegree.lean:109:2: Try this: 
  letI̵

The goal is a proposition, so `let` is preferred over `letI`.
The difference between `let` and `letI` is that `letI` inlines the value.
But this is not relevant for proofs because of proof irrelevance.

Note: This linter can be disabled with `set_option linter.style.haveILetI false`
warning: projects/HasseWeil/HasseWeil/Foundation/Curves/Ramification/InseparableDegree.lean:137:2: Try this: 
  letI̵

The goal is a proposition, so `let` is preferred over `letI`.
The difference between `let` and `letI` is that `letI` inlines the value.
But this is not relevant for proofs because of proof irrelevance.

Note: This linter can be disabled with `set_option linter.style.haveILetI false`
warning: projects/HasseWeil/HasseWeil/Foundation/Curves/Ramification/InseparableDegree.lean:139:2: Try this: 
  haveI̵

The goal is a proposition, so `have` is preferred over `haveI`.
The difference between `have` and `haveI` is that `haveI` inlines the value.
But this is not relevant for proofs because of proof irrelevance.

Note: This linter can be disabled with `set_option linter.style.haveILetI false`
warning: projects/HasseWeil/HasseWeil/Foundation/Curves/Ramification/InseparableDegree.lean:143:2: Try this: 
  haveI̵

The goal is a proposition, so `have` is preferred over `haveI`.
The difference between `have` and `haveI` is that `haveI` inlines the value.
But this is not relevant for proofs because of proof irrelevance.

Note: This linter can be disabled with `set_option linter.style.haveILetI false`
warning: projects/HasseWeil/HasseWeil/Foundation/Curves/Ramification/InseparableDegree.lean:145:2: Try this: 
  haveI̵

The goal is a proposition, so `have` is preferred over `haveI`.
The difference between `have` and `haveI` is that `haveI` inlines the value.
But this is not relevant for proofs because of proof irrelevance.

Note: This linter can be disabled with `set_option linter.style.haveILetI false`
⚠ [11289/11819] Replayed HasseWeil.HasseBound.Separability
warning: projects/HasseWeil/HasseWeil/HasseBound/Separability.lean:227:2: Try this: 
  letI̵

The goal is a proposition, so `let` is preferred over `letI`.
The difference between `let` and `letI` is that `letI` inlines the value.
But this is not relevant for proofs because of proof irrelevance.

Note: This linter can be disabled with `set_option linter.style.haveILetI false`
warning: projects/HasseWeil/HasseWeil/HasseBound/Separability.lean:262:2: Try this: 
  letI̵

The goal is a proposition, so `let` is preferred over `letI`.
The difference between `let` and `letI` is that `letI` inlines the value.
But this is not relevant for proofs because of proof irrelevance.

Note: This linter can be disabled with `set_option linter.style.haveILetI false`
warning: projects/HasseWeil/HasseWeil/HasseBound/Separability.lean:263:2: Try this: 
  haveI̵

The goal is a proposition, so `have` is preferred over `haveI`.
The difference between `have` and `haveI` is that `haveI` inlines the value.
But this is not relevant for proofs because of proof irrelevance.

Note: This linter can be disabled with `set_option linter.style.haveILetI false`
warning: projects/HasseWeil/HasseWeil/HasseBound/Separability.lean:266:2: Try this: 
  haveI̵

The goal is a proposition, so `have` is preferred over `haveI`.
The difference between `have` and `haveI` is that `haveI` inlines the value.
But this is not relevant for proofs because of proof irrelevance.

Note: This linter can be disabled with `set_option linter.style.haveILetI false`
warning: projects/HasseWeil/HasseWeil/HasseBound/Separability.lean:267:2: Try this: 
  haveI̵

The goal is a proposition, so `have` is preferred over `haveI`.
The difference between `have` and `haveI` is that `haveI` inlines the value.
But this is not relevant for proofs because of proof irrelevance.

Note: This linter can be disabled with `set_option linter.style.haveILetI false`
⚠ [11290/11819] Replayed HasseWeil.Foundation.BridgeFrobenius
warning: projects/HasseWeil/HasseWeil/Foundation/BridgeFrobenius.lean:71:8: `if_pos` has been deprecated: Use `ite_eq_left` instead

Hint: Replace the deprecated name:
  i̵f̵_̵p̵o̵s̵i̲t̲e̲_̲e̲q̲_̲l̲e̲f̲t̲
warning: projects/HasseWeil/HasseWeil/Foundation/BridgeFrobenius.lean:72:8: `if_neg` has been deprecated: Use `ite_eq_right` instead

Hint: Replace the deprecated name:
  i̵f̵_̵n̵e̵g̵i̲t̲e̲_̲e̲q̲_̲r̲i̲g̲h̲t̲
warning: projects/HasseWeil/HasseWeil/Foundation/BridgeFrobenius.lean:82:8: `if_neg` has been deprecated: Use `ite_eq_right` instead

Hint: Replace the deprecated name:
  i̵f̵_̵n̵e̵g̵i̲t̲e̲_̲e̲q̲_̲r̲i̲g̲h̲t̲
⚠ [11294/11819] Replayed HasseWeil.Foundation.AdditionPullback.Differential
warning: projects/HasseWeil/HasseWeil/Foundation/AdditionPullback/Differential.lean:291:2: Try this: 
  haveI̵

The goal is a proposition, so `have` is preferred over `haveI`.
The difference between `have` and `haveI` is that `haveI` inlines the value.
But this is not relevant for proofs because of proof irrelevance.

Note: This linter can be disabled with `set_option linter.style.haveILetI false`
⚠ [11296/11819] Replayed HasseWeil.Foundation.AdditionPullback.SilvermanIV14
warning: projects/HasseWeil/HasseWeil/Foundation/AdditionPullback/SilvermanIV14.lean:205:8: `if_neg` has been deprecated: Use `ite_eq_right` instead

Hint: Replace the deprecated name:
  i̵f̵_̵n̵e̵g̵i̲t̲e̲_̲e̲q̲_̲r̲i̲g̲h̲t̲
warning: projects/HasseWeil/HasseWeil/Foundation/AdditionPullback/SilvermanIV14.lean:2821:0: automatically included section variable(s) unused in theorem `HasseWeil.kaehler_curve_equation_K_E`:
  [Fintype K]
  [DecidableEq K]
  [WeierstrassCurve.IsElliptic W.toAffine]
consider restructuring your `variable` declarations so that the variables are not in scope or explicitly omit them:
  omit [Fintype K] [DecidableEq K] [WeierstrassCurve.IsElliptic W.toAffine] in theorem ...

Note: This linter can be disabled with `set_option linter.unusedSectionVars false`
⚠ [11297/11819] Replayed HasseWeil.Foundation.Curves.Ramification.RamificationAtInfinity
warning: projects/HasseWeil/HasseWeil/Foundation/Curves/Ramification/RamificationAtInfinity.lean:8:0: Use RingTheory.RamificationInertia.Basic
'Mathlib.NumberTheory.RamificationInertia.Basic' has been deprecated: please replace this import by

import Mathlib.LinearAlgebra.Dimension.DivisionRing
import Mathlib.NumberTheory.RamificationInertia.Inertia
import Mathlib.NumberTheory.RamificationInertia.Ramification
import Mathlib.RingTheory.Ideal.Norm.AbsNorm
import Mathlib.RingTheory.SimpleModule.Basic
warning: projects/HasseWeil/HasseWeil/Foundation/Curves/Ramification/RamificationAtInfinity.lean:339:8: `Ideal.inertiaDeg'` has been deprecated: Use `Ideal.inertiaDeg` instead.
warning: projects/HasseWeil/HasseWeil/Foundation/Curves/Ramification/RamificationAtInfinity.lean:341:2: Try this: 
  letI̵

The goal is a proposition, so `let` is preferred over `letI`.
The difference between `let` and `letI` is that `letI` inlines the value.
But this is not relevant for proofs because of proof irrelevance.

Note: This linter can be disabled with `set_option linter.style.haveILetI false`
warning: projects/HasseWeil/HasseWeil/Foundation/Curves/Ramification/RamificationAtInfinity.lean:342:2: Try this: 
  letI̵

The goal is a proposition, so `let` is preferred over `letI`.
The difference between `let` and `letI` is that `letI` inlines the value.
But this is not relevant for proofs because of proof irrelevance.

Note: This linter can be disabled with `set_option linter.style.haveILetI false`
warning: projects/HasseWeil/HasseWeil/Foundation/Curves/Ramification/RamificationAtInfinity.lean:343:2: Try this: 
  letI̵

The goal is a proposition, so `let` is preferred over `letI`.
The difference between `let` and `letI` is that `letI` inlines the value.
But this is not relevant for proofs because of proof irrelevance.

Note: This linter can be disabled with `set_option linter.style.haveILetI false`
warning: projects/HasseWeil/HasseWeil/Foundation/Curves/Ramification/RamificationAtInfinity.lean:344:2: Try this: 
  letI̵

The goal is a proposition, so `let` is preferred over `letI`.
The difference between `let` and `letI` is that `letI` inlines the value.
But this is not relevant for proofs because of proof irrelevance.

Note: This linter can be disabled with `set_option linter.style.haveILetI false`
warning: projects/HasseWeil/HasseWeil/Foundation/Curves/Ramification/RamificationAtInfinity.lean:345:2: Try this: 
  letI̵

The goal is a proposition, so `let` is preferred over `letI`.
The difference between `let` and `letI` is that `letI` inlines the value.
But this is not relevant for proofs because of proof irrelevance.

Note: This linter can be disabled with `set_option linter.style.haveILetI false`
warning: projects/HasseWeil/HasseWeil/Foundation/Curves/Ramification/RamificationAtInfinity.lean:346:2: Try this: 
  letI̵

The goal is a proposition, so `let` is preferred over `letI`.
The difference between `let` and `letI` is that `letI` inlines the value.
But this is not relevant for proofs because of proof irrelevance.

Note: This linter can be disabled with `set_option linter.style.haveILetI false`
warning: projects/HasseWeil/HasseWeil/Foundation/Curves/Ramification/RamificationAtInfinity.lean:347:2: Try this: 
  letI̵

The goal is a proposition, so `let` is preferred over `letI`.
The difference between `let` and `letI` is that `letI` inlines the value.
But this is not relevant for proofs because of proof irrelevance.

Note: This linter can be disabled with `set_option linter.style.haveILetI false`
warning: projects/HasseWeil/HasseWeil/Foundation/Curves/Ramification/RamificationAtInfinity.lean:348:2: Try this: 
  letI̵

The goal is a proposition, so `let` is preferred over `letI`.
The difference between `let` and `letI` is that `letI` inlines the value.
But this is not relevant for proofs because of proof irrelevance.

Note: This linter can be disabled with `set_option linter.style.haveILetI false`
warning: projects/HasseWeil/HasseWeil/Foundation/Curves/Ramification/RamificationAtInfinity.lean:349:8: `Ideal.sum_ramification_inertia` has been deprecated: Use results of RingTheory.RamificationInertia.Basic
warning: projects/HasseWeil/HasseWeil/Foundation/Curves/Ramification/RamificationAtInfinity.lean:381:2: Try this: 
  letI̵

The goal is a proposition, so `let` is preferred over `letI`.
The difference between `let` and `letI` is that `letI` inlines the value.
But this is not relevant for proofs because of proof irrelevance.

Note: This linter can be disabled with `set_option linter.style.haveILetI false`
warning: projects/HasseWeil/HasseWeil/Foundation/Curves/Ramification/RamificationAtInfinity.lean:382:2: Try this: 
  letI̵

The goal is a proposition, so `let` is preferred over `letI`.
The difference between `let` and `letI` is that `letI` inlines the value.
But this is not relevant for proofs because of proof irrelevance.

Note: This linter can be disabled with `set_option linter.style.haveILetI false`
warning: projects/HasseWeil/HasseWeil/Foundation/Curves/Ramification/RamificationAtInfinity.lean:422:6: `Ideal.inertiaDeg'` has been deprecated: Use `Ideal.inertiaDeg` instead.
warning: projects/HasseWeil/HasseWeil/Foundation/Curves/Ramification/RamificationAtInfinity.lean:424:2: Try this: 
  letI̵

The goal is a proposition, so `let` is preferred over `letI`.
The difference between `let` and `letI` is that `letI` inlines the value.
But this is not relevant for proofs because of proof irrelevance.

Note: This linter can be disabled with `set_option linter.style.haveILetI false`
warning: projects/HasseWeil/HasseWeil/Foundation/Curves/Ramification/RamificationAtInfinity.lean:425:2: Try this: 
  letI̵

The goal is a proposition, so `let` is preferred over `letI`.
The difference between `let` and `letI` is that `letI` inlines the value.
But this is not relevant for proofs because of proof irrelevance.

Note: This linter can be disabled with `set_option linter.style.haveILetI false`
warning: projects/HasseWeil/HasseWeil/Foundation/Curves/Ramification/RamificationAtInfinity.lean:427:8: `Ideal.inertiaDeg'_algebraMap` has been deprecated: Use `Ideal.inertiaDeg_eq_of_isMaximal` instead.
warning: projects/HasseWeil/HasseWeil/Foundation/Curves/Ramification/RamificationAtInfinity.lean:462:4: `Ideal.inertiaDeg'` has been deprecated: Use `Ideal.inertiaDeg` instead.
warning: projects/HasseWeil/HasseWeil/Foundation/Curves/Ramification/RamificationAtInfinity.lean:463:2: Try this: 
  letI̵

The goal is a proposition, so `let` is preferred over `letI`.
The difference between `let` and `letI` is that `letI` inlines the value.
But this is not relevant for proofs because of proof irrelevance.

Note: This linter can be disabled with `set_option linter.style.haveILetI false`
warning: projects/HasseWeil/HasseWeil/Foundation/Curves/Ramification/RamificationAtInfinity.lean:464:2: Try this: 
  letI̵

The goal is a proposition, so `let` is preferred over `letI`.
The difference between `let` and `letI` is that `letI` inlines the value.
But this is not relevant for proofs because of proof irrelevance.

Note: This linter can be disabled with `set_option linter.style.haveILetI false`
warning: projects/HasseWeil/HasseWeil/Foundation/Curves/Ramification/RamificationAtInfinity.lean:465:2: Try this: 
  letI̵

The goal is a proposition, so `let` is preferred over `letI`.
The difference between `let` and `letI` is that `letI` inlines the value.
But this is not relevant for proofs because of proof irrelevance.

Note: This linter can be disabled with `set_option linter.style.haveILetI false`
warning: projects/HasseWeil/HasseWeil/Foundation/Curves/Ramification/RamificationAtInfinity.lean:466:2: Try this: 
  letI̵

The goal is a proposition, so `let` is preferred over `letI`.
The difference between `let` and `letI` is that `letI` inlines the value.
But this is not relevant for proofs because of proof irrelevance.

Note: This linter can be disabled with `set_option linter.style.haveILetI false`
warning: projects/HasseWeil/HasseWeil/Foundation/Curves/Ramification/RamificationAtInfinity.lean:467:2: Try this: 
  haveI̵

The goal is a proposition, so `have` is preferred over `haveI`.
The difference between `have` and `haveI` is that `haveI` inlines the value.
But this is not relevant for proofs because of proof irrelevance.

Note: This linter can be disabled with `set_option linter.style.haveILetI false`
warning: projects/HasseWeil/HasseWeil/Foundation/Curves/Ramification/RamificationAtInfinity.lean:468:2: Try this: 
  letI̵

The goal is a proposition, so `let` is preferred over `letI`.
The difference between `let` and `letI` is that `letI` inlines the value.
But this is not relevant for proofs because of proof irrelevance.

Note: This linter can be disabled with `set_option linter.style.haveILetI false`
warning: projects/HasseWeil/HasseWeil/Foundation/Curves/Ramification/RamificationAtInfinity.lean:471:6: `Ideal.inertiaDeg'_algebraMap` has been deprecated: Use `Ideal.inertiaDeg_eq_of_isMaximal` instead.
warning: projects/HasseWeil/HasseWeil/Foundation/Curves/Ramification/RamificationAtInfinity.lean:476:17: `Ideal.inertiaDeg'_pos` has been deprecated: Use `Ideal.inertiaDeg_pos` instead.
warning: projects/HasseWeil/HasseWeil/Foundation/Curves/Ramification/RamificationAtInfinity.lean:477:9: `Ideal.inertiaDeg'_algebraMap` has been deprecated: Use `Ideal.inertiaDeg_eq_of_isMaximal` instead.
warning: projects/HasseWeil/HasseWeil/Foundation/Curves/Ramification/RamificationAtInfinity.lean:497:8: `Ideal.inertiaDeg'` has been deprecated: Use `Ideal.inertiaDeg` instead.
warning: projects/HasseWeil/HasseWeil/Foundation/Curves/Ramification/RamificationAtInfinity.lean:498:2: Try this: 
  letI̵

The goal is a proposition, so `let` is preferred over `letI`.
The difference between `let` and `letI` is that `letI` inlines the value.
But this is not relevant for proofs because of proof irrelevance.

Note: This linter can be disabled with `set_option linter.style.haveILetI false`
warning: projects/HasseWeil/HasseWeil/Foundation/Curves/Ramification/RamificationAtInfinity.lean:499:2: Try this: 
  letI̵

The goal is a proposition, so `let` is preferred over `letI`.
The difference between `let` and `letI` is that `letI` inlines the value.
But this is not relevant for proofs because of proof irrelevance.

Note: This linter can be disabled with `set_option linter.style.haveILetI false`
warning: projects/HasseWeil/HasseWeil/Foundation/Curves/Ramification/RamificationAtInfinity.lean:500:2: Try this: 
  letI̵

The goal is a proposition, so `let` is preferred over `letI`.
The difference between `let` and `letI` is that `letI` inlines the value.
But this is not relevant for proofs because of proof irrelevance.

Note: This linter can be disabled with `set_option linter.style.haveILetI false`
warning: projects/HasseWeil/HasseWeil/Foundation/Curves/Ramification/RamificationAtInfinity.lean:501:2: Try this: 
  letI̵

The goal is a proposition, so `let` is preferred over `letI`.
The difference between `let` and `letI` is that `letI` inlines the value.
But this is not relevant for proofs because of proof irrelevance.

Note: This linter can be disabled with `set_option linter.style.haveILetI false`
warning: projects/HasseWeil/HasseWeil/Foundation/Curves/Ramification/RamificationAtInfinity.lean:502:2: Try this: 
  letI̵

The goal is a proposition, so `let` is preferred over `letI`.
The difference between `let` and `letI` is that `letI` inlines the value.
But this is not relevant for proofs because of proof irrelevance.

Note: This linter can be disabled with `set_option linter.style.haveILetI false`
warning: projects/HasseWeil/HasseWeil/Foundation/Curves/Ramification/RamificationAtInfinity.lean:503:2: Try this: 
  letI̵

The goal is a proposition, so `let` is preferred over `letI`.
The difference between `let` and `letI` is that `letI` inlines the value.
But this is not relevant for proofs because of proof irrelevance.

Note: This linter can be disabled with `set_option linter.style.haveILetI false`
warning: projects/HasseWeil/HasseWeil/Foundation/Curves/Ramification/RamificationAtInfinity.lean:504:2: Try this: 
  letI̵

The goal is a proposition, so `let` is preferred over `letI`.
The difference between `let` and `letI` is that `letI` inlines the value.
But this is not relevant for proofs because of proof irrelevance.

Note: This linter can be disabled with `set_option linter.style.haveILetI false`
warning: projects/HasseWeil/HasseWeil/Foundation/Curves/Ramification/RamificationAtInfinity.lean:505:2: Try this: 
  letI̵

The goal is a proposition, so `let` is preferred over `letI`.
The difference between `let` and `letI` is that `letI` inlines the value.
But this is not relevant for proofs because of proof irrelevance.

Note: This linter can be disabled with `set_option linter.style.haveILetI false`
warning: projects/HasseWeil/HasseWeil/Foundation/Curves/Ramification/RamificationAtInfinity.lean:506:2: Try this: 
  letI̵

The goal is a proposition, so `let` is preferred over `letI`.
The difference between `let` and `letI` is that `letI` inlines the value.
But this is not relevant for proofs because of proof irrelevance.

Note: This linter can be disabled with `set_option linter.style.haveILetI false`
⚠ [11300/11819] Replayed HasseWeil.HasseBound.PoleDivisorFallback
warning: projects/HasseWeil/HasseWeil/HasseBound/PoleDivisorFallback.lean:188:0: automatically included section variable(s) unused in theorem `HasseWeil.Conditional.pointValuation_eq_of_invariant_and_compatible`:
  [Fintype K]
consider restructuring your `variable` declarations so that the variables are not in scope or explicitly omit them:
  omit [Fintype K] in theorem ...

Note: This linter can be disabled with `set_option linter.unusedSectionVars false`
warning: projects/HasseWeil/HasseWeil/HasseBound/PoleDivisorFallback.lean:326:0: automatically included section variable(s) unused in theorem `HasseWeil.Conditional.ord_T_translateAlgEquivOfPoint_neg_x_gen_eq_neg_two`:
  [Fintype K]
consider restructuring your `variable` declarations so that the variables are not in scope or explicitly omit them:
  omit [Fintype K] in theorem ...

Note: This linter can be disabled with `set_option linter.unusedSectionVars false`
warning: projects/HasseWeil/HasseWeil/HasseBound/PoleDivisorFallback.lean:398:0: automatically included section variable(s) unused in theorem `HasseWeil.Conditional.ord_T_translateAlgEquivOfPoint_neg_y_gen_eq_neg_three`:
  [Fintype K]
consider restructuring your `variable` declarations so that the variables are not in scope or explicitly omit them:
  omit [Fintype K] in theorem ...

Note: This linter can be disabled with `set_option linter.unusedSectionVars false`
warning: projects/HasseWeil/HasseWeil/HasseBound/PoleDivisorFallback.lean:1307:0: automatically included section variable(s) unused in theorem `HasseWeil.Conditional.bridge_at_T2_two_a6_of_non_2_tor`:
  [Fintype K]
consider restructuring your `variable` declarations so that the variables are not in scope or explicitly omit them:
  omit [Fintype K] in theorem ...

Note: This linter can be disabled with `set_option linter.unusedSectionVars false`
warning: projects/HasseWeil/HasseWeil/HasseBound/PoleDivisorFallback.lean:2373:2: Try this: 
  letI̵

The goal is a proposition, so `let` is preferred over `letI`.
The difference between `let` and `letI` is that `letI` inlines the value.
But this is not relevant for proofs because of proof irrelevance.

Note: This linter can be disabled with `set_option linter.style.haveILetI false`
warning: projects/HasseWeil/HasseWeil/HasseBound/PoleDivisorFallback.lean:2374:2: Try this: 
  letI̵

The goal is a proposition, so `let` is preferred over `letI`.
The difference between `let` and `letI` is that `letI` inlines the value.
But this is not relevant for proofs because of proof irrelevance.

Note: This linter can be disabled with `set_option linter.style.haveILetI false`
warning: projects/HasseWeil/HasseWeil/HasseBound/PoleDivisorFallback.lean:2551:10: `Ideal.inertiaDeg'` has been deprecated: Use `Ideal.inertiaDeg` instead.
warning: projects/HasseWeil/HasseWeil/HasseBound/PoleDivisorFallback.lean:2559:0: automatically included section variable(s) unused in theorem `HasseWeil.Conditional.transcendental_inv`:
  [Fintype K]
  [DecidableEq K]
consider restructuring your `variable` declarations so that the variables are not in scope or explicitly omit them:
  omit [Fintype K] [DecidableEq K] in theorem ...

Note: This linter can be disabled with `set_option linter.unusedSectionVars false`
warning: projects/HasseWeil/HasseWeil/HasseBound/PoleDivisorFallback.lean:2848:4: Try this: 
  haveI̵

The goal is a proposition, so `have` is preferred over `haveI`.
The difference between `have` and `haveI` is that `haveI` inlines the value.
But this is not relevant for proofs because of proof irrelevance.

Note: This linter can be disabled with `set_option linter.style.haveILetI false`
warning: projects/HasseWeil/HasseWeil/HasseBound/PoleDivisorFallback.lean:2850:4: Try this: 
  haveI̵

The goal is a proposition, so `have` is preferred over `haveI`.
The difference between `have` and `haveI` is that `haveI` inlines the value.
But this is not relevant for proofs because of proof irrelevance.

Note: This linter can be disabled with `set_option linter.style.haveILetI false`
warning: projects/HasseWeil/HasseWeil/HasseBound/PoleDivisorFallback.lean:2994:8: `Ideal.inertiaDeg'` has been deprecated: Use `Ideal.inertiaDeg` instead.
warning: projects/HasseWeil/HasseWeil/HasseBound/PoleDivisorFallback.lean:3009:8: `Ideal.inertiaDeg'` has been deprecated: Use `Ideal.inertiaDeg` instead.
warning: projects/HasseWeil/HasseWeil/HasseBound/PoleDivisorFallback.lean:3012:2: Try this: 
  letI̵

The goal is a proposition, so `let` is preferred over `letI`.
The difference between `let` and `letI` is that `letI` inlines the value.
But this is not relevant for proofs because of proof irrelevance.

Note: This linter can be disabled with `set_option linter.style.haveILetI false`
warning: projects/HasseWeil/HasseWeil/HasseBound/PoleDivisorFallback.lean:3013:2: Try this: 
  letI̵

The goal is a proposition, so `let` is preferred over `letI`.
The difference between `let` and `letI` is that `letI` inlines the value.
But this is not relevant for proofs because of proof irrelevance.

Note: This linter can be disabled with `set_option linter.style.haveILetI false`
warning: projects/HasseWeil/HasseWeil/HasseBound/PoleDivisorFallback.lean:3014:2: Try this: 
  letI̵

The goal is a proposition, so `let` is preferred over `letI`.
The difference between `let` and `letI` is that `letI` inlines the value.
But this is not relevant for proofs because of proof irrelevance.

Note: This linter can be disabled with `set_option linter.style.haveILetI false`
warning: projects/HasseWeil/HasseWeil/HasseBound/PoleDivisorFallback.lean:3019:10: `Ideal.inertiaDeg'` has been deprecated: Use `Ideal.inertiaDeg` instead.
warning: projects/HasseWeil/HasseWeil/HasseBound/PoleDivisorFallback.lean:3052:8: `Ideal.inertiaDeg'` has been deprecated: Use `Ideal.inertiaDeg` instead.
warning: projects/HasseWeil/HasseWeil/HasseBound/PoleDivisorFallback.lean:3078:8: `Ideal.inertiaDeg'` has been deprecated: Use `Ideal.inertiaDeg` instead.
warning: projects/HasseWeil/HasseWeil/HasseBound/PoleDivisorFallback.lean:3117:8: `Ideal.inertiaDeg'` has been deprecated: Use `Ideal.inertiaDeg` instead.
⚠ [11301/11819] Replayed HasseWeil.HasseBound.PoleDivisorTwoTorsion
warning: projects/HasseWeil/HasseWeil/HasseBound/PoleDivisorTwoTorsion.lean:87:0: automatically included section variable(s) unused in theorem `HasseWeil.ord_P_x_gen_sub_const_ge_two_at_2tor`:
  [WeierstrassCurve.IsElliptic W.toAffine]
consider restructuring your `variable` declarations so that the variables are not in scope or explicitly omit them:
  omit [WeierstrassCurve.IsElliptic W.toAffine] in theorem ...

Note: This linter can be disabled with `set_option linter.unusedSectionVars false`
warning: projects/HasseWeil/HasseWeil/HasseBound/PoleDivisorTwoTorsion.lean:643:0: automatically included section variable(s) unused in theorem `HasseWeil.ord_P_translateY_T3_coef_nonneg`:
  [WeierstrassCurve.IsElliptic W.toAffine]
consider restructuring your `variable` declarations so that the variables are not in scope or explicitly omit them:
  omit [WeierstrassCurve.IsElliptic W.toAffine] in theorem ...

Note: This linter can be disabled with `set_option linter.unusedSectionVars false`
warning: projects/HasseWeil/HasseWeil/HasseBound/PoleDivisorTwoTorsion.lean:802:8: `dif_neg` has been deprecated: Use `dite_eq_right` instead

Hint: Replace the deprecated name:
  d̵i̵f̵_̵n̵e̵g̵d̲i̲t̲e̲_̲e̲q̲_̲r̲i̲g̲h̲t̲
warning: projects/HasseWeil/HasseWeil/HasseBound/PoleDivisorTwoTorsion.lean:790:8: automatically included section variable(s) unused in theorem `_private.HasseWeil.HasseBound.PoleDivisorTwoTorsion.0.HasseWeil.ord_P_y_gen_nonneg`:
  [DecidableEq K]
  [WeierstrassCurve.IsElliptic W.toAffine]
consider restructuring your `variable` declarations so that the variables are not in scope or explicitly omit them:
  omit [DecidableEq K] [WeierstrassCurve.IsElliptic W.toAffine] in theorem ...

Note: This linter can be disabled with `set_option linter.unusedSectionVars false`
warning: projects/HasseWeil/HasseWeil/HasseBound/PoleDivisorTwoTorsion.lean:818:8: automatically included section variable(s) unused in theorem `_private.HasseWeil.HasseBound.PoleDivisorTwoTorsion.0.HasseWeil.ord_P_translateY_T2_term_ge_four`:
  [WeierstrassCurve.IsElliptic W.toAffine]
consider restructuring your `variable` declarations so that the variables are not in scope or explicitly omit them:
  omit [WeierstrassCurve.IsElliptic W.toAffine] in theorem ...

Note: This linter can be disabled with `set_option linter.unusedSectionVars false`
⚠ [11302/11819] Replayed HasseWeil.Foundation.EC.TranslateOrdInfty
warning: projects/HasseWeil/HasseWeil/Foundation/EC/TranslateOrdInfty.lean:73:8: `dif_neg` has been deprecated: Use `dite_eq_right` instead

Hint: Replace the deprecated name:
  d̵i̵f̵_̵n̵e̵g̵d̲i̲t̲e̲_̲e̲q̲_̲r̲i̲g̲h̲t̲
warning: projects/HasseWeil/HasseWeil/Foundation/EC/TranslateOrdInfty.lean:91:10: `if_pos` has been deprecated: Use `ite_eq_left` instead

Hint: Replace the deprecated name:
  i̵f̵_̵p̵o̵s̵i̲t̲e̲_̲e̲q̲_̲l̲e̲f̲t̲
warning: projects/HasseWeil/HasseWeil/Foundation/EC/TranslateOrdInfty.lean:92:10: `if_neg` has been deprecated: Use `ite_eq_right` instead

Hint: Replace the deprecated name:
  i̵f̵_̵n̵e̵g̵i̲t̲e̲_̲e̲q̲_̲r̲i̲g̲h̲t̲
warning: projects/HasseWeil/HasseWeil/Foundation/EC/TranslateOrdInfty.lean:104:28: `if_neg` has been deprecated: Use `ite_eq_right` instead

Hint: Replace the deprecated name:
  i̵f̵_̵n̵e̵g̵i̲t̲e̲_̲e̲q̲_̲r̲i̲g̲h̲t̲
warning: projects/HasseWeil/HasseWeil/Foundation/EC/TranslateOrdInfty.lean:106:10: `if_pos` has been deprecated: Use `ite_eq_left` instead

Hint: Replace the deprecated name:
  i̵f̵_̵p̵o̵s̵i̲t̲e̲_̲e̲q̲_̲l̲e̲f̲t̲
warning: projects/HasseWeil/HasseWeil/Foundation/EC/TranslateOrdInfty.lean:108:10: `if_neg` has been deprecated: Use `ite_eq_right` instead

Hint: Replace the deprecated name:
  i̵f̵_̵n̵e̵g̵i̲t̲e̲_̲e̲q̲_̲r̲i̲g̲h̲t̲
warning: projects/HasseWeil/HasseWeil/Foundation/EC/TranslateOrdInfty.lean:110:18: `if_neg` has been deprecated: Use `ite_eq_right` instead

Hint: Replace the deprecated name:
  i̵f̵_̵n̵e̵g̵i̲t̲e̲_̲e̲q̲_̲r̲i̲g̲h̲t̲
⚠ [11303/11819] Replayed HasseWeil.Isogeny.OrdTransport
warning: projects/HasseWeil/HasseWeil/Isogeny/OrdTransport.lean:62:0: automatically included section variable(s) unused in theorem `HasseWeil.Curves.SmoothPlaneCurve.pointValuation_surjective'`:
  [DecidableEq F]
consider restructuring your `variable` declarations so that the variables are not in scope or explicitly omit them:
  omit [DecidableEq F] in theorem ...

Note: This linter can be disabled with `set_option linter.unusedSectionVars false`
warning: projects/HasseWeil/HasseWeil/Isogeny/OrdTransport.lean:126:0: automatically included section variable(s) unused in theorem `HasseWeil.Curves.SmoothPlaneCurve.comap_pointValuation_surjective_of_ord_eq_one`:
  [DecidableEq F]
consider restructuring your `variable` declarations so that the variables are not in scope or explicitly omit them:
  omit [DecidableEq F] in theorem ...

Note: This linter can be disabled with `set_option linter.unusedSectionVars false`
⚠ [11304/11819] Replayed HasseWeil.Foundation.Curves.Divisor.PicZero
warning: projects/HasseWeil/HasseWeil/Foundation/Curves/Divisor/PicZero.lean:85:8: automatically included section variable(s) unused in theorem `HasseWeil.Curves.projectiveDivisorSum_zero`:
  [WeierstrassCurve.IsElliptic W]
consider restructuring your `variable` declarations so that the variables are not in scope or explicitly omit them:
  omit [WeierstrassCurve.IsElliptic W] in theorem ...

Note: This linter can be disabled with `set_option linter.unusedSectionVars false`
warning: projects/HasseWeil/HasseWeil/Foundation/Curves/Divisor/PicZero.lean:89:8: automatically included section variable(s) unused in theorem `HasseWeil.Curves.projectiveDivisorSum_single`:
  [WeierstrassCurve.IsElliptic W]
consider restructuring your `variable` declarations so that the variables are not in scope or explicitly omit them:
  omit [WeierstrassCurve.IsElliptic W] in theorem ...

Note: This linter can be disabled with `set_option linter.unusedSectionVars false`
warning: projects/HasseWeil/HasseWeil/Foundation/Curves/Divisor/PicZero.lean:96:8: automatically included section variable(s) unused in theorem `HasseWeil.Curves.projectiveDivisorSum_add`:
  [WeierstrassCurve.IsElliptic W]
consider restructuring your `variable` declarations so that the variables are not in scope or explicitly omit them:
  omit [WeierstrassCurve.IsElliptic W] in theorem ...

Note: This linter can be disabled with `set_option linter.unusedSectionVars false`
warning: projects/HasseWeil/HasseWeil/Foundation/Curves/Divisor/PicZero.lean:241:0: automatically included section variable(s) unused in theorem `HasseWeil.Curves.kappaDivisor_degree`:
  [DecidableEq F]
  [WeierstrassCurve.IsElliptic W]
consider restructuring your `variable` declarations so that the variables are not in scope or explicitly omit them:
  omit [DecidableEq F] [WeierstrassCurve.IsElliptic W] in theorem ...

Note: This linter can be disabled with `set_option linter.unusedSectionVars false`
⚠ [11305/11819] Replayed HasseWeil.Foundation.Curves.Divisor.EffectiveSumReduce
warning: projects/HasseWeil/HasseWeil/Foundation/Curves/Divisor/EffectiveSumReduce.lean:153:34: Private declaration `infDiv` accessed publicly; this is allowed only because the `backward.privateInPublic` option is enabled. 

Disable `backward.privateInPublic.warn` to silence this warning.
⚠ [11306/11819] Replayed HasseWeil.Foundation.Curves.Ramification.PoleOrderParity
warning: projects/HasseWeil/HasseWeil/Foundation/Curves/Ramification/PoleOrderParity.lean:190:8: `if_neg` has been deprecated: Use `ite_eq_right` instead

Hint: Replace the deprecated name:
  i̵f̵_̵n̵e̵g̵i̲t̲e̲_̲e̲q̲_̲r̲i̲g̲h̲t̲
warning: projects/HasseWeil/HasseWeil/Foundation/Curves/Ramification/PoleOrderParity.lean:190:21: `if_pos` has been deprecated: Use `ite_eq_left` instead

Hint: Replace the deprecated name:
  i̵f̵_̵p̵o̵s̵i̲t̲e̲_̲e̲q̲_̲l̲e̲f̲t̲
⚠ [11307/11819] Replayed HasseWeil.Foundation.Curves.Divisor.PicZeroPushforward
warning: projects/HasseWeil/HasseWeil/Foundation/Curves/Divisor/PicZeroPushforward.lean:52:8: automatically included section variable(s) unused in theorem `HasseWeil.EC.Isogeny.pushforwardProjectiveDivisor_apply`:
  [DecidableEq F]
consider restructuring your `variable` declarations so that the variables are not in scope or explicitly omit them:
  omit [DecidableEq F] in theorem ...

Note: This linter can be disabled with `set_option linter.unusedSectionVars false`
warning: projects/HasseWeil/HasseWeil/Foundation/Curves/Divisor/PicZeroPushforward.lean:59:8: automatically included section variable(s) unused in theorem `HasseWeil.EC.Isogeny.pushforwardProjectiveDivisor_zero`:
  [DecidableEq F]
consider restructuring your `variable` declarations so that the variables are not in scope or explicitly omit them:
  omit [DecidableEq F] in theorem ...

Note: This linter can be disabled with `set_option linter.unusedSectionVars false`
warning: projects/HasseWeil/HasseWeil/Foundation/Curves/Divisor/PicZeroPushforward.lean:64:8: automatically included section variable(s) unused in theorem `HasseWeil.EC.Isogeny.pushforwardProjectiveDivisor_add`:
  [DecidableEq F]
consider restructuring your `variable` declarations so that the variables are not in scope or explicitly omit them:
  omit [DecidableEq F] in theorem ...

Note: This linter can be disabled with `set_option linter.unusedSectionVars false`
⚠ [11309/11819] Replayed HasseWeil.Foundation.Curves.Fiber.AFConditional
warning: projects/HasseWeil/HasseWeil/Foundation/Curves/Fiber/AFConditional.lean:158:6: `if_neg` has been deprecated: Use `ite_eq_right` instead

Hint: Replace the deprecated name:
  i̵f̵_̵n̵e̵g̵i̲t̲e̲_̲e̲q̲_̲r̲i̲g̲h̲t̲
warning: projects/HasseWeil/HasseWeil/Foundation/Curves/Fiber/AFConditional.lean:160:8: `if_pos` has been deprecated: Use `ite_eq_left` instead

Hint: Replace the deprecated name:
  i̵f̵_̵p̵o̵s̵i̲t̲e̲_̲e̲q̲_̲l̲e̲f̲t̲
warning: projects/HasseWeil/HasseWeil/Foundation/Curves/Fiber/AFConditional.lean:170:8: `if_neg` has been deprecated: Use `ite_eq_right` instead

Hint: Replace the deprecated name:
  i̵f̵_̵n̵e̵g̵i̲t̲e̲_̲e̲q̲_̲r̲i̲g̲h̲t̲
⚠ [11310/11819] Replayed HasseWeil.Foundation.Curves.Valuation.NoFinitePolesBridge
warning: projects/HasseWeil/HasseWeil/Foundation/Curves/Valuation/NoFinitePolesBridge.lean:165:8: `dif_neg` has been deprecated: Use `dite_eq_right` instead

Hint: Replace the deprecated name:
  d̵i̵f̵_̵n̵e̵g̵d̲i̲t̲e̲_̲e̲q̲_̲r̲i̲g̲h̲t̲
⚠ [11311/11819] Replayed HasseWeil.Foundation.EC.SeparableKernelTorsor
warning: projects/HasseWeil/HasseWeil/Foundation/EC/SeparableKernelTorsor.lean:157:2: Try this: 
  letI̵

The goal is a proposition, so `let` is preferred over `letI`.
The difference between `let` and `letI` is that `letI` inlines the value.
But this is not relevant for proofs because of proof irrelevance.

Note: This linter can be disabled with `set_option linter.style.haveILetI false`
warning: projects/HasseWeil/HasseWeil/Foundation/EC/SeparableKernelTorsor.lean:158:2: Try this: 
  haveI̵

The goal is a proposition, so `have` is preferred over `haveI`.
The difference between `have` and `haveI` is that `haveI` inlines the value.
But this is not relevant for proofs because of proof irrelevance.

Note: This linter can be disabled with `set_option linter.style.haveILetI false`
warning: projects/HasseWeil/HasseWeil/Foundation/EC/SeparableKernelTorsor.lean:159:2: Try this: 
  haveI̵

The goal is a proposition, so `have` is preferred over `haveI`.
The difference between `have` and `haveI` is that `haveI` inlines the value.
But this is not relevant for proofs because of proof irrelevance.

Note: This linter can be disabled with `set_option linter.style.haveILetI false`
warning: projects/HasseWeil/HasseWeil/Foundation/EC/SeparableKernelTorsor.lean:264:2: Try this: 
  letI̵

The goal is a proposition, so `let` is preferred over `letI`.
The difference between `let` and `letI` is that `letI` inlines the value.
But this is not relevant for proofs because of proof irrelevance.

Note: This linter can be disabled with `set_option linter.style.haveILetI false`
warning: projects/HasseWeil/HasseWeil/Foundation/EC/SeparableKernelTorsor.lean:292:2: Try this: 
  letI̵

The goal is a proposition, so `let` is preferred over `letI`.
The difference between `let` and `letI` is that `letI` inlines the value.
But this is not relevant for proofs because of proof irrelevance.

Note: This linter can be disabled with `set_option linter.style.haveILetI false`
warning: projects/HasseWeil/HasseWeil/Foundation/EC/SeparableKernelTorsor.lean:310:2: Try this: 
  letI̵

The goal is a proposition, so `let` is preferred over `letI`.
The difference between `let` and `letI` is that `letI` inlines the value.
But this is not relevant for proofs because of proof irrelevance.

Note: This linter can be disabled with `set_option linter.style.haveILetI false`
warning: projects/HasseWeil/HasseWeil/Foundation/EC/SeparableKernelTorsor.lean:369:4: Try this: 
  letI̵

The goal is a proposition, so `let` is preferred over `letI`.
The difference between `let` and `letI` is that `letI` inlines the value.
But this is not relevant for proofs because of proof irrelevance.

Note: This linter can be disabled with `set_option linter.style.haveILetI false`
⚠ [11314/11819] Replayed HasseWeil.Foundation.EC.DifferentialOrd
warning: projects/HasseWeil/HasseWeil/Foundation/EC/DifferentialOrd.lean:249:8: `dif_neg` has been deprecated: Use `dite_eq_right` instead

Hint: Replace the deprecated name:
  d̵i̵f̵_̵n̵e̵g̵d̲i̲t̲e̲_̲e̲q̲_̲r̲i̲g̲h̲t̲
warning: projects/HasseWeil/HasseWeil/Foundation/EC/DifferentialOrd.lean:266:2: Try this: 
  haveI̵

The goal is a proposition, so `have` is preferred over `haveI`.
The difference between `have` and `haveI` is that `haveI` inlines the value.
But this is not relevant for proofs because of proof irrelevance.

Note: This linter can be disabled with `set_option linter.style.haveILetI false`
warning: projects/HasseWeil/HasseWeil/Foundation/EC/DifferentialOrd.lean:268:2: Try this: 
  haveI̵

The goal is a proposition, so `have` is preferred over `haveI`.
The difference between `have` and `haveI` is that `haveI` inlines the value.
But this is not relevant for proofs because of proof irrelevance.

Note: This linter can be disabled with `set_option linter.style.haveILetI false`
⚠ [11316/11819] Replayed HasseWeil.Foundation.EC.MulByIntUnramified
warning: projects/HasseWeil/HasseWeil/Foundation/EC/MulByIntUnramified.lean:334:30: `if_pos` has been deprecated: Use `ite_eq_left` instead

Hint: Replace the deprecated name:
  i̵f̵_̵p̵o̵s̵i̲t̲e̲_̲e̲q̲_̲l̲e̲f̲t̲
warning: projects/HasseWeil/HasseWeil/Foundation/EC/MulByIntUnramified.lean:511:8: `dif_neg` has been deprecated: Use `dite_eq_right` instead

Hint: Replace the deprecated name:
  d̵i̵f̵_̵n̵e̵g̵d̲i̲t̲e̲_̲e̲q̲_̲r̲i̲g̲h̲t̲
⚠ [11317/11819] Replayed HasseWeil.HasseBound.WeilPairing.TorsionKernelRational
warning: projects/HasseWeil/HasseWeil/HasseBound/WeilPairing/TorsionKernelRational.lean:248:2: Try this: 
  letI̵

The goal is a proposition, so `let` is preferred over `letI`.
The difference between `let` and `letI` is that `letI` inlines the value.
But this is not relevant for proofs because of proof irrelevance.

Note: This linter can be disabled with `set_option linter.style.haveILetI false`
warning: projects/HasseWeil/HasseWeil/HasseBound/WeilPairing/TorsionKernelRational.lean:456:2: Try this: 
  letI̵

The goal is a proposition, so `let` is preferred over `letI`.
The difference between `let` and `letI` is that `letI` inlines the value.
But this is not relevant for proofs because of proof irrelevance.

Note: This linter can be disabled with `set_option linter.style.haveILetI false`
warning: projects/HasseWeil/HasseWeil/HasseBound/WeilPairing/TorsionKernelRational.lean:460:2: Try this: 
  letI̵

The goal is a proposition, so `let` is preferred over `letI`.
The difference between `let` and `letI` is that `letI` inlines the value.
But this is not relevant for proofs because of proof irrelevance.

Note: This linter can be disabled with `set_option linter.style.haveILetI false`
warning: projects/HasseWeil/HasseWeil/HasseBound/WeilPairing/TorsionKernelRational.lean:463:2: Try this: 
  haveI̵

The goal is a proposition, so `have` is preferred over `haveI`.
The difference between `have` and `haveI` is that `haveI` inlines the value.
But this is not relevant for proofs because of proof irrelevance.

Note: This linter can be disabled with `set_option linter.style.haveILetI false`
warning: projects/HasseWeil/HasseWeil/HasseBound/WeilPairing/TorsionKernelRational.lean:465:2: Try this: 
  haveI̵

The goal is a proposition, so `have` is preferred over `haveI`.
The difference between `have` and `haveI` is that `haveI` inlines the value.
But this is not relevant for proofs because of proof irrelevance.

Note: This linter can be disabled with `set_option linter.style.haveILetI false`
warning: projects/HasseWeil/HasseWeil/HasseBound/WeilPairing/TorsionKernelRational.lean:493:2: Try this: 
  haveI̵

The goal is a proposition, so `have` is preferred over `haveI`.
The difference between `have` and `haveI` is that `haveI` inlines the value.
But this is not relevant for proofs because of proof irrelevance.

Note: This linter can be disabled with `set_option linter.style.haveILetI false`
warning: projects/HasseWeil/HasseWeil/HasseBound/WeilPairing/TorsionKernelRational.lean:544:2: Try this: 
  letI̵

The goal is a proposition, so `let` is preferred over `letI`.
The difference between `let` and `letI` is that `letI` inlines the value.
But this is not relevant for proofs because of proof irrelevance.

Note: This linter can be disabled with `set_option linter.style.haveILetI false`
warning: projects/HasseWeil/HasseWeil/HasseBound/WeilPairing/TorsionKernelRational.lean:545:2: Try this: 
  haveI̵

The goal is a proposition, so `have` is preferred over `haveI`.
The difference between `have` and `haveI` is that `haveI` inlines the value.
But this is not relevant for proofs because of proof irrelevance.

Note: This linter can be disabled with `set_option linter.style.haveILetI false`
warning: projects/HasseWeil/HasseWeil/HasseBound/WeilPairing/TorsionKernelRational.lean:548:2: Try this: 
  haveI̵

The goal is a proposition, so `have` is preferred over `haveI`.
The difference between `have` and `haveI` is that `haveI` inlines the value.
But this is not relevant for proofs because of proof irrelevance.

Note: This linter can be disabled with `set_option linter.style.haveILetI false`
⚠ [11318/11819] Replayed HasseWeil.Foundation.EC.MulByIntSamePlace
warning: projects/HasseWeil/HasseWeil/Foundation/EC/MulByIntSamePlace.lean:581:2: Try this: 
  haveI̵

The goal is a proposition, so `have` is preferred over `haveI`.
The difference between `have` and `haveI` is that `haveI` inlines the value.
But this is not relevant for proofs because of proof irrelevance.

Note: This linter can be disabled with `set_option linter.style.haveILetI false`
⚠ [11319/11819] Replayed HasseWeil.HasseBound.WeilPairing.Fiber
warning: projects/HasseWeil/HasseWeil/HasseBound/WeilPairing/Fiber.lean:50:4: Try this: 
  haveI̵

The goal is a proposition, so `have` is preferred over `haveI`.
The difference between `have` and `haveI` is that `haveI` inlines the value.
But this is not relevant for proofs because of proof irrelevance.

Note: This linter can be disabled with `set_option linter.style.haveILetI false`
⚠ [11320/11819] Replayed HasseWeil.HasseBound.WeilPairing.Pullback
warning: projects/HasseWeil/HasseWeil/HasseBound/WeilPairing/Pullback.lean:51:2: Try this: 
  letI̵

The goal is a proposition, so `let` is preferred over `letI`.
The difference between `let` and `letI` is that `letI` inlines the value.
But this is not relevant for proofs because of proof irrelevance.

Note: This linter can be disabled with `set_option linter.style.haveILetI false`
warning: projects/HasseWeil/HasseWeil/HasseBound/WeilPairing/Pullback.lean:62:2: Try this: 
  letI̵

The goal is a proposition, so `let` is preferred over `letI`.
The difference between `let` and `letI` is that `letI` inlines the value.
But this is not relevant for proofs because of proof irrelevance.

Note: This linter can be disabled with `set_option linter.style.haveILetI false`
⚠ [11321/11819] Replayed HasseWeil.HasseBound.WeilPairing.SigmaBridge
warning: projects/HasseWeil/HasseWeil/HasseBound/WeilPairing/SigmaBridge.lean:35:2: Try this: 
  letI̵

The goal is a proposition, so `let` is preferred over `letI`.
The difference between `let` and `letI` is that `letI` inlines the value.
But this is not relevant for proofs because of proof irrelevance.

Note: This linter can be disabled with `set_option linter.style.haveILetI false`
warning: projects/HasseWeil/HasseWeil/HasseBound/WeilPairing/SigmaBridge.lean:36:2: Try this: 
  letI̵

The goal is a proposition, so `let` is preferred over `letI`.
The difference between `let` and `letI` is that `letI` inlines the value.
But this is not relevant for proofs because of proof irrelevance.

Note: This linter can be disabled with `set_option linter.style.haveILetI false`
warning: projects/HasseWeil/HasseWeil/HasseBound/WeilPairing/SigmaBridge.lean:48:2: Try this: 
  letI̵

The goal is a proposition, so `let` is preferred over `letI`.
The difference between `let` and `letI` is that `letI` inlines the value.
But this is not relevant for proofs because of proof irrelevance.

Note: This linter can be disabled with `set_option linter.style.haveILetI false`
⚠ [11322/11819] Replayed HasseWeil.HasseBound.WeilPairing.DivisorPullback
warning: projects/HasseWeil/HasseWeil/HasseBound/WeilPairing/DivisorPullback.lean:161:2: Try this: 
  letI̵

The goal is a proposition, so `let` is preferred over `letI`.
The difference between `let` and `letI` is that `letI` inlines the value.
But this is not relevant for proofs because of proof irrelevance.

Note: This linter can be disabled with `set_option linter.style.haveILetI false`
warning: projects/HasseWeil/HasseWeil/HasseBound/WeilPairing/DivisorPullback.lean:164:8: `if_pos` has been deprecated: Use `ite_eq_left` instead

Hint: Replace the deprecated name:
  i̵f̵_̵p̵o̵s̵i̲t̲e̲_̲e̲q̲_̲l̲e̲f̲t̲
warning: projects/HasseWeil/HasseWeil/HasseBound/WeilPairing/DivisorPullback.lean:180:8: `if_neg` has been deprecated: Use `ite_eq_right` instead

Hint: Replace the deprecated name:
  i̵f̵_̵n̵e̵g̵i̲t̲e̲_̲e̲q̲_̲r̲i̲g̲h̲t̲
warning: projects/HasseWeil/HasseWeil/HasseBound/WeilPairing/DivisorPullback.lean:216:10: `if_pos` has been deprecated: Use `ite_eq_left` instead

Hint: Replace the deprecated name:
  i̵f̵_̵p̵o̵s̵i̲t̲e̲_̲e̲q̲_̲l̲e̲f̲t̲
warning: projects/HasseWeil/HasseWeil/HasseBound/WeilPairing/DivisorPullback.lean:216:30: `if_pos` has been deprecated: Use `ite_eq_left` instead

Hint: Replace the deprecated name:
  i̵f̵_̵p̵o̵s̵i̲t̲e̲_̲e̲q̲_̲l̲e̲f̲t̲
warning: projects/HasseWeil/HasseWeil/HasseBound/WeilPairing/DivisorPullback.lean:218:10: `if_neg` has been deprecated: Use `ite_eq_right` instead

Hint: Replace the deprecated name:
  i̵f̵_̵n̵e̵g̵i̲t̲e̲_̲e̲q̲_̲r̲i̲g̲h̲t̲
warning: projects/HasseWeil/HasseWeil/HasseBound/WeilPairing/DivisorPullback.lean:218:31: `if_neg` has been deprecated: Use `ite_eq_right` instead

Hint: Replace the deprecated name:
  i̵f̵_̵n̵e̵g̵i̲t̲e̲_̲e̲q̲_̲r̲i̲g̲h̲t̲
warning: projects/HasseWeil/HasseWeil/HasseBound/WeilPairing/DivisorPullback.lean:226:8: `if_pos` has been deprecated: Use `ite_eq_left` instead

Hint: Replace the deprecated name:
  i̵f̵_̵p̵o̵s̵i̲t̲e̲_̲e̲q̲_̲l̲e̲f̲t̲
warning: projects/HasseWeil/HasseWeil/HasseBound/WeilPairing/DivisorPullback.lean:227:8: `if_neg` has been deprecated: Use `ite_eq_right` instead

Hint: Replace the deprecated name:
  i̵f̵_̵n̵e̵g̵i̲t̲e̲_̲e̲q̲_̲r̲i̲g̲h̲t̲
⚠ [11323/11819] Replayed HasseWeil.HasseBound.WeilPairing.Constancy
warning: projects/HasseWeil/HasseWeil/HasseBound/WeilPairing/Constancy.lean:40:0: automatically included section variable(s) unused in theorem `HasseWeil.WeilPairing.const_of_projectiveDivisorOf_eq_zero`:
  [DecidableEq F]
consider restructuring your `variable` declarations so that the variables are not in scope or explicitly omit them:
  omit [DecidableEq F] in theorem ...

Note: This linter can be disabled with `set_option linter.unusedSectionVars false`
⚠ [11326/11819] Replayed HasseWeil.Isogeny.BaseChange.Basic
warning: projects/HasseWeil/HasseWeil/Isogeny/BaseChange/Basic.lean:76:8: automatically included section variable(s) unused in theorem `HasseWeil.Isogeny.mkBaseChange_pullback`:
  [DecidableEq F]
  [WeierstrassCurve.IsElliptic W₁]
  [WeierstrassCurve.IsElliptic W₂]
consider restructuring your `variable` declarations so that the variables are not in scope or explicitly omit them:
  omit [DecidableEq F] [WeierstrassCurve.IsElliptic W₁] [WeierstrassCurve.IsElliptic W₂] in theorem ...

Note: This linter can be disabled with `set_option linter.unusedSectionVars false`
warning: projects/HasseWeil/HasseWeil/Isogeny/BaseChange/Basic.lean:84:8: automatically included section variable(s) unused in theorem `HasseWeil.Isogeny.mkBaseChange_toAddMonoidHom`:
  [DecidableEq F]
  [WeierstrassCurve.IsElliptic W₁]
  [WeierstrassCurve.IsElliptic W₂]
consider restructuring your `variable` declarations so that the variables are not in scope or explicitly omit them:
  omit [DecidableEq F] [WeierstrassCurve.IsElliptic W₁] [WeierstrassCurve.IsElliptic W₂] in theorem ...

Note: This linter can be disabled with `set_option linter.unusedSectionVars false`
warning: projects/HasseWeil/HasseWeil/Isogeny/BaseChange/Basic.lean:367:0: automatically included section variable(s) unused in theorem `HasseWeil.Isogeny.frobenius_eq_id_of_charP_prime`:
  [DecidableEq k]
consider restructuring your `variable` declarations so that the variables are not in scope or explicitly omit them:
  omit [DecidableEq k] in theorem ...

Note: This linter can be disabled with `set_option linter.unusedSectionVars false`
warning: projects/HasseWeil/HasseWeil/Isogeny/BaseChange/Basic.lean:468:0: automatically included section variable(s) unused in theorem `HasseWeil.Isogeny.iterateFrobenius_eq_id_of_charP_pow`:
  [DecidableEq k]
consider restructuring your `variable` declarations so that the variables are not in scope or explicitly omit them:
  omit [DecidableEq k] in theorem ...

Note: This linter can be disabled with `set_option linter.unusedSectionVars false`
warning: projects/HasseWeil/HasseWeil/Isogeny/BaseChange/Basic.lean:611:2: Try this: 
  haveI̵

The goal is a proposition, so `have` is preferred over `haveI`.
The difference between `have` and `haveI` is that `haveI` inlines the value.
But this is not relevant for proofs because of proof irrelevance.

Note: This linter can be disabled with `set_option linter.style.haveILetI false`
⚠ [11327/11819] Replayed HasseWeil.Foundation.Curves.Divisor.Miller
warning: projects/HasseWeil/HasseWeil/Foundation/Curves/Divisor/Miller.lean:425:10: `if_pos` has been deprecated: Use `ite_eq_left` instead

Hint: Replace the deprecated name:
  i̵f̵_̵p̵o̵s̵i̲t̲e̲_̲e̲q̲_̲l̲e̲f̲t̲
warning: projects/HasseWeil/HasseWeil/Foundation/Curves/Divisor/Miller.lean:426:10: `if_neg` has been deprecated: Use `ite_eq_right` instead

Hint: Replace the deprecated name:
  i̵f̵_̵n̵e̵g̵i̲t̲e̲_̲e̲q̲_̲r̲i̲g̲h̲t̲
warning: projects/HasseWeil/HasseWeil/Foundation/Curves/Divisor/Miller.lean:433:10: `if_pos` has been deprecated: Use `ite_eq_left` instead

Hint: Replace the deprecated name:
  i̵f̵_̵p̵o̵s̵i̲t̲e̲_̲e̲q̲_̲l̲e̲f̲t̲
warning: projects/HasseWeil/HasseWeil/Foundation/Curves/Divisor/Miller.lean:434:10: `if_neg` has been deprecated: Use `ite_eq_right` instead

Hint: Replace the deprecated name:
  i̵f̵_̵n̵e̵g̵i̲t̲e̲_̲e̲q̲_̲r̲i̲g̲h̲t̲
warning: projects/HasseWeil/HasseWeil/Foundation/Curves/Divisor/Miller.lean:915:11: `if_pos` has been deprecated: Use `ite_eq_left` instead

Hint: Replace the deprecated name:
  i̵f̵_̵p̵o̵s̵i̲t̲e̲_̲e̲q̲_̲l̲e̲f̲t̲
warning: projects/HasseWeil/HasseWeil/Foundation/Curves/Divisor/Miller.lean:917:8: `if_neg` has been deprecated: Use `ite_eq_right` instead

Hint: Replace the deprecated name:
  i̵f̵_̵n̵e̵g̵i̲t̲e̲_̲e̲q̲_̲r̲i̲g̲h̲t̲
⚠ [11330/11819] Replayed HasseWeil.HasseBound.WeilPairing.DivisorTranslate
warning: projects/HasseWeil/HasseWeil/HasseBound/WeilPairing/DivisorTranslate.lean:306:2: Try this: 
  letI̵

The goal is a proposition, so `let` is preferred over `letI`.
The difference between `let` and `letI` is that `letI` inlines the value.
But this is not relevant for proofs because of proof irrelevance.

Note: This linter can be disabled with `set_option linter.style.haveILetI false`
warning: projects/HasseWeil/HasseWeil/HasseBound/WeilPairing/DivisorTranslate.lean:321:8: `if_pos` has been deprecated: Use `ite_eq_left` instead

Hint: Replace the deprecated name:
  i̵f̵_̵p̵o̵s̵i̲t̲e̲_̲e̲q̲_̲l̲e̲f̲t̲
warning: projects/HasseWeil/HasseWeil/HasseBound/WeilPairing/DivisorTranslate.lean:323:10: `if_pos` has been deprecated: Use `ite_eq_left` instead

Hint: Replace the deprecated name:
  i̵f̵_̵p̵o̵s̵i̲t̲e̲_̲e̲q̲_̲l̲e̲f̲t̲
warning: projects/HasseWeil/HasseWeil/HasseBound/WeilPairing/DivisorTranslate.lean:325:10: `if_neg` has been deprecated: Use `ite_eq_right` instead

Hint: Replace the deprecated name:
  i̵f̵_̵n̵e̵g̵i̲t̲e̲_̲e̲q̲_̲r̲i̲g̲h̲t̲
warning: projects/HasseWeil/HasseWeil/HasseBound/WeilPairing/DivisorTranslate.lean:330:8: `if_neg` has been deprecated: Use `ite_eq_right` instead

Hint: Replace the deprecated name:
  i̵f̵_̵n̵e̵g̵i̲t̲e̲_̲e̲q̲_̲r̲i̲g̲h̲t̲
warning: projects/HasseWeil/HasseWeil/HasseBound/WeilPairing/DivisorTranslate.lean:333:8: `if_neg` has been deprecated: Use `ite_eq_right` instead

Hint: Replace the deprecated name:
  i̵f̵_̵n̵e̵g̵i̲t̲e̲_̲e̲q̲_̲r̲i̲g̲h̲t̲
⚠ [11332/11819] Replayed HasseWeil.HasseBound.WeilPairing.TorsionModule
warning: projects/HasseWeil/HasseWeil/HasseBound/WeilPairing/TorsionModule.lean:104:2: Try this: 
  haveI̵

The goal is a proposition, so `have` is preferred over `haveI`.
The difference between `have` and `haveI` is that `haveI` inlines the value.
But this is not relevant for proofs because of proof irrelevance.

Note: This linter can be disabled with `set_option linter.style.haveILetI false`
warning: projects/HasseWeil/HasseWeil/HasseBound/WeilPairing/TorsionModule.lean:110:4: Try this: 
  haveI̵

The goal is a proposition, so `have` is preferred over `haveI`.
The difference between `have` and `haveI` is that `haveI` inlines the value.
But this is not relevant for proofs because of proof irrelevance.

Note: This linter can be disabled with `set_option linter.style.haveILetI false`
⚠ [11334/11819] Replayed HasseWeil.HasseBound.WeilPairing.PairingProps
warning: projects/HasseWeil/HasseWeil/HasseBound/WeilPairing/PairingProps.lean:119:2: Try this: 
  haveI̵

The goal is a proposition, so `have` is preferred over `haveI`.
The difference between `have` and `haveI` is that `haveI` inlines the value.
But this is not relevant for proofs because of proof irrelevance.

Note: This linter can be disabled with `set_option linter.style.haveILetI false`
⚠ [11335/11819] Replayed HasseWeil.Pic0.ClassGroupNorm
warning: projects/HasseWeil/HasseWeil/Pic0/ClassGroupNorm.lean:9:0: Use RingTheory.RamificationInertia.Basic
'Mathlib.NumberTheory.RamificationInertia.Basic' has been deprecated: please replace this import by

import Mathlib.LinearAlgebra.Dimension.DivisionRing
import Mathlib.NumberTheory.RamificationInertia.Inertia
import Mathlib.NumberTheory.RamificationInertia.Ramification
import Mathlib.RingTheory.Ideal.Norm.AbsNorm
import Mathlib.RingTheory.SimpleModule.Basic
warning: projects/HasseWeil/HasseWeil/Pic0/ClassGroupNorm.lean:48:18: Overlapping instance parameters in `relNorm0`:

⚠️ `[IsDomain
   R]` and `[IsDedekindDomain
   R]` each imply `[Nontrivial R]`, `[IsLeftCancelMulZero R]`, and `[IsRightCancelMulZero R]`.
💡️ Of these, `[IsDomain R]` may be removed.
⚠️ `[IsDomain
   S]` and `[IsDedekindDomain
   S]` each imply `[Nontrivial S]`, `[IsLeftCancelMulZero S]`, and `[IsRightCancelMulZero S]`.
💡️ Of these, `[IsDomain S]` may be removed.
⚠️ `[IsIntegrallyClosed R]` and `[IsDedekindDomain R]` each imply `[IsIntegralClosure R R (FractionRing R)]`.
💡️ Of these, `[IsIntegrallyClosed R]` may be removed.
⚠️ `[IsIntegrallyClosed S]` and `[IsDedekindDomain S]` each imply `[IsIntegralClosure S S (FractionRing S)]`.
💡️ Of these, `[IsIntegrallyClosed S]` may be removed.

Note: This linter can be disabled with `set_option linter.overlappingInstances false`
warning: projects/HasseWeil/HasseWeil/Pic0/ClassGroupNorm.lean:61:18: Overlapping instance parameters in `mk0CompRelNorm0`:

⚠️ `[IsDomain
   R]` and `[IsDedekindDomain
   R]` each imply `[Nontrivial R]`, `[IsLeftCancelMulZero R]`, and `[IsRightCancelMulZero R]`.
💡️ Of these, `[IsDomain R]` may be removed.
⚠️ `[IsDomain
   S]` and `[IsDedekindDomain
   S]` each imply `[Nontrivial S]`, `[IsLeftCancelMulZero S]`, and `[IsRightCancelMulZero S]`.
💡️ Of these, `[IsDomain S]` may be removed.
⚠️ `[IsIntegrallyClosed R]` and `[IsDedekindDomain R]` each imply `[IsIntegralClosure R R (FractionRing R)]`.
💡️ Of these, `[IsIntegrallyClosed R]` may be removed.
⚠️ `[IsIntegrallyClosed S]` and `[IsDedekindDomain S]` each imply `[IsIntegralClosure S S (FractionRing S)]`.
💡️ Of these, `[IsIntegrallyClosed S]` may be removed.

Note: This linter can be disabled with `set_option linter.overlappingInstances false`
warning: projects/HasseWeil/HasseWeil/Pic0/ClassGroupNorm.lean:65:8: Overlapping instance parameters in `mk0CompRelNorm0_apply`:

⚠️ `[IsDomain
   R]` and `[IsDedekindDomain
   R]` each imply `[Nontrivial R]`, `[IsLeftCancelMulZero R]`, and `[IsRightCancelMulZero R]`.
💡️ Of these, `[IsDomain R]` may be removed.
⚠️ `[IsDomain
   S]` and `[IsDedekindDomain
   S]` each imply `[Nontrivial S]`, `[IsLeftCancelMulZero S]`, and `[IsRightCancelMulZero S]`.
💡️ Of these, `[IsDomain S]` may be removed.
⚠️ `[IsIntegrallyClosed R]` and `[IsDedekindDomain R]` each imply `[IsIntegralClosure R R (FractionRing R)]`.
💡️ Of these, `[IsIntegrallyClosed R]` may be removed.
⚠️ `[IsIntegrallyClosed S]` and `[IsDedekindDomain S]` each imply `[IsIntegralClosure S S (FractionRing S)]`.
💡️ Of these, `[IsIntegrallyClosed S]` may be removed.

Note: This linter can be disabled with `set_option linter.overlappingInstances false`
warning: projects/HasseWeil/HasseWeil/Pic0/ClassGroupNorm.lean:82:2: Try this: 
  letI̵

The goal is a proposition, so `let` is preferred over `letI`.
The difference between `let` and `letI` is that `letI` inlines the value.
But this is not relevant for proofs because of proof irrelevance.

Note: This linter can be disabled with `set_option linter.style.haveILetI false`
warning: projects/HasseWeil/HasseWeil/Pic0/ClassGroupNorm.lean:84:2: Try this: 
  haveI̵

The goal is a proposition, so `have` is preferred over `haveI`.
The difference between `have` and `haveI` is that `haveI` inlines the value.
But this is not relevant for proofs because of proof irrelevance.

Note: This linter can be disabled with `set_option linter.style.haveILetI false`
warning: projects/HasseWeil/HasseWeil/Pic0/ClassGroupNorm.lean:86:2: Try this: 
  haveI̵

The goal is a proposition, so `have` is preferred over `haveI`.
The difference between `have` and `haveI` is that `haveI` inlines the value.
But this is not relevant for proofs because of proof irrelevance.

Note: This linter can be disabled with `set_option linter.style.haveILetI false`
warning: projects/HasseWeil/HasseWeil/Pic0/ClassGroupNorm.lean:88:2: Try this: 
  haveI̵

The goal is a proposition, so `have` is preferred over `haveI`.
The difference between `have` and `haveI` is that `haveI` inlines the value.
But this is not relevant for proofs because of proof irrelevance.

Note: This linter can be disabled with `set_option linter.style.haveILetI false`
warning: projects/HasseWeil/HasseWeil/Pic0/ClassGroupNorm.lean:89:2: Try this: 
  haveI̵

The goal is a proposition, so `have` is preferred over `haveI`.
The difference between `have` and `haveI` is that `haveI` inlines the value.
But this is not relevant for proofs because of proof irrelevance.

Note: This linter can be disabled with `set_option linter.style.haveILetI false`
warning: projects/HasseWeil/HasseWeil/Pic0/ClassGroupNorm.lean:76:8: Overlapping instance parameters in `mk0CompRelNorm0_eq_of_mk0_eq`:

⚠️ `[IsDomain
   R]` and `[IsDedekindDomain
   R]` each imply `[Nontrivial R]`, `[IsLeftCancelMulZero R]`, and `[IsRightCancelMulZero R]`.
💡️ Of these, `[IsDomain R]` may be removed.
⚠️ `[IsDomain
   S]` and `[IsDedekindDomain
   S]` each imply `[Nontrivial S]`, `[IsLeftCancelMulZero S]`, and `[IsRightCancelMulZero S]`.
💡️ Of these, `[IsDomain S]` may be removed.
⚠️ `[IsIntegrallyClosed R]` and `[IsDedekindDomain R]` each imply `[IsIntegralClosure R R (FractionRing R)]`.
💡️ Of these, `[IsIntegrallyClosed R]` may be removed.
⚠️ `[IsIntegrallyClosed S]` and `[IsDedekindDomain S]` each imply `[IsIntegralClosure S S (FractionRing S)]`.
💡️ Of these, `[IsIntegrallyClosed S]` may be removed.

Note: This linter can be disabled with `set_option linter.overlappingInstances false`
warning: projects/HasseWeil/HasseWeil/Pic0/ClassGroupNorm.lean:107:18: Overlapping instance parameters in `ClassGroup.relNorm`:

⚠️ `[IsDomain
   R]` and `[IsDedekindDomain
   R]` each imply `[Nontrivial R]`, `[IsLeftCancelMulZero R]`, and `[IsRightCancelMulZero R]`.
💡️ Of these, `[IsDomain R]` may be removed.
⚠️ `[IsDomain
   S]` and `[IsDedekindDomain
   S]` each imply `[Nontrivial S]`, `[IsLeftCancelMulZero S]`, and `[IsRightCancelMulZero S]`.
💡️ Of these, `[IsDomain S]` may be removed.
⚠️ `[IsIntegrallyClosed R]` and `[IsDedekindDomain R]` each imply `[IsIntegralClosure R R (FractionRing R)]`.
💡️ Of these, `[IsIntegrallyClosed R]` may be removed.
⚠️ `[IsIntegrallyClosed S]` and `[IsDedekindDomain S]` each imply `[IsIntegralClosure S S (FractionRing S)]`.
💡️ Of these, `[IsIntegrallyClosed S]` may be removed.

Note: This linter can be disabled with `set_option linter.overlappingInstances false`
warning: projects/HasseWeil/HasseWeil/Pic0/ClassGroupNorm.lean:124:8: Overlapping instance parameters in `ClassGroup.relNorm_mk0`:

⚠️ `[IsDomain
   R]` and `[IsDedekindDomain
   R]` each imply `[Nontrivial R]`, `[IsLeftCancelMulZero R]`, and `[IsRightCancelMulZero R]`.
💡️ Of these, `[IsDomain R]` may be removed.
⚠️ `[IsDomain
   S]` and `[IsDedekindDomain
   S]` each imply `[Nontrivial S]`, `[IsLeftCancelMulZero S]`, and `[IsRightCancelMulZero S]`.
💡️ Of these, `[IsDomain S]` may be removed.
⚠️ `[IsIntegrallyClosed R]` and `[IsDedekindDomain R]` each imply `[IsIntegralClosure R R (FractionRing R)]`.
💡️ Of these, `[IsIntegrallyClosed R]` may be removed.
⚠️ `[IsIntegrallyClosed S]` and `[IsDedekindDomain S]` each imply `[IsIntegralClosure S S (FractionRing S)]`.
💡️ Of these, `[IsIntegrallyClosed S]` may be removed.

Note: This linter can be disabled with `set_option linter.overlappingInstances false`
warning: projects/HasseWeil/HasseWeil/Pic0/ClassGroupNorm.lean:131:8: Overlapping instance parameters in `ClassGroup.relNorm_mk0'`:

⚠️ `[IsDomain
   R]` and `[IsDedekindDomain
   R]` each imply `[Nontrivial R]`, `[IsLeftCancelMulZero R]`, and `[IsRightCancelMulZero R]`.
💡️ Of these, `[IsDomain R]` may be removed.
⚠️ `[IsDomain
   S]` and `[IsDedekindDomain
   S]` each imply `[Nontrivial S]`, `[IsLeftCancelMulZero S]`, and `[IsRightCancelMulZero S]`.
💡️ Of these, `[IsDomain S]` may be removed.
⚠️ `[IsIntegrallyClosed R]` and `[IsDedekindDomain R]` each imply `[IsIntegralClosure R R (FractionRing R)]`.
💡️ Of these, `[IsIntegrallyClosed R]` may be removed.
⚠️ `[IsIntegrallyClosed S]` and `[IsDedekindDomain S]` each imply `[IsIntegralClosure S S (FractionRing S)]`.
💡️ Of these, `[IsIntegrallyClosed S]` may be removed.

Note: This linter can be disabled with `set_option linter.overlappingInstances false`
warning: projects/HasseWeil/HasseWeil/Pic0/ClassGroupNorm.lean:204:12: `Ideal.inertiaDeg'` has been deprecated: Use `Ideal.inertiaDeg` instead.
warning: projects/HasseWeil/HasseWeil/Pic0/ClassGroupNorm.lean:207:13: `Ideal.inertiaDeg'` has been deprecated: Use `Ideal.inertiaDeg` instead.
warning: projects/HasseWeil/HasseWeil/Pic0/ClassGroupNorm.lean:208:2: Try this: 
  haveI̵

The goal is a proposition, so `have` is preferred over `haveI`.
The difference between `have` and `haveI` is that `haveI` inlines the value.
But this is not relevant for proofs because of proof irrelevance.

Note: This linter can be disabled with `set_option linter.style.haveILetI false`
warning: projects/HasseWeil/HasseWeil/Pic0/ClassGroupNorm.lean:226:2: Try this: 
  letI̵

The goal is a proposition, so `let` is preferred over `letI`.
The difference between `let` and `letI` is that `letI` inlines the value.
But this is not relevant for proofs because of proof irrelevance.

Note: This linter can be disabled with `set_option linter.style.haveILetI false`
warning: projects/HasseWeil/HasseWeil/Pic0/ClassGroupNorm.lean:227:2: Try this: 
  haveI̵

The goal is a proposition, so `have` is preferred over `haveI`.
The difference between `have` and `haveI` is that `haveI` inlines the value.
But this is not relevant for proofs because of proof irrelevance.

Note: This linter can be disabled with `set_option linter.style.haveILetI false`
warning: projects/HasseWeil/HasseWeil/Pic0/ClassGroupNorm.lean:229:2: Try this: 
  haveI̵

The goal is a proposition, so `have` is preferred over `haveI`.
The difference between `have` and `haveI` is that `haveI` inlines the value.
But this is not relevant for proofs because of proof irrelevance.

Note: This linter can be disabled with `set_option linter.style.haveILetI false`
warning: projects/HasseWeil/HasseWeil/Pic0/ClassGroupNorm.lean:232:5: `Ideal.ramificationIdx_mul_inertiaDeg_of_isLocalRing` has been deprecated: Use results of RingTheory.RamificationInertia.Basic
warning: projects/HasseWeil/HasseWeil/Pic0/ClassGroupNorm.lean:241:62: `Prime.not_unit` has been deprecated: Use `Prime.not_isUnit` instead
warning: projects/HasseWeil/HasseWeil/Pic0/ClassGroupNorm.lean:196:8: Overlapping instance parameters in `Ideal.relNorm_maximalIdeal_eq_pow_inertiaDeg_of_isLocalRing`:

⚠️ `[IsDomain
   R]` and `[IsDedekindDomain
   R]` each imply `[Nontrivial R]`, `[IsLeftCancelMulZero R]`, and `[IsRightCancelMulZero R]`.
💡️ Of these, `[IsDomain R]` may be removed.
⚠️ `[IsDomain S]`, `[IsDedekindDomain S]`, and `[IsLocalRing S]` each imply `[Nontrivial S]`.
💡️ Of these, `[IsDomain S]` may be removed.
⚠️ `[IsDomain S]` and `[IsDedekindDomain S]` each imply `[IsLeftCancelMulZero S]` and `[IsRightCancelMulZero S]`.
💡️ Of these, `[IsDomain S]` may be removed.
⚠️ `[IsIntegrallyClosed R]` and `[IsDedekindDomain R]` each imply `[IsIntegralClosure R R (FractionRing R)]`.
💡️ Of these, `[IsIntegrallyClosed R]` may be removed.
⚠️ `[IsIntegrallyClosed S]` and `[IsDedekindDomain S]` each imply `[IsIntegralClosure S S (FractionRing S)]`.
💡️ Of these, `[IsIntegrallyClosed S]` may be removed.

Note: This linter can be disabled with `set_option linter.overlappingInstances false`
warning: projects/HasseWeil/HasseWeil/Pic0/ClassGroupNorm.lean:257:10: `Ideal.inertiaDeg'` has been deprecated: Use `Ideal.inertiaDeg` instead.
warning: projects/HasseWeil/HasseWeil/Pic0/ClassGroupNorm.lean:260:2: Try this: 
  haveI̵

The goal is a proposition, so `have` is preferred over `haveI`.
The difference between `have` and `haveI` is that `haveI` inlines the value.
But this is not relevant for proofs because of proof irrelevance.

Note: This linter can be disabled with `set_option linter.style.haveILetI false`
warning: projects/HasseWeil/HasseWeil/Pic0/ClassGroupNorm.lean:262:2: Try this: 
  haveI̵

The goal is a proposition, so `have` is preferred over `haveI`.
The difference between `have` and `haveI` is that `haveI` inlines the value.
But this is not relevant for proofs because of proof irrelevance.

Note: This linter can be disabled with `set_option linter.style.haveILetI false`
warning: projects/HasseWeil/HasseWeil/Pic0/ClassGroupNorm.lean:251:8: Overlapping instance parameters in `Ideal.relNorm_maximalIdeal_eq_under_of_inertiaDeg_one_of_isLocalRing`:

⚠️ `[IsDomain
   R]` and `[IsDedekindDomain
   R]` each imply `[Nontrivial R]`, `[IsLeftCancelMulZero R]`, and `[IsRightCancelMulZero R]`.
💡️ Of these, `[IsDomain R]` may be removed.
⚠️ `[IsDomain S]`, `[IsDedekindDomain S]`, and `[IsLocalRing S]` each imply `[Nontrivial S]`.
💡️ Of these, `[IsDomain S]` may be removed.
⚠️ `[IsDomain S]` and `[IsDedekindDomain S]` each imply `[IsLeftCancelMulZero S]` and `[IsRightCancelMulZero S]`.
💡️ Of these, `[IsDomain S]` may be removed.
⚠️ `[IsIntegrallyClosed R]` and `[IsDedekindDomain R]` each imply `[IsIntegralClosure R R (FractionRing R)]`.
💡️ Of these, `[IsIntegrallyClosed R]` may be removed.
⚠️ `[IsIntegrallyClosed S]` and `[IsDedekindDomain S]` each imply `[IsIntegralClosure S S (FractionRing S)]`.
💡️ Of these, `[IsIntegrallyClosed S]` may be removed.

Note: This linter can be disabled with `set_option linter.overlappingInstances false`
warning: projects/HasseWeil/HasseWeil/Pic0/ClassGroupNorm.lean:321:8: Overlapping instance parameters in `relNorm_eq_relNorm_localization`:

⚠️ `[IsDomain
   A]` and `[IsDedekindDomain
   A]` each imply `[Nontrivial A]`, `[IsLeftCancelMulZero A]`, and `[IsRightCancelMulZero A]`.
💡️ Of these, `[IsDomain A]` may be removed.
⚠️ `[IsDomain
   B]` and `[IsDedekindDomain
   B]` each imply `[Nontrivial B]`, `[IsLeftCancelMulZero B]`, and `[IsRightCancelMulZero B]`.
💡️ Of these, `[IsDomain B]` and `[IsDedekindDomain B]` may be removed.
⚠️ `[IsDomain
   B']` and `[IsDedekindDomain
   B']` each imply `[Nontrivial B']`, `[IsLeftCancelMulZero B']`, and `[IsRightCancelMulZero B']`.
💡️ Of these, `[IsDomain B']` may be removed.
⚠️ `[IsIntegrallyClosed A]` and `[IsDedekindDomain A]` each imply `[IsIntegralClosure A A (FractionRing A)]`.
💡️ Of these, `[IsIntegrallyClosed A]` may be removed.
⚠️ `[IsIntegrallyClosed B]` and `[IsDedekindDomain B]` each imply `[IsIntegralClosure B B (FractionRing B)]`.
💡️ Of these, `[IsIntegrallyClosed B]` and `[IsDedekindDomain B]` may be removed.
⚠️ `[IsIntegrallyClosed B']` and `[IsDedekindDomain B']` each imply `[IsIntegralClosure B' B' (FractionRing B')]`.
💡️ Of these, `[IsIntegrallyClosed B']` may be removed.

Note: This linter can be disabled with `set_option linter.overlappingInstances false`
warning: projects/HasseWeil/HasseWeil/Pic0/ClassGroupNorm.lean:369:2: Try this: 
  haveI̵

The goal is a proposition, so `have` is preferred over `haveI`.
The difference between `have` and `haveI` is that `haveI` inlines the value.
But this is not relevant for proofs because of proof irrelevance.

Note: This linter can be disabled with `set_option linter.style.haveILetI false`
warning: projects/HasseWeil/HasseWeil/Pic0/ClassGroupNorm.lean:392:8: Overlapping instance parameters in `relNorm_map_localization`:

⚠️ `[IsDomain
   R]` and `[IsDedekindDomain
   R]` each imply `[Nontrivial R]`, `[IsLeftCancelMulZero R]`, and `[IsRightCancelMulZero R]`.
💡️ Of these, `[IsDomain R]` may be removed.
⚠️ `[IsDomain
   S]` and `[IsDedekindDomain
   S]` each imply `[Nontrivial S]`, `[IsLeftCancelMulZero S]`, and `[IsRightCancelMulZero S]`.
💡️ Of these, `[IsDomain S]` may be removed.
⚠️ `[IsIntegrallyClosed R]` and `[IsDedekindDomain R]` each imply `[IsIntegralClosure R R (FractionRing R)]`.
💡️ Of these, `[IsIntegrallyClosed R]` may be removed.
⚠️ `[IsIntegrallyClosed S]` and `[IsDedekindDomain S]` each imply `[IsIntegralClosure S S (FractionRing S)]`.
💡️ Of these, `[IsIntegrallyClosed S]` may be removed.

Note: This linter can be disabled with `set_option linter.overlappingInstances false`
warning: projects/HasseWeil/HasseWeil/Pic0/ClassGroupNorm.lean:425:2: Try this: 
  haveI̵

The goal is a proposition, so `have` is preferred over `haveI`.
The difference between `have` and `haveI` is that `haveI` inlines the value.
But this is not relevant for proofs because of proof irrelevance.

Note: This linter can be disabled with `set_option linter.style.haveILetI false`
warning: projects/HasseWeil/HasseWeil/Pic0/ClassGroupNorm.lean:426:2: Try this: 
  haveI̵

The goal is a proposition, so `have` is preferred over `haveI`.
The difference between `have` and `haveI` is that `haveI` inlines the value.
But this is not relevant for proofs because of proof irrelevance.

Note: This linter can be disabled with `set_option linter.style.haveILetI false`
warning: projects/HasseWeil/HasseWeil/Pic0/ClassGroupNorm.lean:434:4: Try this: 
  haveI̵

The goal is a proposition, so `have` is preferred over `haveI`.
The difference between `have` and `haveI` is that `haveI` inlines the value.
But this is not relevant for proofs because of proof irrelevance.

Note: This linter can be disabled with `set_option linter.style.haveILetI false`
warning: projects/HasseWeil/HasseWeil/Pic0/ClassGroupNorm.lean:418:8: Overlapping instance parameters in `relNorm_eq_under_of_localized`:

⚠️ `[IsDomain
   R]` and `[IsDedekindDomain
   R]` each imply `[Nontrivial R]`, `[IsLeftCancelMulZero R]`, and `[IsRightCancelMulZero R]`.
💡️ Of these, `[IsDomain R]` may be removed.
⚠️ `[IsDomain
   S]` and `[IsDedekindDomain
   S]` each imply `[Nontrivial S]`, `[IsLeftCancelMulZero S]`, and `[IsRightCancelMulZero S]`.
💡️ Of these, `[IsDomain S]` may be removed.
⚠️ `[IsIntegrallyClosed R]` and `[IsDedekindDomain R]` each imply `[IsIntegralClosure R R (FractionRing R)]`.
💡️ Of these, `[IsIntegrallyClosed R]` may be removed.
⚠️ `[IsIntegrallyClosed S]` and `[IsDedekindDomain S]` each imply `[IsIntegralClosure S S (FractionRing S)]`.
💡️ Of these, `[IsIntegrallyClosed S]` may be removed.

Note: This linter can be disabled with `set_option linter.overlappingInstances false`
warning: projects/HasseWeil/HasseWeil/Pic0/ClassGroupNorm.lean:485:8: Overlapping instance parameters in `relNorm_length_eq_span`:

⚠️ `[IsDomain
   Sp]` and `[IsDedekindDomain
   Sp]` each imply `[Nontrivial Sp]`, `[IsLeftCancelMulZero Sp]`, and `[IsRightCancelMulZero Sp]`.
💡️ Of these, `[IsDomain Sp]` may be removed.
⚠️ `[IsIntegrallyClosed Sp]` and `[IsDedekindDomain Sp]` each imply `[IsIntegralClosure Sp Sp (FractionRing Sp)]`.
💡️ Of these, `[IsIntegrallyClosed Sp]` may be removed.

Note: This linter can be disabled with `set_option linter.overlappingInstances false`
warning: projects/HasseWeil/HasseWeil/Pic0/ClassGroupNorm.lean:532:31: `Ideal.inertiaDeg'` has been deprecated: Use `Ideal.inertiaDeg` instead.
warning: projects/HasseWeil/HasseWeil/Pic0/ClassGroupNorm.lean:534:2: Try this: 
  letI̵

The goal is a proposition, so `let` is preferred over `letI`.
The difference between `let` and `letI` is that `letI` inlines the value.
But this is not relevant for proofs because of proof irrelevance.

Note: This linter can be disabled with `set_option linter.style.haveILetI false`
warning: projects/HasseWeil/HasseWeil/Pic0/ClassGroupNorm.lean:535:2: Try this: 
  letI̵

The goal is a proposition, so `let` is preferred over `letI`.
The difference between `let` and `letI` is that `letI` inlines the value.
But this is not relevant for proofs because of proof irrelevance.

Note: This linter can be disabled with `set_option linter.style.haveILetI false`
warning: projects/HasseWeil/HasseWeil/Pic0/ClassGroupNorm.lean:537:2: Try this: 
  haveI̵

The goal is a proposition, so `have` is preferred over `haveI`.
The difference between `have` and `haveI` is that `haveI` inlines the value.
But this is not relevant for proofs because of proof irrelevance.

Note: This linter can be disabled with `set_option linter.style.haveILetI false`
warning: projects/HasseWeil/HasseWeil/Pic0/ClassGroupNorm.lean:539:10: `Ideal.inertiaDeg'_algebraMap` has been deprecated: Use `Ideal.inertiaDeg_eq_of_isMaximal` instead.
warning: projects/HasseWeil/HasseWeil/Pic0/ClassGroupNorm.lean:540:2: Try this: 
  haveI̵

The goal is a proposition, so `have` is preferred over `haveI`.
The difference between `have` and `haveI` is that `haveI` inlines the value.
But this is not relevant for proofs because of proof irrelevance.

Note: This linter can be disabled with `set_option linter.style.haveILetI false`
warning: projects/HasseWeil/HasseWeil/Pic0/ClassGroupNorm.lean:541:2: Try this: 
  haveI̵

The goal is a proposition, so `have` is preferred over `haveI`.
The difference between `have` and `haveI` is that `haveI` inlines the value.
But this is not relevant for proofs because of proof irrelevance.

Note: This linter can be disabled with `set_option linter.style.haveILetI false`
warning: projects/HasseWeil/HasseWeil/Pic0/ClassGroupNorm.lean:585:10: `Ideal.inertiaDeg'` has been deprecated: Use `Ideal.inertiaDeg` instead.
warning: projects/HasseWeil/HasseWeil/Pic0/ClassGroupNorm.lean:588:2: Try this: 
  haveI̵

The goal is a proposition, so `have` is preferred over `haveI`.
The difference between `have` and `haveI` is that `haveI` inlines the value.
But this is not relevant for proofs because of proof irrelevance.

Note: This linter can be disabled with `set_option linter.style.haveILetI false`
warning: projects/HasseWeil/HasseWeil/Pic0/ClassGroupNorm.lean:589:2: Try this: 
  haveI̵

The goal is a proposition, so `have` is preferred over `haveI`.
The difference between `have` and `haveI` is that `haveI` inlines the value.
But this is not relevant for proofs because of proof irrelevance.

Note: This linter can be disabled with `set_option linter.style.haveILetI false`
warning: projects/HasseWeil/HasseWeil/Pic0/ClassGroupNorm.lean:577:8: Overlapping instance parameters in `relNorm_eq_maximalIdeal_of_inertiaDeg_one`:

⚠️ `[IsDomain
   Sp]` and `[IsDedekindDomain
   Sp]` each imply `[Nontrivial Sp]`, `[IsLeftCancelMulZero Sp]`, and `[IsRightCancelMulZero Sp]`.
💡️ Of these, `[IsDomain Sp]` and `[IsDedekindDomain Sp]` may be removed.
⚠️ `[IsIntegrallyClosed Sp]` and `[IsDedekindDomain Sp]` each imply `[IsIntegralClosure Sp Sp (FractionRing Sp)]`.
💡️ Of these, `[IsIntegrallyClosed Sp]` and `[IsDedekindDomain Sp]` may be removed.

Note: This linter can be disabled with `set_option linter.overlappingInstances false`
warning: projects/HasseWeil/HasseWeil/Pic0/ClassGroupNorm.lean:625:10: `Ideal.inertiaDeg'` has been deprecated: Use `Ideal.inertiaDeg` instead.
warning: projects/HasseWeil/HasseWeil/Pic0/ClassGroupNorm.lean:627:2: Try this: 
  haveI̵

The goal is a proposition, so `have` is preferred over `haveI`.
The difference between `have` and `haveI` is that `haveI` inlines the value.
But this is not relevant for proofs because of proof irrelevance.

Note: This linter can be disabled with `set_option linter.style.haveILetI false`
warning: projects/HasseWeil/HasseWeil/Pic0/ClassGroupNorm.lean:629:2: Try this: 
  haveI̵

The goal is a proposition, so `have` is preferred over `haveI`.
The difference between `have` and `haveI` is that `haveI` inlines the value.
But this is not relevant for proofs because of proof irrelevance.

Note: This linter can be disabled with `set_option linter.style.haveILetI false`
warning: projects/HasseWeil/HasseWeil/Pic0/ClassGroupNorm.lean:635:2: Try this: 
  haveI̵

The goal is a proposition, so `have` is preferred over `haveI`.
The difference between `have` and `haveI` is that `haveI` inlines the value.
But this is not relevant for proofs because of proof irrelevance.

Note: This linter can be disabled with `set_option linter.style.haveILetI false`
warning: projects/HasseWeil/HasseWeil/Pic0/ClassGroupNorm.lean:637:6: `Ideal.inertiaDeg'_eq_inertiaDeg` has been deprecated: Use `inertiaDeg_eq_of_isMaximal` instead.
warning: projects/HasseWeil/HasseWeil/Pic0/ClassGroupNorm.lean:638:13: `Ideal.inertiaDeg'` has been deprecated: Use `Ideal.inertiaDeg` instead.
warning: projects/HasseWeil/HasseWeil/Pic0/ClassGroupNorm.lean:639:8: `Ideal.inertiaDeg'_eq_inertiaDeg` has been deprecated: Use `inertiaDeg_eq_of_isMaximal` instead.
warning: projects/HasseWeil/HasseWeil/Pic0/ClassGroupNorm.lean:614:8: Overlapping instance parameters in `relNorm_map_eq_maximalIdeal_general`:

⚠️ `[IsDomain Rp]`, `[IsDedekindDomain Rp]`, and `[IsLocalRing Rp]` each imply `[Nontrivial Rp]`.
💡️ Of these, `[IsDomain Rp]` and `[IsDedekindDomain Rp]` may be removed.
⚠️ `[IsDomain
   Sp]` and `[IsDedekindDomain
   Sp]` each imply `[Nontrivial Sp]`, `[IsLeftCancelMulZero Sp]`, and `[IsRightCancelMulZero Sp]`.
💡️ Of these, `[IsDomain Sp]` and `[IsDedekindDomain Sp]` may be removed.
⚠️ `[IsDomain Rp]` and `[IsDedekindDomain Rp]` each imply `[IsLeftCancelMulZero Rp]` and `[IsRightCancelMulZero Rp]`.
💡️ Of these, `[IsDomain Rp]` and `[IsDedekindDomain Rp]` may be removed.
⚠️ `[IsIntegrallyClosed Rp]` and `[IsDedekindDomain Rp]` each imply `[IsIntegralClosure Rp Rp (FractionRing Rp)]`.
💡️ Of these, `[IsIntegrallyClosed Rp]` and `[IsDedekindDomain Rp]` may be removed.
⚠️ `[IsIntegrallyClosed Sp]` and `[IsDedekindDomain Sp]` each imply `[IsIntegralClosure Sp Sp (FractionRing Sp)]`.
💡️ Of these, `[IsIntegrallyClosed Sp]` and `[IsDedekindDomain Sp]` may be removed.

Note: This linter can be disabled with `set_option linter.overlappingInstances false`
warning: projects/HasseWeil/HasseWeil/Pic0/ClassGroupNorm.lean:672:10: `Ideal.inertiaDeg'` has been deprecated: Use `Ideal.inertiaDeg` instead.
warning: projects/HasseWeil/HasseWeil/Pic0/ClassGroupNorm.lean:674:2: Try this: 
  letI̵

The goal is a proposition, so `let` is preferred over `letI`.
The difference between `let` and `letI` is that `letI` inlines the value.
But this is not relevant for proofs because of proof irrelevance.

Note: This linter can be disabled with `set_option linter.style.haveILetI false`
warning: projects/HasseWeil/HasseWeil/Pic0/ClassGroupNorm.lean:675:2: Try this: 
  haveI̵

The goal is a proposition, so `have` is preferred over `haveI`.
The difference between `have` and `haveI` is that `haveI` inlines the value.
But this is not relevant for proofs because of proof irrelevance.

Note: This linter can be disabled with `set_option linter.style.haveILetI false`
warning: projects/HasseWeil/HasseWeil/Pic0/ClassGroupNorm.lean:676:2: Try this: 
  haveI̵

The goal is a proposition, so `have` is preferred over `haveI`.
The difference between `have` and `haveI` is that `haveI` inlines the value.
But this is not relevant for proofs because of proof irrelevance.

Note: This linter can be disabled with `set_option linter.style.haveILetI false`
warning: projects/HasseWeil/HasseWeil/Pic0/ClassGroupNorm.lean:678:2: Try this: 
  haveI̵

The goal is a proposition, so `have` is preferred over `haveI`.
The difference between `have` and `haveI` is that `haveI` inlines the value.
But this is not relevant for proofs because of proof irrelevance.

Note: This linter can be disabled with `set_option linter.style.haveILetI false`
warning: projects/HasseWeil/HasseWeil/Pic0/ClassGroupNorm.lean:680:2: Try this: 
  haveI̵

The goal is a proposition, so `have` is preferred over `haveI`.
The difference between `have` and `haveI` is that `haveI` inlines the value.
But this is not relevant for proofs because of proof irrelevance.

Note: This linter can be disabled with `set_option linter.style.haveILetI false`
warning: projects/HasseWeil/HasseWeil/Pic0/ClassGroupNorm.lean:682:2: Try this: 
  haveI̵

The goal is a proposition, so `have` is preferred over `haveI`.
The difference between `have` and `haveI` is that `haveI` inlines the value.
But this is not relevant for proofs because of proof irrelevance.

Note: This linter can be disabled with `set_option linter.style.haveILetI false`
warning: projects/HasseWeil/HasseWeil/Pic0/ClassGroupNorm.lean:684:2: Try this: 
  haveI̵

The goal is a proposition, so `have` is preferred over `haveI`.
The difference between `have` and `haveI` is that `haveI` inlines the value.
But this is not relevant for proofs because of proof irrelevance.

Note: This linter can be disabled with `set_option linter.style.haveILetI false`
warning: projects/HasseWeil/HasseWeil/Pic0/ClassGroupNorm.lean:686:2: Try this: 
  haveI̵

The goal is a proposition, so `have` is preferred over `haveI`.
The difference between `have` and `haveI` is that `haveI` inlines the value.
But this is not relevant for proofs because of proof irrelevance.

Note: This linter can be disabled with `set_option linter.style.haveILetI false`
warning: projects/HasseWeil/HasseWeil/Pic0/ClassGroupNorm.lean:688:2: Try this: 
  haveI̵

The goal is a proposition, so `have` is preferred over `haveI`.
The difference between `have` and `haveI` is that `haveI` inlines the value.
But this is not relevant for proofs because of proof irrelevance.

Note: This linter can be disabled with `set_option linter.style.haveILetI false`
warning: projects/HasseWeil/HasseWeil/Pic0/ClassGroupNorm.lean:690:2: Try this: 
  haveI̵

The goal is a proposition, so `have` is preferred over `haveI`.
The difference between `have` and `haveI` is that `haveI` inlines the value.
But this is not relevant for proofs because of proof irrelevance.

Note: This linter can be disabled with `set_option linter.style.haveILetI false`
warning: projects/HasseWeil/HasseWeil/Pic0/ClassGroupNorm.lean:692:2: Try this: 
  haveI̵

The goal is a proposition, so `have` is preferred over `haveI`.
The difference between `have` and `haveI` is that `haveI` inlines the value.
But this is not relevant for proofs because of proof irrelevance.

Note: This linter can be disabled with `set_option linter.style.haveILetI false`
warning: projects/HasseWeil/HasseWeil/Pic0/ClassGroupNorm.lean:670:8: Overlapping instance parameters in `Ideal.relNorm_eq_under_of_inertiaDeg_one`:

⚠️ `[IsDomain
   R]` and `[IsDedekindDomain
   R]` each imply `[Nontrivial R]`, `[IsLeftCancelMulZero R]`, and `[IsRightCancelMulZero R]`.
💡️ Of these, `[IsDomain R]` may be removed.
⚠️ `[IsDomain
   S]` and `[IsDedekindDomain
   S]` each imply `[Nontrivial S]`, `[IsLeftCancelMulZero S]`, and `[IsRightCancelMulZero S]`.
💡️ Of these, `[IsDomain S]` may be removed.
⚠️ `[IsIntegrallyClosed R]` and `[IsDedekindDomain R]` each imply `[IsIntegralClosure R R (FractionRing R)]`.
💡️ Of these, `[IsIntegrallyClosed R]` may be removed.
⚠️ `[IsIntegrallyClosed S]` and `[IsDedekindDomain S]` each imply `[IsIntegralClosure S S (FractionRing S)]`.
💡️ Of these, `[IsIntegrallyClosed S]` may be removed.

Note: This linter can be disabled with `set_option linter.overlappingInstances false`
warning: projects/HasseWeil/HasseWeil/Pic0/ClassGroupNorm.lean:704:10: `Ideal.inertiaDeg'` has been deprecated: Use `Ideal.inertiaDeg` instead.
warning: projects/HasseWeil/HasseWeil/Pic0/ClassGroupNorm.lean:702:8: Overlapping instance parameters in `relNorm0_eq_comap_of_inertiaDeg_one`:

⚠️ `[IsDomain
   R]` and `[IsDedekindDomain
   R]` each imply `[Nontrivial R]`, `[IsLeftCancelMulZero R]`, and `[IsRightCancelMulZero R]`.
💡️ Of these, `[IsDomain R]` may be removed.
⚠️ `[IsDomain
   S]` and `[IsDedekindDomain
   S]` each imply `[Nontrivial S]`, `[IsLeftCancelMulZero S]`, and `[IsRightCancelMulZero S]`.
💡️ Of these, `[IsDomain S]` may be removed.
⚠️ `[IsIntegrallyClosed R]` and `[IsDedekindDomain R]` each imply `[IsIntegralClosure R R (FractionRing R)]`.
💡️ Of these, `[IsIntegrallyClosed R]` may be removed.
⚠️ `[IsIntegrallyClosed S]` and `[IsDedekindDomain S]` each imply `[IsIntegralClosure S S (FractionRing S)]`.
💡️ Of these, `[IsIntegrallyClosed S]` may be removed.

Note: This linter can be disabled with `set_option linter.overlappingInstances false`
warning: projects/HasseWeil/HasseWeil/Pic0/ClassGroupNorm.lean:720:10: `Ideal.inertiaDeg'` has been deprecated: Use `Ideal.inertiaDeg` instead.
warning: projects/HasseWeil/HasseWeil/Pic0/ClassGroupNorm.lean:718:8: Overlapping instance parameters in `ClassGroup.mk0_relNorm0_eq_mk0_comap_of_inertiaDeg_one`:

⚠️ `[IsDomain
   R]` and `[IsDedekindDomain
   R]` each imply `[Nontrivial R]`, `[IsLeftCancelMulZero R]`, and `[IsRightCancelMulZero R]`.
💡️ Of these, `[IsDomain R]` may be removed.
⚠️ `[IsDomain
   S]` and `[IsDedekindDomain
   S]` each imply `[Nontrivial S]`, `[IsLeftCancelMulZero S]`, and `[IsRightCancelMulZero S]`.
💡️ Of these, `[IsDomain S]` may be removed.
⚠️ `[IsIntegrallyClosed R]` and `[IsDedekindDomain R]` each imply `[IsIntegralClosure R R (FractionRing R)]`.
💡️ Of these, `[IsIntegrallyClosed R]` may be removed.
⚠️ `[IsIntegrallyClosed S]` and `[IsDedekindDomain S]` each imply `[IsIntegralClosure S S (FractionRing S)]`.
💡️ Of these, `[IsIntegrallyClosed S]` may be removed.

Note: This linter can be disabled with `set_option linter.overlappingInstances false`
warning: projects/HasseWeil/HasseWeil/Pic0/ClassGroupNorm.lean:763:4: `Ideal.inertiaDeg'` has been deprecated: Use `Ideal.inertiaDeg` instead.
warning: projects/HasseWeil/HasseWeil/Pic0/ClassGroupNorm.lean:764:2: Try this: 
  letI̵

The goal is a proposition, so `let` is preferred over `letI`.
The difference between `let` and `letI` is that `letI` inlines the value.
But this is not relevant for proofs because of proof irrelevance.

Note: This linter can be disabled with `set_option linter.style.haveILetI false`
warning: projects/HasseWeil/HasseWeil/Pic0/ClassGroupNorm.lean:765:2: Try this: 
  haveI̵

The goal is a proposition, so `have` is preferred over `haveI`.
The difference between `have` and `haveI` is that `haveI` inlines the value.
But this is not relevant for proofs because of proof irrelevance.

Note: This linter can be disabled with `set_option linter.style.haveILetI false`
warning: projects/HasseWeil/HasseWeil/Pic0/ClassGroupNorm.lean:766:2: Try this: 
  haveI̵

The goal is a proposition, so `have` is preferred over `haveI`.
The difference between `have` and `haveI` is that `haveI` inlines the value.
But this is not relevant for proofs because of proof irrelevance.

Note: This linter can be disabled with `set_option linter.style.haveILetI false`
warning: projects/HasseWeil/HasseWeil/Pic0/ClassGroupNorm.lean:769:2: Try this: 
  haveI̵

The goal is a proposition, so `have` is preferred over `haveI`.
The difference between `have` and `haveI` is that `haveI` inlines the value.
But this is not relevant for proofs because of proof irrelevance.

Note: This linter can be disabled with `set_option linter.style.haveILetI false`
warning: projects/HasseWeil/HasseWeil/Pic0/ClassGroupNorm.lean:773:2: Try this: 
  haveI̵

The goal is a proposition, so `have` is preferred over `haveI`.
The difference between `have` and `haveI` is that `haveI` inlines the value.
But this is not relevant for proofs because of proof irrelevance.

Note: This linter can be disabled with `set_option linter.style.haveILetI false`
warning: projects/HasseWeil/HasseWeil/Pic0/ClassGroupNorm.lean:774:2: Try this: 
  haveI̵

The goal is a proposition, so `have` is preferred over `haveI`.
The difference between `have` and `haveI` is that `haveI` inlines the value.
But this is not relevant for proofs because of proof irrelevance.

Note: This linter can be disabled with `set_option linter.style.haveILetI false`
warning: projects/HasseWeil/HasseWeil/Pic0/ClassGroupNorm.lean:775:2: Try this: 
  haveI̵

The goal is a proposition, so `have` is preferred over `haveI`.
The difference between `have` and `haveI` is that `haveI` inlines the value.
But this is not relevant for proofs because of proof irrelevance.

Note: This linter can be disabled with `set_option linter.style.haveILetI false`
warning: projects/HasseWeil/HasseWeil/Pic0/ClassGroupNorm.lean:776:6: `Ideal.inertiaDeg'_algebraMap` has been deprecated: Use `Ideal.inertiaDeg_eq_of_isMaximal` instead.
warning: projects/HasseWeil/HasseWeil/Pic0/ClassGroupNorm.lean:777:2: Try this: 
  haveI̵

The goal is a proposition, so `have` is preferred over `haveI`.
The difference between `have` and `haveI` is that `haveI` inlines the value.
But this is not relevant for proofs because of proof irrelevance.

Note: This linter can be disabled with `set_option linter.style.haveILetI false`
warning: projects/HasseWeil/HasseWeil/Pic0/ClassGroupNorm.lean:778:2: Try this: 
  haveI̵

The goal is a proposition, so `have` is preferred over `haveI`.
The difference between `have` and `haveI` is that `haveI` inlines the value.
But this is not relevant for proofs because of proof irrelevance.

Note: This linter can be disabled with `set_option linter.style.haveILetI false`
warning: projects/HasseWeil/HasseWeil/Pic0/ClassGroupNorm.lean:793:2: Try this: 
  haveI̵

The goal is a proposition, so `have` is preferred over `haveI`.
The difference between `have` and `haveI` is that `haveI` inlines the value.
But this is not relevant for proofs because of proof irrelevance.

Note: This linter can be disabled with `set_option linter.style.haveILetI false`
warning: projects/HasseWeil/HasseWeil/Pic0/ClassGroupNorm.lean:804:8: Overlapping instance parameters in `ClassGroup.relNorm_one`:

⚠️ `[IsDomain
   R]` and `[IsDedekindDomain
   R]` each imply `[Nontrivial R]`, `[IsLeftCancelMulZero R]`, and `[IsRightCancelMulZero R]`.
💡️ Of these, `[IsDomain R]` may be removed.
⚠️ `[IsDomain
   S]` and `[IsDedekindDomain
   S]` each imply `[Nontrivial S]`, `[IsLeftCancelMulZero S]`, and `[IsRightCancelMulZero S]`.
💡️ Of these, `[IsDomain S]` may be removed.
⚠️ `[IsIntegrallyClosed R]` and `[IsDedekindDomain R]` each imply `[IsIntegralClosure R R (FractionRing R)]`.
💡️ Of these, `[IsIntegrallyClosed R]` may be removed.
⚠️ `[IsIntegrallyClosed S]` and `[IsDedekindDomain S]` each imply `[IsIntegralClosure S S (FractionRing S)]`.
💡️ Of these, `[IsIntegrallyClosed S]` may be removed.

Note: This linter can be disabled with `set_option linter.overlappingInstances false`
warning: projects/HasseWeil/HasseWeil/Pic0/ClassGroupNorm.lean:808:8: Overlapping instance parameters in `ClassGroup.relNorm_mul`:

⚠️ `[IsDomain
   R]` and `[IsDedekindDomain
   R]` each imply `[Nontrivial R]`, `[IsLeftCancelMulZero R]`, and `[IsRightCancelMulZero R]`.
💡️ Of these, `[IsDomain R]` may be removed.
⚠️ `[IsDomain
   S]` and `[IsDedekindDomain
   S]` each imply `[Nontrivial S]`, `[IsLeftCancelMulZero S]`, and `[IsRightCancelMulZero S]`.
💡️ Of these, `[IsDomain S]` may be removed.
⚠️ `[IsIntegrallyClosed R]` and `[IsDedekindDomain R]` each imply `[IsIntegralClosure R R (FractionRing R)]`.
💡️ Of these, `[IsIntegrallyClosed R]` may be removed.
⚠️ `[IsIntegrallyClosed S]` and `[IsDedekindDomain S]` each imply `[IsIntegralClosure S S (FractionRing S)]`.
💡️ Of these, `[IsIntegrallyClosed S]` may be removed.

Note: This linter can be disabled with `set_option linter.overlappingInstances false`
warning: projects/HasseWeil/HasseWeil/Pic0/ClassGroupNorm.lean:835:18: Overlapping instance parameters in `map0`:

⚠️ `[IsDomain
   R]` and `[IsDedekindDomain
   R]` each imply `[Nontrivial R]`, `[IsLeftCancelMulZero R]`, and `[IsRightCancelMulZero R]`.
💡️ Of these, `[IsDomain R]` may be removed.
⚠️ `[IsDomain
   S]` and `[IsDedekindDomain
   S]` each imply `[Nontrivial S]`, `[IsLeftCancelMulZero S]`, and `[IsRightCancelMulZero S]`.
💡️ Of these, `[IsDomain S]` may be removed.
⚠️ `[IsIntegrallyClosed R]` and `[IsDedekindDomain R]` each imply `[IsIntegralClosure R R (FractionRing R)]`.
💡️ Of these, `[IsIntegrallyClosed R]` may be removed.
⚠️ `[IsIntegrallyClosed S]` and `[IsDedekindDomain S]` each imply `[IsIntegralClosure S S (FractionRing S)]`.
💡️ Of these, `[IsIntegrallyClosed S]` may be removed.

Note: This linter can be disabled with `set_option linter.overlappingInstances false`
warning: projects/HasseWeil/HasseWeil/Pic0/ClassGroupNorm.lean:849:18: Overlapping instance parameters in `mk0CompMap0`:

⚠️ `[IsDomain
   R]` and `[IsDedekindDomain
   R]` each imply `[Nontrivial R]`, `[IsLeftCancelMulZero R]`, and `[IsRightCancelMulZero R]`.
💡️ Of these, `[IsDomain R]` may be removed.
⚠️ `[IsDomain
   S]` and `[IsDedekindDomain
   S]` each imply `[Nontrivial S]`, `[IsLeftCancelMulZero S]`, and `[IsRightCancelMulZero S]`.
💡️ Of these, `[IsDomain S]` may be removed.
⚠️ `[IsIntegrallyClosed R]` and `[IsDedekindDomain R]` each imply `[IsIntegralClosure R R (FractionRing R)]`.
💡️ Of these, `[IsIntegrallyClosed R]` may be removed.
⚠️ `[IsIntegrallyClosed S]` and `[IsDedekindDomain S]` each imply `[IsIntegralClosure S S (FractionRing S)]`.
💡️ Of these, `[IsIntegrallyClosed S]` may be removed.

Note: This linter can be disabled with `set_option linter.overlappingInstances false`
warning: projects/HasseWeil/HasseWeil/Pic0/ClassGroupNorm.lean:854:8: Overlapping instance parameters in `mk0CompMap0_apply`:

⚠️ `[IsDomain
   S]` and `[IsDedekindDomain
   S]` each imply `[Nontrivial S]`, `[IsLeftCancelMulZero S]`, and `[IsRightCancelMulZero S]`.
💡️ Of these, `[IsDomain S]` may be removed.

Note: This linter can be disabled with `set_option linter.overlappingInstances false`
warning: projects/HasseWeil/HasseWeil/Pic0/ClassGroupNorm.lean:866:8: Overlapping instance parameters in `mk0CompMap0_eq_of_mk0_eq`:

⚠️ `[IsDomain
   R]` and `[IsDedekindDomain
   R]` each imply `[Nontrivial R]`, `[IsLeftCancelMulZero R]`, and `[IsRightCancelMulZero R]`.
💡️ Of these, `[IsDomain R]` may be removed.
⚠️ `[IsDomain
   S]` and `[IsDedekindDomain
   S]` each imply `[Nontrivial S]`, `[IsLeftCancelMulZero S]`, and `[IsRightCancelMulZero S]`.
💡️ Of these, `[IsDomain S]` may be removed.

Note: This linter can be disabled with `set_option linter.overlappingInstances false`
warning: projects/HasseWeil/HasseWeil/Pic0/ClassGroupNorm.lean:888:18: Overlapping instance parameters in `ClassGroup.map`:

⚠️ `[IsDomain
   R]` and `[IsDedekindDomain
   R]` each imply `[Nontrivial R]`, `[IsLeftCancelMulZero R]`, and `[IsRightCancelMulZero R]`.
💡️ Of these, `[IsDomain R]` may be removed.
⚠️ `[IsDomain
   S]` and `[IsDedekindDomain
   S]` each imply `[Nontrivial S]`, `[IsLeftCancelMulZero S]`, and `[IsRightCancelMulZero S]`.
💡️ Of these, `[IsDomain S]` may be removed.
⚠️ `[IsIntegrallyClosed R]` and `[IsDedekindDomain R]` each imply `[IsIntegralClosure R R (FractionRing R)]`.
💡️ Of these, `[IsIntegrallyClosed R]` may be removed.
⚠️ `[IsIntegrallyClosed S]` and `[IsDedekindDomain S]` each imply `[IsIntegralClosure S S (FractionRing S)]`.
💡️ Of these, `[IsIntegrallyClosed S]` may be removed.

Note: This linter can be disabled with `set_option linter.overlappingInstances false`
warning: projects/HasseWeil/HasseWeil/Pic0/ClassGroupNorm.lean:906:8: Overlapping instance parameters in `ClassGroup.map_mk0`:

⚠️ `[IsDomain
   R]` and `[IsDedekindDomain
   R]` each imply `[Nontrivial R]`, `[IsLeftCancelMulZero R]`, and `[IsRightCancelMulZero R]`.
💡️ Of these, `[IsDomain R]` may be removed.
⚠️ `[IsDomain
   S]` and `[IsDedekindDomain
   S]` each imply `[Nontrivial S]`, `[IsLeftCancelMulZero S]`, and `[IsRightCancelMulZero S]`.
💡️ Of these, `[IsDomain S]` may be removed.

Note: This linter can be disabled with `set_option linter.overlappingInstances false`
warning: projects/HasseWeil/HasseWeil/Pic0/ClassGroupNorm.lean:913:8: Overlapping instance parameters in `ClassGroup.map_one`:

⚠️ `[IsDomain
   R]` and `[IsDedekindDomain
   R]` each imply `[Nontrivial R]`, `[IsLeftCancelMulZero R]`, and `[IsRightCancelMulZero R]`.
💡️ Of these, `[IsDomain R]` may be removed.
⚠️ `[IsDomain
   S]` and `[IsDedekindDomain
   S]` each imply `[Nontrivial S]`, `[IsLeftCancelMulZero S]`, and `[IsRightCancelMulZero S]`.
💡️ Of these, `[IsDomain S]` may be removed.

Note: This linter can be disabled with `set_option linter.overlappingInstances false`
warning: projects/HasseWeil/HasseWeil/Pic0/ClassGroupNorm.lean:918:8: Overlapping instance parameters in `ClassGroup.map_mul`:

⚠️ `[IsDomain
   R]` and `[IsDedekindDomain
   R]` each imply `[Nontrivial R]`, `[IsLeftCancelMulZero R]`, and `[IsRightCancelMulZero R]`.
💡️ Of these, `[IsDomain R]` may be removed.
⚠️ `[IsDomain
   S]` and `[IsDedekindDomain
   S]` each imply `[Nontrivial S]`, `[IsLeftCancelMulZero S]`, and `[IsRightCancelMulZero S]`.
💡️ Of these, `[IsDomain S]` may be removed.

Note: This linter can be disabled with `set_option linter.overlappingInstances false`
warning: projects/HasseWeil/HasseWeil/Pic0/ClassGroupNorm.lean:930:8: Overlapping instance parameters in `Ideal.relNorm_map_algebraMap`:

⚠️ `[IsDomain
   R]` and `[IsDedekindDomain
   R]` each imply `[Nontrivial R]`, `[IsLeftCancelMulZero R]`, and `[IsRightCancelMulZero R]`.
💡️ Of these, `[IsDomain R]` may be removed.
⚠️ `[IsDomain
   S]` and `[IsDedekindDomain
   S]` each imply `[Nontrivial S]`, `[IsLeftCancelMulZero S]`, and `[IsRightCancelMulZero S]`.
💡️ Of these, `[IsDomain S]` may be removed.
⚠️ `[IsIntegrallyClosed R]` and `[IsDedekindDomain R]` each imply `[IsIntegralClosure R R (FractionRing R)]`.
💡️ Of these, `[IsIntegrallyClosed R]` may be removed.
⚠️ `[IsIntegrallyClosed S]` and `[IsDedekindDomain S]` each imply `[IsIntegralClosure S S (FractionRing S)]`.
💡️ Of these, `[IsIntegrallyClosed S]` may be removed.

Note: This linter can be disabled with `set_option linter.overlappingInstances false`
warning: projects/HasseWeil/HasseWeil/Pic0/ClassGroupNorm.lean:944:8: Overlapping instance parameters in `ClassGroup.relNorm_comp_map`:

⚠️ `[IsDomain
   R]` and `[IsDedekindDomain
   R]` each imply `[Nontrivial R]`, `[IsLeftCancelMulZero R]`, and `[IsRightCancelMulZero R]`.
💡️ Of these, `[IsDomain R]` may be removed.
⚠️ `[IsDomain
   S]` and `[IsDedekindDomain
   S]` each imply `[Nontrivial S]`, `[IsLeftCancelMulZero S]`, and `[IsRightCancelMulZero S]`.
💡️ Of these, `[IsDomain S]` may be removed.
⚠️ `[IsIntegrallyClosed R]` and `[IsDedekindDomain R]` each imply `[IsIntegralClosure R R (FractionRing R)]`.
💡️ Of these, `[IsIntegrallyClosed R]` may be removed.
⚠️ `[IsIntegrallyClosed S]` and `[IsDedekindDomain S]` each imply `[IsIntegralClosure S S (FractionRing S)]`.
💡️ Of these, `[IsIntegrallyClosed S]` may be removed.

Note: This linter can be disabled with `set_option linter.overlappingInstances false`
warning: projects/HasseWeil/HasseWeil/Pic0/ClassGroupNorm.lean:955:8: Overlapping instance parameters in `ClassGroup.relNorm_comp_map_eq`:

⚠️ `[IsDomain
   R]` and `[IsDedekindDomain
   R]` each imply `[Nontrivial R]`, `[IsLeftCancelMulZero R]`, and `[IsRightCancelMulZero R]`.
💡️ Of these, `[IsDomain R]` may be removed.
⚠️ `[IsDomain
   S]` and `[IsDedekindDomain
   S]` each imply `[Nontrivial S]`, `[IsLeftCancelMulZero S]`, and `[IsRightCancelMulZero S]`.
💡️ Of these, `[IsDomain S]` may be removed.
⚠️ `[IsIntegrallyClosed R]` and `[IsDedekindDomain R]` each imply `[IsIntegralClosure R R (FractionRing R)]`.
💡️ Of these, `[IsIntegrallyClosed R]` may be removed.
⚠️ `[IsIntegrallyClosed S]` and `[IsDedekindDomain S]` each imply `[IsIntegralClosure S S (FractionRing S)]`.
💡️ Of these, `[IsIntegrallyClosed S]` may be removed.

Note: This linter can be disabled with `set_option linter.overlappingInstances false`
⚠ [11336/11819] Replayed HasseWeil.Isogeny.ClassGroup
warning: projects/HasseWeil/HasseWeil/Isogeny/ClassGroup.lean:204:8: `Algebra.IsAlgebraic.finrank_of_isFractionRing` has been deprecated: Use `IsFractionRing.finrank_eq` instead

Note: The updated constant is in a different namespace. Dot notation may need to be changed (e.g., from `x.finrank_of_isFractionRing` to `IsFractionRing.finrank_eq x`).

Hint: Replace the deprecated name:
  A̵l̵g̵e̵b̵r̵a̵.̵I̵s̵A̵l̵g̵e̵b̵r̵a̵i̵c̵.̵f̵i̵n̵r̵a̵n̵k̵_̵o̵f̵_̵i̵s̵F̵r̵a̵c̵t̵i̵o̵n̵R̵i̵n̵g̵I̲s̲F̲r̲a̲c̲t̲i̲o̲n̲R̲i̲n̲g̲.̲f̲i̲n̲r̲a̲n̲k̲_̲e̲q̲
warning: projects/HasseWeil/HasseWeil/Isogeny/ClassGroup.lean:222:2: Try this: 
  letI̵

The goal is a proposition, so `let` is preferred over `letI`.
The difference between `let` and `letI` is that `letI` inlines the value.
But this is not relevant for proofs because of proof irrelevance.

Note: This linter can be disabled with `set_option linter.style.haveILetI false`
warning: projects/HasseWeil/HasseWeil/Isogeny/ClassGroup.lean:223:2: Try this: 
  haveI̵

The goal is a proposition, so `have` is preferred over `haveI`.
The difference between `have` and `haveI` is that `haveI` inlines the value.
But this is not relevant for proofs because of proof irrelevance.

Note: This linter can be disabled with `set_option linter.style.haveILetI false`
warning: projects/HasseWeil/HasseWeil/Isogeny/ClassGroup.lean:224:2: Try this: 
  haveI̵

The goal is a proposition, so `have` is preferred over `haveI`.
The difference between `have` and `haveI` is that `haveI` inlines the value.
But this is not relevant for proofs because of proof irrelevance.

Note: This linter can be disabled with `set_option linter.style.haveILetI false`
⚠ [11337/11819] Replayed HasseWeil.Pic0.ToClassSurjective
warning: projects/HasseWeil/HasseWeil/Pic0/ToClassSurjective.lean:337:2: Try this: 
  haveI̵

The goal is a proposition, so `have` is preferred over `haveI`.
The difference between `have` and `haveI` is that `haveI` inlines the value.
But this is not relevant for proofs because of proof irrelevance.

Note: This linter can be disabled with `set_option linter.style.haveILetI false`
warning: projects/HasseWeil/HasseWeil/Pic0/ToClassSurjective.lean:339:2: Try this: 
  haveI̵

The goal is a proposition, so `have` is preferred over `haveI`.
The difference between `have` and `haveI` is that `haveI` inlines the value.
But this is not relevant for proofs because of proof irrelevance.

Note: This linter can be disabled with `set_option linter.style.haveILetI false`
warning: projects/HasseWeil/HasseWeil/Pic0/ToClassSurjective.lean:431:2: Try this: 
  haveI̵

The goal is a proposition, so `have` is preferred over `haveI`.
The difference between `have` and `haveI` is that `haveI` inlines the value.
But this is not relevant for proofs because of proof irrelevance.

Note: This linter can be disabled with `set_option linter.style.haveILetI false`
warning: projects/HasseWeil/HasseWeil/Pic0/ToClassSurjective.lean:434:2: Try this: 
  haveI̵

The goal is a proposition, so `have` is preferred over `haveI`.
The difference between `have` and `haveI` is that `haveI` inlines the value.
But this is not relevant for proofs because of proof irrelevance.

Note: This linter can be disabled with `set_option linter.style.haveILetI false`
warning: projects/HasseWeil/HasseWeil/Pic0/ToClassSurjective.lean:468:2: Try this: 
  haveI̵

The goal is a proposition, so `have` is preferred over `haveI`.
The difference between `have` and `haveI` is that `haveI` inlines the value.
But this is not relevant for proofs because of proof irrelevance.

Note: This linter can be disabled with `set_option linter.style.haveILetI false`
warning: projects/HasseWeil/HasseWeil/Pic0/ToClassSurjective.lean:469:2: Try this: 
  haveI̵

The goal is a proposition, so `have` is preferred over `haveI`.
The difference between `have` and `haveI` is that `haveI` inlines the value.
But this is not relevant for proofs because of proof irrelevance.

Note: This linter can be disabled with `set_option linter.style.haveILetI false`
warning: projects/HasseWeil/HasseWeil/Pic0/ToClassSurjective.lean:471:2: Try this: 
  haveI̵

The goal is a proposition, so `have` is preferred over `haveI`.
The difference between `have` and `haveI` is that `haveI` inlines the value.
But this is not relevant for proofs because of proof irrelevance.

Note: This linter can be disabled with `set_option linter.style.haveILetI false`
warning: projects/HasseWeil/HasseWeil/Pic0/ToClassSurjective.lean:478:20: `ENat.coe_inj` has been deprecated: Use `ENat.natCast_inj` instead

Hint: Replace the deprecated name:
  E̵N̵a̵t̵.̵c̵o̵e̵_̵i̵n̵j̵E̲N̲a̲t̲.̲n̲a̲t̲C̲a̲s̲t̲_̲i̲n̲j̲
warning: projects/HasseWeil/HasseWeil/Pic0/ToClassSurjective.lean:587:9: Private declaration `quotComapEquivCoeIdealQuot_aux` accessed publicly; this is allowed only because the `backward.privateInPublic` option is enabled. 

Disable `backward.privateInPublic.warn` to silence this warning.
warning: projects/HasseWeil/HasseWeil/Pic0/ToClassSurjective.lean:588:16: Private declaration `quotEquivOneCoeIdealQuot_aux` accessed publicly; this is allowed only because the `backward.privateInPublic` option is enabled. 

Disable `backward.privateInPublic.warn` to silence this warning.
warning: projects/HasseWeil/HasseWeil/Pic0/ToClassSurjective.lean:604:2: Try this: 
  haveI̵

The goal is a proposition, so `have` is preferred over `haveI`.
The difference between `have` and `haveI` is that `haveI` inlines the value.
But this is not relevant for proofs because of proof irrelevance.

Note: This linter can be disabled with `set_option linter.style.haveILetI false`
warning: projects/HasseWeil/HasseWeil/Pic0/ToClassSurjective.lean:606:2: Try this: 
  haveI̵

The goal is a proposition, so `have` is preferred over `haveI`.
The difference between `have` and `haveI` is that `haveI` inlines the value.
But this is not relevant for proofs because of proof irrelevance.

Note: This linter can be disabled with `set_option linter.style.haveILetI false`
warning: projects/HasseWeil/HasseWeil/Pic0/ToClassSurjective.lean:607:2: Try this: 
  haveI̵

The goal is a proposition, so `have` is preferred over `haveI`.
The difference between `have` and `haveI` is that `haveI` inlines the value.
But this is not relevant for proofs because of proof irrelevance.

Note: This linter can be disabled with `set_option linter.style.haveILetI false`
warning: projects/HasseWeil/HasseWeil/Pic0/ToClassSurjective.lean:629:2: Try this: 
  haveI̵

The goal is a proposition, so `have` is preferred over `haveI`.
The difference between `have` and `haveI` is that `haveI` inlines the value.
But this is not relevant for proofs because of proof irrelevance.

Note: This linter can be disabled with `set_option linter.style.haveILetI false`
warning: projects/HasseWeil/HasseWeil/Pic0/ToClassSurjective.lean:675:2: Try this: 
  haveI̵

The goal is a proposition, so `have` is preferred over `haveI`.
The difference between `have` and `haveI` is that `haveI` inlines the value.
But this is not relevant for proofs because of proof irrelevance.

Note: This linter can be disabled with `set_option linter.style.haveILetI false`
warning: projects/HasseWeil/HasseWeil/Pic0/ToClassSurjective.lean:801:2: Try this: 
  haveI̵

The goal is a proposition, so `have` is preferred over `haveI`.
The difference between `have` and `haveI` is that `haveI` inlines the value.
But this is not relevant for proofs because of proof irrelevance.

Note: This linter can be disabled with `set_option linter.style.haveILetI false`
warning: projects/HasseWeil/HasseWeil/Pic0/ToClassSurjective.lean:818:2: Try this: 
  haveI̵

The goal is a proposition, so `have` is preferred over `haveI`.
The difference between `have` and `haveI` is that `haveI` inlines the value.
But this is not relevant for proofs because of proof irrelevance.

Note: This linter can be disabled with `set_option linter.style.haveILetI false`
warning: projects/HasseWeil/HasseWeil/Pic0/ToClassSurjective.lean:882:4: Try this: 
  haveI̵

The goal is a proposition, so `have` is preferred over `haveI`.
The difference between `have` and `haveI` is that `haveI` inlines the value.
But this is not relevant for proofs because of proof irrelevance.

Note: This linter can be disabled with `set_option linter.style.haveILetI false`
⚠ [11338/11819] Replayed HasseWeil.Pic0.PicDual
warning: projects/HasseWeil/HasseWeil/Pic0/PicDual.lean:338:2: Try this: 
  letI̵

The goal is a proposition, so `let` is preferred over `letI`.
The difference between `let` and `letI` is that `letI` inlines the value.
But this is not relevant for proofs because of proof irrelevance.

Note: This linter can be disabled with `set_option linter.style.haveILetI false`
warning: projects/HasseWeil/HasseWeil/Pic0/PicDual.lean:339:2: Try this: 
  haveI̵

The goal is a proposition, so `have` is preferred over `haveI`.
The difference between `have` and `haveI` is that `haveI` inlines the value.
But this is not relevant for proofs because of proof irrelevance.

Note: This linter can be disabled with `set_option linter.style.haveILetI false`
warning: projects/HasseWeil/HasseWeil/Pic0/PicDual.lean:340:2: Try this: 
  haveI̵

The goal is a proposition, so `have` is preferred over `haveI`.
The difference between `have` and `haveI` is that `haveI` inlines the value.
But this is not relevant for proofs because of proof irrelevance.

Note: This linter can be disabled with `set_option linter.style.haveILetI false`
warning: projects/HasseWeil/HasseWeil/Pic0/PicDual.lean:378:2: Try this: 
  letI̵

The goal is a proposition, so `let` is preferred over `letI`.
The difference between `let` and `letI` is that `letI` inlines the value.
But this is not relevant for proofs because of proof irrelevance.

Note: This linter can be disabled with `set_option linter.style.haveILetI false`
warning: projects/HasseWeil/HasseWeil/Pic0/PicDual.lean:379:2: Try this: 
  haveI̵

The goal is a proposition, so `have` is preferred over `haveI`.
The difference between `have` and `haveI` is that `haveI` inlines the value.
But this is not relevant for proofs because of proof irrelevance.

Note: This linter can be disabled with `set_option linter.style.haveILetI false`
warning: projects/HasseWeil/HasseWeil/Pic0/PicDual.lean:380:2: Try this: 
  haveI̵

The goal is a proposition, so `have` is preferred over `haveI`.
The difference between `have` and `haveI` is that `haveI` inlines the value.
But this is not relevant for proofs because of proof irrelevance.

Note: This linter can be disabled with `set_option linter.style.haveILetI false`
warning: projects/HasseWeil/HasseWeil/Pic0/PicDual.lean:426:2: Try this: 
  letI̵

The goal is a proposition, so `let` is preferred over `letI`.
The difference between `let` and `letI` is that `letI` inlines the value.
But this is not relevant for proofs because of proof irrelevance.

Note: This linter can be disabled with `set_option linter.style.haveILetI false`
warning: projects/HasseWeil/HasseWeil/Pic0/PicDual.lean:427:2: Try this: 
  haveI̵

The goal is a proposition, so `have` is preferred over `haveI`.
The difference between `have` and `haveI` is that `haveI` inlines the value.
But this is not relevant for proofs because of proof irrelevance.

Note: This linter can be disabled with `set_option linter.style.haveILetI false`
warning: projects/HasseWeil/HasseWeil/Pic0/PicDual.lean:428:2: Try this: 
  haveI̵

The goal is a proposition, so `have` is preferred over `haveI`.
The difference between `have` and `haveI` is that `haveI` inlines the value.
But this is not relevant for proofs because of proof irrelevance.

Note: This linter can be disabled with `set_option linter.style.haveILetI false`
warning: projects/HasseWeil/HasseWeil/Pic0/PicDual.lean:430:2: Try this: 
  haveI̵

The goal is a proposition, so `have` is preferred over `haveI`.
The difference between `have` and `haveI` is that `haveI` inlines the value.
But this is not relevant for proofs because of proof irrelevance.

Note: This linter can be disabled with `set_option linter.style.haveILetI false`
warning: projects/HasseWeil/HasseWeil/Pic0/PicDual.lean:434:12: `Ideal.inertiaDeg'` has been deprecated: Use `Ideal.inertiaDeg` instead.
warning: projects/HasseWeil/HasseWeil/Pic0/PicDual.lean:678:0: automatically included section variable(s) unused in theorem `HasseWeil.Isogeny.eq_of_comp_eq_of_surjective`:
  [WeierstrassCurve.IsElliptic E]
consider restructuring your `variable` declarations so that the variables are not in scope or explicitly omit them:
  omit [WeierstrassCurve.IsElliptic E] in theorem ...

Note: This linter can be disabled with `set_option linter.unusedSectionVars false`
⚠ [11340/11819] Replayed HasseWeil.HasseBound.WeilPairing.PairingNondeg
warning: projects/HasseWeil/HasseWeil/HasseBound/WeilPairing/PairingNondeg.lean:161:2: Try this: 
  letI̵

The goal is a proposition, so `let` is preferred over `letI`.
The difference between `let` and `letI` is that `letI` inlines the value.
But this is not relevant for proofs because of proof irrelevance.

Note: This linter can be disabled with `set_option linter.style.haveILetI false`
warning: projects/HasseWeil/HasseWeil/HasseBound/WeilPairing/PairingNondeg.lean:190:2: Try this: 
  letI̵

The goal is a proposition, so `let` is preferred over `letI`.
The difference between `let` and `letI` is that `letI` inlines the value.
But this is not relevant for proofs because of proof irrelevance.

Note: This linter can be disabled with `set_option linter.style.haveILetI false`
warning: projects/HasseWeil/HasseWeil/HasseBound/WeilPairing/PairingNondeg.lean:191:2: Try this: 
  haveI̵

The goal is a proposition, so `have` is preferred over `haveI`.
The difference between `have` and `haveI` is that `haveI` inlines the value.
But this is not relevant for proofs because of proof irrelevance.

Note: This linter can be disabled with `set_option linter.style.haveILetI false`
warning: projects/HasseWeil/HasseWeil/HasseBound/WeilPairing/PairingNondeg.lean:193:2: Try this: 
  haveI̵

The goal is a proposition, so `have` is preferred over `haveI`.
The difference between `have` and `haveI` is that `haveI` inlines the value.
But this is not relevant for proofs because of proof irrelevance.

Note: This linter can be disabled with `set_option linter.style.haveILetI false`
warning: projects/HasseWeil/HasseWeil/HasseBound/WeilPairing/PairingNondeg.lean:224:2: Try this: 
  haveI̵

The goal is a proposition, so `have` is preferred over `haveI`.
The difference between `have` and `haveI` is that `haveI` inlines the value.
But this is not relevant for proofs because of proof irrelevance.

Note: This linter can be disabled with `set_option linter.style.haveILetI false`
⚠ [11345/11819] Replayed HasseWeil.FormalGroup.FormalGroupLawSpec
warning: projects/HasseWeil/HasseWeil/FormalGroup/FormalGroupLawSpec.lean:110:62: `if_neg` has been deprecated: Use `ite_eq_right` instead

Hint: Replace the deprecated name:
  i̵f̵_̵n̵e̵g̵i̲t̲e̲_̲e̲q̲_̲r̲i̲g̲h̲t̲
warning: projects/HasseWeil/HasseWeil/FormalGroup/FormalGroupLawSpec.lean:118:72: `if_pos` has been deprecated: Use `ite_eq_left` instead

Hint: Replace the deprecated name:
  i̵f̵_̵p̵o̵s̵i̲t̲e̲_̲e̲q̲_̲l̲e̲f̲t̲
warning: projects/HasseWeil/HasseWeil/FormalGroup/FormalGroupLawSpec.lean:196:8: `if_neg` has been deprecated: Use `ite_eq_right` instead

Hint: Replace the deprecated name:
  i̵f̵_̵n̵e̵g̵i̲t̲e̲_̲e̲q̲_̲r̲i̲g̲h̲t̲
warning: projects/HasseWeil/HasseWeil/FormalGroup/FormalGroupLawSpec.lean:196:27: `if_neg` has been deprecated: Use `ite_eq_right` instead

Hint: Replace the deprecated name:
  i̵f̵_̵n̵e̵g̵i̲t̲e̲_̲e̲q̲_̲r̲i̲g̲h̲t̲
warning: projects/HasseWeil/HasseWeil/FormalGroup/FormalGroupLawSpec.lean:196:46: `if_pos` has been deprecated: Use `ite_eq_left` instead

Hint: Replace the deprecated name:
  i̵f̵_̵p̵o̵s̵i̲t̲e̲_̲e̲q̲_̲l̲e̲f̲t̲
warning: projects/HasseWeil/HasseWeil/FormalGroup/FormalGroupLawSpec.lean:196:57: `if_pos` has been deprecated: Use `ite_eq_left` instead

Hint: Replace the deprecated name:
  i̵f̵_̵p̵o̵s̵i̲t̲e̲_̲e̲q̲_̲l̲e̲f̲t̲
warning: projects/HasseWeil/HasseWeil/FormalGroup/FormalGroupLawSpec.lean:197:8: `if_pos` has been deprecated: Use `ite_eq_left` instead

Hint: Replace the deprecated name:
  i̵f̵_̵p̵o̵s̵i̲t̲e̲_̲e̲q̲_̲l̲e̲f̲t̲
warning: projects/HasseWeil/HasseWeil/FormalGroup/FormalGroupLawSpec.lean:197:27: `if_neg` has been deprecated: Use `ite_eq_right` instead

Hint: Replace the deprecated name:
  i̵f̵_̵n̵e̵g̵i̲t̲e̲_̲e̲q̲_̲r̲i̲g̲h̲t̲
warning: projects/HasseWeil/HasseWeil/FormalGroup/FormalGroupLawSpec.lean:197:46: `if_pos` has been deprecated: Use `ite_eq_left` instead

Hint: Replace the deprecated name:
  i̵f̵_̵p̵o̵s̵i̲t̲e̲_̲e̲q̲_̲l̲e̲f̲t̲
warning: projects/HasseWeil/HasseWeil/FormalGroup/FormalGroupLawSpec.lean:197:57: `if_neg` has been deprecated: Use `ite_eq_right` instead

Hint: Replace the deprecated name:
  i̵f̵_̵n̵e̵g̵i̲t̲e̲_̲e̲q̲_̲r̲i̲g̲h̲t̲
warning: projects/HasseWeil/HasseWeil/FormalGroup/FormalGroupLawSpec.lean:199:8: `if_neg` has been deprecated: Use `ite_eq_right` instead

Hint: Replace the deprecated name:
  i̵f̵_̵n̵e̵g̵i̲t̲e̲_̲e̲q̲_̲r̲i̲g̲h̲t̲
warning: projects/HasseWeil/HasseWeil/FormalGroup/FormalGroupLawSpec.lean:199:27: `if_pos` has been deprecated: Use `ite_eq_left` instead

Hint: Replace the deprecated name:
  i̵f̵_̵p̵o̵s̵i̲t̲e̲_̲e̲q̲_̲l̲e̲f̲t̲
warning: projects/HasseWeil/HasseWeil/FormalGroup/FormalGroupLawSpec.lean:199:46: `if_neg` has been deprecated: Use `ite_eq_right` instead

Hint: Replace the deprecated name:
  i̵f̵_̵n̵e̵g̵i̲t̲e̲_̲e̲q̲_̲r̲i̲g̲h̲t̲
warning: projects/HasseWeil/HasseWeil/FormalGroup/FormalGroupLawSpec.lean:199:57: `if_pos` has been deprecated: Use `ite_eq_left` instead

Hint: Replace the deprecated name:
  i̵f̵_̵p̵o̵s̵i̲t̲e̲_̲e̲q̲_̲l̲e̲f̲t̲
warning: projects/HasseWeil/HasseWeil/FormalGroup/FormalGroupLawSpec.lean:201:8: `if_pos` has been deprecated: Use `ite_eq_left` instead

Hint: Replace the deprecated name:
  i̵f̵_̵p̵o̵s̵i̲t̲e̲_̲e̲q̲_̲l̲e̲f̲t̲
warning: projects/HasseWeil/HasseWeil/FormalGroup/FormalGroupLawSpec.lean:201:27: `if_pos` has been deprecated: Use `ite_eq_left` instead

Hint: Replace the deprecated name:
  i̵f̵_̵p̵o̵s̵i̲t̲e̲_̲e̲q̲_̲l̲e̲f̲t̲
warning: projects/HasseWeil/HasseWeil/FormalGroup/FormalGroupLawSpec.lean:201:46: `if_neg` has been deprecated: Use `ite_eq_right` instead

Hint: Replace the deprecated name:
  i̵f̵_̵n̵e̵g̵i̲t̲e̲_̲e̲q̲_̲r̲i̲g̲h̲t̲
warning: projects/HasseWeil/HasseWeil/FormalGroup/FormalGroupLawSpec.lean:201:57: `if_neg` has been deprecated: Use `ite_eq_right` instead

Hint: Replace the deprecated name:
  i̵f̵_̵n̵e̵g̵i̲t̲e̲_̲e̲q̲_̲r̲i̲g̲h̲t̲
warning: projects/HasseWeil/HasseWeil/FormalGroup/FormalGroupLawSpec.lean:263:16: `if_neg` has been deprecated: Use `ite_eq_right` instead

Hint: Replace the deprecated name:
  i̵f̵_̵n̵e̵g̵i̲t̲e̲_̲e̲q̲_̲r̲i̲g̲h̲t̲
warning: projects/HasseWeil/HasseWeil/FormalGroup/FormalGroupLawSpec.lean:281:8: `if_pos` has been deprecated: Use `ite_eq_left` instead

Hint: Replace the deprecated name:
  i̵f̵_̵p̵o̵s̵i̲t̲e̲_̲e̲q̲_̲l̲e̲f̲t̲
warning: projects/HasseWeil/HasseWeil/FormalGroup/FormalGroupLawSpec.lean:595:39: `if_false` has been deprecated: Use `ite_false` instead

Hint: Replace the deprecated name:
  i̵f̵_̵f̵a̵l̵s̵e̵i̲t̲e̲_̲f̲a̲l̲s̲e̲
warning: projects/HasseWeil/HasseWeil/FormalGroup/FormalGroupLawSpec.lean:595:49: `if_neg` has been deprecated: Use `ite_eq_right` instead

Hint: Replace the deprecated name:
  i̵f̵_̵n̵e̵g̵i̲t̲e̲_̲e̲q̲_̲r̲i̲g̲h̲t̲
warning: projects/HasseWeil/HasseWeil/FormalGroup/FormalGroupLawSpec.lean:599:8: `if_pos` has been deprecated: Use `ite_eq_left` instead

Hint: Replace the deprecated name:
  i̵f̵_̵p̵o̵s̵i̲t̲e̲_̲e̲q̲_̲l̲e̲f̲t̲
warning: projects/HasseWeil/HasseWeil/FormalGroup/FormalGroupLawSpec.lean:599:18: `if_pos` has been deprecated: Use `ite_eq_left` instead

Hint: Replace the deprecated name:
  i̵f̵_̵p̵o̵s̵i̲t̲e̲_̲e̲q̲_̲l̲e̲f̲t̲
warning: projects/HasseWeil/HasseWeil/FormalGroup/FormalGroupLawSpec.lean:600:8: `if_neg` has been deprecated: Use `ite_eq_right` instead

Hint: Replace the deprecated name:
  i̵f̵_̵n̵e̵g̵i̲t̲e̲_̲e̲q̲_̲r̲i̲g̲h̲t̲
warning: projects/HasseWeil/HasseWeil/FormalGroup/FormalGroupLawSpec.lean:600:18: `if_neg` has been deprecated: Use `ite_eq_right` instead

Hint: Replace the deprecated name:
  i̵f̵_̵n̵e̵g̵i̲t̲e̲_̲e̲q̲_̲r̲i̲g̲h̲t̲
warning: projects/HasseWeil/HasseWeil/FormalGroup/FormalGroupLawSpec.lean:600:28: `if_pos` has been deprecated: Use `ite_eq_left` instead

Hint: Replace the deprecated name:
  i̵f̵_̵p̵o̵s̵i̲t̲e̲_̲e̲q̲_̲l̲e̲f̲t̲
warning: projects/HasseWeil/HasseWeil/FormalGroup/FormalGroupLawSpec.lean:613:10: `if_pos` has been deprecated: Use `ite_eq_left` instead

Hint: Replace the deprecated name:
  i̵f̵_̵p̵o̵s̵i̲t̲e̲_̲e̲q̲_̲l̲e̲f̲t̲
warning: projects/HasseWeil/HasseWeil/FormalGroup/FormalGroupLawSpec.lean:616:8: `if_pos` has been deprecated: Use `ite_eq_left` instead

Hint: Replace the deprecated name:
  i̵f̵_̵p̵o̵s̵i̲t̲e̲_̲e̲q̲_̲l̲e̲f̲t̲
warning: projects/HasseWeil/HasseWeil/FormalGroup/FormalGroupLawSpec.lean:617:10: `if_neg` has been deprecated: Use `ite_eq_right` instead

Hint: Replace the deprecated name:
  i̵f̵_̵n̵e̵g̵i̲t̲e̲_̲e̲q̲_̲r̲i̲g̲h̲t̲
warning: projects/HasseWeil/HasseWeil/FormalGroup/FormalGroupLawSpec.lean:618:41: `if_neg` has been deprecated: Use `ite_eq_right` instead

Hint: Replace the deprecated name:
  i̵f̵_̵n̵e̵g̵i̲t̲e̲_̲e̲q̲_̲r̲i̲g̲h̲t̲
warning: projects/HasseWeil/HasseWeil/FormalGroup/FormalGroupLawSpec.lean:621:4: `if_pos` has been deprecated: Use `ite_eq_left` instead

Hint: Replace the deprecated name:
  i̵f̵_̵p̵o̵s̵i̲t̲e̲_̲e̲q̲_̲l̲e̲f̲t̲
warning: projects/HasseWeil/HasseWeil/FormalGroup/FormalGroupLawSpec.lean:656:8: `if_pos` has been deprecated: Use `ite_eq_left` instead

Hint: Replace the deprecated name:
  i̵f̵_̵p̵o̵s̵i̲t̲e̲_̲e̲q̲_̲l̲e̲f̲t̲
warning: projects/HasseWeil/HasseWeil/FormalGroup/FormalGroupLawSpec.lean:662:8: `if_neg` has been deprecated: Use `ite_eq_right` instead

Hint: Replace the deprecated name:
  i̵f̵_̵n̵e̵g̵i̲t̲e̲_̲e̲q̲_̲r̲i̲g̲h̲t̲
warning: projects/HasseWeil/HasseWeil/FormalGroup/FormalGroupLawSpec.lean:686:8: `if_pos` has been deprecated: Use `ite_eq_left` instead

Hint: Replace the deprecated name:
  i̵f̵_̵p̵o̵s̵i̲t̲e̲_̲e̲q̲_̲l̲e̲f̲t̲
warning: projects/HasseWeil/HasseWeil/FormalGroup/FormalGroupLawSpec.lean:686:20: `if_pos` has been deprecated: Use `ite_eq_left` instead

Hint: Replace the deprecated name:
  i̵f̵_̵p̵o̵s̵i̲t̲e̲_̲e̲q̲_̲l̲e̲f̲t̲
warning: projects/HasseWeil/HasseWeil/FormalGroup/FormalGroupLawSpec.lean:687:8: `if_neg` has been deprecated: Use `ite_eq_right` instead

Hint: Replace the deprecated name:
  i̵f̵_̵n̵e̵g̵i̲t̲e̲_̲e̲q̲_̲r̲i̲g̲h̲t̲
warning: projects/HasseWeil/HasseWeil/FormalGroup/FormalGroupLawSpec.lean:687:20: `if_neg` has been deprecated: Use `ite_eq_right` instead

Hint: Replace the deprecated name:
  i̵f̵_̵n̵e̵g̵i̲t̲e̲_̲e̲q̲_̲r̲i̲g̲h̲t̲
warning: projects/HasseWeil/HasseWeil/FormalGroup/FormalGroupLawSpec.lean:785:35: `if_neg` has been deprecated: Use `ite_eq_right` instead

Hint: Replace the deprecated name:
  i̵f̵_̵n̵e̵g̵i̲t̲e̲_̲e̲q̲_̲r̲i̲g̲h̲t̲
warning: projects/HasseWeil/HasseWeil/FormalGroup/FormalGroupLawSpec.lean:787:37: `if_pos` has been deprecated: Use `ite_eq_left` instead

Hint: Replace the deprecated name:
  i̵f̵_̵p̵o̵s̵i̲t̲e̲_̲e̲q̲_̲l̲e̲f̲t̲
warning: projects/HasseWeil/HasseWeil/FormalGroup/FormalGroupLawSpec.lean:790:10: `if_pos` has been deprecated: Use `ite_eq_left` instead

Hint: Replace the deprecated name:
  i̵f̵_̵p̵o̵s̵i̲t̲e̲_̲e̲q̲_̲l̲e̲f̲t̲
warning: projects/HasseWeil/HasseWeil/FormalGroup/FormalGroupLawSpec.lean:790:21: `if_pos` has been deprecated: Use `ite_eq_left` instead

Hint: Replace the deprecated name:
  i̵f̵_̵p̵o̵s̵i̲t̲e̲_̲e̲q̲_̲l̲e̲f̲t̲
warning: projects/HasseWeil/HasseWeil/FormalGroup/FormalGroupLawSpec.lean:793:51: `if_pos` has been deprecated: Use `ite_eq_left` instead

Hint: Replace the deprecated name:
  i̵f̵_̵p̵o̵s̵i̲t̲e̲_̲e̲q̲_̲l̲e̲f̲t̲
warning: projects/HasseWeil/HasseWeil/FormalGroup/FormalGroupLawSpec.lean:794:10: `if_neg` has been deprecated: Use `ite_eq_right` instead

Hint: Replace the deprecated name:
  i̵f̵_̵n̵e̵g̵i̲t̲e̲_̲e̲q̲_̲r̲i̲g̲h̲t̲
warning: projects/HasseWeil/HasseWeil/FormalGroup/FormalGroupLawSpec.lean:794:21: `if_neg` has been deprecated: Use `ite_eq_right` instead

Hint: Replace the deprecated name:
  i̵f̵_̵n̵e̵g̵i̲t̲e̲_̲e̲q̲_̲r̲i̲g̲h̲t̲
warning: projects/HasseWeil/HasseWeil/FormalGroup/FormalGroupLawSpec.lean:810:8: `if_pos` has been deprecated: Use `ite_eq_left` instead

Hint: Replace the deprecated name:
  i̵f̵_̵p̵o̵s̵i̲t̲e̲_̲e̲q̲_̲l̲e̲f̲t̲
warning: projects/HasseWeil/HasseWeil/FormalGroup/FormalGroupLawSpec.lean:823:8: `if_neg` has been deprecated: Use `ite_eq_right` instead

Hint: Replace the deprecated name:
  i̵f̵_̵n̵e̵g̵i̲t̲e̲_̲e̲q̲_̲r̲i̲g̲h̲t̲
warning: projects/HasseWeil/HasseWeil/FormalGroup/FormalGroupLawSpec.lean:850:33: `if_neg` has been deprecated: Use `ite_eq_right` instead

Hint: Replace the deprecated name:
  i̵f̵_̵n̵e̵g̵i̲t̲e̲_̲e̲q̲_̲r̲i̲g̲h̲t̲
warning: projects/HasseWeil/HasseWeil/FormalGroup/FormalGroupLawSpec.lean:852:14: `if_pos` has been deprecated: Use `ite_eq_left` instead

Hint: Replace the deprecated name:
  i̵f̵_̵p̵o̵s̵i̲t̲e̲_̲e̲q̲_̲l̲e̲f̲t̲
warning: projects/HasseWeil/HasseWeil/FormalGroup/FormalGroupLawSpec.lean:852:25: `if_pos` has been deprecated: Use `ite_eq_left` instead

Hint: Replace the deprecated name:
  i̵f̵_̵p̵o̵s̵i̲t̲e̲_̲e̲q̲_̲l̲e̲f̲t̲
warning: projects/HasseWeil/HasseWeil/FormalGroup/FormalGroupLawSpec.lean:854:14: `if_neg` has been deprecated: Use `ite_eq_right` instead

Hint: Replace the deprecated name:
  i̵f̵_̵n̵e̵g̵i̲t̲e̲_̲e̲q̲_̲r̲i̲g̲h̲t̲
warning: projects/HasseWeil/HasseWeil/FormalGroup/FormalGroupLawSpec.lean:854:25: `if_neg` has been deprecated: Use `ite_eq_right` instead

Hint: Replace the deprecated name:
  i̵f̵_̵n̵e̵g̵i̲t̲e̲_̲e̲q̲_̲r̲i̲g̲h̲t̲
warning: projects/HasseWeil/HasseWeil/FormalGroup/FormalGroupLawSpec.lean:1059:6: `if_neg` has been deprecated: Use `ite_eq_right` instead

Hint: Replace the deprecated name:
  i̵f̵_̵n̵e̵g̵i̲t̲e̲_̲e̲q̲_̲r̲i̲g̲h̲t̲
warning: projects/HasseWeil/HasseWeil/FormalGroup/FormalGroupLawSpec.lean:1059:17: `if_neg` has been deprecated: Use `ite_eq_right` instead

Hint: Replace the deprecated name:
  i̵f̵_̵n̵e̵g̵i̲t̲e̲_̲e̲q̲_̲r̲i̲g̲h̲t̲
warning: projects/HasseWeil/HasseWeil/FormalGroup/FormalGroupLawSpec.lean:1059:28: `if_neg` has been deprecated: Use `ite_eq_right` instead

Hint: Replace the deprecated name:
  i̵f̵_̵n̵e̵g̵i̲t̲e̲_̲e̲q̲_̲r̲i̲g̲h̲t̲
warning: projects/HasseWeil/HasseWeil/FormalGroup/FormalGroupLawSpec.lean:1059:39: `if_neg` has been deprecated: Use `ite_eq_right` instead

Hint: Replace the deprecated name:
  i̵f̵_̵n̵e̵g̵i̲t̲e̲_̲e̲q̲_̲r̲i̲g̲h̲t̲
warning: projects/HasseWeil/HasseWeil/FormalGroup/FormalGroupLawSpec.lean:1059:50: `if_neg` has been deprecated: Use `ite_eq_right` instead

Hint: Replace the deprecated name:
  i̵f̵_̵n̵e̵g̵i̲t̲e̲_̲e̲q̲_̲r̲i̲g̲h̲t̲
warning: projects/HasseWeil/HasseWeil/FormalGroup/FormalGroupLawSpec.lean:1084:59: `if_pos` has been deprecated: Use `ite_eq_left` instead

Hint: Replace the deprecated name:
  i̵f̵_̵p̵o̵s̵i̲t̲e̲_̲e̲q̲_̲l̲e̲f̲t̲
warning: projects/HasseWeil/HasseWeil/FormalGroup/FormalGroupLawSpec.lean:1086:47: `if_neg` has been deprecated: Use `ite_eq_right` instead

Hint: Replace the deprecated name:
  i̵f̵_̵n̵e̵g̵i̲t̲e̲_̲e̲q̲_̲r̲i̲g̲h̲t̲
warning: projects/HasseWeil/HasseWeil/FormalGroup/FormalGroupLawSpec.lean:1100:24: `if_pos` has been deprecated: Use `ite_eq_left` instead

Hint: Replace the deprecated name:
  i̵f̵_̵p̵o̵s̵i̲t̲e̲_̲e̲q̲_̲l̲e̲f̲t̲
warning: projects/HasseWeil/HasseWeil/FormalGroup/FormalGroupLawSpec.lean:1102:10: `if_neg` has been deprecated: Use `ite_eq_right` instead

Hint: Replace the deprecated name:
  i̵f̵_̵n̵e̵g̵i̲t̲e̲_̲e̲q̲_̲r̲i̲g̲h̲t̲
warning: projects/HasseWeil/HasseWeil/FormalGroup/FormalGroupLawSpec.lean:1110:24: `if_pos` has been deprecated: Use `ite_eq_left` instead

Hint: Replace the deprecated name:
  i̵f̵_̵p̵o̵s̵i̲t̲e̲_̲e̲q̲_̲l̲e̲f̲t̲
warning: projects/HasseWeil/HasseWeil/FormalGroup/FormalGroupLawSpec.lean:1112:10: `if_neg` has been deprecated: Use `ite_eq_right` instead

Hint: Replace the deprecated name:
  i̵f̵_̵n̵e̵g̵i̲t̲e̲_̲e̲q̲_̲r̲i̲g̲h̲t̲
warning: projects/HasseWeil/HasseWeil/FormalGroup/FormalGroupLawSpec.lean:1124:8: `if_pos` has been deprecated: Use `ite_eq_left` instead

Hint: Replace the deprecated name:
  i̵f̵_̵p̵o̵s̵i̲t̲e̲_̲e̲q̲_̲l̲e̲f̲t̲
warning: projects/HasseWeil/HasseWeil/FormalGroup/FormalGroupLawSpec.lean:1129:10: `if_pos` has been deprecated: Use `ite_eq_left` instead

Hint: Replace the deprecated name:
  i̵f̵_̵p̵o̵s̵i̲t̲e̲_̲e̲q̲_̲l̲e̲f̲t̲
warning: projects/HasseWeil/HasseWeil/FormalGroup/FormalGroupLawSpec.lean:1129:49: `if_pos` has been deprecated: Use `ite_eq_left` instead

Hint: Replace the deprecated name:
  i̵f̵_̵p̵o̵s̵i̲t̲e̲_̲e̲q̲_̲l̲e̲f̲t̲
warning: projects/HasseWeil/HasseWeil/FormalGroup/FormalGroupLawSpec.lean:1130:10: `if_neg` has been deprecated: Use `ite_eq_right` instead

Hint: Replace the deprecated name:
  i̵f̵_̵n̵e̵g̵i̲t̲e̲_̲e̲q̲_̲r̲i̲g̲h̲t̲
warning: projects/HasseWeil/HasseWeil/FormalGroup/FormalGroupLawSpec.lean:1131:8: `if_neg` has been deprecated: Use `ite_eq_right` instead

Hint: Replace the deprecated name:
  i̵f̵_̵n̵e̵g̵i̲t̲e̲_̲e̲q̲_̲r̲i̲g̲h̲t̲
warning: projects/HasseWeil/HasseWeil/FormalGroup/FormalGroupLawSpec.lean:1132:8: `if_neg` has been deprecated: Use `ite_eq_right` instead

Hint: Replace the deprecated name:
  i̵f̵_̵n̵e̵g̵i̲t̲e̲_̲e̲q̲_̲r̲i̲g̲h̲t̲
warning: projects/HasseWeil/HasseWeil/FormalGroup/FormalGroupLawSpec.lean:1132:20: `if_neg` has been deprecated: Use `ite_eq_right` instead

Hint: Replace the deprecated name:
  i̵f̵_̵n̵e̵g̵i̲t̲e̲_̲e̲q̲_̲r̲i̲g̲h̲t̲
warning: projects/HasseWeil/HasseWeil/FormalGroup/FormalGroupLawSpec.lean:1146:57: `if_neg` has been deprecated: Use `ite_eq_right` instead

Hint: Replace the deprecated name:
  i̵f̵_̵n̵e̵g̵i̲t̲e̲_̲e̲q̲_̲r̲i̲g̲h̲t̲
warning: projects/HasseWeil/HasseWeil/FormalGroup/FormalGroupLawSpec.lean:1146:68: `if_pos` has been deprecated: Use `ite_eq_left` instead

Hint: Replace the deprecated name:
  i̵f̵_̵p̵o̵s̵i̲t̲e̲_̲e̲q̲_̲l̲e̲f̲t̲
warning: projects/HasseWeil/HasseWeil/FormalGroup/FormalGroupLawSpec.lean:1710:6: `if_pos` has been deprecated: Use `ite_eq_left` instead

Hint: Replace the deprecated name:
  i̵f̵_̵p̵o̵s̵i̲t̲e̲_̲e̲q̲_̲l̲e̲f̲t̲
warning: projects/HasseWeil/HasseWeil/FormalGroup/FormalGroupLawSpec.lean:1725:6: `if_neg` has been deprecated: Use `ite_eq_right` instead

Hint: Replace the deprecated name:
  i̵f̵_̵n̵e̵g̵i̲t̲e̲_̲e̲q̲_̲r̲i̲g̲h̲t̲
warning: projects/HasseWeil/HasseWeil/FormalGroup/FormalGroupLawSpec.lean:1725:17: `if_pos` has been deprecated: Use `ite_eq_left` instead

Hint: Replace the deprecated name:
  i̵f̵_̵p̵o̵s̵i̲t̲e̲_̲e̲q̲_̲l̲e̲f̲t̲
warning: projects/HasseWeil/HasseWeil/FormalGroup/FormalGroupLawSpec.lean:1737:8: `if_neg` has been deprecated: Use `ite_eq_right` instead

Hint: Replace the deprecated name:
  i̵f̵_̵n̵e̵g̵i̲t̲e̲_̲e̲q̲_̲r̲i̲g̲h̲t̲
warning: projects/HasseWeil/HasseWeil/FormalGroup/FormalGroupLawSpec.lean:1737:19: `if_neg` has been deprecated: Use `ite_eq_right` instead

Hint: Replace the deprecated name:
  i̵f̵_̵n̵e̵g̵i̲t̲e̲_̲e̲q̲_̲r̲i̲g̲h̲t̲
warning: projects/HasseWeil/HasseWeil/FormalGroup/FormalGroupLawSpec.lean:1737:30: `if_pos` has been deprecated: Use `ite_eq_left` instead

Hint: Replace the deprecated name:
  i̵f̵_̵p̵o̵s̵i̲t̲e̲_̲e̲q̲_̲l̲e̲f̲t̲
warning: projects/HasseWeil/HasseWeil/FormalGroup/FormalGroupLawSpec.lean:1741:12: `if_neg` has been deprecated: Use `ite_eq_right` instead

Hint: Replace the deprecated name:
  i̵f̵_̵n̵e̵g̵i̲t̲e̲_̲e̲q̲_̲r̲i̲g̲h̲t̲
warning: projects/HasseWeil/HasseWeil/FormalGroup/FormalGroupLawSpec.lean:1741:23: `if_neg` has been deprecated: Use `ite_eq_right` instead

Hint: Replace the deprecated name:
  i̵f̵_̵n̵e̵g̵i̲t̲e̲_̲e̲q̲_̲r̲i̲g̲h̲t̲
warning: projects/HasseWeil/HasseWeil/FormalGroup/FormalGroupLawSpec.lean:1741:34: `if_neg` has been deprecated: Use `ite_eq_right` instead

Hint: Replace the deprecated name:
  i̵f̵_̵n̵e̵g̵i̲t̲e̲_̲e̲q̲_̲r̲i̲g̲h̲t̲
warning: projects/HasseWeil/HasseWeil/FormalGroup/FormalGroupLawSpec.lean:1741:45: `if_pos` has been deprecated: Use `ite_eq_left` instead

Hint: Replace the deprecated name:
  i̵f̵_̵p̵o̵s̵i̲t̲e̲_̲e̲q̲_̲l̲e̲f̲t̲
warning: projects/HasseWeil/HasseWeil/FormalGroup/FormalGroupLawSpec.lean:1743:12: `if_neg` has been deprecated: Use `ite_eq_right` instead

Hint: Replace the deprecated name:
  i̵f̵_̵n̵e̵g̵i̲t̲e̲_̲e̲q̲_̲r̲i̲g̲h̲t̲
warning: projects/HasseWeil/HasseWeil/FormalGroup/FormalGroupLawSpec.lean:1743:23: `if_neg` has been deprecated: Use `ite_eq_right` instead

Hint: Replace the deprecated name:
  i̵f̵_̵n̵e̵g̵i̲t̲e̲_̲e̲q̲_̲r̲i̲g̲h̲t̲
warning: projects/HasseWeil/HasseWeil/FormalGroup/FormalGroupLawSpec.lean:1743:34: `if_neg` has been deprecated: Use `ite_eq_right` instead

Hint: Replace the deprecated name:
  i̵f̵_̵n̵e̵g̵i̲t̲e̲_̲e̲q̲_̲r̲i̲g̲h̲t̲
warning: projects/HasseWeil/HasseWeil/FormalGroup/FormalGroupLawSpec.lean:1743:45: `if_pos` has been deprecated: Use `ite_eq_left` instead

Hint: Replace the deprecated name:
  i̵f̵_̵p̵o̵s̵i̲t̲e̲_̲e̲q̲_̲l̲e̲f̲t̲
warning: projects/HasseWeil/HasseWeil/FormalGroup/FormalGroupLawSpec.lean:1748:14: `if_neg` has been deprecated: Use `ite_eq_right` instead

Hint: Replace the deprecated name:
  i̵f̵_̵n̵e̵g̵i̲t̲e̲_̲e̲q̲_̲r̲i̲g̲h̲t̲
warning: projects/HasseWeil/HasseWeil/FormalGroup/FormalGroupLawSpec.lean:1748:25: `if_neg` has been deprecated: Use `ite_eq_right` instead

Hint: Replace the deprecated name:
  i̵f̵_̵n̵e̵g̵i̲t̲e̲_̲e̲q̲_̲r̲i̲g̲h̲t̲
warning: projects/HasseWeil/HasseWeil/FormalGroup/FormalGroupLawSpec.lean:1748:36: `if_neg` has been deprecated: Use `ite_eq_right` instead

Hint: Replace the deprecated name:
  i̵f̵_̵n̵e̵g̵i̲t̲e̲_̲e̲q̲_̲r̲i̲g̲h̲t̲
warning: projects/HasseWeil/HasseWeil/FormalGroup/FormalGroupLawSpec.lean:1748:47: `if_neg` has been deprecated: Use `ite_eq_right` instead

Hint: Replace the deprecated name:
  i̵f̵_̵n̵e̵g̵i̲t̲e̲_̲e̲q̲_̲r̲i̲g̲h̲t̲
warning: projects/HasseWeil/HasseWeil/FormalGroup/FormalGroupLawSpec.lean:1748:58: `if_pos` has been deprecated: Use `ite_eq_left` instead

Hint: Replace the deprecated name:
  i̵f̵_̵p̵o̵s̵i̲t̲e̲_̲e̲q̲_̲l̲e̲f̲t̲
warning: projects/HasseWeil/HasseWeil/FormalGroup/FormalGroupLawSpec.lean:1749:12: `if_neg` has been deprecated: Use `ite_eq_right` instead

Hint: Replace the deprecated name:
  i̵f̵_̵n̵e̵g̵i̲t̲e̲_̲e̲q̲_̲r̲i̲g̲h̲t̲
warning: projects/HasseWeil/HasseWeil/FormalGroup/FormalGroupLawSpec.lean:1751:14: `if_neg` has been deprecated: Use `ite_eq_right` instead

Hint: Replace the deprecated name:
  i̵f̵_̵n̵e̵g̵i̲t̲e̲_̲e̲q̲_̲r̲i̲g̲h̲t̲
warning: projects/HasseWeil/HasseWeil/FormalGroup/FormalGroupLawSpec.lean:1751:25: `if_neg` has been deprecated: Use `ite_eq_right` instead

Hint: Replace the deprecated name:
  i̵f̵_̵n̵e̵g̵i̲t̲e̲_̲e̲q̲_̲r̲i̲g̲h̲t̲
warning: projects/HasseWeil/HasseWeil/FormalGroup/FormalGroupLawSpec.lean:1751:36: `if_neg` has been deprecated: Use `ite_eq_right` instead

Hint: Replace the deprecated name:
  i̵f̵_̵n̵e̵g̵i̲t̲e̲_̲e̲q̲_̲r̲i̲g̲h̲t̲
warning: projects/HasseWeil/HasseWeil/FormalGroup/FormalGroupLawSpec.lean:1751:47: `if_neg` has been deprecated: Use `ite_eq_right` instead

Hint: Replace the deprecated name:
  i̵f̵_̵n̵e̵g̵i̲t̲e̲_̲e̲q̲_̲r̲i̲g̲h̲t̲
warning: projects/HasseWeil/HasseWeil/FormalGroup/FormalGroupLawSpec.lean:1751:58: `if_pos` has been deprecated: Use `ite_eq_left` instead

Hint: Replace the deprecated name:
  i̵f̵_̵p̵o̵s̵i̲t̲e̲_̲e̲q̲_̲l̲e̲f̲t̲
warning: projects/HasseWeil/HasseWeil/FormalGroup/FormalGroupLawSpec.lean:1752:12: `if_pos` has been deprecated: Use `ite_eq_left` instead

Hint: Replace the deprecated name:
  i̵f̵_̵p̵o̵s̵i̲t̲e̲_̲e̲q̲_̲l̲e̲f̲t̲
warning: projects/HasseWeil/HasseWeil/FormalGroup/FormalGroupLawSpec.lean:1754:14: `if_neg` has been deprecated: Use `ite_eq_right` instead

Hint: Replace the deprecated name:
  i̵f̵_̵n̵e̵g̵i̲t̲e̲_̲e̲q̲_̲r̲i̲g̲h̲t̲
warning: projects/HasseWeil/HasseWeil/FormalGroup/FormalGroupLawSpec.lean:1754:25: `if_neg` has been deprecated: Use `ite_eq_right` instead

Hint: Replace the deprecated name:
  i̵f̵_̵n̵e̵g̵i̲t̲e̲_̲e̲q̲_̲r̲i̲g̲h̲t̲
warning: projects/HasseWeil/HasseWeil/FormalGroup/FormalGroupLawSpec.lean:1754:36: `if_neg` has been deprecated: Use `ite_eq_right` instead

Hint: Replace the deprecated name:
  i̵f̵_̵n̵e̵g̵i̲t̲e̲_̲e̲q̲_̲r̲i̲g̲h̲t̲
warning: projects/HasseWeil/HasseWeil/FormalGroup/FormalGroupLawSpec.lean:1754:47: `if_neg` has been deprecated: Use `ite_eq_right` instead

Hint: Replace the deprecated name:
  i̵f̵_̵n̵e̵g̵i̲t̲e̲_̲e̲q̲_̲r̲i̲g̲h̲t̲
warning: projects/HasseWeil/HasseWeil/FormalGroup/FormalGroupLawSpec.lean:1754:58: `if_pos` has been deprecated: Use `ite_eq_left` instead

Hint: Replace the deprecated name:
  i̵f̵_̵p̵o̵s̵i̲t̲e̲_̲e̲q̲_̲l̲e̲f̲t̲
warning: projects/HasseWeil/HasseWeil/FormalGroup/FormalGroupLawSpec.lean:1755:12: `if_neg` has been deprecated: Use `ite_eq_right` instead

Hint: Replace the deprecated name:
  i̵f̵_̵n̵e̵g̵i̲t̲e̲_̲e̲q̲_̲r̲i̲g̲h̲t̲
⚠ [11346/11819] Replayed HasseWeil.Foundation.ChordExpansion
warning: projects/HasseWeil/HasseWeil/Foundation/ChordExpansion.lean:104:12: `HahnSeries.embDomain_notin_range` has been deprecated: Use `HahnSeries.embDomain_of_notMem_range` instead

Hint: Replace the deprecated name:
  H̵a̵h̵n̵S̵e̵r̵i̵e̵s̵.̵e̵m̵b̵D̵o̵m̵a̵i̵n̵_̵n̵o̵t̵i̵n̵_̵r̵a̵n̵g̵e̵H̲a̲h̲n̲S̲e̲r̲i̲e̲s̲.̲e̲m̲b̲D̲o̲m̲a̲i̲n̲_̲o̲f̲_̲n̲o̲t̲M̲e̲m̲_̲r̲a̲n̲g̲e̲
⚠ [11348/11819] Replayed HasseWeil.Foundation.Curves.Map.CurveMapBaseChange
warning: projects/HasseWeil/HasseWeil/Foundation/Curves/Map/CurveMapBaseChange.lean:186:4: Unused tactic linter: `change (cd.baseChangeInnerAlgHom L) (Polynomial.C (algebraMap F L a)) = _` does nothing

Note: This linter can be disabled with `set_option linter.unusedTactic false`
warning: projects/HasseWeil/HasseWeil/Foundation/Curves/Map/CurveMapBaseChange.lean:700:22: `TensorProduct.induction_on` has been deprecated: Use `TensorProduction.inductionOn` instead
warning: projects/HasseWeil/HasseWeil/Foundation/Curves/Map/CurveMapBaseChange.lean:719:2: Try this: 
  letI̵

The goal is a proposition, so `let` is preferred over `letI`.
The difference between `let` and `letI` is that `letI` inlines the value.
But this is not relevant for proofs because of proof irrelevance.

Note: This linter can be disabled with `set_option linter.style.haveILetI false`
warning: projects/HasseWeil/HasseWeil/Foundation/Curves/Map/CurveMapBaseChange.lean:734:2: Try this: 
  haveI̵

The goal is a proposition, so `have` is preferred over `haveI`.
The difference between `have` and `haveI` is that `haveI` inlines the value.
But this is not relevant for proofs because of proof irrelevance.

Note: This linter can be disabled with `set_option linter.style.haveILetI false`
warning: projects/HasseWeil/HasseWeil/Foundation/Curves/Map/CurveMapBaseChange.lean:735:2: Try this: 
  letI̵

The goal is a proposition, so `let` is preferred over `letI`.
The difference between `let` and `letI` is that `letI` inlines the value.
But this is not relevant for proofs because of proof irrelevance.

Note: This linter can be disabled with `set_option linter.style.haveILetI false`
warning: projects/HasseWeil/HasseWeil/Foundation/Curves/Map/CurveMapBaseChange.lean:736:2: Try this: 
  haveI̵

The goal is a proposition, so `have` is preferred over `haveI`.
The difference between `have` and `haveI` is that `haveI` inlines the value.
But this is not relevant for proofs because of proof irrelevance.

Note: This linter can be disabled with `set_option linter.style.haveILetI false`
warning: projects/HasseWeil/HasseWeil/Foundation/Curves/Map/CurveMapBaseChange.lean:765:2: Try this: 
  letI̵

The goal is a proposition, so `let` is preferred over `letI`.
The difference between `let` and `letI` is that `letI` inlines the value.
But this is not relevant for proofs because of proof irrelevance.

Note: This linter can be disabled with `set_option linter.style.haveILetI false`
warning: projects/HasseWeil/HasseWeil/Foundation/Curves/Map/CurveMapBaseChange.lean:769:2: Try this: 
  haveI̵

The goal is a proposition, so `have` is preferred over `haveI`.
The difference between `have` and `haveI` is that `haveI` inlines the value.
But this is not relevant for proofs because of proof irrelevance.

Note: This linter can be disabled with `set_option linter.style.haveILetI false`
warning: projects/HasseWeil/HasseWeil/Foundation/Curves/Map/CurveMapBaseChange.lean:793:2: Try this: 
  letI̵

The goal is a proposition, so `let` is preferred over `letI`.
The difference between `let` and `letI` is that `letI` inlines the value.
But this is not relevant for proofs because of proof irrelevance.

Note: This linter can be disabled with `set_option linter.style.haveILetI false`
warning: projects/HasseWeil/HasseWeil/Foundation/Curves/Map/CurveMapBaseChange.lean:796:2: Try this: 
  letI̵

The goal is a proposition, so `let` is preferred over `letI`.
The difference between `let` and `letI` is that `letI` inlines the value.
But this is not relevant for proofs because of proof irrelevance.

Note: This linter can be disabled with `set_option linter.style.haveILetI false`
warning: projects/HasseWeil/HasseWeil/Foundation/Curves/Map/CurveMapBaseChange.lean:800:2: Try this: 
  haveI̵

The goal is a proposition, so `have` is preferred over `haveI`.
The difference between `have` and `haveI` is that `haveI` inlines the value.
But this is not relevant for proofs because of proof irrelevance.

Note: This linter can be disabled with `set_option linter.style.haveILetI false`
warning: projects/HasseWeil/HasseWeil/Foundation/Curves/Map/CurveMapBaseChange.lean:812:2: Try this: 
  haveI̵

The goal is a proposition, so `have` is preferred over `haveI`.
The difference between `have` and `haveI` is that `haveI` inlines the value.
But this is not relevant for proofs because of proof irrelevance.

Note: This linter can be disabled with `set_option linter.style.haveILetI false`
warning: projects/HasseWeil/HasseWeil/Foundation/Curves/Map/CurveMapBaseChange.lean:849:2: Try this: 
  letI̵

The goal is a proposition, so `let` is preferred over `letI`.
The difference between `let` and `letI` is that `letI` inlines the value.
But this is not relevant for proofs because of proof irrelevance.

Note: This linter can be disabled with `set_option linter.style.haveILetI false`
warning: projects/HasseWeil/HasseWeil/Foundation/Curves/Map/CurveMapBaseChange.lean:868:2: Try this: 
  letI̵

The goal is a proposition, so `let` is preferred over `letI`.
The difference between `let` and `letI` is that `letI` inlines the value.
But this is not relevant for proofs because of proof irrelevance.

Note: This linter can be disabled with `set_option linter.style.haveILetI false`
warning: projects/HasseWeil/HasseWeil/Foundation/Curves/Map/CurveMapBaseChange.lean:869:2: Try this: 
  letI̵

The goal is a proposition, so `let` is preferred over `letI`.
The difference between `let` and `letI` is that `letI` inlines the value.
But this is not relevant for proofs because of proof irrelevance.

Note: This linter can be disabled with `set_option linter.style.haveILetI false`
warning: projects/HasseWeil/HasseWeil/Foundation/Curves/Map/CurveMapBaseChange.lean:870:2: Try this: 
  haveI̵

The goal is a proposition, so `have` is preferred over `haveI`.
The difference between `have` and `haveI` is that `haveI` inlines the value.
But this is not relevant for proofs because of proof irrelevance.

Note: This linter can be disabled with `set_option linter.style.haveILetI false`
warning: projects/HasseWeil/HasseWeil/Foundation/Curves/Map/CurveMapBaseChange.lean:876:20: `TensorProduct.induction_on` has been deprecated: Use `TensorProduction.inductionOn` instead
warning: projects/HasseWeil/HasseWeil/Foundation/Curves/Map/CurveMapBaseChange.lean:902:2: Try this: 
  letI̵

The goal is a proposition, so `let` is preferred over `letI`.
The difference between `let` and `letI` is that `letI` inlines the value.
But this is not relevant for proofs because of proof irrelevance.

Note: This linter can be disabled with `set_option linter.style.haveILetI false`
warning: projects/HasseWeil/HasseWeil/Foundation/Curves/Map/CurveMapBaseChange.lean:903:2: Try this: 
  letI̵

The goal is a proposition, so `let` is preferred over `letI`.
The difference between `let` and `letI` is that `letI` inlines the value.
But this is not relevant for proofs because of proof irrelevance.

Note: This linter can be disabled with `set_option linter.style.haveILetI false`
⚠ [11352/11819] Replayed HasseWeil.HasseBound.Infrastructure
warning: projects/HasseWeil/HasseWeil/HasseBound/Infrastructure.lean:260:2: Try this: 
  haveI̵

The goal is a proposition, so `have` is preferred over `haveI`.
The difference between `have` and `haveI` is that `haveI` inlines the value.
But this is not relevant for proofs because of proof irrelevance.

Note: This linter can be disabled with `set_option linter.style.haveILetI false`
warning: projects/HasseWeil/HasseWeil/HasseBound/Infrastructure.lean:261:2: Try this: 
  haveI̵

The goal is a proposition, so `have` is preferred over `haveI`.
The difference between `have` and `haveI` is that `haveI` inlines the value.
But this is not relevant for proofs because of proof irrelevance.

Note: This linter can be disabled with `set_option linter.style.haveILetI false`
warning: projects/HasseWeil/HasseWeil/HasseBound/Infrastructure.lean:340:2: Try this: 
  haveI̵

The goal is a proposition, so `have` is preferred over `haveI`.
The difference between `have` and `haveI` is that `haveI` inlines the value.
But this is not relevant for proofs because of proof irrelevance.

Note: This linter can be disabled with `set_option linter.style.haveILetI false`
warning: projects/HasseWeil/HasseWeil/HasseBound/Infrastructure.lean:341:2: Try this: 
  haveI̵

The goal is a proposition, so `have` is preferred over `haveI`.
The difference between `have` and `haveI` is that `haveI` inlines the value.
But this is not relevant for proofs because of proof irrelevance.

Note: This linter can be disabled with `set_option linter.style.haveILetI false`
warning: projects/HasseWeil/HasseWeil/HasseBound/Infrastructure.lean:485:2: Try this: 
  haveI̵

The goal is a proposition, so `have` is preferred over `haveI`.
The difference between `have` and `haveI` is that `haveI` inlines the value.
But this is not relevant for proofs because of proof irrelevance.

Note: This linter can be disabled with `set_option linter.style.haveILetI false`
warning: projects/HasseWeil/HasseWeil/HasseBound/Infrastructure.lean:491:2: Try this: 
  haveI̵

The goal is a proposition, so `have` is preferred over `haveI`.
The difference between `have` and `haveI` is that `haveI` inlines the value.
But this is not relevant for proofs because of proof irrelevance.

Note: This linter can be disabled with `set_option linter.style.haveILetI false`
warning: projects/HasseWeil/HasseWeil/HasseBound/Infrastructure.lean:380:0: automatically included section variable(s) unused in theorem `HasseWeil.OpenLemmas.function_field_x_separable`:
  [Fintype K]
  [DecidableEq K]
consider restructuring your `variable` declarations so that the variables are not in scope or explicitly omit them:
  omit [Fintype K] [DecidableEq K] in theorem ...

Note: This linter can be disabled with `set_option linter.unusedSectionVars false`
warning: projects/HasseWeil/HasseWeil/HasseBound/Infrastructure.lean:699:0: automatically included section variable(s) unused in theorem `HasseWeil.OpenLemmas.vertical_principal`:
  [Fintype K]
consider restructuring your `variable` declarations so that the variables are not in scope or explicitly omit them:
  omit [Fintype K] in theorem ...

Note: This linter can be disabled with `set_option linter.unusedSectionVars false`
warning: projects/HasseWeil/HasseWeil/HasseBound/Infrastructure.lean:799:0: automatically included section variable(s) unused in theorem `HasseWeil.OpenLemmas.miller_principal`:
  [Fintype K]
consider restructuring your `variable` declarations so that the variables are not in scope or explicitly omit them:
  omit [Fintype K] in theorem ...

Note: This linter can be disabled with `set_option linter.unusedSectionVars false`
warning: projects/HasseWeil/HasseWeil/HasseBound/Infrastructure.lean:816:0: automatically included section variable(s) unused in theorem `HasseWeil.OpenLemmas.degree_zero_divisor_reduce`:
  [Fintype K]
consider restructuring your `variable` declarations so that the variables are not in scope or explicitly omit them:
  omit [Fintype K] in theorem ...

Note: This linter can be disabled with `set_option linter.unusedSectionVars false`
warning: projects/HasseWeil/HasseWeil/HasseBound/Infrastructure.lean:834:0: automatically included section variable(s) unused in theorem `HasseWeil.OpenLemmas.point_minus_O_principal_eq_zero`:
  [Fintype K]
consider restructuring your `variable` declarations so that the variables are not in scope or explicitly omit them:
  omit [Fintype K] in theorem ...

Note: This linter can be disabled with `set_option linter.unusedSectionVars false`
warning: projects/HasseWeil/HasseWeil/HasseBound/Infrastructure.lean:834:8: Overlapping instance parameters in `point_minus_O_principal_eq_zero`:

⚠️ `[IsDedekindDomain
   {
       toAffine :=
         W.toAffine }.CoordinateRing]` and `[IsIntegrallyClosed
   {
       toAffine :=
         W.toAffine }.CoordinateRing]` each imply `[IsIntegralClosure { toAffine := W.toAffine }.CoordinateRing
   { toAffine := W.toAffine }.CoordinateRing (FractionRing { toAffine := W.toAffine }.CoordinateRing)]`.
💡️ Of these, `[IsDedekindDomain
   {
       toAffine :=
         W.toAffine }.CoordinateRing]` and `[IsIntegrallyClosed
   { toAffine := W.toAffine }.CoordinateRing]` may be removed.

Note: This linter can be disabled with `set_option linter.overlappingInstances false`
warning: projects/HasseWeil/HasseWeil/HasseBound/Infrastructure.lean:857:0: automatically included section variable(s) unused in theorem `HasseWeil.OpenLemmas.coordRingImage_ordAtInfty_ne_neg_one`:
  [Fintype K]
  [DecidableEq K]
  [WeierstrassCurve.IsElliptic W.toAffine]
consider restructuring your `variable` declarations so that the variables are not in scope or explicitly omit them:
  omit [Fintype K] [DecidableEq K] [WeierstrassCurve.IsElliptic W.toAffine] in theorem ...

Note: This linter can be disabled with `set_option linter.unusedSectionVars false`
warning: projects/HasseWeil/HasseWeil/HasseBound/Infrastructure.lean:910:0: automatically included section variable(s) unused in theorem `HasseWeil.OpenLemmas.isogeny_degree_baseChange_eq`:
  [Fintype K]
consider restructuring your `variable` declarations so that the variables are not in scope or explicitly omit them:
  omit [Fintype K] in theorem ...

Note: This linter can be disabled with `set_option linter.unusedSectionVars false`
warning: projects/HasseWeil/HasseWeil/HasseBound/Infrastructure.lean:1065:2: Try this: 
  haveI̵

The goal is a proposition, so `have` is preferred over `haveI`.
The difference between `have` and `haveI` is that `haveI` inlines the value.
But this is not relevant for proofs because of proof irrelevance.

Note: This linter can be disabled with `set_option linter.style.haveILetI false`
warning: projects/HasseWeil/HasseWeil/HasseBound/Infrastructure.lean:1066:2: Try this: 
  haveI̵

The goal is a proposition, so `have` is preferred over `haveI`.
The difference between `have` and `haveI` is that `haveI` inlines the value.
But this is not relevant for proofs because of proof irrelevance.

Note: This linter can be disabled with `set_option linter.style.haveILetI false`
warning: projects/HasseWeil/HasseWeil/HasseBound/Infrastructure.lean:1084:2: Try this: 
  haveI̵

The goal is a proposition, so `have` is preferred over `haveI`.
The difference between `have` and `haveI` is that `haveI` inlines the value.
But this is not relevant for proofs because of proof irrelevance.

Note: This linter can be disabled with `set_option linter.style.haveILetI false`
warning: projects/HasseWeil/HasseWeil/HasseBound/Infrastructure.lean:1085:2: Try this: 
  haveI̵

The goal is a proposition, so `have` is preferred over `haveI`.
The difference between `have` and `haveI` is that `haveI` inlines the value.
But this is not relevant for proofs because of proof irrelevance.

Note: This linter can be disabled with `set_option linter.style.haveILetI false`
⚠ [11353/11819] Replayed HasseWeil.HasseBound.Primitives
warning: projects/HasseWeil/HasseWeil/HasseBound/Primitives.lean:235:10: `Ideal.inertiaDeg'` has been deprecated: Use `Ideal.inertiaDeg` instead.
warning: projects/HasseWeil/HasseWeil/HasseBound/Primitives.lean:241:8: `Ideal.inertiaDeg'` has been deprecated: Use `Ideal.inertiaDeg` instead.
warning: projects/HasseWeil/HasseWeil/HasseBound/Primitives.lean:1145:8: Overlapping instance parameters in `miller_hypothesis_allChar`:

⚠️ `[IsDedekindDomain
   {
       toAffine :=
         W }.CoordinateRing]` and `[IsIntegrallyClosed
   {
       toAffine :=
         W }.CoordinateRing]` each imply `[IsIntegralClosure { toAffine := W }.CoordinateRing
   { toAffine := W }.CoordinateRing (FractionRing { toAffine := W }.CoordinateRing)]`.
💡️ Of these, `[IsDedekindDomain
   { toAffine := W }.CoordinateRing]` and `[IsIntegrallyClosed { toAffine := W }.CoordinateRing]` may be removed.

Note: This linter can be disabled with `set_option linter.overlappingInstances false`
warning: projects/HasseWeil/HasseWeil/HasseBound/Primitives.lean:1164:8: Overlapping instance parameters in `divZeroReduce_allChar`:

⚠️ `[IsDedekindDomain
   {
       toAffine :=
         W }.CoordinateRing]` and `[IsIntegrallyClosed
   {
       toAffine :=
         W }.CoordinateRing]` each imply `[IsIntegralClosure { toAffine := W }.CoordinateRing
   { toAffine := W }.CoordinateRing (FractionRing { toAffine := W }.CoordinateRing)]`.
💡️ Of these, `[IsDedekindDomain
   { toAffine := W }.CoordinateRing]` and `[IsIntegrallyClosed { toAffine := W }.CoordinateRing]` may be removed.

Note: This linter can be disabled with `set_option linter.overlappingInstances false`
warning: projects/HasseWeil/HasseWeil/HasseBound/Primitives.lean:1200:8: Overlapping instance parameters in `h_pdz_principal_mem_degZero_allChar`:

⚠️ `[IsDedekindDomain
   {
       toAffine :=
         W }.CoordinateRing]` and `[IsIntegrallyClosed
   {
       toAffine :=
         W }.CoordinateRing]` each imply `[IsIntegralClosure { toAffine := W }.CoordinateRing
   { toAffine := W }.CoordinateRing (FractionRing { toAffine := W }.CoordinateRing)]`.
💡️ Of these, `[IsDedekindDomain
   { toAffine := W }.CoordinateRing]` and `[IsIntegrallyClosed { toAffine := W }.CoordinateRing]` may be removed.

Note: This linter can be disabled with `set_option linter.overlappingInstances false`
warning: projects/HasseWeil/HasseWeil/HasseBound/Primitives.lean:1210:18: Overlapping instance parameters in `picZeroIsoE_of_AFInputs_allChar`:

⚠️ `[IsDedekindDomain
   {
       toAffine :=
         W }.CoordinateRing]` and `[IsIntegrallyClosed
   {
       toAffine :=
         W }.CoordinateRing]` each imply `[IsIntegralClosure { toAffine := W }.CoordinateRing
   { toAffine := W }.CoordinateRing (FractionRing { toAffine := W }.CoordinateRing)]`.
💡️ Of these, `[IsDedekindDomain
   { toAffine := W }.CoordinateRing]` and `[IsIntegrallyClosed { toAffine := W }.CoordinateRing]` may be removed.

Note: This linter can be disabled with `set_option linter.overlappingInstances false`
⚠ [11355/11819] Replayed HasseWeil.Isogeny.OmegaCoeffViaFormalGroup
warning: projects/HasseWeil/HasseWeil/Isogeny/OmegaCoeffViaFormalGroup.lean:156:10: `dif_pos` has been deprecated: Use `dite_eq_left` instead

Hint: Replace the deprecated name:
  d̵i̵f̵_̵p̵o̵s̵d̲i̲t̲e̲_̲e̲q̲_̲l̲e̲f̲t̲
warning: projects/HasseWeil/HasseWeil/Isogeny/OmegaCoeffViaFormalGroup.lean:162:77: `if_pos` has been deprecated: Use `ite_eq_left` instead

Hint: Replace the deprecated name:
  i̵f̵_̵p̵o̵s̵i̲t̲e̲_̲e̲q̲_̲l̲e̲f̲t̲
warning: projects/HasseWeil/HasseWeil/Isogeny/OmegaCoeffViaFormalGroup.lean:164:43: `if_neg` has been deprecated: Use `ite_eq_right` instead

Hint: Replace the deprecated name:
  i̵f̵_̵n̵e̵g̵i̲t̲e̲_̲e̲q̲_̲r̲i̲g̲h̲t̲
warning: projects/HasseWeil/HasseWeil/Isogeny/OmegaCoeffViaFormalGroup.lean:171:62: `if_pos` has been deprecated: Use `ite_eq_left` instead

Hint: Replace the deprecated name:
  i̵f̵_̵p̵o̵s̵i̲t̲e̲_̲e̲q̲_̲l̲e̲f̲t̲
warning: projects/HasseWeil/HasseWeil/Isogeny/OmegaCoeffViaFormalGroup.lean:520:7: automatically included section variable(s) unused in theorem `HasseWeil.LExp.ext`:
  [DecidableEq F]
consider restructuring your `variable` declarations so that the variables are not in scope or explicitly omit them:
  omit [DecidableEq F] in theorem ...

Note: This linter can be disabled with `set_option linter.unusedSectionVars false`
warning: projects/HasseWeil/HasseWeil/Isogeny/OmegaCoeffViaFormalGroup.lean:526:8: automatically included section variable(s) unused in theorem `HasseWeil.LExp.out_zero`:
  [DecidableEq F]
consider restructuring your `variable` declarations so that the variables are not in scope or explicitly omit them:
  omit [DecidableEq F] in theorem ...

Note: This linter can be disabled with `set_option linter.unusedSectionVars false`
warning: projects/HasseWeil/HasseWeil/Isogeny/OmegaCoeffViaFormalGroup.lean:527:8: automatically included section variable(s) unused in theorem `HasseWeil.LExp.out_add`:
  [DecidableEq F]
consider restructuring your `variable` declarations so that the variables are not in scope or explicitly omit them:
  omit [DecidableEq F] in theorem ...

Note: This linter can be disabled with `set_option linter.unusedSectionVars false`
warning: projects/HasseWeil/HasseWeil/Isogeny/OmegaCoeffViaFormalGroup.lean:528:8: automatically included section variable(s) unused in theorem `HasseWeil.LExp.out_neg`:
  [DecidableEq F]
consider restructuring your `variable` declarations so that the variables are not in scope or explicitly omit them:
  omit [DecidableEq F] in theorem ...

Note: This linter can be disabled with `set_option linter.unusedSectionVars false`
warning: projects/HasseWeil/HasseWeil/Isogeny/OmegaCoeffViaFormalGroup.lean:529:8: automatically included section variable(s) unused in theorem `HasseWeil.LExp.out_sub`:
  [DecidableEq F]
consider restructuring your `variable` declarations so that the variables are not in scope or explicitly omit them:
  omit [DecidableEq F] in theorem ...

Note: This linter can be disabled with `set_option linter.unusedSectionVars false`
warning: projects/HasseWeil/HasseWeil/Isogeny/OmegaCoeffViaFormalGroup.lean:650:8: declaration uses `sorry`
warning: projects/HasseWeil/HasseWeil/Isogeny/OmegaCoeffViaFormalGroup.lean:660:8: declaration uses `sorry`
warning: projects/HasseWeil/HasseWeil/Isogeny/OmegaCoeffViaFormalGroup.lean:1046:8: `HahnSeries.embDomain_notin_range` has been deprecated: Use `HahnSeries.embDomain_of_notMem_range` instead

Hint: Replace the deprecated name:
  H̵a̵h̵n̵S̵e̵r̵i̵e̵s̵.̵e̵m̵b̵D̵o̵m̵a̵i̵n̵_̵n̵o̵t̵i̵n̵_̵r̵a̵n̵g̵e̵H̲a̲h̲n̲S̲e̲r̲i̲e̲s̲.̲e̲m̲b̲D̲o̲m̲a̲i̲n̲_̲o̲f̲_̲n̲o̲t̲M̲e̲m̲_̲r̲a̲n̲g̲e̲
warning: projects/HasseWeil/HasseWeil/Isogeny/OmegaCoeffViaFormalGroup.lean:1450:74: `if_pos` has been deprecated: Use `ite_eq_left` instead

Hint: Replace the deprecated name:
  i̵f̵_̵p̵o̵s̵i̲t̲e̲_̲e̲q̲_̲l̲e̲f̲t̲
warning: projects/HasseWeil/HasseWeil/Isogeny/OmegaCoeffViaFormalGroup.lean:1454:28: `if_neg` has been deprecated: Use `ite_eq_right` instead

Hint: Replace the deprecated name:
  i̵f̵_̵n̵e̵g̵i̲t̲e̲_̲e̲q̲_̲r̲i̲g̲h̲t̲
warning: projects/HasseWeil/HasseWeil/Isogeny/OmegaCoeffViaFormalGroup.lean:1716:2: Try this: 
  haveI̵

The goal is a proposition, so `have` is preferred over `haveI`.
The difference between `have` and `haveI` is that `haveI` inlines the value.
But this is not relevant for proofs because of proof irrelevance.

Note: This linter can be disabled with `set_option linter.style.haveILetI false`
warning: projects/HasseWeil/HasseWeil/Isogeny/OmegaCoeffViaFormalGroup.lean:1741:2: Try this: 
  haveI̵

The goal is a proposition, so `have` is preferred over `haveI`.
The difference between `have` and `haveI` is that `haveI` inlines the value.
But this is not relevant for proofs because of proof irrelevance.

Note: This linter can be disabled with `set_option linter.style.haveILetI false`
warning: projects/HasseWeil/HasseWeil/Isogeny/OmegaCoeffViaFormalGroup.lean:1763:2: Try this: 
  haveI̵

The goal is a proposition, so `have` is preferred over `haveI`.
The difference between `have` and `haveI` is that `haveI` inlines the value.
But this is not relevant for proofs because of proof irrelevance.

Note: This linter can be disabled with `set_option linter.style.haveILetI false`
warning: projects/HasseWeil/HasseWeil/Isogeny/OmegaCoeffViaFormalGroup.lean:1774:2: Try this: 
  haveI̵

The goal is a proposition, so `have` is preferred over `haveI`.
The difference between `have` and `haveI` is that `haveI` inlines the value.
But this is not relevant for proofs because of proof irrelevance.

Note: This linter can be disabled with `set_option linter.style.haveILetI false`
warning: projects/HasseWeil/HasseWeil/Isogeny/OmegaCoeffViaFormalGroup.lean:1775:2: Try this: 
  haveI̵

The goal is a proposition, so `have` is preferred over `haveI`.
The difference between `have` and `haveI` is that `haveI` inlines the value.
But this is not relevant for proofs because of proof irrelevance.

Note: This linter can be disabled with `set_option linter.style.haveILetI false`
warning: projects/HasseWeil/HasseWeil/Isogeny/OmegaCoeffViaFormalGroup.lean:1776:2: Try this: 
  haveI̵

The goal is a proposition, so `have` is preferred over `haveI`.
The difference between `have` and `haveI` is that `haveI` inlines the value.
But this is not relevant for proofs because of proof irrelevance.

Note: This linter can be disabled with `set_option linter.style.haveILetI false`
warning: projects/HasseWeil/HasseWeil/Isogeny/OmegaCoeffViaFormalGroup.lean:1777:2: Try this: 
  haveI̵

The goal is a proposition, so `have` is preferred over `haveI`.
The difference between `have` and `haveI` is that `haveI` inlines the value.
But this is not relevant for proofs because of proof irrelevance.

Note: This linter can be disabled with `set_option linter.style.haveILetI false`
warning: projects/HasseWeil/HasseWeil/Isogeny/OmegaCoeffViaFormalGroup.lean:1780:2: Try this: 
  haveI̵

The goal is a proposition, so `have` is preferred over `haveI`.
The difference between `have` and `haveI` is that `haveI` inlines the value.
But this is not relevant for proofs because of proof irrelevance.

Note: This linter can be disabled with `set_option linter.style.haveILetI false`
warning: projects/HasseWeil/HasseWeil/Isogeny/OmegaCoeffViaFormalGroup.lean:1841:2: Try this: 
  letI̵

The goal is a proposition, so `let` is preferred over `letI`.
The difference between `let` and `letI` is that `letI` inlines the value.
But this is not relevant for proofs because of proof irrelevance.

Note: This linter can be disabled with `set_option linter.style.haveILetI false`
warning: projects/HasseWeil/HasseWeil/Isogeny/OmegaCoeffViaFormalGroup.lean:1842:2: Try this: 
  letI̵

The goal is a proposition, so `let` is preferred over `letI`.
The difference between `let` and `letI` is that `letI` inlines the value.
But this is not relevant for proofs because of proof irrelevance.

Note: This linter can be disabled with `set_option linter.style.haveILetI false`
warning: projects/HasseWeil/HasseWeil/Isogeny/OmegaCoeffViaFormalGroup.lean:1843:2: Try this: 
  haveI̵

The goal is a proposition, so `have` is preferred over `haveI`.
The difference between `have` and `haveI` is that `haveI` inlines the value.
But this is not relevant for proofs because of proof irrelevance.

Note: This linter can be disabled with `set_option linter.style.haveILetI false`
warning: projects/HasseWeil/HasseWeil/Isogeny/OmegaCoeffViaFormalGroup.lean:1844:2: Try this: 
  haveI̵

The goal is a proposition, so `have` is preferred over `haveI`.
The difference between `have` and `haveI` is that `haveI` inlines the value.
But this is not relevant for proofs because of proof irrelevance.

Note: This linter can be disabled with `set_option linter.style.haveILetI false`
warning: projects/HasseWeil/HasseWeil/Isogeny/OmegaCoeffViaFormalGroup.lean:1877:2: Try this: 
  letI̵

The goal is a proposition, so `let` is preferred over `letI`.
The difference between `let` and `letI` is that `letI` inlines the value.
But this is not relevant for proofs because of proof irrelevance.

Note: This linter can be disabled with `set_option linter.style.haveILetI false`
warning: projects/HasseWeil/HasseWeil/Isogeny/OmegaCoeffViaFormalGroup.lean:1880:2: Try this: 
  haveI̵

The goal is a proposition, so `have` is preferred over `haveI`.
The difference between `have` and `haveI` is that `haveI` inlines the value.
But this is not relevant for proofs because of proof irrelevance.

Note: This linter can be disabled with `set_option linter.style.haveILetI false`
warning: projects/HasseWeil/HasseWeil/Isogeny/OmegaCoeffViaFormalGroup.lean:1892:2: Try this: 
  letI̵

The goal is a proposition, so `let` is preferred over `letI`.
The difference between `let` and `letI` is that `letI` inlines the value.
But this is not relevant for proofs because of proof irrelevance.

Note: This linter can be disabled with `set_option linter.style.haveILetI false`
warning: projects/HasseWeil/HasseWeil/Isogeny/OmegaCoeffViaFormalGroup.lean:1893:2: Try this: 
  haveI̵

The goal is a proposition, so `have` is preferred over `haveI`.
The difference between `have` and `haveI` is that `haveI` inlines the value.
But this is not relevant for proofs because of proof irrelevance.

Note: This linter can be disabled with `set_option linter.style.haveILetI false`
warning: projects/HasseWeil/HasseWeil/Isogeny/OmegaCoeffViaFormalGroup.lean:1897:2: Try this: 
  haveI̵

The goal is a proposition, so `have` is preferred over `haveI`.
The difference between `have` and `haveI` is that `haveI` inlines the value.
But this is not relevant for proofs because of proof irrelevance.

Note: This linter can be disabled with `set_option linter.style.haveILetI false`
warning: projects/HasseWeil/HasseWeil/Isogeny/OmegaCoeffViaFormalGroup.lean:1907:2: Try this: 
  haveI̵

The goal is a proposition, so `have` is preferred over `haveI`.
The difference between `have` and `haveI` is that `haveI` inlines the value.
But this is not relevant for proofs because of proof irrelevance.

Note: This linter can be disabled with `set_option linter.style.haveILetI false`
warning: projects/HasseWeil/HasseWeil/Isogeny/OmegaCoeffViaFormalGroup.lean:1927:2: Try this: 
  haveI̵

The goal is a proposition, so `have` is preferred over `haveI`.
The difference between `have` and `haveI` is that `haveI` inlines the value.
But this is not relevant for proofs because of proof irrelevance.

Note: This linter can be disabled with `set_option linter.style.haveILetI false`
warning: projects/HasseWeil/HasseWeil/Isogeny/OmegaCoeffViaFormalGroup.lean:1937:21: `Set.mem_setOf_eq` has been deprecated: Use `Set.mem_ofPred_eq` instead

Hint: Replace the deprecated name:
  S̵e̵t̵.̵m̵e̵m̵_̵s̵e̵t̵O̵f̵_̵e̵q̵S̲e̲t̲.̲m̲e̲m̲_̲o̲f̲P̲r̲e̲d̲_̲e̲q̲
warning: projects/HasseWeil/HasseWeil/Isogeny/OmegaCoeffViaFormalGroup.lean:1940:21: `Set.mem_setOf_eq` has been deprecated: Use `Set.mem_ofPred_eq` instead

Hint: Replace the deprecated name:
  S̵e̵t̵.̵m̵e̵m̵_̵s̵e̵t̵O̵f̵_̵e̵q̵S̲e̲t̲.̲m̲e̲m̲_̲o̲f̲P̲r̲e̲d̲_̲e̲q̲
warning: projects/HasseWeil/HasseWeil/Isogeny/OmegaCoeffViaFormalGroup.lean:1942:21: `Set.mem_setOf_eq` has been deprecated: Use `Set.mem_ofPred_eq` instead

Hint: Replace the deprecated name:
  S̵e̵t̵.̵m̵e̵m̵_̵s̵e̵t̵O̵f̵_̵e̵q̵S̲e̲t̲.̲m̲e̲m̲_̲o̲f̲P̲r̲e̲d̲_̲e̲q̲
warning: projects/HasseWeil/HasseWeil/Isogeny/OmegaCoeffViaFormalGroup.lean:1943:35: `Set.mem_setOf_eq` has been deprecated: Use `Set.mem_ofPred_eq` instead

Hint: Replace the deprecated name:
  S̵e̵t̵.̵m̵e̵m̵_̵s̵e̵t̵O̵f̵_̵e̵q̵S̲e̲t̲.̲m̲e̲m̲_̲o̲f̲P̲r̲e̲d̲_̲e̲q̲
warning: projects/HasseWeil/HasseWeil/Isogeny/OmegaCoeffViaFormalGroup.lean:1945:21: `Set.mem_setOf_eq` has been deprecated: Use `Set.mem_ofPred_eq` instead

Hint: Replace the deprecated name:
  S̵e̵t̵.̵m̵e̵m̵_̵s̵e̵t̵O̵f̵_̵e̵q̵S̲e̲t̲.̲m̲e̲m̲_̲o̲f̲P̲r̲e̲d̲_̲e̲q̲
warning: projects/HasseWeil/HasseWeil/Isogeny/OmegaCoeffViaFormalGroup.lean:1959:6: Try this: 
  haveI̵

The goal is a proposition, so `have` is preferred over `haveI`.
The difference between `have` and `haveI` is that `haveI` inlines the value.
But this is not relevant for proofs because of proof irrelevance.

Note: This linter can be disabled with `set_option linter.style.haveILetI false`
⚠ [11356/11819] Replayed HasseWeil.HasseBound.SepDegreeEqPointCount
warning: projects/HasseWeil/HasseWeil/HasseBound/SepDegreeEqPointCount.lean:193:2: Try this: 
  haveI̵

The goal is a proposition, so `have` is preferred over `haveI`.
The difference between `have` and `haveI` is that `haveI` inlines the value.
But this is not relevant for proofs because of proof irrelevance.

Note: This linter can be disabled with `set_option linter.style.haveILetI false`
warning: projects/HasseWeil/HasseWeil/HasseBound/SepDegreeEqPointCount.lean:194:2: Try this: 
  haveI̵

The goal is a proposition, so `have` is preferred over `haveI`.
The difference between `have` and `haveI` is that `haveI` inlines the value.
But this is not relevant for proofs because of proof irrelevance.

Note: This linter can be disabled with `set_option linter.style.haveILetI false`
warning: projects/HasseWeil/HasseWeil/HasseBound/SepDegreeEqPointCount.lean:292:8: `Ideal.inertiaDeg'` has been deprecated: Use `Ideal.inertiaDeg` instead.
⚠ [11357/11819] Replayed HasseWeil.Foundation.Curves.Valuation.RankOneDomination
warning: projects/HasseWeil/HasseWeil/Foundation/Curves/Valuation/RankOneDomination.lean:84:2: Try this: 
  haveI̵

The goal is a proposition, so `have` is preferred over `haveI`.
The difference between `have` and `haveI` is that `haveI` inlines the value.
But this is not relevant for proofs because of proof irrelevance.

Note: This linter can be disabled with `set_option linter.style.haveILetI false`
warning: projects/HasseWeil/HasseWeil/Foundation/Curves/Valuation/RankOneDomination.lean:87:2: Try this: 
  haveI̵

The goal is a proposition, so `have` is preferred over `haveI`.
The difference between `have` and `haveI` is that `haveI` inlines the value.
But this is not relevant for proofs because of proof irrelevance.

Note: This linter can be disabled with `set_option linter.style.haveILetI false`
warning: projects/HasseWeil/HasseWeil/Foundation/Curves/Valuation/RankOneDomination.lean:89:2: Try this: 
  haveI̵

The goal is a proposition, so `have` is preferred over `haveI`.
The difference between `have` and `haveI` is that `haveI` inlines the value.
But this is not relevant for proofs because of proof irrelevance.

Note: This linter can be disabled with `set_option linter.style.haveILetI false`
warning: projects/HasseWeil/HasseWeil/Foundation/Curves/Valuation/RankOneDomination.lean:93:2: Try this: 
  haveI̵

The goal is a proposition, so `have` is preferred over `haveI`.
The difference between `have` and `haveI` is that `haveI` inlines the value.
But this is not relevant for proofs because of proof irrelevance.

Note: This linter can be disabled with `set_option linter.style.haveILetI false`
⚠ [11358/11819] Replayed HasseWeil.Foundation.Curves.Frobenius.FrobeniusFixedLocus
warning: projects/HasseWeil/HasseWeil/Foundation/Curves/Frobenius/FrobeniusFixedLocus.lean:135:5: Private declaration `baseImageFinset` accessed publicly; this is allowed only because the `backward.privateInPublic` option is enabled. 

Disable `backward.privateInPublic.warn` to silence this warning.
warning: projects/HasseWeil/HasseWeil/Foundation/Curves/Frobenius/FrobeniusFixedLocus.lean:135:34: Private declaration `frobRootsFinset` accessed publicly; this is allowed only because the `backward.privateInPublic` option is enabled. 

Disable `backward.privateInPublic.warn` to silence this warning.
⚠ [11359/11819] Replayed HasseWeil.Foundation.Curves.Frobenius.FrobeniusFixedPoint
warning: projects/HasseWeil/HasseWeil/Foundation/Curves/Frobenius/FrobeniusFixedPoint.lean:330:45: `Set.mem_setOf_eq` has been deprecated: Use `Set.mem_ofPred_eq` instead

Hint: Replace the deprecated name:
  S̵e̵t̵.̵m̵e̵m̵_̵s̵e̵t̵O̵f̵_̵e̵q̵S̲e̲t̲.̲m̲e̲m̲_̲o̲f̲P̲r̲e̲d̲_̲e̲q̲
⚠ [11360/11819] Replayed HasseWeil.HasseBound.SepDegreeWitnesses
warning: projects/HasseWeil/HasseWeil/HasseBound/SepDegreeWitnesses.lean:107:0: automatically included section variable(s) unused in theorem `HasseWeil.Conditional.pointValuation_polyToFieldOfInv_le_one`:
  [Fintype K]
  [DecidableEq K]
consider restructuring your `variable` declarations so that the variables are not in scope or explicitly omit them:
  omit [Fintype K] [DecidableEq K] in theorem ...

Note: This linter can be disabled with `set_option linter.unusedSectionVars false`
warning: projects/HasseWeil/HasseWeil/HasseBound/SepDegreeWitnesses.lean:164:2: Try this: 
  letI̵

The goal is a proposition, so `let` is preferred over `letI`.
The difference between `let` and `letI` is that `letI` inlines the value.
But this is not relevant for proofs because of proof irrelevance.

Note: This linter can be disabled with `set_option linter.style.haveILetI false`
warning: projects/HasseWeil/HasseWeil/HasseBound/SepDegreeWitnesses.lean:165:2: Try this: 
  letI̵

The goal is a proposition, so `let` is preferred over `letI`.
The difference between `let` and `letI` is that `letI` inlines the value.
But this is not relevant for proofs because of proof irrelevance.

Note: This linter can be disabled with `set_option linter.style.haveILetI false`
warning: projects/HasseWeil/HasseWeil/HasseBound/SepDegreeWitnesses.lean:166:2: Try this: 
  letI̵

The goal is a proposition, so `let` is preferred over `letI`.
The difference between `let` and `letI` is that `letI` inlines the value.
But this is not relevant for proofs because of proof irrelevance.

Note: This linter can be disabled with `set_option linter.style.haveILetI false`
warning: projects/HasseWeil/HasseWeil/HasseBound/SepDegreeWitnesses.lean:167:2: Try this: 
  letI̵

The goal is a proposition, so `let` is preferred over `letI`.
The difference between `let` and `letI` is that `letI` inlines the value.
But this is not relevant for proofs because of proof irrelevance.

Note: This linter can be disabled with `set_option linter.style.haveILetI false`
warning: projects/HasseWeil/HasseWeil/HasseBound/SepDegreeWitnesses.lean:168:2: Try this: 
  letI̵

The goal is a proposition, so `let` is preferred over `letI`.
The difference between `let` and `letI` is that `letI` inlines the value.
But this is not relevant for proofs because of proof irrelevance.

Note: This linter can be disabled with `set_option linter.style.haveILetI false`
warning: projects/HasseWeil/HasseWeil/HasseBound/SepDegreeWitnesses.lean:169:2: Try this: 
  haveI̵

The goal is a proposition, so `have` is preferred over `haveI`.
The difference between `have` and `haveI` is that `haveI` inlines the value.
But this is not relevant for proofs because of proof irrelevance.

Note: This linter can be disabled with `set_option linter.style.haveILetI false`
warning: projects/HasseWeil/HasseWeil/HasseBound/SepDegreeWitnesses.lean:207:8: `dif_neg` has been deprecated: Use `dite_eq_right` instead

Hint: Replace the deprecated name:
  d̵i̵f̵_̵n̵e̵g̵d̲i̲t̲e̲_̲e̲q̲_̲r̲i̲g̲h̲t̲
warning: projects/HasseWeil/HasseWeil/HasseBound/SepDegreeWitnesses.lean:290:0: automatically included section variable(s) unused in theorem `HasseWeil.Conditional.ordAtInfty_polyToFieldOfInv_nonneg`:
  [Fintype K]
consider restructuring your `variable` declarations so that the variables are not in scope or explicitly omit them:
  omit [Fintype K] in theorem ...

Note: This linter can be disabled with `set_option linter.unusedSectionVars false`
warning: projects/HasseWeil/HasseWeil/HasseBound/SepDegreeWitnesses.lean:347:0: automatically included section variable(s) unused in theorem `HasseWeil.Conditional.ord_finset_sum_strict_gt`:
  [Fintype K]
  [DecidableEq K]
consider restructuring your `variable` declarations so that the variables are not in scope or explicitly omit them:
  omit [Fintype K] [DecidableEq K] in theorem ...

Note: This linter can be disabled with `set_option linter.unusedSectionVars false`
warning: projects/HasseWeil/HasseWeil/HasseBound/SepDegreeWitnesses.lean:396:2: Try this: 
  letI̵

The goal is a proposition, so `let` is preferred over `letI`.
The difference between `let` and `letI` is that `letI` inlines the value.
But this is not relevant for proofs because of proof irrelevance.

Note: This linter can be disabled with `set_option linter.style.haveILetI false`
warning: projects/HasseWeil/HasseWeil/HasseBound/SepDegreeWitnesses.lean:531:2: Try this: 
  letI̵

The goal is a proposition, so `let` is preferred over `letI`.
The difference between `let` and `letI` is that `letI` inlines the value.
But this is not relevant for proofs because of proof irrelevance.

Note: This linter can be disabled with `set_option linter.style.haveILetI false`
warning: projects/HasseWeil/HasseWeil/HasseBound/SepDegreeWitnesses.lean:532:2: Try this: 
  letI̵

The goal is a proposition, so `let` is preferred over `letI`.
The difference between `let` and `letI` is that `letI` inlines the value.
But this is not relevant for proofs because of proof irrelevance.

Note: This linter can be disabled with `set_option linter.style.haveILetI false`
warning: projects/HasseWeil/HasseWeil/HasseBound/SepDegreeWitnesses.lean:533:2: Try this: 
  letI̵

The goal is a proposition, so `let` is preferred over `letI`.
The difference between `let` and `letI` is that `letI` inlines the value.
But this is not relevant for proofs because of proof irrelevance.

Note: This linter can be disabled with `set_option linter.style.haveILetI false`
warning: projects/HasseWeil/HasseWeil/HasseBound/SepDegreeWitnesses.lean:534:2: Try this: 
  letI̵

The goal is a proposition, so `let` is preferred over `letI`.
The difference between `let` and `letI` is that `letI` inlines the value.
But this is not relevant for proofs because of proof irrelevance.

Note: This linter can be disabled with `set_option linter.style.haveILetI false`
warning: projects/HasseWeil/HasseWeil/HasseBound/SepDegreeWitnesses.lean:535:2: Try this: 
  letI̵

The goal is a proposition, so `let` is preferred over `letI`.
The difference between `let` and `letI` is that `letI` inlines the value.
But this is not relevant for proofs because of proof irrelevance.

Note: This linter can be disabled with `set_option linter.style.haveILetI false`
warning: projects/HasseWeil/HasseWeil/HasseBound/SepDegreeWitnesses.lean:536:2: Try this: 
  haveI̵

The goal is a proposition, so `have` is preferred over `haveI`.
The difference between `have` and `haveI` is that `haveI` inlines the value.
But this is not relevant for proofs because of proof irrelevance.

Note: This linter can be disabled with `set_option linter.style.haveILetI false`
warning: projects/HasseWeil/HasseWeil/HasseBound/SepDegreeWitnesses.lean:597:2: Try this: 
  letI̵

The goal is a proposition, so `let` is preferred over `letI`.
The difference between `let` and `letI` is that `letI` inlines the value.
But this is not relevant for proofs because of proof irrelevance.

Note: This linter can be disabled with `set_option linter.style.haveILetI false`
warning: projects/HasseWeil/HasseWeil/HasseBound/SepDegreeWitnesses.lean:598:2: Try this: 
  letI̵

The goal is a proposition, so `let` is preferred over `letI`.
The difference between `let` and `letI` is that `letI` inlines the value.
But this is not relevant for proofs because of proof irrelevance.

Note: This linter can be disabled with `set_option linter.style.haveILetI false`
warning: projects/HasseWeil/HasseWeil/HasseBound/SepDegreeWitnesses.lean:852:2: Try this: 
  letI̵

The goal is a proposition, so `let` is preferred over `letI`.
The difference between `let` and `letI` is that `letI` inlines the value.
But this is not relevant for proofs because of proof irrelevance.

Note: This linter can be disabled with `set_option linter.style.haveILetI false`
warning: projects/HasseWeil/HasseWeil/HasseBound/SepDegreeWitnesses.lean:1196:2: Try this: 
  letI̵

The goal is a proposition, so `let` is preferred over `letI`.
The difference between `let` and `letI` is that `letI` inlines the value.
But this is not relevant for proofs because of proof irrelevance.

Note: This linter can be disabled with `set_option linter.style.haveILetI false`
warning: projects/HasseWeil/HasseWeil/HasseBound/SepDegreeWitnesses.lean:1197:2: Try this: 
  letI̵

The goal is a proposition, so `let` is preferred over `letI`.
The difference between `let` and `letI` is that `letI` inlines the value.
But this is not relevant for proofs because of proof irrelevance.

Note: This linter can be disabled with `set_option linter.style.haveILetI false`
warning: projects/HasseWeil/HasseWeil/HasseBound/SepDegreeWitnesses.lean:1266:2: Try this: 
  letI̵

The goal is a proposition, so `let` is preferred over `letI`.
The difference between `let` and `letI` is that `letI` inlines the value.
But this is not relevant for proofs because of proof irrelevance.

Note: This linter can be disabled with `set_option linter.style.haveILetI false`
warning: projects/HasseWeil/HasseWeil/HasseBound/SepDegreeWitnesses.lean:1267:2: Try this: 
  letI̵

The goal is a proposition, so `let` is preferred over `letI`.
The difference between `let` and `letI` is that `letI` inlines the value.
But this is not relevant for proofs because of proof irrelevance.

Note: This linter can be disabled with `set_option linter.style.haveILetI false`
warning: projects/HasseWeil/HasseWeil/HasseBound/SepDegreeWitnesses.lean:1268:2: Try this: 
  letI̵

The goal is a proposition, so `let` is preferred over `letI`.
The difference between `let` and `letI` is that `letI` inlines the value.
But this is not relevant for proofs because of proof irrelevance.

Note: This linter can be disabled with `set_option linter.style.haveILetI false`
warning: projects/HasseWeil/HasseWeil/HasseBound/SepDegreeWitnesses.lean:1269:2: Try this: 
  letI̵

The goal is a proposition, so `let` is preferred over `letI`.
The difference between `let` and `letI` is that `letI` inlines the value.
But this is not relevant for proofs because of proof irrelevance.

Note: This linter can be disabled with `set_option linter.style.haveILetI false`
warning: projects/HasseWeil/HasseWeil/HasseBound/SepDegreeWitnesses.lean:1414:2: Try this: 
  letI̵

The goal is a proposition, so `let` is preferred over `letI`.
The difference between `let` and `letI` is that `letI` inlines the value.
But this is not relevant for proofs because of proof irrelevance.

Note: This linter can be disabled with `set_option linter.style.haveILetI false`
warning: projects/HasseWeil/HasseWeil/HasseBound/SepDegreeWitnesses.lean:1415:2: Try this: 
  letI̵

The goal is a proposition, so `let` is preferred over `letI`.
The difference between `let` and `letI` is that `letI` inlines the value.
But this is not relevant for proofs because of proof irrelevance.

Note: This linter can be disabled with `set_option linter.style.haveILetI false`
warning: projects/HasseWeil/HasseWeil/HasseBound/SepDegreeWitnesses.lean:1491:2: Try this: 
  letI̵

The goal is a proposition, so `let` is preferred over `letI`.
The difference between `let` and `letI` is that `letI` inlines the value.
But this is not relevant for proofs because of proof irrelevance.

Note: This linter can be disabled with `set_option linter.style.haveILetI false`
warning: projects/HasseWeil/HasseWeil/HasseBound/SepDegreeWitnesses.lean:1492:2: Try this: 
  letI̵

The goal is a proposition, so `let` is preferred over `letI`.
The difference between `let` and `letI` is that `letI` inlines the value.
But this is not relevant for proofs because of proof irrelevance.

Note: This linter can be disabled with `set_option linter.style.haveILetI false`
warning: projects/HasseWeil/HasseWeil/HasseBound/SepDegreeWitnesses.lean:1493:2: Try this: 
  letI̵

The goal is a proposition, so `let` is preferred over `letI`.
The difference between `let` and `letI` is that `letI` inlines the value.
But this is not relevant for proofs because of proof irrelevance.

Note: This linter can be disabled with `set_option linter.style.haveILetI false`
warning: projects/HasseWeil/HasseWeil/HasseBound/SepDegreeWitnesses.lean:1494:2: Try this: 
  letI̵

The goal is a proposition, so `let` is preferred over `letI`.
The difference between `let` and `letI` is that `letI` inlines the value.
But this is not relevant for proofs because of proof irrelevance.

Note: This linter can be disabled with `set_option linter.style.haveILetI false`
warning: projects/HasseWeil/HasseWeil/HasseBound/SepDegreeWitnesses.lean:1495:2: Try this: 
  letI̵

The goal is a proposition, so `let` is preferred over `letI`.
The difference between `let` and `letI` is that `letI` inlines the value.
But this is not relevant for proofs because of proof irrelevance.

Note: This linter can be disabled with `set_option linter.style.haveILetI false`
warning: projects/HasseWeil/HasseWeil/HasseBound/SepDegreeWitnesses.lean:1572:51: `dif_neg` has been deprecated: Use `dite_eq_right` instead

Hint: Replace the deprecated name:
  d̵i̵f̵_̵n̵e̵g̵d̲i̲t̲e̲_̲e̲q̲_̲r̲i̲g̲h̲t̲
warning: projects/HasseWeil/HasseWeil/HasseBound/SepDegreeWitnesses.lean:1619:2: Try this: 
  letI̵

The goal is a proposition, so `let` is preferred over `letI`.
The difference between `let` and `letI` is that `letI` inlines the value.
But this is not relevant for proofs because of proof irrelevance.

Note: This linter can be disabled with `set_option linter.style.haveILetI false`
warning: projects/HasseWeil/HasseWeil/HasseBound/SepDegreeWitnesses.lean:1620:2: Try this: 
  letI̵

The goal is a proposition, so `let` is preferred over `letI`.
The difference between `let` and `letI` is that `letI` inlines the value.
But this is not relevant for proofs because of proof irrelevance.

Note: This linter can be disabled with `set_option linter.style.haveILetI false`
warning: projects/HasseWeil/HasseWeil/HasseBound/SepDegreeWitnesses.lean:1621:2: Try this: 
  letI̵

The goal is a proposition, so `let` is preferred over `letI`.
The difference between `let` and `letI` is that `letI` inlines the value.
But this is not relevant for proofs because of proof irrelevance.

Note: This linter can be disabled with `set_option linter.style.haveILetI false`
warning: projects/HasseWeil/HasseWeil/HasseBound/SepDegreeWitnesses.lean:1622:2: Try this: 
  letI̵

The goal is a proposition, so `let` is preferred over `letI`.
The difference between `let` and `letI` is that `letI` inlines the value.
But this is not relevant for proofs because of proof irrelevance.

Note: This linter can be disabled with `set_option linter.style.haveILetI false`
warning: projects/HasseWeil/HasseWeil/HasseBound/SepDegreeWitnesses.lean:1623:2: Try this: 
  letI̵

The goal is a proposition, so `let` is preferred over `letI`.
The difference between `let` and `letI` is that `letI` inlines the value.
But this is not relevant for proofs because of proof irrelevance.

Note: This linter can be disabled with `set_option linter.style.haveILetI false`
warning: projects/HasseWeil/HasseWeil/HasseBound/SepDegreeWitnesses.lean:1697:2: Try this: 
  letI̵

The goal is a proposition, so `let` is preferred over `letI`.
The difference between `let` and `letI` is that `letI` inlines the value.
But this is not relevant for proofs because of proof irrelevance.

Note: This linter can be disabled with `set_option linter.style.haveILetI false`
warning: projects/HasseWeil/HasseWeil/HasseBound/SepDegreeWitnesses.lean:1698:2: Try this: 
  letI̵

The goal is a proposition, so `let` is preferred over `letI`.
The difference between `let` and `letI` is that `letI` inlines the value.
But this is not relevant for proofs because of proof irrelevance.

Note: This linter can be disabled with `set_option linter.style.haveILetI false`
warning: projects/HasseWeil/HasseWeil/HasseBound/SepDegreeWitnesses.lean:1699:2: Try this: 
  letI̵

The goal is a proposition, so `let` is preferred over `letI`.
The difference between `let` and `letI` is that `letI` inlines the value.
But this is not relevant for proofs because of proof irrelevance.

Note: This linter can be disabled with `set_option linter.style.haveILetI false`
warning: projects/HasseWeil/HasseWeil/HasseBound/SepDegreeWitnesses.lean:1700:2: Try this: 
  letI̵

The goal is a proposition, so `let` is preferred over `letI`.
The difference between `let` and `letI` is that `letI` inlines the value.
But this is not relevant for proofs because of proof irrelevance.

Note: This linter can be disabled with `set_option linter.style.haveILetI false`
warning: projects/HasseWeil/HasseWeil/HasseBound/SepDegreeWitnesses.lean:1701:2: Try this: 
  letI̵

The goal is a proposition, so `let` is preferred over `letI`.
The difference between `let` and `letI` is that `letI` inlines the value.
But this is not relevant for proofs because of proof irrelevance.

Note: This linter can be disabled with `set_option linter.style.haveILetI false`
warning: projects/HasseWeil/HasseWeil/HasseBound/SepDegreeWitnesses.lean:1715:2: Try this: 
  haveI̵

The goal is a proposition, so `have` is preferred over `haveI`.
The difference between `have` and `haveI` is that `haveI` inlines the value.
But this is not relevant for proofs because of proof irrelevance.

Note: This linter can be disabled with `set_option linter.style.haveILetI false`
warning: projects/HasseWeil/HasseWeil/HasseBound/SepDegreeWitnesses.lean:1718:2: Try this: 
  haveI̵

The goal is a proposition, so `have` is preferred over `haveI`.
The difference between `have` and `haveI` is that `haveI` inlines the value.
But this is not relevant for proofs because of proof irrelevance.

Note: This linter can be disabled with `set_option linter.style.haveILetI false`
warning: projects/HasseWeil/HasseWeil/HasseBound/SepDegreeWitnesses.lean:1721:2: Try this: 
  haveI̵

The goal is a proposition, so `have` is preferred over `haveI`.
The difference between `have` and `haveI` is that `haveI` inlines the value.
But this is not relevant for proofs because of proof irrelevance.

Note: This linter can be disabled with `set_option linter.style.haveILetI false`
warning: projects/HasseWeil/HasseWeil/HasseBound/SepDegreeWitnesses.lean:1725:2: Try this: 
  haveI̵

The goal is a proposition, so `have` is preferred over `haveI`.
The difference between `have` and `haveI` is that `haveI` inlines the value.
But this is not relevant for proofs because of proof irrelevance.

Note: This linter can be disabled with `set_option linter.style.haveILetI false`
warning: projects/HasseWeil/HasseWeil/HasseBound/SepDegreeWitnesses.lean:1773:2: Try this: 
  letI̵

The goal is a proposition, so `let` is preferred over `letI`.
The difference between `let` and `letI` is that `letI` inlines the value.
But this is not relevant for proofs because of proof irrelevance.

Note: This linter can be disabled with `set_option linter.style.haveILetI false`
warning: projects/HasseWeil/HasseWeil/HasseBound/SepDegreeWitnesses.lean:1774:2: Try this: 
  letI̵

The goal is a proposition, so `let` is preferred over `letI`.
The difference between `let` and `letI` is that `letI` inlines the value.
But this is not relevant for proofs because of proof irrelevance.

Note: This linter can be disabled with `set_option linter.style.haveILetI false`
warning: projects/HasseWeil/HasseWeil/HasseBound/SepDegreeWitnesses.lean:1775:2: Try this: 
  letI̵

The goal is a proposition, so `let` is preferred over `letI`.
The difference between `let` and `letI` is that `letI` inlines the value.
But this is not relevant for proofs because of proof irrelevance.

Note: This linter can be disabled with `set_option linter.style.haveILetI false`
warning: projects/HasseWeil/HasseWeil/HasseBound/SepDegreeWitnesses.lean:1776:2: Try this: 
  letI̵

The goal is a proposition, so `let` is preferred over `letI`.
The difference between `let` and `letI` is that `letI` inlines the value.
But this is not relevant for proofs because of proof irrelevance.

Note: This linter can be disabled with `set_option linter.style.haveILetI false`
warning: projects/HasseWeil/HasseWeil/HasseBound/SepDegreeWitnesses.lean:1777:2: Try this: 
  letI̵

The goal is a proposition, so `let` is preferred over `letI`.
The difference between `let` and `letI` is that `letI` inlines the value.
But this is not relevant for proofs because of proof irrelevance.

Note: This linter can be disabled with `set_option linter.style.haveILetI false`
warning: projects/HasseWeil/HasseWeil/HasseBound/SepDegreeWitnesses.lean:1852:2: Try this: 
  letI̵

The goal is a proposition, so `let` is preferred over `letI`.
The difference between `let` and `letI` is that `letI` inlines the value.
But this is not relevant for proofs because of proof irrelevance.

Note: This linter can be disabled with `set_option linter.style.haveILetI false`
warning: projects/HasseWeil/HasseWeil/HasseBound/SepDegreeWitnesses.lean:1853:2: Try this: 
  letI̵

The goal is a proposition, so `let` is preferred over `letI`.
The difference between `let` and `letI` is that `letI` inlines the value.
But this is not relevant for proofs because of proof irrelevance.

Note: This linter can be disabled with `set_option linter.style.haveILetI false`
warning: projects/HasseWeil/HasseWeil/HasseBound/SepDegreeWitnesses.lean:1854:2: Try this: 
  letI̵

The goal is a proposition, so `let` is preferred over `letI`.
The difference between `let` and `letI` is that `letI` inlines the value.
But this is not relevant for proofs because of proof irrelevance.

Note: This linter can be disabled with `set_option linter.style.haveILetI false`
warning: projects/HasseWeil/HasseWeil/HasseBound/SepDegreeWitnesses.lean:1855:2: Try this: 
  letI̵

The goal is a proposition, so `let` is preferred over `letI`.
The difference between `let` and `letI` is that `letI` inlines the value.
But this is not relevant for proofs because of proof irrelevance.

Note: This linter can be disabled with `set_option linter.style.haveILetI false`
warning: projects/HasseWeil/HasseWeil/HasseBound/SepDegreeWitnesses.lean:1856:2: Try this: 
  letI̵

The goal is a proposition, so `let` is preferred over `letI`.
The difference between `let` and `letI` is that `letI` inlines the value.
But this is not relevant for proofs because of proof irrelevance.

Note: This linter can be disabled with `set_option linter.style.haveILetI false`
warning: projects/HasseWeil/HasseWeil/HasseBound/SepDegreeWitnesses.lean:1929:2: Try this: 
  letI̵

The goal is a proposition, so `let` is preferred over `letI`.
The difference between `let` and `letI` is that `letI` inlines the value.
But this is not relevant for proofs because of proof irrelevance.

Note: This linter can be disabled with `set_option linter.style.haveILetI false`
warning: projects/HasseWeil/HasseWeil/HasseBound/SepDegreeWitnesses.lean:1930:2: Try this: 
  letI̵

The goal is a proposition, so `let` is preferred over `letI`.
The difference between `let` and `letI` is that `letI` inlines the value.
But this is not relevant for proofs because of proof irrelevance.

Note: This linter can be disabled with `set_option linter.style.haveILetI false`
warning: projects/HasseWeil/HasseWeil/HasseBound/SepDegreeWitnesses.lean:1931:2: Try this: 
  letI̵

The goal is a proposition, so `let` is preferred over `letI`.
The difference between `let` and `letI` is that `letI` inlines the value.
But this is not relevant for proofs because of proof irrelevance.

Note: This linter can be disabled with `set_option linter.style.haveILetI false`
warning: projects/HasseWeil/HasseWeil/HasseBound/SepDegreeWitnesses.lean:1932:2: Try this: 
  letI̵

The goal is a proposition, so `let` is preferred over `letI`.
The difference between `let` and `letI` is that `letI` inlines the value.
But this is not relevant for proofs because of proof irrelevance.

Note: This linter can be disabled with `set_option linter.style.haveILetI false`
warning: projects/HasseWeil/HasseWeil/HasseBound/SepDegreeWitnesses.lean:1933:2: Try this: 
  letI̵

The goal is a proposition, so `let` is preferred over `letI`.
The difference between `let` and `letI` is that `letI` inlines the value.
But this is not relevant for proofs because of proof irrelevance.

Note: This linter can be disabled with `set_option linter.style.haveILetI false`
warning: projects/HasseWeil/HasseWeil/HasseBound/SepDegreeWitnesses.lean:1944:2: Try this: 
  haveI̵

The goal is a proposition, so `have` is preferred over `haveI`.
The difference between `have` and `haveI` is that `haveI` inlines the value.
But this is not relevant for proofs because of proof irrelevance.

Note: This linter can be disabled with `set_option linter.style.haveILetI false`
warning: projects/HasseWeil/HasseWeil/HasseBound/SepDegreeWitnesses.lean:2010:2: Try this: 
  letI̵

The goal is a proposition, so `let` is preferred over `letI`.
The difference between `let` and `letI` is that `letI` inlines the value.
But this is not relevant for proofs because of proof irrelevance.

Note: This linter can be disabled with `set_option linter.style.haveILetI false`
warning: projects/HasseWeil/HasseWeil/HasseBound/SepDegreeWitnesses.lean:2011:2: Try this: 
  letI̵

The goal is a proposition, so `let` is preferred over `letI`.
The difference between `let` and `letI` is that `letI` inlines the value.
But this is not relevant for proofs because of proof irrelevance.

Note: This linter can be disabled with `set_option linter.style.haveILetI false`
warning: projects/HasseWeil/HasseWeil/HasseBound/SepDegreeWitnesses.lean:2012:2: Try this: 
  letI̵

The goal is a proposition, so `let` is preferred over `letI`.
The difference between `let` and `letI` is that `letI` inlines the value.
But this is not relevant for proofs because of proof irrelevance.

Note: This linter can be disabled with `set_option linter.style.haveILetI false`
warning: projects/HasseWeil/HasseWeil/HasseBound/SepDegreeWitnesses.lean:2013:2: Try this: 
  letI̵

The goal is a proposition, so `let` is preferred over `letI`.
The difference between `let` and `letI` is that `letI` inlines the value.
But this is not relevant for proofs because of proof irrelevance.

Note: This linter can be disabled with `set_option linter.style.haveILetI false`
warning: projects/HasseWeil/HasseWeil/HasseBound/SepDegreeWitnesses.lean:2014:2: Try this: 
  letI̵

The goal is a proposition, so `let` is preferred over `letI`.
The difference between `let` and `letI` is that `letI` inlines the value.
But this is not relevant for proofs because of proof irrelevance.

Note: This linter can be disabled with `set_option linter.style.haveILetI false`
warning: projects/HasseWeil/HasseWeil/HasseBound/SepDegreeWitnesses.lean:2055:2: Try this: 
  letI̵

The goal is a proposition, so `let` is preferred over `letI`.
The difference between `let` and `letI` is that `letI` inlines the value.
But this is not relevant for proofs because of proof irrelevance.

Note: This linter can be disabled with `set_option linter.style.haveILetI false`
warning: projects/HasseWeil/HasseWeil/HasseBound/SepDegreeWitnesses.lean:2056:2: Try this: 
  letI̵

The goal is a proposition, so `let` is preferred over `letI`.
The difference between `let` and `letI` is that `letI` inlines the value.
But this is not relevant for proofs because of proof irrelevance.

Note: This linter can be disabled with `set_option linter.style.haveILetI false`
warning: projects/HasseWeil/HasseWeil/HasseBound/SepDegreeWitnesses.lean:2057:2: Try this: 
  letI̵

The goal is a proposition, so `let` is preferred over `letI`.
The difference between `let` and `letI` is that `letI` inlines the value.
But this is not relevant for proofs because of proof irrelevance.

Note: This linter can be disabled with `set_option linter.style.haveILetI false`
warning: projects/HasseWeil/HasseWeil/HasseBound/SepDegreeWitnesses.lean:2058:2: Try this: 
  letI̵

The goal is a proposition, so `let` is preferred over `letI`.
The difference between `let` and `letI` is that `letI` inlines the value.
But this is not relevant for proofs because of proof irrelevance.

Note: This linter can be disabled with `set_option linter.style.haveILetI false`
warning: projects/HasseWeil/HasseWeil/HasseBound/SepDegreeWitnesses.lean:2059:2: Try this: 
  letI̵

The goal is a proposition, so `let` is preferred over `letI`.
The difference between `let` and `letI` is that `letI` inlines the value.
But this is not relevant for proofs because of proof irrelevance.

Note: This linter can be disabled with `set_option linter.style.haveILetI false`
warning: projects/HasseWeil/HasseWeil/HasseBound/SepDegreeWitnesses.lean:2075:2: Try this: 
  haveI̵

The goal is a proposition, so `have` is preferred over `haveI`.
The difference between `have` and `haveI` is that `haveI` inlines the value.
But this is not relevant for proofs because of proof irrelevance.

Note: This linter can be disabled with `set_option linter.style.haveILetI false`
warning: projects/HasseWeil/HasseWeil/HasseBound/SepDegreeWitnesses.lean:2180:2: Try this: 
  letI̵

The goal is a proposition, so `let` is preferred over `letI`.
The difference between `let` and `letI` is that `letI` inlines the value.
But this is not relevant for proofs because of proof irrelevance.

Note: This linter can be disabled with `set_option linter.style.haveILetI false`
warning: projects/HasseWeil/HasseWeil/HasseBound/SepDegreeWitnesses.lean:2181:2: Try this: 
  letI̵

The goal is a proposition, so `let` is preferred over `letI`.
The difference between `let` and `letI` is that `letI` inlines the value.
But this is not relevant for proofs because of proof irrelevance.

Note: This linter can be disabled with `set_option linter.style.haveILetI false`
warning: projects/HasseWeil/HasseWeil/HasseBound/SepDegreeWitnesses.lean:2182:2: Try this: 
  letI̵

The goal is a proposition, so `let` is preferred over `letI`.
The difference between `let` and `letI` is that `letI` inlines the value.
But this is not relevant for proofs because of proof irrelevance.

Note: This linter can be disabled with `set_option linter.style.haveILetI false`
warning: projects/HasseWeil/HasseWeil/HasseBound/SepDegreeWitnesses.lean:2183:2: Try this: 
  letI̵

The goal is a proposition, so `let` is preferred over `letI`.
The difference between `let` and `letI` is that `letI` inlines the value.
But this is not relevant for proofs because of proof irrelevance.

Note: This linter can be disabled with `set_option linter.style.haveILetI false`
warning: projects/HasseWeil/HasseWeil/HasseBound/SepDegreeWitnesses.lean:2184:2: Try this: 
  letI̵

The goal is a proposition, so `let` is preferred over `letI`.
The difference between `let` and `letI` is that `letI` inlines the value.
But this is not relevant for proofs because of proof irrelevance.

Note: This linter can be disabled with `set_option linter.style.haveILetI false`
warning: projects/HasseWeil/HasseWeil/HasseBound/SepDegreeWitnesses.lean:2253:2: Try this: 
  letI̵

The goal is a proposition, so `let` is preferred over `letI`.
The difference between `let` and `letI` is that `letI` inlines the value.
But this is not relevant for proofs because of proof irrelevance.

Note: This linter can be disabled with `set_option linter.style.haveILetI false`
warning: projects/HasseWeil/HasseWeil/HasseBound/SepDegreeWitnesses.lean:2254:2: Try this: 
  letI̵

The goal is a proposition, so `let` is preferred over `letI`.
The difference between `let` and `letI` is that `letI` inlines the value.
But this is not relevant for proofs because of proof irrelevance.

Note: This linter can be disabled with `set_option linter.style.haveILetI false`
warning: projects/HasseWeil/HasseWeil/HasseBound/SepDegreeWitnesses.lean:2255:2: Try this: 
  letI̵

The goal is a proposition, so `let` is preferred over `letI`.
The difference between `let` and `letI` is that `letI` inlines the value.
But this is not relevant for proofs because of proof irrelevance.

Note: This linter can be disabled with `set_option linter.style.haveILetI false`
warning: projects/HasseWeil/HasseWeil/HasseBound/SepDegreeWitnesses.lean:2256:2: Try this: 
  letI̵

The goal is a proposition, so `let` is preferred over `letI`.
The difference between `let` and `letI` is that `letI` inlines the value.
But this is not relevant for proofs because of proof irrelevance.

Note: This linter can be disabled with `set_option linter.style.haveILetI false`
warning: projects/HasseWeil/HasseWeil/HasseBound/SepDegreeWitnesses.lean:2257:2: Try this: 
  letI̵

The goal is a proposition, so `let` is preferred over `letI`.
The difference between `let` and `letI` is that `letI` inlines the value.
But this is not relevant for proofs because of proof irrelevance.

Note: This linter can be disabled with `set_option linter.style.haveILetI false`
warning: projects/HasseWeil/HasseWeil/HasseBound/SepDegreeWitnesses.lean:2318:2: Try this: 
  letI̵

The goal is a proposition, so `let` is preferred over `letI`.
The difference between `let` and `letI` is that `letI` inlines the value.
But this is not relevant for proofs because of proof irrelevance.

Note: This linter can be disabled with `set_option linter.style.haveILetI false`
warning: projects/HasseWeil/HasseWeil/HasseBound/SepDegreeWitnesses.lean:2319:2: Try this: 
  letI̵

The goal is a proposition, so `let` is preferred over `letI`.
The difference between `let` and `letI` is that `letI` inlines the value.
But this is not relevant for proofs because of proof irrelevance.

Note: This linter can be disabled with `set_option linter.style.haveILetI false`
warning: projects/HasseWeil/HasseWeil/HasseBound/SepDegreeWitnesses.lean:2320:2: Try this: 
  letI̵

The goal is a proposition, so `let` is preferred over `letI`.
The difference between `let` and `letI` is that `letI` inlines the value.
But this is not relevant for proofs because of proof irrelevance.

Note: This linter can be disabled with `set_option linter.style.haveILetI false`
warning: projects/HasseWeil/HasseWeil/HasseBound/SepDegreeWitnesses.lean:2321:2: Try this: 
  letI̵

The goal is a proposition, so `let` is preferred over `letI`.
The difference between `let` and `letI` is that `letI` inlines the value.
But this is not relevant for proofs because of proof irrelevance.

Note: This linter can be disabled with `set_option linter.style.haveILetI false`
warning: projects/HasseWeil/HasseWeil/HasseBound/SepDegreeWitnesses.lean:2375:2: Try this: 
  letI̵

The goal is a proposition, so `let` is preferred over `letI`.
The difference between `let` and `letI` is that `letI` inlines the value.
But this is not relevant for proofs because of proof irrelevance.

Note: This linter can be disabled with `set_option linter.style.haveILetI false`
warning: projects/HasseWeil/HasseWeil/HasseBound/SepDegreeWitnesses.lean:2376:2: Try this: 
  letI̵

The goal is a proposition, so `let` is preferred over `letI`.
The difference between `let` and `letI` is that `letI` inlines the value.
But this is not relevant for proofs because of proof irrelevance.

Note: This linter can be disabled with `set_option linter.style.haveILetI false`
warning: projects/HasseWeil/HasseWeil/HasseBound/SepDegreeWitnesses.lean:2377:2: Try this: 
  letI̵

The goal is a proposition, so `let` is preferred over `letI`.
The difference between `let` and `letI` is that `letI` inlines the value.
But this is not relevant for proofs because of proof irrelevance.

Note: This linter can be disabled with `set_option linter.style.haveILetI false`
warning: projects/HasseWeil/HasseWeil/HasseBound/SepDegreeWitnesses.lean:2378:2: Try this: 
  letI̵

The goal is a proposition, so `let` is preferred over `letI`.
The difference between `let` and `letI` is that `letI` inlines the value.
But this is not relevant for proofs because of proof irrelevance.

Note: This linter can be disabled with `set_option linter.style.haveILetI false`
warning: projects/HasseWeil/HasseWeil/HasseBound/SepDegreeWitnesses.lean:2447:2: Try this: 
  letI̵

The goal is a proposition, so `let` is preferred over `letI`.
The difference between `let` and `letI` is that `letI` inlines the value.
But this is not relevant for proofs because of proof irrelevance.

Note: This linter can be disabled with `set_option linter.style.haveILetI false`
warning: projects/HasseWeil/HasseWeil/HasseBound/SepDegreeWitnesses.lean:2448:2: Try this: 
  letI̵

The goal is a proposition, so `let` is preferred over `letI`.
The difference between `let` and `letI` is that `letI` inlines the value.
But this is not relevant for proofs because of proof irrelevance.

Note: This linter can be disabled with `set_option linter.style.haveILetI false`
warning: projects/HasseWeil/HasseWeil/HasseBound/SepDegreeWitnesses.lean:2496:2: Try this: 
  letI̵

The goal is a proposition, so `let` is preferred over `letI`.
The difference between `let` and `letI` is that `letI` inlines the value.
But this is not relevant for proofs because of proof irrelevance.

Note: This linter can be disabled with `set_option linter.style.haveILetI false`
warning: projects/HasseWeil/HasseWeil/HasseBound/SepDegreeWitnesses.lean:2497:2: Try this: 
  letI̵

The goal is a proposition, so `let` is preferred over `letI`.
The difference between `let` and `letI` is that `letI` inlines the value.
But this is not relevant for proofs because of proof irrelevance.

Note: This linter can be disabled with `set_option linter.style.haveILetI false`
warning: projects/HasseWeil/HasseWeil/HasseBound/SepDegreeWitnesses.lean:2498:2: Try this: 
  letI̵

The goal is a proposition, so `let` is preferred over `letI`.
The difference between `let` and `letI` is that `letI` inlines the value.
But this is not relevant for proofs because of proof irrelevance.

Note: This linter can be disabled with `set_option linter.style.haveILetI false`
warning: projects/HasseWeil/HasseWeil/HasseBound/SepDegreeWitnesses.lean:2499:2: Try this: 
  letI̵

The goal is a proposition, so `let` is preferred over `letI`.
The difference between `let` and `letI` is that `letI` inlines the value.
But this is not relevant for proofs because of proof irrelevance.

Note: This linter can be disabled with `set_option linter.style.haveILetI false`
warning: projects/HasseWeil/HasseWeil/HasseBound/SepDegreeWitnesses.lean:2500:2: Try this: 
  letI̵

The goal is a proposition, so `let` is preferred over `letI`.
The difference between `let` and `letI` is that `letI` inlines the value.
But this is not relevant for proofs because of proof irrelevance.

Note: This linter can be disabled with `set_option linter.style.haveILetI false`
warning: projects/HasseWeil/HasseWeil/HasseBound/SepDegreeWitnesses.lean:2557:2: Try this: 
  letI̵

The goal is a proposition, so `let` is preferred over `letI`.
The difference between `let` and `letI` is that `letI` inlines the value.
But this is not relevant for proofs because of proof irrelevance.

Note: This linter can be disabled with `set_option linter.style.haveILetI false`
warning: projects/HasseWeil/HasseWeil/HasseBound/SepDegreeWitnesses.lean:2558:2: Try this: 
  letI̵

The goal is a proposition, so `let` is preferred over `letI`.
The difference between `let` and `letI` is that `letI` inlines the value.
But this is not relevant for proofs because of proof irrelevance.

Note: This linter can be disabled with `set_option linter.style.haveILetI false`
warning: projects/HasseWeil/HasseWeil/HasseBound/SepDegreeWitnesses.lean:2559:2: Try this: 
  letI̵

The goal is a proposition, so `let` is preferred over `letI`.
The difference between `let` and `letI` is that `letI` inlines the value.
But this is not relevant for proofs because of proof irrelevance.

Note: This linter can be disabled with `set_option linter.style.haveILetI false`
warning: projects/HasseWeil/HasseWeil/HasseBound/SepDegreeWitnesses.lean:2560:2: Try this: 
  letI̵

The goal is a proposition, so `let` is preferred over `letI`.
The difference between `let` and `letI` is that `letI` inlines the value.
But this is not relevant for proofs because of proof irrelevance.

Note: This linter can be disabled with `set_option linter.style.haveILetI false`
warning: projects/HasseWeil/HasseWeil/HasseBound/SepDegreeWitnesses.lean:2561:2: Try this: 
  letI̵

The goal is a proposition, so `let` is preferred over `letI`.
The difference between `let` and `letI` is that `letI` inlines the value.
But this is not relevant for proofs because of proof irrelevance.

Note: This linter can be disabled with `set_option linter.style.haveILetI false`
warning: projects/HasseWeil/HasseWeil/HasseBound/SepDegreeWitnesses.lean:2562:2: Try this: 
  letI̵

The goal is a proposition, so `let` is preferred over `letI`.
The difference between `let` and `letI` is that `letI` inlines the value.
But this is not relevant for proofs because of proof irrelevance.

Note: This linter can be disabled with `set_option linter.style.haveILetI false`
warning: projects/HasseWeil/HasseWeil/HasseBound/SepDegreeWitnesses.lean:2563:2: Try this: 
  letI̵

The goal is a proposition, so `let` is preferred over `letI`.
The difference between `let` and `letI` is that `letI` inlines the value.
But this is not relevant for proofs because of proof irrelevance.

Note: This linter can be disabled with `set_option linter.style.haveILetI false`
warning: projects/HasseWeil/HasseWeil/HasseBound/SepDegreeWitnesses.lean:2641:6: Try this: 
  haveI̵

The goal is a proposition, so `have` is preferred over `haveI`.
The difference between `have` and `haveI` is that `haveI` inlines the value.
But this is not relevant for proofs because of proof irrelevance.

Note: This linter can be disabled with `set_option linter.style.haveILetI false`
warning: projects/HasseWeil/HasseWeil/HasseBound/SepDegreeWitnesses.lean:2680:6: Try this: 
  haveI̵

The goal is a proposition, so `have` is preferred over `haveI`.
The difference between `have` and `haveI` is that `haveI` inlines the value.
But this is not relevant for proofs because of proof irrelevance.

Note: This linter can be disabled with `set_option linter.style.haveILetI false`
warning: projects/HasseWeil/HasseWeil/HasseBound/SepDegreeWitnesses.lean:2749:2: Try this: 
  letI̵

The goal is a proposition, so `let` is preferred over `letI`.
The difference between `let` and `letI` is that `letI` inlines the value.
But this is not relevant for proofs because of proof irrelevance.

Note: This linter can be disabled with `set_option linter.style.haveILetI false`
warning: projects/HasseWeil/HasseWeil/HasseBound/SepDegreeWitnesses.lean:2750:2: Try this: 
  letI̵

The goal is a proposition, so `let` is preferred over `letI`.
The difference between `let` and `letI` is that `letI` inlines the value.
But this is not relevant for proofs because of proof irrelevance.

Note: This linter can be disabled with `set_option linter.style.haveILetI false`
warning: projects/HasseWeil/HasseWeil/HasseBound/SepDegreeWitnesses.lean:2755:2: Try this: 
  haveI̵

The goal is a proposition, so `have` is preferred over `haveI`.
The difference between `have` and `haveI` is that `haveI` inlines the value.
But this is not relevant for proofs because of proof irrelevance.

Note: This linter can be disabled with `set_option linter.style.haveILetI false`
warning: projects/HasseWeil/HasseWeil/HasseBound/SepDegreeWitnesses.lean:2819:2: Try this: 
  letI̵

The goal is a proposition, so `let` is preferred over `letI`.
The difference between `let` and `letI` is that `letI` inlines the value.
But this is not relevant for proofs because of proof irrelevance.

Note: This linter can be disabled with `set_option linter.style.haveILetI false`
warning: projects/HasseWeil/HasseWeil/HasseBound/SepDegreeWitnesses.lean:2820:2: Try this: 
  letI̵

The goal is a proposition, so `let` is preferred over `letI`.
The difference between `let` and `letI` is that `letI` inlines the value.
But this is not relevant for proofs because of proof irrelevance.

Note: This linter can be disabled with `set_option linter.style.haveILetI false`
warning: projects/HasseWeil/HasseWeil/HasseBound/SepDegreeWitnesses.lean:2821:2: Try this: 
  haveI̵

The goal is a proposition, so `have` is preferred over `haveI`.
The difference between `have` and `haveI` is that `haveI` inlines the value.
But this is not relevant for proofs because of proof irrelevance.

Note: This linter can be disabled with `set_option linter.style.haveILetI false`
warning: projects/HasseWeil/HasseWeil/HasseBound/SepDegreeWitnesses.lean:2884:2: Try this: 
  haveI̵

The goal is a proposition, so `have` is preferred over `haveI`.
The difference between `have` and `haveI` is that `haveI` inlines the value.
But this is not relevant for proofs because of proof irrelevance.

Note: This linter can be disabled with `set_option linter.style.haveILetI false`
warning: projects/HasseWeil/HasseWeil/HasseBound/SepDegreeWitnesses.lean:2885:2: Try this: 
  haveI̵

The goal is a proposition, so `have` is preferred over `haveI`.
The difference between `have` and `haveI` is that `haveI` inlines the value.
But this is not relevant for proofs because of proof irrelevance.

Note: This linter can be disabled with `set_option linter.style.haveILetI false`
warning: projects/HasseWeil/HasseWeil/HasseBound/SepDegreeWitnesses.lean:3025:2: Try this: 
  letI̵

The goal is a proposition, so `let` is preferred over `letI`.
The difference between `let` and `letI` is that `letI` inlines the value.
But this is not relevant for proofs because of proof irrelevance.

Note: This linter can be disabled with `set_option linter.style.haveILetI false`
warning: projects/HasseWeil/HasseWeil/HasseBound/SepDegreeWitnesses.lean:3026:2: Try this: 
  letI̵

The goal is a proposition, so `let` is preferred over `letI`.
The difference between `let` and `letI` is that `letI` inlines the value.
But this is not relevant for proofs because of proof irrelevance.

Note: This linter can be disabled with `set_option linter.style.haveILetI false`
warning: projects/HasseWeil/HasseWeil/HasseBound/SepDegreeWitnesses.lean:3027:2: Try this: 
  letI̵

The goal is a proposition, so `let` is preferred over `letI`.
The difference between `let` and `letI` is that `letI` inlines the value.
But this is not relevant for proofs because of proof irrelevance.

Note: This linter can be disabled with `set_option linter.style.haveILetI false`
warning: projects/HasseWeil/HasseWeil/HasseBound/SepDegreeWitnesses.lean:3028:2: Try this: 
  haveI̵

The goal is a proposition, so `have` is preferred over `haveI`.
The difference between `have` and `haveI` is that `haveI` inlines the value.
But this is not relevant for proofs because of proof irrelevance.

Note: This linter can be disabled with `set_option linter.style.haveILetI false`
warning: projects/HasseWeil/HasseWeil/HasseBound/SepDegreeWitnesses.lean:3111:9: `Ideal.inertiaDeg'` has been deprecated: Use `Ideal.inertiaDeg` instead.
warning: projects/HasseWeil/HasseWeil/HasseBound/SepDegreeWitnesses.lean:3120:2: Try this: 
  letI̵

The goal is a proposition, so `let` is preferred over `letI`.
The difference between `let` and `letI` is that `letI` inlines the value.
But this is not relevant for proofs because of proof irrelevance.

Note: This linter can be disabled with `set_option linter.style.haveILetI false`
warning: projects/HasseWeil/HasseWeil/HasseBound/SepDegreeWitnesses.lean:3121:2: Try this: 
  letI̵

The goal is a proposition, so `let` is preferred over `letI`.
The difference between `let` and `letI` is that `letI` inlines the value.
But this is not relevant for proofs because of proof irrelevance.

Note: This linter can be disabled with `set_option linter.style.haveILetI false`
warning: projects/HasseWeil/HasseWeil/HasseBound/SepDegreeWitnesses.lean:3122:2: Try this: 
  letI̵

The goal is a proposition, so `let` is preferred over `letI`.
The difference between `let` and `letI` is that `letI` inlines the value.
But this is not relevant for proofs because of proof irrelevance.

Note: This linter can be disabled with `set_option linter.style.haveILetI false`
warning: projects/HasseWeil/HasseWeil/HasseBound/SepDegreeWitnesses.lean:3123:2: Try this: 
  letI̵

The goal is a proposition, so `let` is preferred over `letI`.
The difference between `let` and `letI` is that `letI` inlines the value.
But this is not relevant for proofs because of proof irrelevance.

Note: This linter can be disabled with `set_option linter.style.haveILetI false`
warning: projects/HasseWeil/HasseWeil/HasseBound/SepDegreeWitnesses.lean:3124:2: Try this: 
  letI̵

The goal is a proposition, so `let` is preferred over `letI`.
The difference between `let` and `letI` is that `letI` inlines the value.
But this is not relevant for proofs because of proof irrelevance.

Note: This linter can be disabled with `set_option linter.style.haveILetI false`
warning: projects/HasseWeil/HasseWeil/HasseBound/SepDegreeWitnesses.lean:3125:2: Try this: 
  letI̵

The goal is a proposition, so `let` is preferred over `letI`.
The difference between `let` and `letI` is that `letI` inlines the value.
But this is not relevant for proofs because of proof irrelevance.

Note: This linter can be disabled with `set_option linter.style.haveILetI false`
warning: projects/HasseWeil/HasseWeil/HasseBound/SepDegreeWitnesses.lean:3126:2: Try this: 
  haveI̵

The goal is a proposition, so `have` is preferred over `haveI`.
The difference between `have` and `haveI` is that `haveI` inlines the value.
But this is not relevant for proofs because of proof irrelevance.

Note: This linter can be disabled with `set_option linter.style.haveILetI false`
warning: projects/HasseWeil/HasseWeil/HasseBound/SepDegreeWitnesses.lean:3127:2: Try this: 
  haveI̵

The goal is a proposition, so `have` is preferred over `haveI`.
The difference between `have` and `haveI` is that `haveI` inlines the value.
But this is not relevant for proofs because of proof irrelevance.

Note: This linter can be disabled with `set_option linter.style.haveILetI false`
warning: projects/HasseWeil/HasseWeil/HasseBound/SepDegreeWitnesses.lean:3128:2: Try this: 
  haveI̵

The goal is a proposition, so `have` is preferred over `haveI`.
The difference between `have` and `haveI` is that `haveI` inlines the value.
But this is not relevant for proofs because of proof irrelevance.

Note: This linter can be disabled with `set_option linter.style.haveILetI false`
warning: projects/HasseWeil/HasseWeil/HasseBound/SepDegreeWitnesses.lean:3129:2: Try this: 
  haveI̵

The goal is a proposition, so `have` is preferred over `haveI`.
The difference between `have` and `haveI` is that `haveI` inlines the value.
But this is not relevant for proofs because of proof irrelevance.

Note: This linter can be disabled with `set_option linter.style.haveILetI false`
warning: projects/HasseWeil/HasseWeil/HasseBound/SepDegreeWitnesses.lean:3130:2: Try this: 
  haveI̵

The goal is a proposition, so `have` is preferred over `haveI`.
The difference between `have` and `haveI` is that `haveI` inlines the value.
But this is not relevant for proofs because of proof irrelevance.

Note: This linter can be disabled with `set_option linter.style.haveILetI false`
warning: projects/HasseWeil/HasseWeil/HasseBound/SepDegreeWitnesses.lean:3160:2: Try this: 
  haveI̵

The goal is a proposition, so `have` is preferred over `haveI`.
The difference between `have` and `haveI` is that `haveI` inlines the value.
But this is not relevant for proofs because of proof irrelevance.

Note: This linter can be disabled with `set_option linter.style.haveILetI false`
warning: projects/HasseWeil/HasseWeil/HasseBound/SepDegreeWitnesses.lean:3171:12: `Ideal.inertiaDeg'` has been deprecated: Use `Ideal.inertiaDeg` instead.
warning: projects/HasseWeil/HasseWeil/HasseBound/SepDegreeWitnesses.lean:3176:6: Try this: 
  haveI̵

The goal is a proposition, so `have` is preferred over `haveI`.
The difference between `have` and `haveI` is that `haveI` inlines the value.
But this is not relevant for proofs because of proof irrelevance.

Note: This linter can be disabled with `set_option linter.style.haveILetI false`
warning: projects/HasseWeil/HasseWeil/HasseBound/SepDegreeWitnesses.lean:3177:6: Try this: 
  haveI̵

The goal is a proposition, so `have` is preferred over `haveI`.
The difference between `have` and `haveI` is that `haveI` inlines the value.
But this is not relevant for proofs because of proof irrelevance.

Note: This linter can be disabled with `set_option linter.style.haveILetI false`
warning: projects/HasseWeil/HasseWeil/HasseBound/SepDegreeWitnesses.lean:3178:12: `Ideal.inertiaDeg'_pos` has been deprecated: Use `Ideal.inertiaDeg_pos` instead.
warning: projects/HasseWeil/HasseWeil/HasseBound/SepDegreeWitnesses.lean:3186:14: `Ideal.inertiaDeg'` has been deprecated: Use `Ideal.inertiaDeg` instead.
warning: projects/HasseWeil/HasseWeil/HasseBound/SepDegreeWitnesses.lean:3231:0: automatically included section variable(s) unused in theorem `HasseWeil.ker_oneSubGeomFrobHom_setOfFixed_card_eq_pointCount`:
  [DecidableEq K]
consider restructuring your `variable` declarations so that the variables are not in scope or explicitly omit them:
  omit [DecidableEq K] in theorem ...

Note: This linter can be disabled with `set_option linter.unusedSectionVars false`
warning: projects/HasseWeil/HasseWeil/HasseBound/SepDegreeWitnesses.lean:3290:0: automatically included section variable(s) unused in theorem `HasseWeil.geomPoles_oneSubFrob_eq_ker_setOfFixed`:
  [DecidableEq K]
consider restructuring your `variable` declarations so that the variables are not in scope or explicitly omit them:
  omit [DecidableEq K] in theorem ...

Note: This linter can be disabled with `set_option linter.unusedSectionVars false`
warning: projects/HasseWeil/HasseWeil/HasseBound/SepDegreeWitnesses.lean:3342:9: `Ideal.inertiaDeg'` has been deprecated: Use `Ideal.inertiaDeg` instead.
warning: projects/HasseWeil/HasseWeil/HasseBound/SepDegreeWitnesses.lean:3350:7: `Ideal.inertiaDeg'` has been deprecated: Use `Ideal.inertiaDeg` instead.
warning: projects/HasseWeil/HasseWeil/HasseBound/SepDegreeWitnesses.lean:3400:2: Try this: 
  letI̵

The goal is a proposition, so `let` is preferred over `letI`.
The difference between `let` and `letI` is that `letI` inlines the value.
But this is not relevant for proofs because of proof irrelevance.

Note: This linter can be disabled with `set_option linter.style.haveILetI false`
warning: projects/HasseWeil/HasseWeil/HasseBound/SepDegreeWitnesses.lean:3401:2: Try this: 
  letI̵

The goal is a proposition, so `let` is preferred over `letI`.
The difference between `let` and `letI` is that `letI` inlines the value.
But this is not relevant for proofs because of proof irrelevance.

Note: This linter can be disabled with `set_option linter.style.haveILetI false`
warning: projects/HasseWeil/HasseWeil/HasseBound/SepDegreeWitnesses.lean:3402:2: Try this: 
  letI̵

The goal is a proposition, so `let` is preferred over `letI`.
The difference between `let` and `letI` is that `letI` inlines the value.
But this is not relevant for proofs because of proof irrelevance.

Note: This linter can be disabled with `set_option linter.style.haveILetI false`
warning: projects/HasseWeil/HasseWeil/HasseBound/SepDegreeWitnesses.lean:3404:2: Try this: 
  letI̵

The goal is a proposition, so `let` is preferred over `letI`.
The difference between `let` and `letI` is that `letI` inlines the value.
But this is not relevant for proofs because of proof irrelevance.

Note: This linter can be disabled with `set_option linter.style.haveILetI false`
warning: projects/HasseWeil/HasseWeil/HasseBound/SepDegreeWitnesses.lean:3469:2: Try this: 
  letI̵

The goal is a proposition, so `let` is preferred over `letI`.
The difference between `let` and `letI` is that `letI` inlines the value.
But this is not relevant for proofs because of proof irrelevance.

Note: This linter can be disabled with `set_option linter.style.haveILetI false`
warning: projects/HasseWeil/HasseWeil/HasseBound/SepDegreeWitnesses.lean:3470:2: Try this: 
  letI̵

The goal is a proposition, so `let` is preferred over `letI`.
The difference between `let` and `letI` is that `letI` inlines the value.
But this is not relevant for proofs because of proof irrelevance.

Note: This linter can be disabled with `set_option linter.style.haveILetI false`
warning: projects/HasseWeil/HasseWeil/HasseBound/SepDegreeWitnesses.lean:3471:2: Try this: 
  letI̵

The goal is a proposition, so `let` is preferred over `letI`.
The difference between `let` and `letI` is that `letI` inlines the value.
But this is not relevant for proofs because of proof irrelevance.

Note: This linter can be disabled with `set_option linter.style.haveILetI false`
warning: projects/HasseWeil/HasseWeil/HasseBound/SepDegreeWitnesses.lean:3472:2: Try this: 
  letI̵

The goal is a proposition, so `let` is preferred over `letI`.
The difference between `let` and `letI` is that `letI` inlines the value.
But this is not relevant for proofs because of proof irrelevance.

Note: This linter can be disabled with `set_option linter.style.haveILetI false`
warning: projects/HasseWeil/HasseWeil/HasseBound/SepDegreeWitnesses.lean:3478:2: Try this: 
  haveI̵

The goal is a proposition, so `have` is preferred over `haveI`.
The difference between `have` and `haveI` is that `haveI` inlines the value.
But this is not relevant for proofs because of proof irrelevance.

Note: This linter can be disabled with `set_option linter.style.haveILetI false`
warning: projects/HasseWeil/HasseWeil/HasseBound/SepDegreeWitnesses.lean:3481:2: Try this: 
  haveI̵

The goal is a proposition, so `have` is preferred over `haveI`.
The difference between `have` and `haveI` is that `haveI` inlines the value.
But this is not relevant for proofs because of proof irrelevance.

Note: This linter can be disabled with `set_option linter.style.haveILetI false`
warning: projects/HasseWeil/HasseWeil/HasseBound/SepDegreeWitnesses.lean:3485:2: Try this: 
  letI̵

The goal is a proposition, so `let` is preferred over `letI`.
The difference between `let` and `letI` is that `letI` inlines the value.
But this is not relevant for proofs because of proof irrelevance.

Note: This linter can be disabled with `set_option linter.style.haveILetI false`
warning: projects/HasseWeil/HasseWeil/HasseBound/SepDegreeWitnesses.lean:3493:17: `Ideal.inertiaDeg'_pos` has been deprecated: Use `Ideal.inertiaDeg_pos` instead.
warning: projects/HasseWeil/HasseWeil/HasseBound/SepDegreeWitnesses.lean:3494:9: `Ideal.inertiaDeg'_algebraMap` has been deprecated: Use `Ideal.inertiaDeg_eq_of_isMaximal` instead.
warning: projects/HasseWeil/HasseWeil/HasseBound/SepDegreeWitnesses.lean:3532:4: `Ideal.inertiaDeg'` has been deprecated: Use `Ideal.inertiaDeg` instead.
warning: projects/HasseWeil/HasseWeil/HasseBound/SepDegreeWitnesses.lean:3534:2: Try this: 
  letI̵

The goal is a proposition, so `let` is preferred over `letI`.
The difference between `let` and `letI` is that `letI` inlines the value.
But this is not relevant for proofs because of proof irrelevance.

Note: This linter can be disabled with `set_option linter.style.haveILetI false`
warning: projects/HasseWeil/HasseWeil/HasseBound/SepDegreeWitnesses.lean:3535:2: Try this: 
  letI̵

The goal is a proposition, so `let` is preferred over `letI`.
The difference between `let` and `letI` is that `letI` inlines the value.
But this is not relevant for proofs because of proof irrelevance.

Note: This linter can be disabled with `set_option linter.style.haveILetI false`
warning: projects/HasseWeil/HasseWeil/HasseBound/SepDegreeWitnesses.lean:3537:2: Try this: 
  haveI̵

The goal is a proposition, so `have` is preferred over `haveI`.
The difference between `have` and `haveI` is that `haveI` inlines the value.
But this is not relevant for proofs because of proof irrelevance.

Note: This linter can be disabled with `set_option linter.style.haveILetI false`
warning: projects/HasseWeil/HasseWeil/HasseBound/SepDegreeWitnesses.lean:3584:7: `Ideal.inertiaDeg'` has been deprecated: Use `Ideal.inertiaDeg` instead.
warning: projects/HasseWeil/HasseWeil/HasseBound/SepDegreeWitnesses.lean:3586:2: Try this: 
  letI̵

The goal is a proposition, so `let` is preferred over `letI`.
The difference between `let` and `letI` is that `letI` inlines the value.
But this is not relevant for proofs because of proof irrelevance.

Note: This linter can be disabled with `set_option linter.style.haveILetI false`
warning: projects/HasseWeil/HasseWeil/HasseBound/SepDegreeWitnesses.lean:3587:2: Try this: 
  letI̵

The goal is a proposition, so `let` is preferred over `letI`.
The difference between `let` and `letI` is that `letI` inlines the value.
But this is not relevant for proofs because of proof irrelevance.

Note: This linter can be disabled with `set_option linter.style.haveILetI false`
warning: projects/HasseWeil/HasseWeil/HasseBound/SepDegreeWitnesses.lean:3588:2: Try this: 
  letI̵

The goal is a proposition, so `let` is preferred over `letI`.
The difference between `let` and `letI` is that `letI` inlines the value.
But this is not relevant for proofs because of proof irrelevance.

Note: This linter can be disabled with `set_option linter.style.haveILetI false`
warning: projects/HasseWeil/HasseWeil/HasseBound/SepDegreeWitnesses.lean:3589:2: Try this: 
  letI̵

The goal is a proposition, so `let` is preferred over `letI`.
The difference between `let` and `letI` is that `letI` inlines the value.
But this is not relevant for proofs because of proof irrelevance.

Note: This linter can be disabled with `set_option linter.style.haveILetI false`
warning: projects/HasseWeil/HasseWeil/HasseBound/SepDegreeWitnesses.lean:3590:2: Try this: 
  letI̵

The goal is a proposition, so `let` is preferred over `letI`.
The difference between `let` and `letI` is that `letI` inlines the value.
But this is not relevant for proofs because of proof irrelevance.

Note: This linter can be disabled with `set_option linter.style.haveILetI false`
warning: projects/HasseWeil/HasseWeil/HasseBound/SepDegreeWitnesses.lean:3591:2: Try this: 
  letI̵

The goal is a proposition, so `let` is preferred over `letI`.
The difference between `let` and `letI` is that `letI` inlines the value.
But this is not relevant for proofs because of proof irrelevance.

Note: This linter can be disabled with `set_option linter.style.haveILetI false`
warning: projects/HasseWeil/HasseWeil/HasseBound/SepDegreeWitnesses.lean:3592:2: Try this: 
  haveI̵

The goal is a proposition, so `have` is preferred over `haveI`.
The difference between `have` and `haveI` is that `haveI` inlines the value.
But this is not relevant for proofs because of proof irrelevance.

Note: This linter can be disabled with `set_option linter.style.haveILetI false`
warning: projects/HasseWeil/HasseWeil/HasseBound/SepDegreeWitnesses.lean:3593:2: Try this: 
  haveI̵

The goal is a proposition, so `have` is preferred over `haveI`.
The difference between `have` and `haveI` is that `haveI` inlines the value.
But this is not relevant for proofs because of proof irrelevance.

Note: This linter can be disabled with `set_option linter.style.haveILetI false`
warning: projects/HasseWeil/HasseWeil/HasseBound/SepDegreeWitnesses.lean:3594:2: Try this: 
  haveI̵

The goal is a proposition, so `have` is preferred over `haveI`.
The difference between `have` and `haveI` is that `haveI` inlines the value.
But this is not relevant for proofs because of proof irrelevance.

Note: This linter can be disabled with `set_option linter.style.haveILetI false`
warning: projects/HasseWeil/HasseWeil/HasseBound/SepDegreeWitnesses.lean:3626:6: `Ideal.inertiaDeg'` has been deprecated: Use `Ideal.inertiaDeg` instead.
warning: projects/HasseWeil/HasseWeil/HasseBound/SepDegreeWitnesses.lean:3684:10: `Ideal.inertiaDeg'` has been deprecated: Use `Ideal.inertiaDeg` instead.
warning: projects/HasseWeil/HasseWeil/HasseBound/SepDegreeWitnesses.lean:3692:7: `Ideal.inertiaDeg'` has been deprecated: Use `Ideal.inertiaDeg` instead.
warning: projects/HasseWeil/HasseWeil/HasseBound/SepDegreeWitnesses.lean:3694:2: Try this: 
  letI̵

The goal is a proposition, so `let` is preferred over `letI`.
The difference between `let` and `letI` is that `letI` inlines the value.
But this is not relevant for proofs because of proof irrelevance.

Note: This linter can be disabled with `set_option linter.style.haveILetI false`
warning: projects/HasseWeil/HasseWeil/HasseBound/SepDegreeWitnesses.lean:3695:2: Try this: 
  letI̵

The goal is a proposition, so `let` is preferred over `letI`.
The difference between `let` and `letI` is that `letI` inlines the value.
But this is not relevant for proofs because of proof irrelevance.

Note: This linter can be disabled with `set_option linter.style.haveILetI false`
warning: projects/HasseWeil/HasseWeil/HasseBound/SepDegreeWitnesses.lean:3696:2: Try this: 
  letI̵

The goal is a proposition, so `let` is preferred over `letI`.
The difference between `let` and `letI` is that `letI` inlines the value.
But this is not relevant for proofs because of proof irrelevance.

Note: This linter can be disabled with `set_option linter.style.haveILetI false`
warning: projects/HasseWeil/HasseWeil/HasseBound/SepDegreeWitnesses.lean:3697:2: Try this: 
  letI̵

The goal is a proposition, so `let` is preferred over `letI`.
The difference between `let` and `letI` is that `letI` inlines the value.
But this is not relevant for proofs because of proof irrelevance.

Note: This linter can be disabled with `set_option linter.style.haveILetI false`
warning: projects/HasseWeil/HasseWeil/HasseBound/SepDegreeWitnesses.lean:3698:2: Try this: 
  letI̵

The goal is a proposition, so `let` is preferred over `letI`.
The difference between `let` and `letI` is that `letI` inlines the value.
But this is not relevant for proofs because of proof irrelevance.

Note: This linter can be disabled with `set_option linter.style.haveILetI false`
warning: projects/HasseWeil/HasseWeil/HasseBound/SepDegreeWitnesses.lean:3699:2: Try this: 
  letI̵

The goal is a proposition, so `let` is preferred over `letI`.
The difference between `let` and `letI` is that `letI` inlines the value.
But this is not relevant for proofs because of proof irrelevance.

Note: This linter can be disabled with `set_option linter.style.haveILetI false`
warning: projects/HasseWeil/HasseWeil/HasseBound/SepDegreeWitnesses.lean:3700:2: Try this: 
  haveI̵

The goal is a proposition, so `have` is preferred over `haveI`.
The difference between `have` and `haveI` is that `haveI` inlines the value.
But this is not relevant for proofs because of proof irrelevance.

Note: This linter can be disabled with `set_option linter.style.haveILetI false`
warning: projects/HasseWeil/HasseWeil/HasseBound/SepDegreeWitnesses.lean:3701:2: Try this: 
  haveI̵

The goal is a proposition, so `have` is preferred over `haveI`.
The difference between `have` and `haveI` is that `haveI` inlines the value.
But this is not relevant for proofs because of proof irrelevance.

Note: This linter can be disabled with `set_option linter.style.haveILetI false`
warning: projects/HasseWeil/HasseWeil/HasseBound/SepDegreeWitnesses.lean:3702:2: Try this: 
  haveI̵

The goal is a proposition, so `have` is preferred over `haveI`.
The difference between `have` and `haveI` is that `haveI` inlines the value.
But this is not relevant for proofs because of proof irrelevance.

Note: This linter can be disabled with `set_option linter.style.haveILetI false`
warning: projects/HasseWeil/HasseWeil/HasseBound/SepDegreeWitnesses.lean:3723:10: `Ideal.inertiaDeg'` has been deprecated: Use `Ideal.inertiaDeg` instead.
warning: projects/HasseWeil/HasseWeil/HasseBound/SepDegreeWitnesses.lean:3731:10: `Ideal.inertiaDeg'` has been deprecated: Use `Ideal.inertiaDeg` instead.
warning: projects/HasseWeil/HasseWeil/HasseBound/SepDegreeWitnesses.lean:3744:2: Try this: 
  haveI̵

The goal is a proposition, so `have` is preferred over `haveI`.
The difference between `have` and `haveI` is that `haveI` inlines the value.
But this is not relevant for proofs because of proof irrelevance.

Note: This linter can be disabled with `set_option linter.style.haveILetI false`
warning: projects/HasseWeil/HasseWeil/HasseBound/SepDegreeWitnesses.lean:3750:8: `Ideal.inertiaDeg'` has been deprecated: Use `Ideal.inertiaDeg` instead.
warning: projects/HasseWeil/HasseWeil/HasseBound/SepDegreeWitnesses.lean:3754:4: Try this: 
  haveI̵

The goal is a proposition, so `have` is preferred over `haveI`.
The difference between `have` and `haveI` is that `haveI` inlines the value.
But this is not relevant for proofs because of proof irrelevance.

Note: This linter can be disabled with `set_option linter.style.haveILetI false`
warning: projects/HasseWeil/HasseWeil/HasseBound/SepDegreeWitnesses.lean:3755:4: Try this: 
  haveI̵

The goal is a proposition, so `have` is preferred over `haveI`.
The difference between `have` and `haveI` is that `haveI` inlines the value.
But this is not relevant for proofs because of proof irrelevance.

Note: This linter can be disabled with `set_option linter.style.haveILetI false`
warning: projects/HasseWeil/HasseWeil/HasseBound/SepDegreeWitnesses.lean:3757:20: `Ideal.inertiaDeg'_pos` has been deprecated: Use `Ideal.inertiaDeg_pos` instead.
warning: projects/HasseWeil/HasseWeil/HasseBound/SepDegreeWitnesses.lean:3763:6: Try this: 
  letI̵

The goal is a proposition, so `let` is preferred over `letI`.
The difference between `let` and `letI` is that `letI` inlines the value.
But this is not relevant for proofs because of proof irrelevance.

Note: This linter can be disabled with `set_option linter.style.haveILetI false`
warning: projects/HasseWeil/HasseWeil/HasseBound/SepDegreeWitnesses.lean:3771:12: `Ideal.inertiaDeg'` has been deprecated: Use `Ideal.inertiaDeg` instead.
warning: projects/HasseWeil/HasseWeil/HasseBound/SepDegreeWitnesses.lean:3784:10: `Ideal.inertiaDeg'` has been deprecated: Use `Ideal.inertiaDeg` instead.
warning: projects/HasseWeil/HasseWeil/HasseBound/SepDegreeWitnesses.lean:3791:12: `Ideal.inertiaDeg'` has been deprecated: Use `Ideal.inertiaDeg` instead.
warning: projects/HasseWeil/HasseWeil/HasseBound/SepDegreeWitnesses.lean:3796:14: `Ideal.inertiaDeg'` has been deprecated: Use `Ideal.inertiaDeg` instead.
warning: projects/HasseWeil/HasseWeil/HasseBound/SepDegreeWitnesses.lean:3798:12: `Ideal.inertiaDeg'` has been deprecated: Use `Ideal.inertiaDeg` instead.
warning: projects/HasseWeil/HasseWeil/HasseBound/SepDegreeWitnesses.lean:3801:14: `Ideal.inertiaDeg'` has been deprecated: Use `Ideal.inertiaDeg` instead.
warning: projects/HasseWeil/HasseWeil/HasseBound/SepDegreeWitnesses.lean:3814:12: `Ideal.inertiaDeg'` has been deprecated: Use `Ideal.inertiaDeg` instead.
warning: projects/HasseWeil/HasseWeil/HasseBound/SepDegreeWitnesses.lean:3819:14: `Ideal.inertiaDeg'` has been deprecated: Use `Ideal.inertiaDeg` instead.
warning: projects/HasseWeil/HasseWeil/HasseBound/SepDegreeWitnesses.lean:3822:14: `Ideal.inertiaDeg'` has been deprecated: Use `Ideal.inertiaDeg` instead.
warning: projects/HasseWeil/HasseWeil/HasseBound/SepDegreeWitnesses.lean:3840:6: `Ideal.inertiaDeg'` has been deprecated: Use `Ideal.inertiaDeg` instead.
⚠ [11361/11819] Replayed HasseWeil.Foundation.Verschiebung.Route2Universal
warning: projects/HasseWeil/HasseWeil/Foundation/Verschiebung/Route2Universal.lean:295:2: Try this: 
  haveI̵

The goal is a proposition, so `have` is preferred over `haveI`.
The difference between `have` and `haveI` is that `haveI` inlines the value.
But this is not relevant for proofs because of proof irrelevance.

Note: This linter can be disabled with `set_option linter.style.haveILetI false`
warning: projects/HasseWeil/HasseWeil/Foundation/Verschiebung/Route2Universal.lean:314:2: Try this: 
  haveI̵

The goal is a proposition, so `have` is preferred over `haveI`.
The difference between `have` and `haveI` is that `haveI` inlines the value.
But this is not relevant for proofs because of proof irrelevance.

Note: This linter can be disabled with `set_option linter.style.haveILetI false`
warning: projects/HasseWeil/HasseWeil/Foundation/Verschiebung/Route2Universal.lean:922:4: Try this: 
  haveI̵

The goal is a proposition, so `have` is preferred over `haveI`.
The difference between `have` and `haveI` is that `haveI` inlines the value.
But this is not relevant for proofs because of proof irrelevance.

Note: This linter can be disabled with `set_option linter.style.haveILetI false`
warning: projects/HasseWeil/HasseWeil/Foundation/Verschiebung/Route2Universal.lean:967:36: `if_neg` has been deprecated: Use `ite_eq_right` instead

Hint: Replace the deprecated name:
  i̵f̵_̵n̵e̵g̵i̲t̲e̲_̲e̲q̲_̲r̲i̲g̲h̲t̲
warning: projects/HasseWeil/HasseWeil/Foundation/Verschiebung/Route2Universal.lean:974:10: `if_pos` has been deprecated: Use `ite_eq_left` instead

Hint: Replace the deprecated name:
  i̵f̵_̵p̵o̵s̵i̲t̲e̲_̲e̲q̲_̲l̲e̲f̲t̲
warning: projects/HasseWeil/HasseWeil/Foundation/Verschiebung/Route2Universal.lean:975:10: `if_neg` has been deprecated: Use `ite_eq_right` instead

Hint: Replace the deprecated name:
  i̵f̵_̵n̵e̵g̵i̲t̲e̲_̲e̲q̲_̲r̲i̲g̲h̲t̲
⚠ [11362/11819] Replayed HasseWeil.Foundation.Verschiebung.UniversalQthRootWitness
warning: projects/HasseWeil/HasseWeil/Foundation/Verschiebung/UniversalQthRootWitness.lean:78:2: Try this: 
  haveI̵

The goal is a proposition, so `have` is preferred over `haveI`.
The difference between `have` and `haveI` is that `haveI` inlines the value.
But this is not relevant for proofs because of proof irrelevance.

Note: This linter can be disabled with `set_option linter.style.haveILetI false`
warning: projects/HasseWeil/HasseWeil/Foundation/Verschiebung/UniversalQthRootWitness.lean:79:2: Try this: 
  haveI̵

The goal is a proposition, so `have` is preferred over `haveI`.
The difference between `have` and `haveI` is that `haveI` inlines the value.
But this is not relevant for proofs because of proof irrelevance.

Note: This linter can be disabled with `set_option linter.style.haveILetI false`
warning: projects/HasseWeil/HasseWeil/Foundation/Verschiebung/UniversalQthRootWitness.lean:80:2: Try this: 
  haveI̵

The goal is a proposition, so `have` is preferred over `haveI`.
The difference between `have` and `haveI` is that `haveI` inlines the value.
But this is not relevant for proofs because of proof irrelevance.

Note: This linter can be disabled with `set_option linter.style.haveILetI false`
warning: projects/HasseWeil/HasseWeil/Foundation/Verschiebung/UniversalQthRootWitness.lean:81:2: Try this: 
  haveI̵

The goal is a proposition, so `have` is preferred over `haveI`.
The difference between `have` and `haveI` is that `haveI` inlines the value.
But this is not relevant for proofs because of proof irrelevance.

Note: This linter can be disabled with `set_option linter.style.haveILetI false`
warning: projects/HasseWeil/HasseWeil/Foundation/Verschiebung/UniversalQthRootWitness.lean:100:2: Try this: 
  haveI̵

The goal is a proposition, so `have` is preferred over `haveI`.
The difference between `have` and `haveI` is that `haveI` inlines the value.
But this is not relevant for proofs because of proof irrelevance.

Note: This linter can be disabled with `set_option linter.style.haveILetI false`
warning: projects/HasseWeil/HasseWeil/Foundation/Verschiebung/UniversalQthRootWitness.lean:165:2: Try this: 
  haveI̵

The goal is a proposition, so `have` is preferred over `haveI`.
The difference between `have` and `haveI` is that `haveI` inlines the value.
But this is not relevant for proofs because of proof irrelevance.

Note: This linter can be disabled with `set_option linter.style.haveILetI false`
warning: projects/HasseWeil/HasseWeil/Foundation/Verschiebung/UniversalQthRootWitness.lean:202:2: Try this: 
  haveI̵

The goal is a proposition, so `have` is preferred over `haveI`.
The difference between `have` and `haveI` is that `haveI` inlines the value.
But this is not relevant for proofs because of proof irrelevance.

Note: This linter can be disabled with `set_option linter.style.haveILetI false`
warning: projects/HasseWeil/HasseWeil/Foundation/Verschiebung/UniversalQthRootWitness.lean:362:2: Try this: 
  haveI̵

The goal is a proposition, so `have` is preferred over `haveI`.
The difference between `have` and `haveI` is that `haveI` inlines the value.
But this is not relevant for proofs because of proof irrelevance.

Note: This linter can be disabled with `set_option linter.style.haveILetI false`
warning: projects/HasseWeil/HasseWeil/Foundation/Verschiebung/UniversalQthRootWitness.lean:376:2: Try this: 
  haveI̵

The goal is a proposition, so `have` is preferred over `haveI`.
The difference between `have` and `haveI` is that `haveI` inlines the value.
But this is not relevant for proofs because of proof irrelevance.

Note: This linter can be disabled with `set_option linter.style.haveILetI false`
warning: projects/HasseWeil/HasseWeil/Foundation/Verschiebung/UniversalQthRootWitness.lean:457:2: Try this: 
  haveI̵

The goal is a proposition, so `have` is preferred over `haveI`.
The difference between `have` and `haveI` is that `haveI` inlines the value.
But this is not relevant for proofs because of proof irrelevance.

Note: This linter can be disabled with `set_option linter.style.haveILetI false`
warning: projects/HasseWeil/HasseWeil/Foundation/Verschiebung/UniversalQthRootWitness.lean:458:2: Try this: 
  haveI̵

The goal is a proposition, so `have` is preferred over `haveI`.
The difference between `have` and `haveI` is that `haveI` inlines the value.
But this is not relevant for proofs because of proof irrelevance.

Note: This linter can be disabled with `set_option linter.style.haveILetI false`
⚠ [11363/11819] Replayed HasseWeil.Isogeny.VerschiebungFactorization
warning: projects/HasseWeil/HasseWeil/Isogeny/VerschiebungFactorization.lean:54:0: automatically included section variable(s) unused in theorem `HasseWeil.mulByInt_q_pullback_qth_root`:
  [Fintype W.toAffine.Point]
consider restructuring your `variable` declarations so that the variables are not in scope or explicitly omit them:
  omit [Fintype W.toAffine.Point] in theorem ...

Note: This linter can be disabled with `set_option linter.unusedSectionVars false`
warning: projects/HasseWeil/HasseWeil/Isogeny/VerschiebungFactorization.lean:111:2: Try this: 
  letI̵

The goal is a proposition, so `let` is preferred over `letI`.
The difference between `let` and `letI` is that `letI` inlines the value.
But this is not relevant for proofs because of proof irrelevance.

Note: This linter can be disabled with `set_option linter.style.haveILetI false`
warning: projects/HasseWeil/HasseWeil/Isogeny/VerschiebungFactorization.lean:223:2: Try this: 
  letI̵

The goal is a proposition, so `let` is preferred over `letI`.
The difference between `let` and `letI` is that `letI` inlines the value.
But this is not relevant for proofs because of proof irrelevance.

Note: This linter can be disabled with `set_option linter.style.haveILetI false`
warning: projects/HasseWeil/HasseWeil/Isogeny/VerschiebungFactorization.lean:226:2: Try this: 
  letI̵

The goal is a proposition, so `let` is preferred over `letI`.
The difference between `let` and `letI` is that `letI` inlines the value.
But this is not relevant for proofs because of proof irrelevance.

Note: This linter can be disabled with `set_option linter.style.haveILetI false`
warning: projects/HasseWeil/HasseWeil/Isogeny/VerschiebungFactorization.lean:231:2: Try this: 
  haveI̵

The goal is a proposition, so `have` is preferred over `haveI`.
The difference between `have` and `haveI` is that `haveI` inlines the value.
But this is not relevant for proofs because of proof irrelevance.

Note: This linter can be disabled with `set_option linter.style.haveILetI false`
warning: projects/HasseWeil/HasseWeil/Isogeny/VerschiebungFactorization.lean:270:2: Try this: 
  haveI̵

The goal is a proposition, so `have` is preferred over `haveI`.
The difference between `have` and `haveI` is that `haveI` inlines the value.
But this is not relevant for proofs because of proof irrelevance.

Note: This linter can be disabled with `set_option linter.style.haveILetI false`
warning: projects/HasseWeil/HasseWeil/Isogeny/VerschiebungFactorization.lean:287:6: Try this: 
  haveI̵

The goal is a proposition, so `have` is preferred over `haveI`.
The difference between `have` and `haveI` is that `haveI` inlines the value.
But this is not relevant for proofs because of proof irrelevance.

Note: This linter can be disabled with `set_option linter.style.haveILetI false`
warning: projects/HasseWeil/HasseWeil/Isogeny/VerschiebungFactorization.lean:288:6: Try this: 
  haveI̵

The goal is a proposition, so `have` is preferred over `haveI`.
The difference between `have` and `haveI` is that `haveI` inlines the value.
But this is not relevant for proofs because of proof irrelevance.

Note: This linter can be disabled with `set_option linter.style.haveILetI false`
warning: projects/HasseWeil/HasseWeil/Isogeny/VerschiebungFactorization.lean:263:0: automatically included section variable(s) unused in theorem `HasseWeil.moduleFinite_linfAt_gamma_pullback_x`:
  [Fintype W.toAffine.Point]
consider restructuring your `variable` declarations so that the variables are not in scope or explicitly omit them:
  omit [Fintype W.toAffine.Point] in theorem ...

Note: This linter can be disabled with `set_option linter.unusedSectionVars false`
warning: projects/HasseWeil/HasseWeil/Isogeny/VerschiebungFactorization.lean:307:0: automatically included section variable(s) unused in theorem `HasseWeil.projectiveDivisorOf_pullback_x_gen_eq_neg_two_of_two_torsion_witness`:
  [Fintype W.toAffine.Point]
consider restructuring your `variable` declarations so that the variables are not in scope or explicitly omit them:
  omit [Fintype W.toAffine.Point] in theorem ...

Note: This linter can be disabled with `set_option linter.unusedSectionVars false`
warning: projects/HasseWeil/HasseWeil/Isogeny/VerschiebungFactorization.lean:438:2: Try this: 
  haveI̵

The goal is a proposition, so `have` is preferred over `haveI`.
The difference between `have` and `haveI` is that `haveI` inlines the value.
But this is not relevant for proofs because of proof irrelevance.

Note: This linter can be disabled with `set_option linter.style.haveILetI false`
warning: projects/HasseWeil/HasseWeil/Isogeny/VerschiebungFactorization.lean:439:2: Try this: 
  haveI̵

The goal is a proposition, so `have` is preferred over `haveI`.
The difference between `have` and `haveI` is that `haveI` inlines the value.
But this is not relevant for proofs because of proof irrelevance.

Note: This linter can be disabled with `set_option linter.style.haveILetI false`
warning: projects/HasseWeil/HasseWeil/Isogeny/VerschiebungFactorization.lean:440:2: Try this: 
  haveI̵

The goal is a proposition, so `have` is preferred over `haveI`.
The difference between `have` and `haveI` is that `haveI` inlines the value.
But this is not relevant for proofs because of proof irrelevance.

Note: This linter can be disabled with `set_option linter.style.haveILetI false`
warning: projects/HasseWeil/HasseWeil/Isogeny/VerschiebungFactorization.lean:441:2: Try this: 
  haveI̵

The goal is a proposition, so `have` is preferred over `haveI`.
The difference between `have` and `haveI` is that `haveI` inlines the value.
But this is not relevant for proofs because of proof irrelevance.

Note: This linter can be disabled with `set_option linter.style.haveILetI false`
warning: projects/HasseWeil/HasseWeil/Isogeny/VerschiebungFactorization.lean:447:2: Try this: 
  letI̵

The goal is a proposition, so `let` is preferred over `letI`.
The difference between `let` and `letI` is that `letI` inlines the value.
But this is not relevant for proofs because of proof irrelevance.

Note: This linter can be disabled with `set_option linter.style.haveILetI false`
warning: projects/HasseWeil/HasseWeil/Isogeny/VerschiebungFactorization.lean:448:2: Try this: 
  letI̵

The goal is a proposition, so `let` is preferred over `letI`.
The difference between `let` and `letI` is that `letI` inlines the value.
But this is not relevant for proofs because of proof irrelevance.

Note: This linter can be disabled with `set_option linter.style.haveILetI false`
warning: projects/HasseWeil/HasseWeil/Isogeny/VerschiebungFactorization.lean:449:2: Try this: 
  letI̵

The goal is a proposition, so `let` is preferred over `letI`.
The difference between `let` and `letI` is that `letI` inlines the value.
But this is not relevant for proofs because of proof irrelevance.

Note: This linter can be disabled with `set_option linter.style.haveILetI false`
warning: projects/HasseWeil/HasseWeil/Isogeny/VerschiebungFactorization.lean:450:2: Try this: 
  letI̵

The goal is a proposition, so `let` is preferred over `letI`.
The difference between `let` and `letI` is that `letI` inlines the value.
But this is not relevant for proofs because of proof irrelevance.

Note: This linter can be disabled with `set_option linter.style.haveILetI false`
warning: projects/HasseWeil/HasseWeil/Isogeny/VerschiebungFactorization.lean:451:2: Try this: 
  letI̵

The goal is a proposition, so `let` is preferred over `letI`.
The difference between `let` and `letI` is that `letI` inlines the value.
But this is not relevant for proofs because of proof irrelevance.

Note: This linter can be disabled with `set_option linter.style.haveILetI false`
warning: projects/HasseWeil/HasseWeil/Isogeny/VerschiebungFactorization.lean:452:2: Try this: 
  letI̵

The goal is a proposition, so `let` is preferred over `letI`.
The difference between `let` and `letI` is that `letI` inlines the value.
But this is not relevant for proofs because of proof irrelevance.

Note: This linter can be disabled with `set_option linter.style.haveILetI false`
warning: projects/HasseWeil/HasseWeil/Isogeny/VerschiebungFactorization.lean:453:2: Try this: 
  haveI̵

The goal is a proposition, so `have` is preferred over `haveI`.
The difference between `have` and `haveI` is that `haveI` inlines the value.
But this is not relevant for proofs because of proof irrelevance.

Note: This linter can be disabled with `set_option linter.style.haveILetI false`
warning: projects/HasseWeil/HasseWeil/Isogeny/VerschiebungFactorization.lean:454:2: Try this: 
  haveI̵

The goal is a proposition, so `have` is preferred over `haveI`.
The difference between `have` and `haveI` is that `haveI` inlines the value.
But this is not relevant for proofs because of proof irrelevance.

Note: This linter can be disabled with `set_option linter.style.haveILetI false`
warning: projects/HasseWeil/HasseWeil/Isogeny/VerschiebungFactorization.lean:455:2: Try this: 
  haveI̵

The goal is a proposition, so `have` is preferred over `haveI`.
The difference between `have` and `haveI` is that `haveI` inlines the value.
But this is not relevant for proofs because of proof irrelevance.

Note: This linter can be disabled with `set_option linter.style.haveILetI false`
warning: projects/HasseWeil/HasseWeil/Isogeny/VerschiebungFactorization.lean:456:2: Try this: 
  haveI̵

The goal is a proposition, so `have` is preferred over `haveI`.
The difference between `have` and `haveI` is that `haveI` inlines the value.
But this is not relevant for proofs because of proof irrelevance.

Note: This linter can be disabled with `set_option linter.style.haveILetI false`
warning: projects/HasseWeil/HasseWeil/Isogeny/VerschiebungFactorization.lean:463:10: `Ideal.inertiaDeg'` has been deprecated: Use `Ideal.inertiaDeg` instead.
warning: projects/HasseWeil/HasseWeil/Isogeny/VerschiebungFactorization.lean:486:10: `Ideal.inertiaDeg'` has been deprecated: Use `Ideal.inertiaDeg` instead.
warning: projects/HasseWeil/HasseWeil/Isogeny/VerschiebungFactorization.lean:493:10: `Ideal.inertiaDeg'` has been deprecated: Use `Ideal.inertiaDeg` instead.
warning: projects/HasseWeil/HasseWeil/Isogeny/VerschiebungFactorization.lean:506:10: `Ideal.inertiaDeg'` has been deprecated: Use `Ideal.inertiaDeg` instead.
warning: projects/HasseWeil/HasseWeil/Isogeny/VerschiebungFactorization.lean:510:12: `Ideal.inertiaDeg'` has been deprecated: Use `Ideal.inertiaDeg` instead.
warning: projects/HasseWeil/HasseWeil/Isogeny/VerschiebungFactorization.lean:658:0: automatically included section variable(s) unused in theorem `HasseWeil.isogOneSub_negFrobenius_sepDegree_eq_card_emb`:
  [Fintype W.toAffine.Point]
consider restructuring your `variable` declarations so that the variables are not in scope or explicitly omit them:
  omit [Fintype W.toAffine.Point] in theorem ...

Note: This linter can be disabled with `set_option linter.unusedSectionVars false`
warning: projects/HasseWeil/HasseWeil/Isogeny/VerschiebungFactorization.lean:680:2: Try this: 
  haveI̵

The goal is a proposition, so `have` is preferred over `haveI`.
The difference between `have` and `haveI` is that `haveI` inlines the value.
But this is not relevant for proofs because of proof irrelevance.

Note: This linter can be disabled with `set_option linter.style.haveILetI false`
warning: projects/HasseWeil/HasseWeil/Isogeny/VerschiebungFactorization.lean:714:8: automatically included section variable(s) unused in theorem `HasseWeil.isogOneSub_negFrobenius_embToPointOmega_eq`:
  [Fintype W.toAffine.Point]
consider restructuring your `variable` declarations so that the variables are not in scope or explicitly omit them:
  omit [Fintype W.toAffine.Point] in theorem ...

Note: This linter can be disabled with `set_option linter.unusedSectionVars false`
warning: projects/HasseWeil/HasseWeil/Isogeny/VerschiebungFactorization.lean:747:0: automatically included section variable(s) unused in theorem `HasseWeil.frobenius_fixedPoint_iff_mem_baseField_gen`:
  [DecidableEq K]
consider restructuring your `variable` declarations so that the variables are not in scope or explicitly omit them:
  omit [DecidableEq K] in theorem ...

Note: This linter can be disabled with `set_option linter.unusedSectionVars false`
warning: projects/HasseWeil/HasseWeil/Isogeny/VerschiebungFactorization.lean:787:0: automatically included section variable(s) unused in theorem `HasseWeil.algHom_ext_x_y_gen_omega`:
  [Fintype K]
  [DecidableEq K]
  [WeierstrassCurve.IsElliptic W.toAffine]
  [Fintype W.toAffine.Point]
consider restructuring your `variable` declarations so that the variables are not in scope or explicitly omit them:
  omit [Fintype K] [DecidableEq K] [WeierstrassCurve.IsElliptic W.toAffine] [Fintype W.toAffine.Point] in theorem ...

Note: This linter can be disabled with `set_option linter.unusedSectionVars false`
warning: projects/HasseWeil/HasseWeil/Isogeny/VerschiebungFactorization.lean:808:0: automatically included section variable(s) unused in theorem `HasseWeil.embCurveBaseChange`:
  [Fintype K]
  [DecidableEq K]
  [WeierstrassCurve.IsElliptic W.toAffine]
  [Fintype W.toAffine.Point]
consider restructuring your `variable` declarations so that the variables are not in scope or explicitly omit them:
  omit [Fintype K] [DecidableEq K] [WeierstrassCurve.IsElliptic W.toAffine] [Fintype W.toAffine.Point] in theorem ...

Note: This linter can be disabled with `set_option linter.unusedSectionVars false`
warning: projects/HasseWeil/HasseWeil/Isogeny/VerschiebungFactorization.lean:835:2: Try this: 
  letI̵

The goal is a proposition, so `let` is preferred over `letI`.
The difference between `let` and `letI` is that `letI` inlines the value.
But this is not relevant for proofs because of proof irrelevance.

Note: This linter can be disabled with `set_option linter.style.haveILetI false`
warning: projects/HasseWeil/HasseWeil/Isogeny/VerschiebungFactorization.lean:827:0: automatically included section variable(s) unused in theorem `HasseWeil.embFixesPullbackRange`:
  [Fintype W.toAffine.Point]
consider restructuring your `variable` declarations so that the variables are not in scope or explicitly omit them:
  omit [Fintype W.toAffine.Point] in theorem ...

Note: This linter can be disabled with `set_option linter.unusedSectionVars false`
warning: projects/HasseWeil/HasseWeil/Isogeny/VerschiebungFactorization.lean:849:2: Try this: 
  letI̵

The goal is a proposition, so `let` is preferred over `letI`.
The difference between `let` and `letI` is that `letI` inlines the value.
But this is not relevant for proofs because of proof irrelevance.

Note: This linter can be disabled with `set_option linter.style.haveILetI false`
warning: projects/HasseWeil/HasseWeil/Isogeny/VerschiebungFactorization.lean:842:0: automatically included section variable(s) unused in theorem `HasseWeil.embAgreeOnPullbackRange`:
  [Fintype W.toAffine.Point]
consider restructuring your `variable` declarations so that the variables are not in scope or explicitly omit them:
  omit [Fintype W.toAffine.Point] in theorem ...

Note: This linter can be disabled with `set_option linter.unusedSectionVars false`
warning: projects/HasseWeil/HasseWeil/Isogeny/VerschiebungFactorization.lean:936:0: automatically included section variable(s) unused in theorem `HasseWeil.includePtOmega_injective`:
  [Fintype K]
  [DecidableEq K]
  [WeierstrassCurve.IsElliptic W.toAffine]
  [Fintype W.toAffine.Point]
consider restructuring your `variable` declarations so that the variables are not in scope or explicitly omit them:
  omit [Fintype K] [DecidableEq K] [WeierstrassCurve.IsElliptic W.toAffine] [Fintype W.toAffine.Point] in theorem ...

Note: This linter can be disabled with `set_option linter.unusedSectionVars false`
warning: projects/HasseWeil/HasseWeil/Isogeny/VerschiebungFactorization.lean:954:8: automatically included section variable(s) unused in theorem `HasseWeil.includePtOmega_some`:
  [Fintype K]
  [DecidableEq K]
  [WeierstrassCurve.IsElliptic W.toAffine]
  [Fintype W.toAffine.Point]
consider restructuring your `variable` declarations so that the variables are not in scope or explicitly omit them:
  omit [Fintype K] [DecidableEq K] [WeierstrassCurve.IsElliptic W.toAffine] [Fintype W.toAffine.Point] in theorem ...

Note: This linter can be disabled with `set_option linter.unusedSectionVars false`
warning: projects/HasseWeil/HasseWeil/Isogeny/VerschiebungFactorization.lean:964:0: automatically included section variable(s) unused in theorem `HasseWeil.geomFrobOmega_some`:
  [DecidableEq K]
  [WeierstrassCurve.IsElliptic W.toAffine]
  [Fintype W.toAffine.Point]
consider restructuring your `variable` declarations so that the variables are not in scope or explicitly omit them:
  omit [DecidableEq K] [WeierstrassCurve.IsElliptic W.toAffine] [Fintype W.toAffine.Point] in theorem ...

Note: This linter can be disabled with `set_option linter.unusedSectionVars false`
warning: projects/HasseWeil/HasseWeil/Isogeny/VerschiebungFactorization.lean:1000:0: automatically included section variable(s) unused in theorem `HasseWeil.map_sigma_frob_comm`:
  [DecidableEq K]
  [WeierstrassCurve.IsElliptic W.toAffine]
  [Fintype W.toAffine.Point]
consider restructuring your `variable` declarations so that the variables are not in scope or explicitly omit them:
  omit [DecidableEq K] [WeierstrassCurve.IsElliptic W.toAffine] [Fintype W.toAffine.Point] in theorem ...

Note: This linter can be disabled with `set_option linter.unusedSectionVars false`
warning: projects/HasseWeil/HasseWeil/Isogeny/VerschiebungFactorization.lean:1034:0: automatically included section variable(s) unused in theorem `HasseWeil.map_emb_generic_sub_frob_eq_of_agree`:
  [Fintype W.toAffine.Point]
consider restructuring your `variable` declarations so that the variables are not in scope or explicitly omit them:
  omit [Fintype W.toAffine.Point] in theorem ...

Note: This linter can be disabled with `set_option linter.unusedSectionVars false`
warning: projects/HasseWeil/HasseWeil/Isogeny/VerschiebungFactorization.lean:1059:0: automatically included section variable(s) unused in theorem `HasseWeil.map_genericPoint_eq_some`:
  [Fintype K]
  [Fintype W.toAffine.Point]
consider restructuring your `variable` declarations so that the variables are not in scope or explicitly omit them:
  omit [Fintype K] [Fintype W.toAffine.Point] in theorem ...

Note: This linter can be disabled with `set_option linter.unusedSectionVars false`
warning: projects/HasseWeil/HasseWeil/Isogeny/VerschiebungFactorization.lean:1079:2: Try this: 
  letI̵

The goal is a proposition, so `let` is preferred over `letI`.
The difference between `let` and `letI` is that `letI` inlines the value.
But this is not relevant for proofs because of proof irrelevance.

Note: This linter can be disabled with `set_option linter.style.haveILetI false`
warning: projects/HasseWeil/HasseWeil/Isogeny/VerschiebungFactorization.lean:1189:2: Try this: 
  haveI̵

The goal is a proposition, so `have` is preferred over `haveI`.
The difference between `have` and `haveI` is that `haveI` inlines the value.
But this is not relevant for proofs because of proof irrelevance.

Note: This linter can be disabled with `set_option linter.style.haveILetI false`
warning: projects/HasseWeil/HasseWeil/Isogeny/VerschiebungFactorization.lean:1214:2: Try this: 
  haveI̵

The goal is a proposition, so `have` is preferred over `haveI`.
The difference between `have` and `haveI` is that `haveI` inlines the value.
But this is not relevant for proofs because of proof irrelevance.

Note: This linter can be disabled with `set_option linter.style.haveILetI false`
warning: projects/HasseWeil/HasseWeil/Isogeny/VerschiebungFactorization.lean:1258:8: `Ideal.inertiaDeg'` has been deprecated: Use `Ideal.inertiaDeg` instead.
warning: projects/HasseWeil/HasseWeil/Isogeny/VerschiebungFactorization.lean:1260:2: Try this: 
  letI̵

The goal is a proposition, so `let` is preferred over `letI`.
The difference between `let` and `letI` is that `letI` inlines the value.
But this is not relevant for proofs because of proof irrelevance.

Note: This linter can be disabled with `set_option linter.style.haveILetI false`
warning: projects/HasseWeil/HasseWeil/Isogeny/VerschiebungFactorization.lean:1261:2: Try this: 
  letI̵

The goal is a proposition, so `let` is preferred over `letI`.
The difference between `let` and `letI` is that `letI` inlines the value.
But this is not relevant for proofs because of proof irrelevance.

Note: This linter can be disabled with `set_option linter.style.haveILetI false`
warning: projects/HasseWeil/HasseWeil/Isogeny/VerschiebungFactorization.lean:1262:2: Try this: 
  letI̵

The goal is a proposition, so `let` is preferred over `letI`.
The difference between `let` and `letI` is that `letI` inlines the value.
But this is not relevant for proofs because of proof irrelevance.

Note: This linter can be disabled with `set_option linter.style.haveILetI false`
warning: projects/HasseWeil/HasseWeil/Isogeny/VerschiebungFactorization.lean:1263:2: Try this: 
  haveI̵

The goal is a proposition, so `have` is preferred over `haveI`.
The difference between `have` and `haveI` is that `haveI` inlines the value.
But this is not relevant for proofs because of proof irrelevance.

Note: This linter can be disabled with `set_option linter.style.haveILetI false`
warning: projects/HasseWeil/HasseWeil/Isogeny/VerschiebungFactorization.lean:1264:2: Try this: 
  haveI̵

The goal is a proposition, so `have` is preferred over `haveI`.
The difference between `have` and `haveI` is that `haveI` inlines the value.
But this is not relevant for proofs because of proof irrelevance.

Note: This linter can be disabled with `set_option linter.style.haveILetI false`
warning: projects/HasseWeil/HasseWeil/Isogeny/VerschiebungFactorization.lean:1290:7: `Ideal.inertiaDeg'` has been deprecated: Use `Ideal.inertiaDeg` instead.
warning: projects/HasseWeil/HasseWeil/Isogeny/VerschiebungFactorization.lean:1305:0: automatically included section variable(s) unused in theorem `HasseWeil.genuine_dual_comp_toAddMonoidHom_eq_mulByInt`:
  [Fintype W.toAffine.Point]
consider restructuring your `variable` declarations so that the variables are not in scope or explicitly omit them:
  omit [Fintype W.toAffine.Point] in theorem ...

Note: This linter can be disabled with `set_option linter.unusedSectionVars false`
warning: projects/HasseWeil/HasseWeil/Isogeny/VerschiebungFactorization.lean:1399:0: automatically included section variable(s) unused in theorem `HasseWeil.genuine_isogeny_ext_pullback`:
  [Fintype K]
  [Fintype W.toAffine.Point]
consider restructuring your `variable` declarations so that the variables are not in scope or explicitly omit them:
  omit [Fintype K] [Fintype W.toAffine.Point] in theorem ...

Note: This linter can be disabled with `set_option linter.unusedSectionVars false`
warning: projects/HasseWeil/HasseWeil/Isogeny/VerschiebungFactorization.lean:1436:0: automatically included section variable(s) unused in theorem `HasseWeil.zsmulPointHom_apply`:
  [Fintype K]
  [DecidableEq K]
  [WeierstrassCurve.IsElliptic W.toAffine]
  [Fintype W.toAffine.Point]
consider restructuring your `variable` declarations so that the variables are not in scope or explicitly omit them:
  omit [Fintype K] [DecidableEq K] [WeierstrassCurve.IsElliptic W.toAffine] [Fintype W.toAffine.Point] in theorem ...

Note: This linter can be disabled with `set_option linter.unusedSectionVars false`
warning: projects/HasseWeil/HasseWeil/Isogeny/VerschiebungFactorization.lean:1443:0: automatically included section variable(s) unused in theorem `HasseWeil.mulByInt_isGenuineWith`:
  [Fintype K]
  [Fintype W.toAffine.Point]
consider restructuring your `variable` declarations so that the variables are not in scope or explicitly omit them:
  omit [Fintype K] [Fintype W.toAffine.Point] in theorem ...

Note: This linter can be disabled with `set_option linter.unusedSectionVars false`
warning: projects/HasseWeil/HasseWeil/Isogeny/VerschiebungFactorization.lean:1466:0: automatically included section variable(s) unused in theorem `HasseWeil.frobeniusIsog_isGenuineWith`:
  [Fintype W.toAffine.Point]
consider restructuring your `variable` declarations so that the variables are not in scope or explicitly omit them:
  omit [Fintype W.toAffine.Point] in theorem ...

Note: This linter can be disabled with `set_option linter.unusedSectionVars false`
warning: projects/HasseWeil/HasseWeil/Isogeny/VerschiebungFactorization.lean:1491:0: automatically included section variable(s) unused in theorem `HasseWeil.zsmul_frobeniusIsog_isGenuineWith`:
  [Fintype W.toAffine.Point]
consider restructuring your `variable` declarations so that the variables are not in scope or explicitly omit them:
  omit [Fintype W.toAffine.Point] in theorem ...

Note: This linter can be disabled with `set_option linter.unusedSectionVars false`
warning: projects/HasseWeil/HasseWeil/Isogeny/VerschiebungFactorization.lean:1539:0: automatically included section variable(s) unused in theorem `HasseWeil.addIsog_isGenuineWith`:
  [Fintype K]
  [Fintype W.toAffine.Point]
consider restructuring your `variable` declarations so that the variables are not in scope or explicitly omit them:
  omit [Fintype K] [Fintype W.toAffine.Point] in theorem ...

Note: This linter can be disabled with `set_option linter.unusedSectionVars false`
warning: projects/HasseWeil/HasseWeil/Isogeny/VerschiebungFactorization.lean:1607:0: automatically included section variable(s) unused in theorem `HasseWeil.genuineIsogSmulSub_omegaPullbackCoeff`:
  [Fintype W.toAffine.Point]
consider restructuring your `variable` declarations so that the variables are not in scope or explicitly omit them:
  omit [Fintype W.toAffine.Point] in theorem ...

Note: This linter can be disabled with `set_option linter.unusedSectionVars false`
warning: projects/HasseWeil/HasseWeil/Isogeny/VerschiebungFactorization.lean:1908:0: automatically included section variable(s) unused in theorem `HasseWeil.genuineIsogSmulSub_degree_pos`:
  [Fintype W.toAffine.Point]
consider restructuring your `variable` declarations so that the variables are not in scope or explicitly omit them:
  omit [Fintype W.toAffine.Point] in theorem ...

Note: This linter can be disabled with `set_option linter.unusedSectionVars false`
warning: projects/HasseWeil/HasseWeil/Isogeny/VerschiebungFactorization.lean:1921:0: automatically included section variable(s) unused in theorem `HasseWeil.genuineIsogSmulSub_degree_eq_signed_of_pivot_witness`:
  [Fintype W.toAffine.Point]
consider restructuring your `variable` declarations so that the variables are not in scope or explicitly omit them:
  omit [Fintype W.toAffine.Point] in theorem ...

Note: This linter can be disabled with `set_option linter.unusedSectionVars false`
warning: projects/HasseWeil/HasseWeil/Isogeny/VerschiebungFactorization.lean:2040:0: automatically included section variable(s) unused in theorem `HasseWeil.degree_quadratic_exists_edge_of_witness`:
  [Fintype W.toAffine.Point]
consider restructuring your `variable` declarations so that the variables are not in scope or explicitly omit them:
  omit [Fintype W.toAffine.Point] in theorem ...

Note: This linter can be disabled with `set_option linter.unusedSectionVars false`
warning: projects/HasseWeil/HasseWeil/Isogeny/VerschiebungFactorization.lean:2100:0: automatically included section variable(s) unused in theorem `HasseWeil.qf_nonneg_skeleton_of_pivot_chain`:
  [Fintype W.toAffine.Point]
consider restructuring your `variable` declarations so that the variables are not in scope or explicitly omit them:
  omit [Fintype W.toAffine.Point] in theorem ...

Note: This linter can be disabled with `set_option linter.unusedSectionVars false`
⚠ [11365/11819] Replayed HasseWeil.HasseBound.WeilPairing.FrobMatrixData
warning: projects/HasseWeil/HasseWeil/HasseBound/WeilPairing/FrobMatrixData.lean:162:2: Try this: 
  letI̵

The goal is a proposition, so `let` is preferred over `letI`.
The difference between `let` and `letI` is that `letI` inlines the value.
But this is not relevant for proofs because of proof irrelevance.

Note: This linter can be disabled with `set_option linter.style.haveILetI false`
warning: projects/HasseWeil/HasseWeil/HasseBound/WeilPairing/FrobMatrixData.lean:200:2: Try this: 
  haveI̵

The goal is a proposition, so `have` is preferred over `haveI`.
The difference between `have` and `haveI` is that `haveI` inlines the value.
But this is not relevant for proofs because of proof irrelevance.

Note: This linter can be disabled with `set_option linter.style.haveILetI false`
warning: projects/HasseWeil/HasseWeil/HasseBound/WeilPairing/FrobMatrixData.lean:225:2: Try this: 
  haveI̵

The goal is a proposition, so `have` is preferred over `haveI`.
The difference between `have` and `haveI` is that `haveI` inlines the value.
But this is not relevant for proofs because of proof irrelevance.

Note: This linter can be disabled with `set_option linter.style.haveILetI false`
warning: projects/HasseWeil/HasseWeil/HasseBound/WeilPairing/FrobMatrixData.lean:245:2: Try this: 
  haveI̵

The goal is a proposition, so `have` is preferred over `haveI`.
The difference between `have` and `haveI` is that `haveI` inlines the value.
But this is not relevant for proofs because of proof irrelevance.

Note: This linter can be disabled with `set_option linter.style.haveILetI false`
warning: projects/HasseWeil/HasseWeil/HasseBound/WeilPairing/FrobMatrixData.lean:246:2: Try this: 
  haveI̵

The goal is a proposition, so `have` is preferred over `haveI`.
The difference between `have` and `haveI` is that `haveI` inlines the value.
But this is not relevant for proofs because of proof irrelevance.

Note: This linter can be disabled with `set_option linter.style.haveILetI false`
warning: projects/HasseWeil/HasseWeil/HasseBound/WeilPairing/FrobMatrixData.lean:247:2: Try this: 
  haveI̵

The goal is a proposition, so `have` is preferred over `haveI`.
The difference between `have` and `haveI` is that `haveI` inlines the value.
But this is not relevant for proofs because of proof irrelevance.

Note: This linter can be disabled with `set_option linter.style.haveILetI false`
warning: projects/HasseWeil/HasseWeil/HasseBound/WeilPairing/FrobMatrixData.lean:249:2: Try this: 
  haveI̵

The goal is a proposition, so `have` is preferred over `haveI`.
The difference between `have` and `haveI` is that `haveI` inlines the value.
But this is not relevant for proofs because of proof irrelevance.

Note: This linter can be disabled with `set_option linter.style.haveILetI false`
warning: projects/HasseWeil/HasseWeil/HasseBound/WeilPairing/FrobMatrixData.lean:254:2: Try this: 
  haveI̵

The goal is a proposition, so `have` is preferred over `haveI`.
The difference between `have` and `haveI` is that `haveI` inlines the value.
But this is not relevant for proofs because of proof irrelevance.

Note: This linter can be disabled with `set_option linter.style.haveILetI false`
warning: projects/HasseWeil/HasseWeil/HasseBound/WeilPairing/FrobMatrixData.lean:268:2: Try this: 
  haveI̵

The goal is a proposition, so `have` is preferred over `haveI`.
The difference between `have` and `haveI` is that `haveI` inlines the value.
But this is not relevant for proofs because of proof irrelevance.

Note: This linter can be disabled with `set_option linter.style.haveILetI false`
warning: projects/HasseWeil/HasseWeil/HasseBound/WeilPairing/FrobMatrixData.lean:269:2: Try this: 
  haveI̵

The goal is a proposition, so `have` is preferred over `haveI`.
The difference between `have` and `haveI` is that `haveI` inlines the value.
But this is not relevant for proofs because of proof irrelevance.

Note: This linter can be disabled with `set_option linter.style.haveILetI false`
warning: projects/HasseWeil/HasseWeil/HasseBound/WeilPairing/FrobMatrixData.lean:270:2: Try this: 
  haveI̵

The goal is a proposition, so `have` is preferred over `haveI`.
The difference between `have` and `haveI` is that `haveI` inlines the value.
But this is not relevant for proofs because of proof irrelevance.

Note: This linter can be disabled with `set_option linter.style.haveILetI false`
warning: projects/HasseWeil/HasseWeil/HasseBound/WeilPairing/FrobMatrixData.lean:272:2: Try this: 
  haveI̵

The goal is a proposition, so `have` is preferred over `haveI`.
The difference between `have` and `haveI` is that `haveI` inlines the value.
But this is not relevant for proofs because of proof irrelevance.

Note: This linter can be disabled with `set_option linter.style.haveILetI false`
warning: projects/HasseWeil/HasseWeil/HasseBound/WeilPairing/FrobMatrixData.lean:277:2: Try this: 
  haveI̵

The goal is a proposition, so `have` is preferred over `haveI`.
The difference between `have` and `haveI` is that `haveI` inlines the value.
But this is not relevant for proofs because of proof irrelevance.

Note: This linter can be disabled with `set_option linter.style.haveILetI false`
⚠ [11367/11819] Replayed HasseWeil.Foundation.Verschiebung.Genuine
warning: projects/HasseWeil/HasseWeil/Foundation/Verschiebung/Genuine.lean:624:4: Try this: 
  haveI̵

The goal is a proposition, so `have` is preferred over `haveI`.
The difference between `have` and `haveI` is that `haveI` inlines the value.
But this is not relevant for proofs because of proof irrelevance.

Note: This linter can be disabled with `set_option linter.style.haveILetI false`
warning: projects/HasseWeil/HasseWeil/Foundation/Verschiebung/Genuine.lean:719:10: This simp argument is unused:
  Set.image_pair

Hint: Omit it from the simp argument list.
  [apply] simp

Note: This linter can be disabled with `set_option linter.unusedSimpArgs false`
warning: projects/HasseWeil/HasseWeil/Foundation/Verschiebung/Genuine.lean:1112:0: automatically included section variable(s) unused in theorem `HasseWeil.ordAtInfty_zsmul_mulByInt_neg_pullback_x_neg`:
  [Fintype K]
consider restructuring your `variable` declarations so that the variables are not in scope or explicitly omit them:
  omit [Fintype K] in theorem ...

Note: This linter can be disabled with `set_option linter.unusedSectionVars false`
warning: projects/HasseWeil/HasseWeil/Foundation/Verschiebung/Genuine.lean:1229:0: automatically included section variable(s) unused in theorem `HasseWeil.addPullback_x_pair_ord_neg_of_sum_reduces_witness`:
  [Fintype K]
consider restructuring your `variable` declarations so that the variables are not in scope or explicitly omit them:
  omit [Fintype K] in theorem ...

Note: This linter can be disabled with `set_option linter.unusedSectionVars false`
warning: projects/HasseWeil/HasseWeil/Foundation/Verschiebung/Genuine.lean:1276:0: automatically included section variable(s) unused in theorem `HasseWeil.addPullback_x_pair_sum_reduces_of_iv14_witness`:
  [Fintype K]
consider restructuring your `variable` declarations so that the variables are not in scope or explicitly omit them:
  omit [Fintype K] in theorem ...

Note: This linter can be disabled with `set_option linter.unusedSectionVars false`
warning: projects/HasseWeil/HasseWeil/Foundation/Verschiebung/Genuine.lean:1349:0: automatically included section variable(s) unused in theorem `HasseWeil.addPullback_x_pair_x_ord_neg`:
  [Fintype K]
consider restructuring your `variable` declarations so that the variables are not in scope or explicitly omit them:
  omit [Fintype K] in theorem ...

Note: This linter can be disabled with `set_option linter.unusedSectionVars false`
⚠ [11370/11819] Replayed HasseWeil.HasseBound.WeilPairing.HfactLemma
warning: projects/HasseWeil/HasseWeil/HasseBound/WeilPairing/HfactLemma.lean:142:2: Try this: 
  haveI̵

The goal is a proposition, so `have` is preferred over `haveI`.
The difference between `have` and `haveI` is that `haveI` inlines the value.
But this is not relevant for proofs because of proof irrelevance.

Note: This linter can be disabled with `set_option linter.style.haveILetI false`
warning: projects/HasseWeil/HasseWeil/HasseBound/WeilPairing/HfactLemma.lean:216:2: Try this: 
  haveI̵

The goal is a proposition, so `have` is preferred over `haveI`.
The difference between `have` and `haveI` is that `haveI` inlines the value.
But this is not relevant for proofs because of proof irrelevance.

Note: This linter can be disabled with `set_option linter.style.haveILetI false`
warning: projects/HasseWeil/HasseWeil/HasseBound/WeilPairing/HfactLemma.lean:281:2: Try this: 
  haveI̵

The goal is a proposition, so `have` is preferred over `haveI`.
The difference between `have` and `haveI` is that `haveI` inlines the value.
But this is not relevant for proofs because of proof irrelevance.

Note: This linter can be disabled with `set_option linter.style.haveILetI false`
⚠ [11372/11819] Replayed HasseWeil.HasseBound.WeilPairing.Scaling.Separable
warning: projects/HasseWeil/HasseWeil/HasseBound/WeilPairing/Scaling/Separable.lean:196:2: Try this: 
  haveI̵

The goal is a proposition, so `have` is preferred over `haveI`.
The difference between `have` and `haveI` is that `haveI` inlines the value.
But this is not relevant for proofs because of proof irrelevance.

Note: This linter can be disabled with `set_option linter.style.haveILetI false`
warning: projects/HasseWeil/HasseWeil/HasseBound/WeilPairing/Scaling/Separable.lean:240:2: Try this: 
  haveI̵

The goal is a proposition, so `have` is preferred over `haveI`.
The difference between `have` and `haveI` is that `haveI` inlines the value.
But this is not relevant for proofs because of proof irrelevance.

Note: This linter can be disabled with `set_option linter.style.haveILetI false`
warning: projects/HasseWeil/HasseWeil/HasseBound/WeilPairing/Scaling/Separable.lean:469:2: Try this: 
  haveI̵

The goal is a proposition, so `have` is preferred over `haveI`.
The difference between `have` and `haveI` is that `haveI` inlines the value.
But this is not relevant for proofs because of proof irrelevance.

Note: This linter can be disabled with `set_option linter.style.haveILetI false`
⚠ [11373/11819] Replayed HasseWeil.HasseBound.WeilPairing.Scaling.OneSub
warning: projects/HasseWeil/HasseWeil/HasseBound/WeilPairing/Scaling/OneSub.lean:300:2: Try this: 
  letI̵

The goal is a proposition, so `let` is preferred over `letI`.
The difference between `let` and `letI` is that `letI` inlines the value.
But this is not relevant for proofs because of proof irrelevance.

Note: This linter can be disabled with `set_option linter.style.haveILetI false`
warning: projects/HasseWeil/HasseWeil/HasseBound/WeilPairing/Scaling/OneSub.lean:301:2: Try this: 
  haveI̵

The goal is a proposition, so `have` is preferred over `haveI`.
The difference between `have` and `haveI` is that `haveI` inlines the value.
But this is not relevant for proofs because of proof irrelevance.

Note: This linter can be disabled with `set_option linter.style.haveILetI false`
⚠ [11374/11819] Replayed HasseWeil.Isogeny.BaseChange.Concrete
warning: projects/HasseWeil/HasseWeil/Isogeny/BaseChange/Concrete.lean:223:2: Try this: 
  letI̵

The goal is a proposition, so `let` is preferred over `letI`.
The difference between `let` and `letI` is that `letI` inlines the value.
But this is not relevant for proofs because of proof irrelevance.

Note: This linter can be disabled with `set_option linter.style.haveILetI false`
warning: projects/HasseWeil/HasseWeil/Isogeny/BaseChange/Concrete.lean:225:2: Try this: 
  haveI̵

The goal is a proposition, so `have` is preferred over `haveI`.
The difference between `have` and `haveI` is that `haveI` inlines the value.
But this is not relevant for proofs because of proof irrelevance.

Note: This linter can be disabled with `set_option linter.style.haveILetI false`
warning: projects/HasseWeil/HasseWeil/Isogeny/BaseChange/Concrete.lean:356:2: Try this: 
  letI̵

The goal is a proposition, so `let` is preferred over `letI`.
The difference between `let` and `letI` is that `letI` inlines the value.
But this is not relevant for proofs because of proof irrelevance.

Note: This linter can be disabled with `set_option linter.style.haveILetI false`
warning: projects/HasseWeil/HasseWeil/Isogeny/BaseChange/Concrete.lean:357:2: Try this: 
  letI̵

The goal is a proposition, so `let` is preferred over `letI`.
The difference between `let` and `letI` is that `letI` inlines the value.
But this is not relevant for proofs because of proof irrelevance.

Note: This linter can be disabled with `set_option linter.style.haveILetI false`
warning: projects/HasseWeil/HasseWeil/Isogeny/BaseChange/Concrete.lean:359:2: Try this: 
  letI̵

The goal is a proposition, so `let` is preferred over `letI`.
The difference between `let` and `letI` is that `letI` inlines the value.
But this is not relevant for proofs because of proof irrelevance.

Note: This linter can be disabled with `set_option linter.style.haveILetI false`
⚠ [11375/11819] Replayed HasseWeil.HasseBound.WeilPairing.OneSubFrobeniusBaseChangeWitnesses
warning: projects/HasseWeil/HasseWeil/HasseBound/WeilPairing/OneSubFrobeniusBaseChangeWitnesses.lean:211:2: Try this: 
  haveI̵

The goal is a proposition, so `have` is preferred over `haveI`.
The difference between `have` and `haveI` is that `haveI` inlines the value.
But this is not relevant for proofs because of proof irrelevance.

Note: This linter can be disabled with `set_option linter.style.haveILetI false`
warning: projects/HasseWeil/HasseWeil/HasseBound/WeilPairing/OneSubFrobeniusBaseChangeWitnesses.lean:351:2: syntax 'Lean.Parser.Tactic.rwaAtLegacyLocation' has been deprecated: use `rw [...] at ... <;> assumption` instead

Note: This linter can be disabled with `set_option linter.deprecated.syntax false`
⚠ [11376/11819] Replayed HasseWeil.HasseBound.WeilPairing.OneSubDualDivisor
warning: projects/HasseWeil/HasseWeil/HasseBound/WeilPairing/OneSubDualDivisor.lean:94:8: Overlapping instance parameters in `picZeroIsoE_allChar_mk`:

⚠️ `[IsDedekindDomain
   {
       toAffine :=
         W }.CoordinateRing]` and `[IsIntegrallyClosed
   {
       toAffine :=
         W }.CoordinateRing]` each imply `[IsIntegralClosure { toAffine := W }.CoordinateRing
   { toAffine := W }.CoordinateRing (FractionRing { toAffine := W }.CoordinateRing)]`.
💡️ Of these, `[IsDedekindDomain
   { toAffine := W }.CoordinateRing]` and `[IsIntegrallyClosed { toAffine := W }.CoordinateRing]` may be removed.

Note: This linter can be disabled with `set_option linter.overlappingInstances false`
warning: projects/HasseWeil/HasseWeil/HasseBound/WeilPairing/OneSubDualDivisor.lean:269:18: Overlapping instance parameters in `divisorPushforwardDual`:

⚠️ `[IsDedekindDomain
   {
       toAffine :=
         W.toAffine }.CoordinateRing]` and `[IsIntegrallyClosed
   {
       toAffine :=
         W.toAffine }.CoordinateRing]` each imply `[IsIntegralClosure { toAffine := W.toAffine }.CoordinateRing
   { toAffine := W.toAffine }.CoordinateRing (FractionRing { toAffine := W.toAffine }.CoordinateRing)]`.
💡️ Of these, `[IsDedekindDomain
   {
       toAffine :=
         W.toAffine }.CoordinateRing]` and `[IsIntegrallyClosed
   { toAffine := W.toAffine }.CoordinateRing]` may be removed.

Note: This linter can be disabled with `set_option linter.overlappingInstances false`
warning: projects/HasseWeil/HasseWeil/HasseBound/WeilPairing/OneSubDualDivisor.lean:284:8: Overlapping instance parameters in `divisorPushforwardDual_comp`:

⚠️ `[IsDedekindDomain
   {
       toAffine :=
         W.toAffine }.CoordinateRing]` and `[IsIntegrallyClosed
   {
       toAffine :=
         W.toAffine }.CoordinateRing]` each imply `[IsIntegralClosure { toAffine := W.toAffine }.CoordinateRing
   { toAffine := W.toAffine }.CoordinateRing (FractionRing { toAffine := W.toAffine }.CoordinateRing)]`.
💡️ Of these, `[IsDedekindDomain
   {
       toAffine :=
         W.toAffine }.CoordinateRing]` and `[IsIntegrallyClosed
   { toAffine := W.toAffine }.CoordinateRing]` may be removed.

Note: This linter can be disabled with `set_option linter.overlappingInstances false`
⚠ [11377/11819] Replayed HasseWeil.HasseBound.WeilPairing.PencilDualDivisor
warning: projects/HasseWeil/HasseWeil/HasseBound/WeilPairing/PencilDualDivisor.lean:239:2: Try this: 
  haveI̵

The goal is a proposition, so `have` is preferred over `haveI`.
The difference between `have` and `haveI` is that `haveI` inlines the value.
But this is not relevant for proofs because of proof irrelevance.

Note: This linter can be disabled with `set_option linter.style.haveILetI false`
warning: projects/HasseWeil/HasseWeil/HasseBound/WeilPairing/PencilDualDivisor.lean:307:2: Try this: 
  letI̵

The goal is a proposition, so `let` is preferred over `letI`.
The difference between `let` and `letI` is that `letI` inlines the value.
But this is not relevant for proofs because of proof irrelevance.

Note: This linter can be disabled with `set_option linter.style.haveILetI false`
warning: projects/HasseWeil/HasseWeil/HasseBound/WeilPairing/PencilDualDivisor.lean:325:2: Try this: 
  letI̵

The goal is a proposition, so `let` is preferred over `letI`.
The difference between `let` and `letI` is that `letI` inlines the value.
But this is not relevant for proofs because of proof irrelevance.

Note: This linter can be disabled with `set_option linter.style.haveILetI false`
⚠ [11378/11819] Replayed HasseWeil.Isogeny.SeparableWitnessReductions
warning: projects/HasseWeil/HasseWeil/Isogeny/SeparableWitnessReductions.lean:445:2: syntax 'Lean.Parser.Tactic.rwaAtLegacyLocation' has been deprecated: use `rw [...] at ... <;> assumption` instead

Note: This linter can be disabled with `set_option linter.deprecated.syntax false`
⚠ [11380/11819] Replayed HasseWeil.HasseBound.WeilPairing.FrobeniusGenericCovariance
warning: projects/HasseWeil/HasseWeil/HasseBound/WeilPairing/FrobeniusGenericCovariance.lean:144:0: automatically included section variable(s) unused in theorem `HasseWeil.WeilPairing.frobeniusGenericCovariance_lift_twist`:
  [DecidableEq K]
  [WeierstrassCurve.IsElliptic (W⁄(AlgebraicClosure K)).toAffine]
consider restructuring your `variable` declarations so that the variables are not in scope or explicitly omit them:
  omit [DecidableEq K] [WeierstrassCurve.IsElliptic (W⁄(AlgebraicClosure K)).toAffine] in theorem ...

Note: This linter can be disabled with `set_option linter.unusedSectionVars false`
⚠ [11381/11819] Replayed HasseWeil.HasseBound.WeilPairing.WallAGenericRealization
warning: projects/HasseWeil/HasseWeil/HasseBound/WeilPairing/WallAGenericRealization.lean:103:2: Try this: 
  letI̵

The goal is a proposition, so `let` is preferred over `letI`.
The difference between `let` and `letI` is that `letI` inlines the value.
But this is not relevant for proofs because of proof irrelevance.

Note: This linter can be disabled with `set_option linter.style.haveILetI false`
warning: projects/HasseWeil/HasseWeil/HasseBound/WeilPairing/WallAGenericRealization.lean:124:4: Try this: 
  letI̵

The goal is a proposition, so `let` is preferred over `letI`.
The difference between `let` and `letI` is that `letI` inlines the value.
But this is not relevant for proofs because of proof irrelevance.

Note: This linter can be disabled with `set_option linter.style.haveILetI false`
warning: projects/HasseWeil/HasseWeil/HasseBound/WeilPairing/WallAGenericRealization.lean:125:4: Try this: 
  letI̵

The goal is a proposition, so `let` is preferred over `letI`.
The difference between `let` and `letI` is that `letI` inlines the value.
But this is not relevant for proofs because of proof irrelevance.

Note: This linter can be disabled with `set_option linter.style.haveILetI false`
warning: projects/HasseWeil/HasseWeil/HasseBound/WeilPairing/WallAGenericRealization.lean:148:6: Try this: 
  haveI̵

The goal is a proposition, so `have` is preferred over `haveI`.
The difference between `have` and `haveI` is that `haveI` inlines the value.
But this is not relevant for proofs because of proof irrelevance.

Note: This linter can be disabled with `set_option linter.style.haveILetI false`
warning: projects/HasseWeil/HasseWeil/HasseBound/WeilPairing/WallAGenericRealization.lean:173:2: Try this: 
  letI̵

The goal is a proposition, so `let` is preferred over `letI`.
The difference between `let` and `letI` is that `letI` inlines the value.
But this is not relevant for proofs because of proof irrelevance.

Note: This linter can be disabled with `set_option linter.style.haveILetI false`
⚠ [11388/11819] Replayed HasseWeil.Foundation.AdditionPullback.SamePlace
warning: projects/HasseWeil/HasseWeil/Foundation/AdditionPullback/SamePlace.lean:569:11: Private declaration `resid` accessed publicly; this is allowed only because the `backward.privateInPublic` option is enabled. 

Disable `backward.privateInPublic.warn` to silence this warning.
warning: projects/HasseWeil/HasseWeil/Foundation/AdditionPullback/SamePlace.lean:569:54: Private declaration `resid` accessed publicly; this is allowed only because the `backward.privateInPublic` option is enabled. 

Disable `backward.privateInPublic.warn` to silence this warning.
warning: projects/HasseWeil/HasseWeil/Foundation/AdditionPullback/SamePlace.lean:570:11: Private declaration `resid` accessed publicly; this is allowed only because the `backward.privateInPublic` option is enabled. 

Disable `backward.privateInPublic.warn` to silence this warning.
warning: projects/HasseWeil/HasseWeil/Foundation/AdditionPullback/SamePlace.lean:570:54: Private declaration `resid` accessed publicly; this is allowed only because the `backward.privateInPublic` option is enabled. 

Disable `backward.privateInPublic.warn` to silence this warning.
warning: projects/HasseWeil/HasseWeil/Foundation/AdditionPullback/SamePlace.lean:573:4: Private declaration `resid` accessed publicly; this is allowed only because the `backward.privateInPublic` option is enabled. 

Disable `backward.privateInPublic.warn` to silence this warning.
warning: projects/HasseWeil/HasseWeil/Foundation/AdditionPullback/SamePlace.lean:573:43: Private declaration `resid` accessed publicly; this is allowed only because the `backward.privateInPublic` option is enabled. 

Disable `backward.privateInPublic.warn` to silence this warning.
warning: projects/HasseWeil/HasseWeil/Foundation/AdditionPullback/SamePlace.lean:722:2: Try this: 
  haveI̵

The goal is a proposition, so `have` is preferred over `haveI`.
The difference between `have` and `haveI` is that `haveI` inlines the value.
But this is not relevant for proofs because of proof irrelevance.

Note: This linter can be disabled with `set_option linter.style.haveILetI false`
warning: projects/HasseWeil/HasseWeil/Foundation/AdditionPullback/SamePlace.lean:756:2: Try this: 
  haveI̵

The goal is a proposition, so `have` is preferred over `haveI`.
The difference between `have` and `haveI` is that `haveI` inlines the value.
But this is not relevant for proofs because of proof irrelevance.

Note: This linter can be disabled with `set_option linter.style.haveILetI false`
warning: projects/HasseWeil/HasseWeil/Foundation/AdditionPullback/SamePlace.lean:805:10: Private declaration `resid` accessed publicly; this is allowed only because the `backward.privateInPublic` option is enabled. 

Disable `backward.privateInPublic.warn` to silence this warning.
warning: projects/HasseWeil/HasseWeil/Foundation/AdditionPullback/SamePlace.lean:805:54: Private declaration `resid` accessed publicly; this is allowed only because the `backward.privateInPublic` option is enabled. 

Disable `backward.privateInPublic.warn` to silence this warning.
warning: projects/HasseWeil/HasseWeil/Foundation/AdditionPullback/SamePlace.lean:847:10: Private declaration `resid` accessed publicly; this is allowed only because the `backward.privateInPublic` option is enabled. 

Disable `backward.privateInPublic.warn` to silence this warning.
warning: projects/HasseWeil/HasseWeil/Foundation/AdditionPullback/SamePlace.lean:847:54: Private declaration `resid` accessed publicly; this is allowed only because the `backward.privateInPublic` option is enabled. 

Disable `backward.privateInPublic.warn` to silence this warning.
warning: projects/HasseWeil/HasseWeil/Foundation/AdditionPullback/SamePlace.lean:875:10: Private declaration `resid` accessed publicly; this is allowed only because the `backward.privateInPublic` option is enabled. 

Disable `backward.privateInPublic.warn` to silence this warning.
warning: projects/HasseWeil/HasseWeil/Foundation/AdditionPullback/SamePlace.lean:875:54: Private declaration `resid` accessed publicly; this is allowed only because the `backward.privateInPublic` option is enabled. 

Disable `backward.privateInPublic.warn` to silence this warning.
warning: projects/HasseWeil/HasseWeil/Foundation/AdditionPullback/SamePlace.lean:929:11: Private declaration `resid` accessed publicly; this is allowed only because the `backward.privateInPublic` option is enabled. 

Disable `backward.privateInPublic.warn` to silence this warning.
warning: projects/HasseWeil/HasseWeil/Foundation/AdditionPullback/SamePlace.lean:929:54: Private declaration `resid` accessed publicly; this is allowed only because the `backward.privateInPublic` option is enabled. 

Disable `backward.privateInPublic.warn` to silence this warning.
warning: projects/HasseWeil/HasseWeil/Foundation/AdditionPullback/SamePlace.lean:930:11: Private declaration `resid` accessed publicly; this is allowed only because the `backward.privateInPublic` option is enabled. 

Disable `backward.privateInPublic.warn` to silence this warning.
warning: projects/HasseWeil/HasseWeil/Foundation/AdditionPullback/SamePlace.lean:930:54: Private declaration `resid` accessed publicly; this is allowed only because the `backward.privateInPublic` option is enabled. 

Disable `backward.privateInPublic.warn` to silence this warning.
warning: projects/HasseWeil/HasseWeil/Foundation/AdditionPullback/SamePlace.lean:935:4: Private declaration `resid` accessed publicly; this is allowed only because the `backward.privateInPublic` option is enabled. 

Disable `backward.privateInPublic.warn` to silence this warning.
warning: projects/HasseWeil/HasseWeil/Foundation/AdditionPullback/SamePlace.lean:935:39: Private declaration `resid` accessed publicly; this is allowed only because the `backward.privateInPublic` option is enabled. 

Disable `backward.privateInPublic.warn` to silence this warning.
warning: projects/HasseWeil/HasseWeil/Foundation/AdditionPullback/SamePlace.lean:963:11: Private declaration `resid` accessed publicly; this is allowed only because the `backward.privateInPublic` option is enabled. 

Disable `backward.privateInPublic.warn` to silence this warning.
warning: projects/HasseWeil/HasseWeil/Foundation/AdditionPullback/SamePlace.lean:963:54: Private declaration `resid` accessed publicly; this is allowed only because the `backward.privateInPublic` option is enabled. 

Disable `backward.privateInPublic.warn` to silence this warning.
warning: projects/HasseWeil/HasseWeil/Foundation/AdditionPullback/SamePlace.lean:964:11: Private declaration `resid` accessed publicly; this is allowed only because the `backward.privateInPublic` option is enabled. 

Disable `backward.privateInPublic.warn` to silence this warning.
warning: projects/HasseWeil/HasseWeil/Foundation/AdditionPullback/SamePlace.lean:965:10: Private declaration `resid` accessed publicly; this is allowed only because the `backward.privateInPublic` option is enabled. 

Disable `backward.privateInPublic.warn` to silence this warning.
warning: projects/HasseWeil/HasseWeil/Foundation/AdditionPullback/SamePlace.lean:970:4: Private declaration `resid` accessed publicly; this is allowed only because the `backward.privateInPublic` option is enabled. 

Disable `backward.privateInPublic.warn` to silence this warning.
warning: projects/HasseWeil/HasseWeil/Foundation/AdditionPullback/SamePlace.lean:970:39: Private declaration `resid` accessed publicly; this is allowed only because the `backward.privateInPublic` option is enabled. 

Disable `backward.privateInPublic.warn` to silence this warning.
warning: projects/HasseWeil/HasseWeil/Foundation/AdditionPullback/SamePlace.lean:1087:2: Try this: 
  haveI̵

The goal is a proposition, so `have` is preferred over `haveI`.
The difference between `have` and `haveI` is that `haveI` inlines the value.
But this is not relevant for proofs because of proof irrelevance.

Note: This linter can be disabled with `set_option linter.style.haveILetI false`
warning: projects/HasseWeil/HasseWeil/Foundation/AdditionPullback/SamePlace.lean:1120:2: Try this: 
  haveI̵

The goal is a proposition, so `have` is preferred over `haveI`.
The difference between `have` and `haveI` is that `haveI` inlines the value.
But this is not relevant for proofs because of proof irrelevance.

Note: This linter can be disabled with `set_option linter.style.haveILetI false`
warning: projects/HasseWeil/HasseWeil/Foundation/AdditionPullback/SamePlace.lean:1162:10: Private declaration `resid` accessed publicly; this is allowed only because the `backward.privateInPublic` option is enabled. 

Disable `backward.privateInPublic.warn` to silence this warning.
warning: projects/HasseWeil/HasseWeil/Foundation/AdditionPullback/SamePlace.lean:1162:50: Private declaration `resid` accessed publicly; this is allowed only because the `backward.privateInPublic` option is enabled. 

Disable `backward.privateInPublic.warn` to silence this warning.
warning: projects/HasseWeil/HasseWeil/Foundation/AdditionPullback/SamePlace.lean:1196:10: Private declaration `resid` accessed publicly; this is allowed only because the `backward.privateInPublic` option is enabled. 

Disable `backward.privateInPublic.warn` to silence this warning.
warning: projects/HasseWeil/HasseWeil/Foundation/AdditionPullback/SamePlace.lean:1196:50: Private declaration `resid` accessed publicly; this is allowed only because the `backward.privateInPublic` option is enabled. 

Disable `backward.privateInPublic.warn` to silence this warning.
warning: projects/HasseWeil/HasseWeil/Foundation/AdditionPullback/SamePlace.lean:1223:10: Private declaration `resid` accessed publicly; this is allowed only because the `backward.privateInPublic` option is enabled. 

Disable `backward.privateInPublic.warn` to silence this warning.
warning: projects/HasseWeil/HasseWeil/Foundation/AdditionPullback/SamePlace.lean:1265:10: Private declaration `resid` accessed publicly; this is allowed only because the `backward.privateInPublic` option is enabled. 

Disable `backward.privateInPublic.warn` to silence this warning.
warning: projects/HasseWeil/HasseWeil/Foundation/AdditionPullback/SamePlace.lean:1265:50: Private declaration `resid` accessed publicly; this is allowed only because the `backward.privateInPublic` option is enabled. 

Disable `backward.privateInPublic.warn` to silence this warning.
warning: projects/HasseWeil/HasseWeil/Foundation/AdditionPullback/SamePlace.lean:1298:10: Private declaration `resid` accessed publicly; this is allowed only because the `backward.privateInPublic` option is enabled. 

Disable `backward.privateInPublic.warn` to silence this warning.
warning: projects/HasseWeil/HasseWeil/Foundation/AdditionPullback/SamePlace.lean:1352:10: Private declaration `resid` accessed publicly; this is allowed only because the `backward.privateInPublic` option is enabled. 

Disable `backward.privateInPublic.warn` to silence this warning.
warning: projects/HasseWeil/HasseWeil/Foundation/AdditionPullback/SamePlace.lean:1352:50: Private declaration `resid` accessed publicly; this is allowed only because the `backward.privateInPublic` option is enabled. 

Disable `backward.privateInPublic.warn` to silence this warning.
⚠ [11392/11819] Replayed HasseWeil.HasseBound.WeilPairing.OneSubAffineResidues
warning: projects/HasseWeil/HasseWeil/HasseBound/WeilPairing/OneSubAffineResidues.lean:531:2: Try this: 
  haveI̵

The goal is a proposition, so `have` is preferred over `haveI`.
The difference between `have` and `haveI` is that `haveI` inlines the value.
But this is not relevant for proofs because of proof irrelevance.

Note: This linter can be disabled with `set_option linter.style.haveILetI false`
warning: projects/HasseWeil/HasseWeil/HasseBound/WeilPairing/OneSubAffineResidues.lean:533:2: Try this: 
  haveI̵

The goal is a proposition, so `have` is preferred over `haveI`.
The difference between `have` and `haveI` is that `haveI` inlines the value.
But this is not relevant for proofs because of proof irrelevance.

Note: This linter can be disabled with `set_option linter.style.haveILetI false`
warning: projects/HasseWeil/HasseWeil/HasseBound/WeilPairing/OneSubAffineResidues.lean:527:8: automatically included section variable(s) unused in theorem `_private.HasseWeil.HasseBound.WeilPairing.OneSubAffineResidues.0.HasseWeil.WeilPairing.natCast_card_eq_zero_functionField`:
  [DecidableEq K]
  [WeierstrassCurve.IsElliptic W.toAffine]
  [WeierstrassCurve.IsElliptic (W⁄(AlgebraicClosure K)).toAffine]
consider restructuring your `variable` declarations so that the variables are not in scope or explicitly omit them:
  omit [DecidableEq
  K] [WeierstrassCurve.IsElliptic
  W.toAffine] [WeierstrassCurve.IsElliptic (W⁄(AlgebraicClosure K)).toAffine] in theorem ...

Note: This linter can be disabled with `set_option linter.unusedSectionVars false`
warning: projects/HasseWeil/HasseWeil/HasseBound/WeilPairing/OneSubAffineResidues.lean:632:8: automatically included section variable(s) unused in theorem `_private.HasseWeil.HasseBound.WeilPairing.OneSubAffineResidues.0.HasseWeil.WeilPairing.ord_P_alpha_star_u_id_eq_zero`:
  [Fintype K]
  [DecidableEq K]
  [WeierstrassCurve.IsElliptic W.toAffine]
consider restructuring your `variable` declarations so that the variables are not in scope or explicitly omit them:
  omit [Fintype K] [DecidableEq K] [WeierstrassCurve.IsElliptic W.toAffine] in theorem ...

Note: This linter can be disabled with `set_option linter.unusedSectionVars false`
warning: projects/HasseWeil/HasseWeil/HasseBound/WeilPairing/OneSubAffineResidues.lean:697:8: automatically included section variable(s) unused in theorem `_private.HasseWeil.HasseBound.WeilPairing.OneSubAffineResidues.0.HasseWeil.WeilPairing.addSlopePair_comm_of_pullback_x_ne`:
  [Fintype K]
  [DecidableEq K]
  [WeierstrassCurve.IsElliptic W.toAffine]
consider restructuring your `variable` declarations so that the variables are not in scope or explicitly omit them:
  omit [Fintype K] [DecidableEq K] [WeierstrassCurve.IsElliptic W.toAffine] in theorem ...

Note: This linter can be disabled with `set_option linter.unusedSectionVars false`
⚠ [11394/11819] Replayed HasseWeil.HasseBound.WeilPairing.PencilComapPointValuation
warning: projects/HasseWeil/HasseWeil/HasseBound/WeilPairing/PencilComapPointValuation.lean:778:2: Try this: 
  haveI̵

The goal is a proposition, so `have` is preferred over `haveI`.
The difference between `have` and `haveI` is that `haveI` inlines the value.
But this is not relevant for proofs because of proof irrelevance.

Note: This linter can be disabled with `set_option linter.style.haveILetI false`
warning: projects/HasseWeil/HasseWeil/HasseBound/WeilPairing/PencilComapPointValuation.lean:780:2: Try this: 
  haveI̵

The goal is a proposition, so `have` is preferred over `haveI`.
The difference between `have` and `haveI` is that `haveI` inlines the value.
But this is not relevant for proofs because of proof irrelevance.

Note: This linter can be disabled with `set_option linter.style.haveILetI false`
warning: projects/HasseWeil/HasseWeil/HasseBound/WeilPairing/PencilComapPointValuation.lean:1763:18: declaration uses `sorry`
warning: projects/HasseWeil/HasseWeil/HasseBound/WeilPairing/PencilComapPointValuation.lean:1819:2: Try this: 
  letI̵

The goal is a proposition, so `let` is preferred over `letI`.
The difference between `let` and `letI` is that `letI` inlines the value.
But this is not relevant for proofs because of proof irrelevance.

Note: This linter can be disabled with `set_option linter.style.haveILetI false`
warning: projects/HasseWeil/HasseWeil/HasseBound/WeilPairing/PencilComapPointValuation.lean:1850:2: Try this: 
  letI̵

The goal is a proposition, so `let` is preferred over `letI`.
The difference between `let` and `letI` is that `letI` inlines the value.
But this is not relevant for proofs because of proof irrelevance.

Note: This linter can be disabled with `set_option linter.style.haveILetI false`
⚠ [11397/11819] Replayed HasseWeil.HasseBound.WeilPairing.FrobeniusDivisorGalois
warning: projects/HasseWeil/HasseWeil/HasseBound/WeilPairing/FrobeniusDivisorGalois.lean:119:2: Try this: 
  haveI̵

The goal is a proposition, so `have` is preferred over `haveI`.
The difference between `have` and `haveI` is that `haveI` inlines the value.
But this is not relevant for proofs because of proof irrelevance.

Note: This linter can be disabled with `set_option linter.style.haveILetI false`
warning: projects/HasseWeil/HasseWeil/HasseBound/WeilPairing/FrobeniusDivisorGalois.lean:123:2: Try this: 
  haveI̵

The goal is a proposition, so `have` is preferred over `haveI`.
The difference between `have` and `haveI` is that `haveI` inlines the value.
But this is not relevant for proofs because of proof irrelevance.

Note: This linter can be disabled with `set_option linter.style.haveILetI false`
warning: projects/HasseWeil/HasseWeil/HasseBound/WeilPairing/FrobeniusDivisorGalois.lean:127:2: Try this: 
  haveI̵

The goal is a proposition, so `have` is preferred over `haveI`.
The difference between `have` and `haveI` is that `haveI` inlines the value.
But this is not relevant for proofs because of proof irrelevance.

Note: This linter can be disabled with `set_option linter.style.haveILetI false`
warning: projects/HasseWeil/HasseWeil/HasseBound/WeilPairing/FrobeniusDivisorGalois.lean:131:2: Try this: 
  haveI̵

The goal is a proposition, so `have` is preferred over `haveI`.
The difference between `have` and `haveI` is that `haveI` inlines the value.
But this is not relevant for proofs because of proof irrelevance.

Note: This linter can be disabled with `set_option linter.style.haveILetI false`
warning: projects/HasseWeil/HasseWeil/HasseBound/WeilPairing/FrobeniusDivisorGalois.lean:300:6: `AlgEquiv.coe_ringEquiv` has been deprecated: Use `AlgEquiv.coe_toRingEquiv` instead

Hint: Replace the deprecated name:
  AlgEquiv.coe_r̵t̲o̲R̲ingEquiv
warning: projects/HasseWeil/HasseWeil/HasseBound/WeilPairing/FrobeniusDivisorGalois.lean:310:6: `AlgEquiv.coe_ringEquiv` has been deprecated: Use `AlgEquiv.coe_toRingEquiv` instead

Hint: Replace the deprecated name:
  AlgEquiv.coe_r̵t̲o̲R̲ingEquiv
warning: projects/HasseWeil/HasseWeil/HasseBound/WeilPairing/FrobeniusDivisorGalois.lean:315:0: automatically included section variable(s) unused in theorem `HasseWeil.WeilPairing.geomFrobeniusPointFun_geomFrobSmoothPointInv`:
  [DecidableEq K]
consider restructuring your `variable` declarations so that the variables are not in scope or explicitly omit them:
  omit [DecidableEq K] in theorem ...

Note: This linter can be disabled with `set_option linter.unusedSectionVars false`
warning: projects/HasseWeil/HasseWeil/HasseBound/WeilPairing/FrobeniusDivisorGalois.lean:392:0: automatically included section variable(s) unused in theorem `HasseWeil.WeilPairing.pullbackDiv_geomFrob_infinity`:
  [DecidableEq K]
consider restructuring your `variable` declarations so that the variables are not in scope or explicitly omit them:
  omit [DecidableEq K] in theorem ...

Note: This linter can be disabled with `set_option linter.unusedSectionVars false`
warning: projects/HasseWeil/HasseWeil/HasseBound/WeilPairing/FrobeniusDivisorGalois.lean:507:2: Try this: 
  haveI̵

The goal is a proposition, so `have` is preferred over `haveI`.
The difference between `have` and `haveI` is that `haveI` inlines the value.
But this is not relevant for proofs because of proof irrelevance.

Note: This linter can be disabled with `set_option linter.style.haveILetI false`
⚠ [11399/11819] Replayed HasseWeil.HasseBound.WeilPairing.Scaling.FrobeniusGalois
warning: projects/HasseWeil/HasseWeil/HasseBound/WeilPairing/Scaling/FrobeniusGalois.lean:225:2: Try this: 
  letI̵

The goal is a proposition, so `let` is preferred over `letI`.
The difference between `let` and `letI` is that `letI` inlines the value.
But this is not relevant for proofs because of proof irrelevance.

Note: This linter can be disabled with `set_option linter.style.haveILetI false`
⚠ [11400/11819] Replayed HasseWeil.HasseBound.WeilPairing.Scaling.OneSubTransport
warning: projects/HasseWeil/HasseWeil/HasseBound/WeilPairing/Scaling/OneSubTransport.lean:257:0: automatically included section variable(s) unused in theorem `HasseWeil.WeilPairing.comapPointValuationWitness_oneSub`:
  [Fintype W.toAffine.Point]
consider restructuring your `variable` declarations so that the variables are not in scope or explicitly omit them:
  omit [Fintype W.toAffine.Point] in theorem ...

Note: This linter can be disabled with `set_option linter.unusedSectionVars false`
⚠ [11598/11819] Replayed HexGraphIso.Nauty.Invariant.Refine
warning: HexGraphIso/Nauty/Invariant/Refine.lean:140:6: syntax 'Lean.Parser.Tactic.rwaAtLegacyLocation' has been deprecated: use `rw [...] at ... <;> assumption` instead

Note: This linter can be disabled with `set_option linter.deprecated.syntax false`
warning: HexGraphIso/Nauty/Invariant/Refine.lean:199:4: syntax 'Lean.Parser.Tactic.rwaAtLegacyLocation' has been deprecated: use `rw [...] at ... <;> assumption` instead

Note: This linter can be disabled with `set_option linter.deprecated.syntax false`
⚠ [11849/12065] Replayed HexGraphIso.Nauty.Sparse.GraphProps
warning: HexGraphIso/Nauty/Sparse/GraphProps.lean:28:2: syntax 'Lean.Parser.Tactic.mvcgen' has been deprecated: use `vcgen` instead

Note: This linter can be disabled with `set_option linter.deprecated.syntax false`
warning: HexGraphIso/Nauty/Sparse/GraphProps.lean:39:2: syntax 'Lean.Parser.Tactic.mvcgen' has been deprecated: use `vcgen` instead

Note: This linter can be disabled with `set_option linter.deprecated.syntax false`
warning: HexGraphIso/Nauty/Sparse/GraphProps.lean:50:2: syntax 'Lean.Parser.Tactic.mvcgen' has been deprecated: use `vcgen` instead

Note: This linter can be disabled with `set_option linter.deprecated.syntax false`
⚠ [11850/12065] Replayed HexGraphIso.Nauty.Sparse.Autom
warning: HexGraphIso/Nauty/Sparse/Autom.lean:42:2: syntax 'Lean.Parser.Tactic.mvcgen' has been deprecated: use `vcgen` instead

Note: This linter can be disabled with `set_option linter.deprecated.syntax false`
⚠ [11853/12065] Replayed HexGraphIso.Nauty.Sparse.SortProps
warning: HexGraphIso/Nauty/Sparse/SortProps.lean:72:2: syntax 'Lean.Parser.Tactic.mvcgen' has been deprecated: use `vcgen` instead

Note: This linter can be disabled with `set_option linter.deprecated.syntax false`
warning: HexGraphIso/Nauty/Sparse/SortProps.lean:88:2: syntax 'Lean.Parser.Tactic.mvcgen' has been deprecated: use `vcgen` instead

Note: This linter can be disabled with `set_option linter.deprecated.syntax false`
warning: HexGraphIso/Nauty/Sparse/SortProps.lean:97:2: syntax 'Lean.Parser.Tactic.mvcgen' has been deprecated: use `vcgen` instead

Note: This linter can be disabled with `set_option linter.deprecated.syntax false`
warning: HexGraphIso/Nauty/Sparse/SortProps.lean:134:2: syntax 'Lean.Parser.Tactic.mvcgen' has been deprecated: use `vcgen` instead

Note: This linter can be disabled with `set_option linter.deprecated.syntax false`
warning: HexGraphIso/Nauty/Sparse/SortProps.lean:148:2: syntax 'Lean.Parser.Tactic.mvcgen' has been deprecated: use `vcgen` instead

Note: This linter can be disabled with `set_option linter.deprecated.syntax false`
warning: HexGraphIso/Nauty/Sparse/SortProps.lean:158:2: syntax 'Lean.Parser.Tactic.mvcgen' has been deprecated: use `vcgen` instead

Note: This linter can be disabled with `set_option linter.deprecated.syntax false`
⚠ [11854/12065] Replayed HexGraphIso.Nauty.Sparse.SortOrder
warning: HexGraphIso/Nauty/Sparse/SortOrder.lean:103:2: syntax 'Lean.Parser.Tactic.mvcgen' has been deprecated: use `vcgen` instead

Note: This linter can be disabled with `set_option linter.deprecated.syntax false`
warning: HexGraphIso/Nauty/Sparse/SortOrder.lean:158:2: syntax 'Lean.Parser.Tactic.mvcgen' has been deprecated: use `vcgen` instead

Note: This linter can be disabled with `set_option linter.deprecated.syntax false`
⚠ [11855/12065] Replayed HexGraphIso.Nauty.Sparse.SortPartition
warning: HexGraphIso/Nauty/Sparse/SortPartition.lean:176:2: syntax 'Lean.Parser.Tactic.mvcgen' has been deprecated: use `vcgen` instead

Note: This linter can be disabled with `set_option linter.deprecated.syntax false`
⚠ [11859/12065] Replayed HexGraphIso.Nauty.Sparse.SortStack
warning: HexGraphIso/Nauty/Sparse/SortStack.lean:79:2: syntax 'Lean.Parser.Tactic.mvcgen' has been deprecated: use `vcgen` instead

Note: This linter can be disabled with `set_option linter.deprecated.syntax false`
⚠ [11861/12065] Replayed HexGraphIso.Nauty.Sparse.SortFinal
warning: HexGraphIso/Nauty/Sparse/SortFinal.lean:31:2: syntax 'Lean.Parser.Tactic.mvcgen' has been deprecated: use `vcgen` instead

Note: This linter can be disabled with `set_option linter.deprecated.syntax false`
⚠ [11870/12444] Replayed HexGraphIso.Nauty.Sparse.Refine.Minima
warning: HexGraphIso/Nauty/Sparse/Refine/Minima.lean:25:2: syntax 'Lean.Parser.Tactic.mvcgen' has been deprecated: use `vcgen` instead

Note: This linter can be disabled with `set_option linter.deprecated.syntax false`
warning: HexGraphIso/Nauty/Sparse/Refine/Minima.lean:44:2: syntax 'Lean.Parser.Tactic.mvcgen' has been deprecated: use `vcgen` instead

Note: This linter can be disabled with `set_option linter.deprecated.syntax false`
warning: HexGraphIso/Nauty/Sparse/Refine/Minima.lean:63:2: syntax 'Lean.Parser.Tactic.mvcgen' has been deprecated: use `vcgen` instead

Note: This linter can be disabled with `set_option linter.deprecated.syntax false`
warning: HexGraphIso/Nauty/Sparse/Refine/Minima.lean:102:2: syntax 'Lean.Parser.Tactic.mvcgen' has been deprecated: use `vcgen` instead

Note: This linter can be disabled with `set_option linter.deprecated.syntax false`
⚠ [11874/12444] Replayed HexGraphIso.Nauty.Sparse.Refine.CountSpec
warning: HexGraphIso/Nauty/Sparse/Refine/CountSpec.lean:31:2: syntax 'Lean.Parser.Tactic.mvcgen' has been deprecated: use `vcgen` instead

Note: This linter can be disabled with `set_option linter.deprecated.syntax false`
⚠ [11875/12444] Replayed HexGraphIso.Nauty.Sparse.CountPattern
warning: HexGraphIso/Nauty/Sparse/CountPattern.lean:35:12: syntax 'Lean.Parser.Tactic.mvcgen' has been deprecated: use `vcgen` instead

Note: This linter can be disabled with `set_option linter.deprecated.syntax false`
warning: HexGraphIso/Nauty/Sparse/CountPattern.lean:35:12: syntax 'Lean.Parser.Tactic.mvcgen' has been deprecated: use `vcgen` instead

Note: This linter can be disabled with `set_option linter.deprecated.syntax false`
⚠ [11877/12444] Replayed HexGraphIso.Nauty.Sparse.CountFinish
warning: HexGraphIso/Nauty/Sparse/CountFinish.lean:30:2: syntax 'Lean.Parser.Tactic.mvcgen' has been deprecated: use `vcgen` instead

Note: This linter can be disabled with `set_option linter.deprecated.syntax false`
⚠ [11885/12444] Replayed HexGraphIso.Nauty.Sparse.IndexRun
warning: HexGraphIso/Nauty/Sparse/IndexRun.lean:40:2: syntax 'Lean.Parser.Tactic.mvcgen' has been deprecated: use `vcgen` instead

Note: This linter can be disabled with `set_option linter.deprecated.syntax false`
⚠ [11888/12444] Replayed HexGraphIso.Nauty.Sparse.Scratch
warning: HexGraphIso/Nauty/Sparse/Scratch.lean:72:2: syntax 'Lean.Parser.Tactic.mvcgen' has been deprecated: use `vcgen` instead

Note: This linter can be disabled with `set_option linter.deprecated.syntax false`
⚠ [11891/12444] Replayed HexGraphIso.Nauty.Sparse.TouchRun
warning: HexGraphIso/Nauty/Sparse/TouchRun.lean:53:2: syntax 'Lean.Parser.Tactic.mvcgen' has been deprecated: use `vcgen` instead

Note: This linter can be disabled with `set_option linter.deprecated.syntax false`
⚠ [11911/12444] Replayed HexGraphIso.Nauty.Sparse.CompactRun
warning: HexGraphIso/Nauty/Sparse/CompactRun.lean:40:2: syntax 'Lean.Parser.Tactic.mvcgen' has been deprecated: use `vcgen` instead

Note: This linter can be disabled with `set_option linter.deprecated.syntax false`
⚠ [11912/12444] Replayed HexGraphIso.Nauty.Sparse.FillRun
warning: HexGraphIso/Nauty/Sparse/FillRun.lean:48:2: syntax 'Lean.Parser.Tactic.mvcgen' has been deprecated: use `vcgen` instead

Note: This linter can be disabled with `set_option linter.deprecated.syntax false`
⚠ [11920/12444] Replayed HexGraphIso.Nauty.Sparse.CellClear
warning: HexGraphIso/Nauty/Sparse/CellClear.lean:55:2: syntax 'Lean.Parser.Tactic.mvcgen' has been deprecated: use `vcgen` instead

Note: This linter can be disabled with `set_option linter.deprecated.syntax false`
⚠ [11923/12444] Replayed HexGraphIso.Nauty.Sparse.CountNeighbors
warning: HexGraphIso/Nauty/Sparse/CountNeighbors.lean:62:2: syntax 'Lean.Parser.Tactic.mvcgen' has been deprecated: use `vcgen` instead

Note: This linter can be disabled with `set_option linter.deprecated.syntax false`
⚠ [11929/12444] Replayed HexGraphIso.Nauty.Sparse.SingletonIndex
warning: HexGraphIso/Nauty/Sparse/SingletonIndex.lean:71:2: syntax 'Lean.Parser.Tactic.mvcgen' has been deprecated: use `vcgen` instead

Note: This linter can be disabled with `set_option linter.deprecated.syntax false`
⚠ [11934/12444] Replayed HexGraphIso.Nauty.Sparse.CountIndex
warning: HexGraphIso/Nauty/Sparse/CountIndex.lean:53:12: syntax 'Lean.Parser.Tactic.mvcgen' has been deprecated: use `vcgen` instead

Note: This linter can be disabled with `set_option linter.deprecated.syntax false`
warning: HexGraphIso/Nauty/Sparse/CountIndex.lean:53:12: syntax 'Lean.Parser.Tactic.mvcgen' has been deprecated: use `vcgen` instead

Note: This linter can be disabled with `set_option linter.deprecated.syntax false`
⚠ [11936/12444] Replayed HexGraphIso.Nauty.Sparse.CountFrame
warning: HexGraphIso/Nauty/Sparse/CountFrame.lean:40:2: syntax 'Lean.Parser.Tactic.mvcgen' has been deprecated: use `vcgen` instead

Note: This linter can be disabled with `set_option linter.deprecated.syntax false`
⚠ [11938/12444] Replayed HexGraphIso.Nauty.Sparse.CountSize
warning: HexGraphIso/Nauty/Sparse/CountSize.lean:36:12: syntax 'Lean.Parser.Tactic.mvcgen' has been deprecated: use `vcgen` instead

Note: This linter can be disabled with `set_option linter.deprecated.syntax false`
warning: HexGraphIso/Nauty/Sparse/CountSize.lean:36:12: syntax 'Lean.Parser.Tactic.mvcgen' has been deprecated: use `vcgen` instead

Note: This linter can be disabled with `set_option linter.deprecated.syntax false`
⚠ [11939/12444] Replayed HexGraphIso.Nauty.Sparse.CountQueue
warning: HexGraphIso/Nauty/Sparse/CountQueue.lean:38:12: syntax 'Lean.Parser.Tactic.mvcgen' has been deprecated: use `vcgen` instead

Note: This linter can be disabled with `set_option linter.deprecated.syntax false`
warning: HexGraphIso/Nauty/Sparse/CountQueue.lean:38:12: syntax 'Lean.Parser.Tactic.mvcgen' has been deprecated: use `vcgen` instead

Note: This linter can be disabled with `set_option linter.deprecated.syntax false`
⚠ [11941/12444] Replayed HexGraphIso.Nauty.Sparse.CountActive
warning: HexGraphIso/Nauty/Sparse/CountActive.lean:37:12: syntax 'Lean.Parser.Tactic.mvcgen' has been deprecated: use `vcgen` instead

Note: This linter can be disabled with `set_option linter.deprecated.syntax false`
warning: HexGraphIso/Nauty/Sparse/CountActive.lean:37:12: syntax 'Lean.Parser.Tactic.mvcgen' has been deprecated: use `vcgen` instead

Note: This linter can be disabled with `set_option linter.deprecated.syntax false`
⚠ [11943/12444] Replayed HexGraphIso.Nauty.Sparse.NontrivialIndex
warning: HexGraphIso/Nauty/Sparse/NontrivialIndex.lean:66:2: syntax 'Lean.Parser.Tactic.mvcgen' has been deprecated: use `vcgen` instead

Note: This linter can be disabled with `set_option linter.deprecated.syntax false`
⚠ [11946/12444] Replayed HexGraphIso.Nauty.Sparse.SplitBounds
warning: HexGraphIso/Nauty/Sparse/SplitBounds.lean:28:2: syntax 'Lean.Parser.Tactic.mvcgen' has been deprecated: use `vcgen` instead

Note: This linter can be disabled with `set_option linter.deprecated.syntax false`
warning: HexGraphIso/Nauty/Sparse/SplitBounds.lean:49:2: syntax 'Lean.Parser.Tactic.mvcgen' has been deprecated: use `vcgen` instead

Note: This linter can be disabled with `set_option linter.deprecated.syntax false`
⚠ [11949/12444] Replayed HexGraphIso.Nauty.Sparse.DistanceRun
warning: HexGraphIso/Nauty/Sparse/DistanceRun.lean:33:2: syntax 'Lean.Parser.Tactic.mvcgen' has been deprecated: use `vcgen` instead

Note: This linter can be disabled with `set_option linter.deprecated.syntax false`
⚠ [11954/12444] Replayed HexGraphIso.Nauty.Sparse.BfsRun
warning: HexGraphIso/Nauty/Sparse/BfsRun.lean:25:2: syntax 'Lean.Parser.Tactic.mvcgen' has been deprecated: use `vcgen` instead

Note: This linter can be disabled with `set_option linter.deprecated.syntax false`
⚠ [11961/12444] Replayed HexGraphIso.Nauty.Sparse.RefineCert
warning: HexGraphIso/Nauty/Sparse/RefineCert.lean:87:2: syntax 'Lean.Parser.Tactic.mvcgen' has been deprecated: use `vcgen` instead

Note: This linter can be disabled with `set_option linter.deprecated.syntax false`
⚠ [11962/12444] Replayed HexGraphIso.Nauty.Sparse.RefineIndex
warning: HexGraphIso/Nauty/Sparse/RefineIndex.lean:109:2: syntax 'Lean.Parser.Tactic.mvcgen' has been deprecated: use `vcgen` instead

Note: This linter can be disabled with `set_option linter.deprecated.syntax false`
⚠ [11963/12444] Replayed HexGraphIso.Nauty.Sparse.Boundary
warning: HexGraphIso/Nauty/Sparse/Boundary.lean:61:2: syntax 'Lean.Parser.Tactic.mvcgen' has been deprecated: use `vcgen` instead

Note: This linter can be disabled with `set_option linter.deprecated.syntax false`
⚠ [11964/12444] Replayed HexGraphIso.Nauty.Sparse.RefineBoundary
warning: HexGraphIso/Nauty/Sparse/RefineBoundary.lean:24:2: syntax 'Lean.Parser.Tactic.mvcgen' has been deprecated: use `vcgen` instead

Note: This linter can be disabled with `set_option linter.deprecated.syntax false`
warning: HexGraphIso/Nauty/Sparse/RefineBoundary.lean:37:2: syntax 'Lean.Parser.Tactic.mvcgen' has been deprecated: use `vcgen` instead

Note: This linter can be disabled with `set_option linter.deprecated.syntax false`
warning: HexGraphIso/Nauty/Sparse/RefineBoundary.lean:53:2: syntax 'Lean.Parser.Tactic.mvcgen' has been deprecated: use `vcgen` instead

Note: This linter can be disabled with `set_option linter.deprecated.syntax false`
⚠ [11966/12444] Replayed HexGraphIso.Nauty.Sparse.RefineBudget
warning: HexGraphIso/Nauty/Sparse/RefineBudget.lean:44:2: syntax 'Lean.Parser.Tactic.mvcgen' has been deprecated: use `vcgen` instead

Note: This linter can be disabled with `set_option linter.deprecated.syntax false`
⚠ [11967/12444] Replayed HexGraphIso.Nauty.Sparse.SplitBudget
warning: HexGraphIso/Nauty/Sparse/SplitBudget.lean:25:2: syntax 'Lean.Parser.Tactic.mvcgen' has been deprecated: use `vcgen` instead

Note: This linter can be disabled with `set_option linter.deprecated.syntax false`
warning: HexGraphIso/Nauty/Sparse/SplitBudget.lean:40:2: syntax 'Lean.Parser.Tactic.mvcgen' has been deprecated: use `vcgen` instead

Note: This linter can be disabled with `set_option linter.deprecated.syntax false`
⚠ [11968/12444] Replayed HexGraphIso.Nauty.Sparse.RefineFuel
warning: HexGraphIso/Nauty/Sparse/RefineFuel.lean:31:2: syntax 'Lean.Parser.Tactic.mvcgen' has been deprecated: use `vcgen` instead

Note: This linter can be disabled with `set_option linter.deprecated.syntax false`
⚠ [11971/12444] Replayed HexGraphIso.Nauty.Sparse.Initial
warning: HexGraphIso/Nauty/Sparse/Initial.lean:46:2: syntax 'Lean.Parser.Tactic.mvcgen' has been deprecated: use `vcgen` instead

Note: This linter can be disabled with `set_option linter.deprecated.syntax false`
⚠ [11974/12444] Replayed HexGraphIso.Nauty.Sparse.PolicyScratch
warning: HexGraphIso/Nauty/Sparse/PolicyScratch.lean:55:2: syntax 'Lean.Parser.Tactic.mvcgen' has been deprecated: use `vcgen` instead

Note: This linter can be disabled with `set_option linter.deprecated.syntax false`
warning: HexGraphIso/Nauty/Sparse/PolicyScratch.lean:68:2: syntax 'Lean.Parser.Tactic.mvcgen' has been deprecated: use `vcgen` instead

Note: This linter can be disabled with `set_option linter.deprecated.syntax false`
⚠ [11981/12444] Replayed HexGraphIso.Nauty.Sparse.TargetBest
warning: HexGraphIso/Nauty/Sparse/TargetBest.lean:73:2: syntax 'Lean.Parser.Tactic.mvcgen' has been deprecated: use `vcgen` instead

Note: This linter can be disabled with `set_option linter.deprecated.syntax false`
⚠ [11988/12444] Replayed HexGraphIso.Nauty.Sparse.TargetFresh
warning: HexGraphIso/Nauty/Sparse/TargetFresh.lean:103:2: syntax 'Lean.Parser.Tactic.mvcgen' has been deprecated: use `vcgen` instead

Note: This linter can be disabled with `set_option linter.deprecated.syntax false`
⚠ [12011/12444] Replayed HexGraphIso.Nauty.Sparse.BinaryControl
warning: HexGraphIso/Nauty/Sparse/BinaryControl.lean:62:2: syntax 'Lean.Parser.Tactic.mvcgen' has been deprecated: use `vcgen` instead

Note: This linter can be disabled with `set_option linter.deprecated.syntax false`
⚠ [12020/12444] Replayed HexGraphIso.Nauty.Sparse.BinaryLoop
warning: HexGraphIso/Nauty/Sparse/BinaryLoop.lean:37:2: syntax 'Lean.Parser.Tactic.mvcgen' has been deprecated: use `vcgen` instead

Note: This linter can be disabled with `set_option linter.deprecated.syntax false`
⚠ [12031/12444] Replayed HexGraphIso.Nauty.Sparse.CountUniform
warning: HexGraphIso/Nauty/Sparse/CountUniform.lean:27:2: syntax 'Lean.Parser.Tactic.mvcgen' has been deprecated: use `vcgen` instead

Note: This linter can be disabled with `set_option linter.deprecated.syntax false`
⚠ [12032/12444] Replayed HexGraphIso.Nauty.Sparse.CountExecution
warning: HexGraphIso/Nauty/Sparse/CountExecution.lean:39:12: syntax 'Lean.Parser.Tactic.mvcgen' has been deprecated: use `vcgen` instead

Note: This linter can be disabled with `set_option linter.deprecated.syntax false`
warning: HexGraphIso/Nauty/Sparse/CountExecution.lean:39:12: syntax 'Lean.Parser.Tactic.mvcgen' has been deprecated: use `vcgen` instead

Note: This linter can be disabled with `set_option linter.deprecated.syntax false`
⚠ [12037/12444] Replayed HexGraphIso.Nauty.Sparse.CountLoop
warning: HexGraphIso/Nauty/Sparse/CountLoop.lean:31:2: syntax 'Lean.Parser.Tactic.mvcgen' has been deprecated: use `vcgen` instead

Note: This linter can be disabled with `set_option linter.deprecated.syntax false`
⚠ [12045/12444] Replayed HexGraphIso.Nauty.Sparse.RefineSelect
warning: HexGraphIso/Nauty/Sparse/RefineSelect.lean:34:2: syntax 'Lean.Parser.Tactic.mvcgen' has been deprecated: use `vcgen` instead

Note: This linter can be disabled with `set_option linter.deprecated.syntax false`
⚠ [12052/12444] Replayed HexGraphIso.Nauty.Sparse.RefineInitial
warning: HexGraphIso/Nauty/Sparse/RefineInitial.lean:27:2: syntax 'Lean.Parser.Tactic.mvcgen' has been deprecated: use `vcgen` instead

Note: This linter can be disabled with `set_option linter.deprecated.syntax false`
⚠ [12083/12444] Replayed HexGraphIso.Nauty.Sparse.RefineBounds
warning: HexGraphIso/Nauty/Sparse/RefineBounds.lean:29:2: syntax 'Lean.Parser.Tactic.mvcgen' has been deprecated: use `vcgen` instead

Note: This linter can be disabled with `set_option linter.deprecated.syntax false`
warning: HexGraphIso/Nauty/Sparse/RefineBounds.lean:45:2: syntax 'Lean.Parser.Tactic.mvcgen' has been deprecated: use `vcgen` instead

Note: This linter can be disabled with `set_option linter.deprecated.syntax false`
⚠ [12086/12444] Replayed HexGraphIso.Nauty.Sparse.SearchBounds
warning: HexGraphIso/Nauty/Sparse/SearchBounds.lean:30:2: syntax 'Lean.Parser.Tactic.mvcgen' has been deprecated: use `vcgen` instead

Note: This linter can be disabled with `set_option linter.deprecated.syntax false`
⚠ [12105/12444] Replayed HexGraphIso.Nauty.Sparse.DispatchFrame
warning: HexGraphIso/Nauty/Sparse/DispatchFrame.lean:39:2: syntax 'Lean.Parser.Tactic.mvcgen' has been deprecated: use `vcgen` instead

Note: This linter can be disabled with `set_option linter.deprecated.syntax false`
⚠ [12111/12444] Replayed HexGraphIso.Nauty.Sparse.FirstPrepare
warning: HexGraphIso/Nauty/Sparse/FirstPrepare.lean:29:2: syntax 'Lean.Parser.Tactic.mvcgen' has been deprecated: use `vcgen` instead

Note: This linter can be disabled with `set_option linter.deprecated.syntax false`
⚠ [12113/12444] Replayed HexGraphIso.Nauty.Sparse.Reference
warning: HexGraphIso/Nauty/Sparse/Reference.lean:28:2: syntax 'Lean.Parser.Tactic.mvcgen' has been deprecated: use `vcgen` instead

Note: This linter can be disabled with `set_option linter.deprecated.syntax false`
⚠ [12114/12444] Replayed HexGraphIso.Nauty.Sparse.FirstFields
warning: HexGraphIso/Nauty/Sparse/FirstFields.lean:29:2: syntax 'Lean.Parser.Tactic.mvcgen' has been deprecated: use `vcgen` instead

Note: This linter can be disabled with `set_option linter.deprecated.syntax false`
⚠ [12121/12444] Replayed HexGraphIso.Nauty.Sparse.Depth
warning: HexGraphIso/Nauty/Sparse/Depth.lean:44:2: syntax 'Lean.Parser.Tactic.mvcgen' has been deprecated: use `vcgen` instead

Note: This linter can be disabled with `set_option linter.deprecated.syntax false`
⚠ [12123/12444] Replayed HexGraphIso.Nauty.Sparse.CodeFields
warning: HexGraphIso/Nauty/Sparse/CodeFields.lean:33:2: syntax 'Lean.Parser.Tactic.mvcgen' has been deprecated: use `vcgen` instead

Note: This linter can be disabled with `set_option linter.deprecated.syntax false`
⚠ [12129/12444] Replayed HexGraphIso.Nauty.Sparse.WorkSize
warning: HexGraphIso/Nauty/Sparse/WorkSize.lean:30:2: syntax 'Lean.Parser.Tactic.mvcgen' has been deprecated: use `vcgen` instead

Note: This linter can be disabled with `set_option linter.deprecated.syntax false`
⚠ [12132/12444] Replayed HexGraphIso.Nauty.Sparse.Update
warning: HexGraphIso/Nauty/Sparse/Update.lean:142:2: syntax 'Lean.Parser.Tactic.mvcgen' has been deprecated: use `vcgen` instead

Note: This linter can be disabled with `set_option linter.deprecated.syntax false`
warning: HexGraphIso/Nauty/Sparse/Update.lean:288:2: syntax 'Lean.Parser.Tactic.mvcgen' has been deprecated: use `vcgen` instead

Note: This linter can be disabled with `set_option linter.deprecated.syntax false`
⚠ [12137/12444] Replayed HexGraphIso.Nauty.Sparse.Compare
warning: HexGraphIso/Nauty/Sparse/Compare.lean:99:2: syntax 'Lean.Parser.Tactic.mvcgen' has been deprecated: use `vcgen` instead

Note: This linter can be disabled with `set_option linter.deprecated.syntax false`
⚠ [12149/12444] Replayed HexGraphIso.Nauty.Sparse.CanonControl
warning: HexGraphIso/Nauty/Sparse/CanonControl.lean:24:2: syntax 'Lean.Parser.Tactic.mvcgen' has been deprecated: use `vcgen` instead

Note: This linter can be disabled with `set_option linter.deprecated.syntax false`
⚠ [12162/12444] Replayed HexGraphIso.Nauty.Sparse.FixedState
warning: HexGraphIso/Nauty/Sparse/FixedState.lean:56:2: syntax 'Lean.Parser.Tactic.mvcgen' has been deprecated: use `vcgen` instead

Note: This linter can be disabled with `set_option linter.deprecated.syntax false`
⚠ [12168/12444] Replayed HexGraphIso.Nauty.Sparse.Controls
warning: HexGraphIso/Nauty/Sparse/Controls.lean:29:2: syntax 'Lean.Parser.Tactic.mvcgen' has been deprecated: use `vcgen` instead

Note: This linter can be disabled with `set_option linter.deprecated.syntax false`
⚠ [12198/12444] Replayed HexGraphIso.Nauty.Sparse.ClassifyStore
warning: HexGraphIso/Nauty/Sparse/ClassifyStore.lean:43:2: syntax 'Lean.Parser.Tactic.mvcgen' has been deprecated: use `vcgen` instead

Note: This linter can be disabled with `set_option linter.deprecated.syntax false`
⚠ [12200/12444] Replayed HexGraphIso.Nauty.Sparse.StoreOps
warning: HexGraphIso/Nauty/Sparse/StoreOps.lean:29:4: syntax 'Lean.Parser.Tactic.mvcgen' has been deprecated: use `vcgen` instead

Note: This linter can be disabled with `set_option linter.deprecated.syntax false`
⚠ [12204/12444] Replayed HexGraphIso.Nauty.Sparse.FirstStore
warning: HexGraphIso/Nauty/Sparse/FirstStore.lean:25:2: syntax 'Lean.Parser.Tactic.mvcgen' has been deprecated: use `vcgen` instead

Note: This linter can be disabled with `set_option linter.deprecated.syntax false`
⚠ [12210/12444] Replayed HexGraphIso.Nauty.Sparse.Trace
warning: HexGraphIso/Nauty/Sparse/Trace.lean:68:2: syntax 'Lean.Parser.Tactic.mvcgen' has been deprecated: use `vcgen` instead

Note: This linter can be disabled with `set_option linter.deprecated.syntax false`
⚠ [12217/12444] Replayed HexGraphIso.Nauty.Sparse.Orbits
warning: HexGraphIso/Nauty/Sparse/Orbits.lean:125:6: syntax 'Lean.Parser.Tactic.mvcgen' has been deprecated: use `vcgen` instead

Note: This linter can be disabled with `set_option linter.deprecated.syntax false`
⚠ [12218/12444] Replayed HexGraphIso.Nauty.Sparse.Pairs
warning: HexGraphIso/Nauty/Sparse/Pairs.lean:117:2: syntax 'Lean.Parser.Tactic.mvcgen' has been deprecated: use `vcgen` instead

Note: This linter can be disabled with `set_option linter.deprecated.syntax false`
⚠ [12258/12821] Replayed HexGraphIso.Nauty.Sparse.Coset
warning: HexGraphIso/Nauty/Sparse/Coset.lean:33:2: syntax 'Lean.Parser.Tactic.mvcgen' has been deprecated: use `vcgen` instead

Note: This linter can be disabled with `set_option linter.deprecated.syntax false`
⚠ [12264/12821] Replayed HexGraphIso.Nauty.Sparse.TraceFrameOps
warning: HexGraphIso/Nauty/Sparse/TraceFrameOps.lean:25:2: syntax 'Lean.Parser.Tactic.mvcgen' has been deprecated: use `vcgen` instead

Note: This linter can be disabled with `set_option linter.deprecated.syntax false`
⚠ [12283/12821] Replayed HexGraphIso.Nauty.Sparse.Capacity
warning: HexGraphIso/Nauty/Sparse/Capacity.lean:30:2: syntax 'Lean.Parser.Tactic.mvcgen' has been deprecated: use `vcgen` instead

Note: This linter can be disabled with `set_option linter.deprecated.syntax false`
⚠ [12322/12821] Replayed HexGraphIso.Nauty.Sparse.TraceContains
warning: HexGraphIso/Nauty/Sparse/TraceContains.lean:28:2: syntax 'Lean.Parser.Tactic.mvcgen' has been deprecated: use `vcgen` instead

Note: This linter can be disabled with `set_option linter.deprecated.syntax false`
⚠ [12355/12821] Replayed HexGraphIso.Nauty.Sparse.FirstBounds
warning: HexGraphIso/Nauty/Sparse/FirstBounds.lean:33:2: syntax 'Lean.Parser.Tactic.mvcgen' has been deprecated: use `vcgen` instead

Note: This linter can be disabled with `set_option linter.deprecated.syntax false`
warning: HexGraphIso/Nauty/Sparse/FirstBounds.lean:73:4: syntax 'Lean.Parser.Tactic.mvcgen' has been deprecated: use `vcgen` instead

Note: This linter can be disabled with `set_option linter.deprecated.syntax false`
⚠ [12372/12821] Replayed HexGraphIso.Nauty.Sparse.ReferenceCode
warning: HexGraphIso/Nauty/Sparse/ReferenceCode.lean:53:2: syntax 'Lean.Parser.Tactic.mvcgen' has been deprecated: use `vcgen` instead

Note: This linter can be disabled with `set_option linter.deprecated.syntax false`
⚠ [12397/12821] Replayed HexGraphIso.Nauty.Sparse.OrbitReplay
warning: HexGraphIso/Nauty/Sparse/OrbitReplay.lean:96:6: syntax 'Lean.Parser.Tactic.mvcgen' has been deprecated: use `vcgen` instead

Note: This linter can be disabled with `set_option linter.deprecated.syntax false`
⚠ [12422/12821] Replayed HexGraphIso.Nauty.Sparse.OrderOps
warning: HexGraphIso/Nauty/Sparse/OrderOps.lean:39:2: syntax 'Lean.Parser.Tactic.mvcgen' has been deprecated: use `vcgen` instead

Note: This linter can be disabled with `set_option linter.deprecated.syntax false`
⚠ [12558/12821] Replayed HexDeterminantalIdealMathlib.TacticTests
info: HexDeterminantalIdealMathlib/TacticTests.lean:22:2: rank_locus: using minor 1 at rows [0], columns [1]
info: HexDeterminantalIdealMathlib/TacticTests.lean:28:30: rank_locus: using minor 1 at rows [], columns []
info: HexDeterminantalIdealMathlib/TacticTests.lean:52:55: rank_locus: using minor 1 at rows [0], columns [1]
info: HexDeterminantalIdealMathlib/TacticTests.lean:67:54: rank_locus: using minor x at rows [0], columns [0]
info: HexDeterminantalIdealMathlib/TacticTests.lean:68:54: rank_locus: using minor x at rows [0], columns [0]
info: HexDeterminantalIdealMathlib/TacticTests.lean:77:59: rank_locus: using minor y at rows [0], columns [1]
info: HexDeterminantalIdealMathlib/TacticTests.lean:78:59: rank_locus: using minor y at rows [0], columns [1]
info: HexDeterminantalIdealMathlib/TacticTests.lean:87:71: rank_locus: using minor x ^ 2 - 1 at rows [0, 1], columns [0, 1]
info: HexDeterminantalIdealMathlib/TacticTests.lean:88:71: rank_locus: using minor x ^ 2 - 1 at rows [0, 1], columns [0, 1]
info: HexDeterminantalIdealMathlib/TacticTests.lean:97:69: rank_locus: using minor y - x at rows [0, 1], columns [0, 1]
info: HexDeterminantalIdealMathlib/TacticTests.lean:98:69: rank_locus: using minor y - x at rows [0, 1], columns [0, 1]
info: HexDeterminantalIdealMathlib/TacticTests.lean:107:75: rank_locus: using minor x ^ 3 - x at rows [0], columns [0]
info: HexDeterminantalIdealMathlib/TacticTests.lean:108:75: rank_locus: using minor x ^ 3 - x at rows [0], columns [0]
info: HexDeterminantalIdealMathlib/TacticTests.lean:120:2: rank_locus: using minor x at rows [0], columns [0]
info: HexDeterminantalIdealMathlib/TacticTests.lean:125:58: rank_locus: using minor y at rows [0], columns [1]
info: HexDeterminantalIdealMathlib/TacticTests.lean:147:83: rank_locus: using minor 1 at rows [], columns []
info: HexDeterminantalIdealMathlib/TacticTests.lean:150:59: rank_locus: using minor x at rows [0], columns [0]
warning: HexDeterminantalIdealMathlib/TacticTests.lean:152:9: Variable name `x` is not explicitly referenced.

Hint: The binding can be removed (if unused) or named `_` (if used implicitly). Alternatively, prefix the name with `_` to silence this warning:
  [apply] _x

Note: This linter can be disabled with `set_option linter.unusedVariables false`
warning: HexDeterminantalIdealMathlib/TacticTests.lean:163:9: Variable name `x` is not explicitly referenced.

Hint: The binding can be removed (if unused) or named `_` (if used implicitly). Alternatively, prefix the name with `_` to silence this warning:
  [apply] _x

Note: This linter can be disabled with `set_option linter.unusedVariables false`
warning: HexDeterminantalIdealMathlib/TacticTests.lean:163:17: Variable name `r` is not explicitly referenced.

Hint: The binding can be removed (if unused) or named `_` (if used implicitly). Alternatively, prefix the name with `_` to silence this warning:
  [apply] _r

Note: This linter can be disabled with `set_option linter.unusedVariables false`
info: HexDeterminantalIdealMathlib/TacticTests.lean:191:42: rank_locus: the matrix entries are constant polynomials; its generators are constants
info: HexDeterminantalIdealMathlib/TacticTests.lean:191:42: rank_locus: using minor 2 at rows [0], columns [0]
warning: HexDeterminantalIdealMathlib/TacticTests.lean:193:9: Variable name `x` is not explicitly referenced.

Hint: The binding can be removed (if unused) or named `_` (if used implicitly). Alternatively, prefix the name with `_` to silence this warning:
  [apply] _x

Note: This linter can be disabled with `set_option linter.unusedVariables false`
warning: HexDeterminantalIdealMathlib/TacticTests.lean:202:9: Variable name `x0` is not explicitly referenced.

Hint: The binding can be removed (if unused) or named `_` (if used implicitly). Alternatively, prefix the name with `_` to silence this warning:
  [apply] _x0

Note: This linter can be disabled with `set_option linter.unusedVariables false`
⚠ [12564/12821] Replayed HexPolyDetMathlib.Sound
warning: HexPolyDetMathlib/Sound.lean:22:8: Overlapping instance parameters in `check_of_ok`:

⚠️ `[Std.TransCmp cmp]` and `[IsMonomialOrder cmp]` each imply `[Std.OrientedCmp cmp]`.
💡️ Of these, `[Std.TransCmp cmp]` may be removed.
⚠️ `[Std.LawfulEqCmp cmp]` and `[IsMonomialOrder cmp]` each imply `[Std.ReflCmp cmp]`.
💡️ Of these, `[Std.LawfulEqCmp cmp]` may be removed.

Note: This linter can be disabled with `set_option linter.overlappingInstances false`
warning: HexPolyDetMathlib/Sound.lean:31:8: Overlapping instance parameters in `produce_check`:

⚠️ `[Std.TransCmp cmp]` and `[IsMonomialOrder cmp]` each imply `[Std.OrientedCmp cmp]`.
💡️ Of these, `[Std.TransCmp cmp]` may be removed.
⚠️ `[Std.LawfulEqCmp cmp]` and `[IsMonomialOrder cmp]` each imply `[Std.ReflCmp cmp]`.
💡️ Of these, `[Std.LawfulEqCmp cmp]` may be removed.

Note: This linter can be disabled with `set_option linter.overlappingInstances false`
warning: HexPolyDetMathlib/Sound.lean:250:20: This simp argument is unused:
  mul_assoc

Hint: Omit it from the simp argument list.
  [apply] simp [pow_succ]

Note: This linter can be disabled with `set_option linter.unusedSimpArgs false`
warning: HexPolyDetMathlib/Sound.lean:314:5: Variable name `hd` is not explicitly referenced.

Hint: The binding can be removed (if unused) or named `_` (if used implicitly). Alternatively, prefix the name with `_` to silence this warning:
  [apply] _hd

Note: This linter can be disabled with `set_option linter.unusedVariables false`
warning: HexPolyDetMathlib/Sound.lean:391:0: automatically included section variable(s) unused in theorem `HexMatrixMathlib.DetPoly.Decode.valid_row`:
  [CommRing S]
  D
consider restructuring your `variable` declarations so that the variables are not in scope or explicitly omit them:
  omit [CommRing S] D in theorem ...

Note: This linter can be disabled with `set_option linter.unusedSectionVars false`
warning: HexPolyDetMathlib/Sound.lean:400:0: automatically included section variable(s) unused in theorem `HexMatrixMathlib.DetPoly.Decode.valid_replace`:
  [CommRing S]
  D
consider restructuring your `variable` declarations so that the variables are not in scope or explicitly omit them:
  omit [CommRing S] D in theorem ...

Note: This linter can be disabled with `set_option linter.unusedSectionVars false`
warning: HexPolyDetMathlib/Sound.lean:454:20: This simp argument is unused:
  mul_assoc

Hint: Omit it from the simp argument list.
  [apply] simp [pow_succ, mul_left_comm, mul_comm]

Note: This linter can be disabled with `set_option linter.unusedSimpArgs false`
warning: HexPolyDetMathlib/Sound.lean:454:31: This simp argument is unused:
  mul_left_comm

Hint: Omit it from the simp argument list.
  [apply] simp [pow_succ, mul_assoc, mul_comm]

Note: This linter can be disabled with `set_option linter.unusedSimpArgs false`
warning: HexPolyDetMathlib/Sound.lean:621:2: `@[expose]` has no effect; this declaration would be exposed by default
✔ [12629/13092] Built HexRealClosure.Canonical (595ms)
✔ [12632/13092] Built HexNumberFieldTower.Data (555ms)
⚠ [12664/13092] Replayed HexRCF.RealCoefficients.LiteralSign
warning: adapters/HexRCF/RealCoefficients/LiteralSign.lean:272:0: automatically included section variable(s) unused in theorem `Hex.RCF.RealCoefficients.LiteralSign.Table.entry_spec`:
  [DecidableEq D]
consider restructuring your `variable` declarations so that the variables are not in scope or explicitly omit them:
  omit [DecidableEq D] in theorem ...

Note: This linter can be disabled with `set_option linter.unusedSectionVars false`
warning: adapters/HexRCF/RealCoefficients/LiteralSign.lean:489:0: automatically included section variable(s) unused in theorem `Hex.RCF.RealCoefficients.LiteralSign.Table.refine_checked`:
  [DecidableEq D]
consider restructuring your `variable` declarations so that the variables are not in scope or explicitly omit them:
  omit [DecidableEq D] in theorem ...

Note: This linter can be disabled with `set_option linter.unusedSectionVars false`
warning: adapters/HexRCF/RealCoefficients/LiteralSign.lean:505:0: automatically included section variable(s) unused in theorem `Hex.RCF.RealCoefficients.LiteralSign.Table.refine_bindings`:
  [DecidableEq D]
consider restructuring your `variable` declarations so that the variables are not in scope or explicitly omit them:
  omit [DecidableEq D] in theorem ...

Note: This linter can be disabled with `set_option linter.unusedSectionVars false`
⚠ [12671/13092] Replayed HexRCF.RealCoefficients.RadicalBuild
warning: adapters/HexRCF/RealCoefficients/RadicalBuild.lean:181:8: automatically included section variable(s) unused in theorem `_private.HexRCF.RealCoefficients.RadicalBuild.0.Hex.RCF.RealCoefficients.RadicalCert.search_fromIdentities`:
  [NatCast E]
consider restructuring your `variable` declarations so that the variables are not in scope or explicitly omit them:
  omit [NatCast E] in theorem ...

Note: This linter can be disabled with `set_option linter.unusedSectionVars false`
⚠ [12675/13092] Replayed HexSignDetMathlib.SelectedRoot
warning: adapters/HexSignDetMathlib/SelectedRoot.lean:382:32: This simp argument is unused:
  castSignPos

Hint: Omit it from the simp argument list.
  [apply] simp_all [Tarski.inInterval_iff, Endpoint.map, signsAt, RawDescriptor.constraints,
    RawDescriptor.constraintSigns, endpoint_eval f hz h1 hs, castSignNeg]

Note: This linter can be disabled with `set_option linter.unusedSimpArgs false`
warning: adapters/HexSignDetMathlib/SelectedRoot.lean:382:45: This simp argument is unused:
  castSignNeg

Hint: Omit it from the simp argument list.
  [apply] simp_all [Tarski.inInterval_iff, Endpoint.map, signsAt, RawDescriptor.constraints,
    RawDescriptor.constraintSigns, endpoint_eval f hz h1 hs, castSignPos]

Note: This linter can be disabled with `set_option linter.unusedSimpArgs false`
⚠ [12699/13092] Replayed HexRealClosureMathlib.Ambient
warning: adapters/HexRealClosureMathlib/Ambient.lean:51:2: Try this: 
  letI̵

The goal is a proposition, so `let` is preferred over `letI`.
The difference between `let` and `letI` is that `letI` inlines the value.
But this is not relevant for proofs because of proof irrelevance.

Note: This linter can be disabled with `set_option linter.style.haveILetI false`
warning: adapters/HexRealClosureMathlib/Ambient.lean:52:2: Try this: 
  letI̵

The goal is a proposition, so `let` is preferred over `letI`.
The difference between `let` and `letI` is that `letI` inlines the value.
But this is not relevant for proofs because of proof irrelevance.

Note: This linter can be disabled with `set_option linter.style.haveILetI false`
warning: adapters/HexRealClosureMathlib/Ambient.lean:340:2: Try this: 
  letI̵

The goal is a proposition, so `let` is preferred over `letI`.
The difference between `let` and `letI` is that `letI` inlines the value.
But this is not relevant for proofs because of proof irrelevance.

Note: This linter can be disabled with `set_option linter.style.haveILetI false`
warning: adapters/HexRealClosureMathlib/Ambient.lean:350:2: Try this: 
  letI̵

The goal is a proposition, so `let` is preferred over `letI`.
The difference between `let` and `letI` is that `letI` inlines the value.
But this is not relevant for proofs because of proof irrelevance.

Note: This linter can be disabled with `set_option linter.style.haveILetI false`
warning: adapters/HexRealClosureMathlib/Ambient.lean:361:2: Try this: 
  letI̵

The goal is a proposition, so `let` is preferred over `letI`.
The difference between `let` and `letI` is that `letI` inlines the value.
But this is not relevant for proofs because of proof irrelevance.

Note: This linter can be disabled with `set_option linter.style.haveILetI false`
⚠ [12701/13092] Replayed HexRealClosureMathlib.BaseAlgebraicity
warning: adapters/HexRealClosureMathlib/BaseAlgebraicity.lean:30:2: Try this: 
  letI̵

The goal is a proposition, so `let` is preferred over `letI`.
The difference between `let` and `letI` is that `letI` inlines the value.
But this is not relevant for proofs because of proof irrelevance.

Note: This linter can be disabled with `set_option linter.style.haveILetI false`
warning: adapters/HexRealClosureMathlib/BaseAlgebraicity.lean:33:2: Try this: 
  letI̵

The goal is a proposition, so `let` is preferred over `letI`.
The difference between `let` and `letI` is that `letI` inlines the value.
But this is not relevant for proofs because of proof irrelevance.

Note: This linter can be disabled with `set_option linter.style.haveILetI false`
warning: adapters/HexRealClosureMathlib/BaseAlgebraicity.lean:34:2: Try this: 
  letI̵

The goal is a proposition, so `let` is preferred over `letI`.
The difference between `let` and `letI` is that `letI` inlines the value.
But this is not relevant for proofs because of proof irrelevance.

Note: This linter can be disabled with `set_option linter.style.haveILetI false`
warning: adapters/HexRealClosureMathlib/BaseAlgebraicity.lean:39:2: Try this: 
  letI̵

The goal is a proposition, so `let` is preferred over `letI`.
The difference between `let` and `letI` is that `letI` inlines the value.
But this is not relevant for proofs because of proof irrelevance.

Note: This linter can be disabled with `set_option linter.style.haveILetI false`
warning: adapters/HexRealClosureMathlib/BaseAlgebraicity.lean:41:2: Try this: 
  letI̵

The goal is a proposition, so `let` is preferred over `letI`.
The difference between `let` and `letI` is that `letI` inlines the value.
But this is not relevant for proofs because of proof irrelevance.

Note: This linter can be disabled with `set_option linter.style.haveILetI false`
warning: adapters/HexRealClosureMathlib/BaseAlgebraicity.lean:53:2: Try this: 
  letI̵

The goal is a proposition, so `let` is preferred over `letI`.
The difference between `let` and `letI` is that `letI` inlines the value.
But this is not relevant for proofs because of proof irrelevance.

Note: This linter can be disabled with `set_option linter.style.haveILetI false`
warning: adapters/HexRealClosureMathlib/BaseAlgebraicity.lean:54:2: Try this: 
  letI̵

The goal is a proposition, so `let` is preferred over `letI`.
The difference between `let` and `letI` is that `letI` inlines the value.
But this is not relevant for proofs because of proof irrelevance.

Note: This linter can be disabled with `set_option linter.style.haveILetI false`
warning: adapters/HexRealClosureMathlib/BaseAlgebraicity.lean:57:2: Try this: 
  letI̵

The goal is a proposition, so `let` is preferred over `letI`.
The difference between `let` and `letI` is that `letI` inlines the value.
But this is not relevant for proofs because of proof irrelevance.

Note: This linter can be disabled with `set_option linter.style.haveILetI false`
warning: adapters/HexRealClosureMathlib/BaseAlgebraicity.lean:79:2: Try this: 
  letI̵

The goal is a proposition, so `let` is preferred over `letI`.
The difference between `let` and `letI` is that `letI` inlines the value.
But this is not relevant for proofs because of proof irrelevance.

Note: This linter can be disabled with `set_option linter.style.haveILetI false`
warning: adapters/HexRealClosureMathlib/BaseAlgebraicity.lean:80:2: Try this: 
  letI̵

The goal is a proposition, so `let` is preferred over `letI`.
The difference between `let` and `letI` is that `letI` inlines the value.
But this is not relevant for proofs because of proof irrelevance.

Note: This linter can be disabled with `set_option linter.style.haveILetI false`
warning: adapters/HexRealClosureMathlib/BaseAlgebraicity.lean:106:2: Try this: 
  letI̵

The goal is a proposition, so `let` is preferred over `letI`.
The difference between `let` and `letI` is that `letI` inlines the value.
But this is not relevant for proofs because of proof irrelevance.

Note: This linter can be disabled with `set_option linter.style.haveILetI false`
warning: adapters/HexRealClosureMathlib/BaseAlgebraicity.lean:107:2: Try this: 
  letI̵

The goal is a proposition, so `let` is preferred over `letI`.
The difference between `let` and `letI` is that `letI` inlines the value.
But this is not relevant for proofs because of proof irrelevance.

Note: This linter can be disabled with `set_option linter.style.haveILetI false`
warning: adapters/HexRealClosureMathlib/BaseAlgebraicity.lean:108:2: Try this: 
  letI̵

The goal is a proposition, so `let` is preferred over `letI`.
The difference between `let` and `letI` is that `letI` inlines the value.
But this is not relevant for proofs because of proof irrelevance.

Note: This linter can be disabled with `set_option linter.style.haveILetI false`
warning: adapters/HexRealClosureMathlib/BaseAlgebraicity.lean:110:2: Try this: 
  letI̵

The goal is a proposition, so `let` is preferred over `letI`.
The difference between `let` and `letI` is that `letI` inlines the value.
But this is not relevant for proofs because of proof irrelevance.

Note: This linter can be disabled with `set_option linter.style.haveILetI false`
warning: adapters/HexRealClosureMathlib/BaseAlgebraicity.lean:114:2: Try this: 
  letI̵

The goal is a proposition, so `let` is preferred over `letI`.
The difference between `let` and `letI` is that `letI` inlines the value.
But this is not relevant for proofs because of proof irrelevance.

Note: This linter can be disabled with `set_option linter.style.haveILetI false`
warning: adapters/HexRealClosureMathlib/BaseAlgebraicity.lean:116:2: Try this: 
  letI̵

The goal is a proposition, so `let` is preferred over `letI`.
The difference between `let` and `letI` is that `letI` inlines the value.
But this is not relevant for proofs because of proof irrelevance.

Note: This linter can be disabled with `set_option linter.style.haveILetI false`
warning: adapters/HexRealClosureMathlib/BaseAlgebraicity.lean:135:2: Try this: 
  letI̵

The goal is a proposition, so `let` is preferred over `letI`.
The difference between `let` and `letI` is that `letI` inlines the value.
But this is not relevant for proofs because of proof irrelevance.

Note: This linter can be disabled with `set_option linter.style.haveILetI false`
warning: adapters/HexRealClosureMathlib/BaseAlgebraicity.lean:136:2: Try this: 
  letI̵

The goal is a proposition, so `let` is preferred over `letI`.
The difference between `let` and `letI` is that `letI` inlines the value.
But this is not relevant for proofs because of proof irrelevance.

Note: This linter can be disabled with `set_option linter.style.haveILetI false`
warning: adapters/HexRealClosureMathlib/BaseAlgebraicity.lean:152:2: Try this: 
  letI̵

The goal is a proposition, so `let` is preferred over `letI`.
The difference between `let` and `letI` is that `letI` inlines the value.
But this is not relevant for proofs because of proof irrelevance.

Note: This linter can be disabled with `set_option linter.style.haveILetI false`
warning: adapters/HexRealClosureMathlib/BaseAlgebraicity.lean:153:2: Try this: 
  letI̵

The goal is a proposition, so `let` is preferred over `letI`.
The difference between `let` and `letI` is that `letI` inlines the value.
But this is not relevant for proofs because of proof irrelevance.

Note: This linter can be disabled with `set_option linter.style.haveILetI false`
⚠ [12702/13092] Replayed HexRealClosureMathlib.BaseBound
warning: adapters/HexRealClosureMathlib/BaseBound.lean:90:2: Try this: 
  letI̵

The goal is a proposition, so `let` is preferred over `letI`.
The difference between `let` and `letI` is that `letI` inlines the value.
But this is not relevant for proofs because of proof irrelevance.

Note: This linter can be disabled with `set_option linter.style.haveILetI false`
warning: adapters/HexRealClosureMathlib/BaseBound.lean:120:2: Try this: 
  letI̵

The goal is a proposition, so `let` is preferred over `letI`.
The difference between `let` and `letI` is that `letI` inlines the value.
But this is not relevant for proofs because of proof irrelevance.

Note: This linter can be disabled with `set_option linter.style.haveILetI false`
warning: adapters/HexRealClosureMathlib/BaseBound.lean:140:2: Try this: 
  letI̵

The goal is a proposition, so `let` is preferred over `letI`.
The difference between `let` and `letI` is that `letI` inlines the value.
But this is not relevant for proofs because of proof irrelevance.

Note: This linter can be disabled with `set_option linter.style.haveILetI false`
warning: adapters/HexRealClosureMathlib/BaseBound.lean:141:2: Try this: 
  letI̵

The goal is a proposition, so `let` is preferred over `letI`.
The difference between `let` and `letI` is that `letI` inlines the value.
But this is not relevant for proofs because of proof irrelevance.

Note: This linter can be disabled with `set_option linter.style.haveILetI false`
⚠ [12733/13092] Replayed HexRealClosureMathlib.TransportMoment
warning: adapters/HexRealClosureMathlib/TransportMoment.lean:92:0: automatically included section variable(s) unused in theorem `Hex.RealClosure.Transport.FoldData.polynomial`:
  [One E]
  [Sub E]
  [NatCast E]
consider restructuring your `variable` declarations so that the variables are not in scope or explicitly omit them:
  omit [One E] [Sub E] [NatCast E] in theorem ...

Note: This linter can be disabled with `set_option linter.unusedSectionVars false`
warning: adapters/HexRealClosureMathlib/TransportMoment.lean:111:0: automatically included section variable(s) unused in theorem `Hex.RealClosure.Transport.FoldData.of_closed`:
  [DecidableEq K]
consider restructuring your `variable` declarations so that the variables are not in scope or explicitly omit them:
  omit [DecidableEq K] in theorem ...

Note: This linter can be disabled with `set_option linter.unusedSectionVars false`
⚠ [12734/13092] Replayed HexRealClosureMathlib.TransportReplay
warning: adapters/HexRealClosureMathlib/TransportReplay.lean:83:36: Variable name `i` is not explicitly referenced.

Hint: The binding can be removed (if unused) or named `_` (if used implicitly). Alternatively, prefix the name with `_` to silence this warning:
  [apply] _i

Note: This linter can be disabled with `set_option linter.unusedVariables false`
⚠ [12736/13092] Replayed HexRealClosureMathlib.TransportDescriptor
warning: adapters/HexRealClosureMathlib/TransportDescriptor.lean:27:0: automatically included section variable(s) unused in theorem `Hex.RealClosure.Transport.Finite.DerivativeData.of_closed`:
  [DecidableEq K]
consider restructuring your `variable` declarations so that the variables are not in scope or explicitly omit them:
  omit [DecidableEq K] in theorem ...

Note: This linter can be disabled with `set_option linter.unusedSectionVars false`
warning: adapters/HexRealClosureMathlib/TransportDescriptor.lean:37:0: automatically included section variable(s) unused in theorem `Hex.RealClosure.Transport.Finite.derivativesFrom_polynomial`:
  [One E]
  [Add E]
  [Sub E]
consider restructuring your `variable` declarations so that the variables are not in scope or explicitly omit them:
  omit [One E] [Add E] [Sub E] in theorem ...

Note: This linter can be disabled with `set_option linter.unusedSectionVars false`
warning: adapters/HexRealClosureMathlib/TransportDescriptor.lean:186:0: automatically included section variable(s) unused in theorem `Hex.RealClosure.Transport.Finite.DescriptorData.of_closed`:
  [DecidableEq C]
consider restructuring your `variable` declarations so that the variables are not in scope or explicitly omit them:
  omit [DecidableEq C] in theorem ...

Note: This linter can be disabled with `set_option linter.unusedSectionVars false`
⚠ [12737/13092] Replayed HexRealClosureMathlib.TransportInventory
warning: adapters/HexRealClosureMathlib/TransportInventory.lean:98:0: automatically included section variable(s) unused in theorem `Hex.RealClosure.Transport.Inventory.chain_data`:
  [DecidableEq K]
consider restructuring your `variable` declarations so that the variables are not in scope or explicitly omit them:
  omit [DecidableEq K] in theorem ...

Note: This linter can be disabled with `set_option linter.unusedSectionVars false`
⚠ [12742/13092] Replayed HexRealClosureMathlib.CoefficientMap
warning: adapters/HexRealClosureMathlib/CoefficientMap.lean:41:0: automatically included section variable(s) unused in theorem `Hex.RealClosure.CoefficientMap.comap_domain`:
  [DecidableEq F]
  [DecidableEq G]
consider restructuring your `variable` declarations so that the variables are not in scope or explicitly omit them:
  omit [DecidableEq F] [DecidableEq G] in theorem ...

Note: This linter can be disabled with `set_option linter.unusedSectionVars false`
warning: adapters/HexRealClosureMathlib/CoefficientMap.lean:51:0: automatically included section variable(s) unused in theorem `Hex.RealClosure.CoefficientMap.map_mem`:
  [DecidableEq F]
  [DecidableEq G]
consider restructuring your `variable` declarations so that the variables are not in scope or explicitly omit them:
  omit [DecidableEq F] [DecidableEq G] in theorem ...

Note: This linter can be disabled with `set_option linter.unusedSectionVars false`
warning: adapters/HexRealClosureMathlib/CoefficientMap.lean:56:0: automatically included section variable(s) unused in theorem `Hex.RealClosure.CoefficientMap.comap_map`:
  [DecidableEq F]
  [DecidableEq G]
consider restructuring your `variable` declarations so that the variables are not in scope or explicitly omit them:
  omit [DecidableEq F] [DecidableEq G] in theorem ...

Note: This linter can be disabled with `set_option linter.unusedSectionVars false`
warning: adapters/HexRealClosureMathlib/CoefficientMap.lean:130:0: automatically included section variable(s) unused in theorem `Hex.RealClosure.CoefficientMap.polynomial_lift`:
  [DecidableEq G]
consider restructuring your `variable` declarations so that the variables are not in scope or explicitly omit them:
  omit [DecidableEq G] in theorem ...

Note: This linter can be disabled with `set_option linter.unusedSectionVars false`
⚠ [12743/13092] Replayed HexRealClosureMathlib.MonicEvaluation
warning: adapters/HexRealClosureMathlib/MonicEvaluation.lean:117:0: automatically included section variable(s) unused in theorem `Hex.RealClosure.CoefficientMap.algebraic_mem`:
  [DecidableEq F]
  [DecidableEq K]
  [DecidableEq G]
consider restructuring your `variable` declarations so that the variables are not in scope or explicitly omit them:
  omit [DecidableEq F] [DecidableEq K] [DecidableEq G] in theorem ...

Note: This linter can be disabled with `set_option linter.unusedSectionVars false`
warning: adapters/HexRealClosureMathlib/MonicEvaluation.lean:150:0: automatically included section variable(s) unused in theorem `Hex.RealClosure.CoefficientMap.algebraic_polynomial`:
  [DecidableEq F]
consider restructuring your `variable` declarations so that the variables are not in scope or explicitly omit them:
  omit [DecidableEq F] in theorem ...

Note: This linter can be disabled with `set_option linter.unusedSectionVars false`
⚠ [12749/13092] Replayed HexRealClosureMathlib.CoefficientMoment
warning: adapters/HexRealClosureMathlib/CoefficientMoment.lean:24:8: automatically included section variable(s) unused in theorem `_private.HexRealClosureMathlib.CoefficientMoment.0.Hex.RealClosure.CoefficientMap.regular_coefficients`:
  [DecidableEq G]
consider restructuring your `variable` declarations so that the variables are not in scope or explicitly omit them:
  omit [DecidableEq G] in theorem ...

Note: This linter can be disabled with `set_option linter.unusedSectionVars false`
⚠ [12753/13092] Replayed HexRealClosureMathlib.CoefficientEmbedding
warning: adapters/HexRealClosureMathlib/CoefficientEmbedding.lean:22:0: automatically included section variable(s) unused in theorem `Hex.RealClosure.CoefficientMap.ofHom_domain`:
  [DecidableEq F]
  [DecidableEq G]
consider restructuring your `variable` declarations so that the variables are not in scope or explicitly omit them:
  omit [DecidableEq F] [DecidableEq G] in theorem ...

Note: This linter can be disabled with `set_option linter.unusedSectionVars false`
warning: adapters/HexRealClosureMathlib/CoefficientEmbedding.lean:218:0: automatically included section variable(s) unused in theorem `Hex.RealClosure.Specialize.Native.nestedFractions_heq`:
  [LinearOrder F]
  [IsStrictOrderedRing F]
consider restructuring your `variable` declarations so that the variables are not in scope or explicitly omit them:
  omit [LinearOrder F] [IsStrictOrderedRing F] in theorem ...

Note: This linter can be disabled with `set_option linter.unusedSectionVars false`
⚠ [12754/13092] Replayed HexRealClosureMathlib.CoefficientEmbeddingTests
warning: adapters/HexRealClosureMathlib/CoefficientEmbeddingTests.lean:208:2: Try this: 
  letI̵

The goal is a proposition, so `let` is preferred over `letI`.
The difference between `let` and `letI` is that `letI` inlines the value.
But this is not relevant for proofs because of proof irrelevance.

Note: This linter can be disabled with `set_option linter.style.haveILetI false`
⚠ [12755/13092] Replayed HexRealClosureMathlib.EnlargementTests
warning: adapters/HexRealClosureMathlib/EnlargementTests.lean:28:2: Try this: 
  letI̵

The goal is a proposition, so `let` is preferred over `letI`.
The difference between `let` and `letI` is that `letI` inlines the value.
But this is not relevant for proofs because of proof irrelevance.

Note: This linter can be disabled with `set_option linter.style.haveILetI false`
warning: adapters/HexRealClosureMathlib/EnlargementTests.lean:29:2: Try this: 
  letI̵

The goal is a proposition, so `let` is preferred over `letI`.
The difference between `let` and `letI` is that `letI` inlines the value.
But this is not relevant for proofs because of proof irrelevance.

Note: This linter can be disabled with `set_option linter.style.haveILetI false`
warning: adapters/HexRealClosureMathlib/EnlargementTests.lean:48:2: Try this: 
  letI̵

The goal is a proposition, so `let` is preferred over `letI`.
The difference between `let` and `letI` is that `letI` inlines the value.
But this is not relevant for proofs because of proof irrelevance.

Note: This linter can be disabled with `set_option linter.style.haveILetI false`
warning: adapters/HexRealClosureMathlib/EnlargementTests.lean:64:2: Try this: 
  letI̵

The goal is a proposition, so `let` is preferred over `letI`.
The difference between `let` and `letI` is that `letI` inlines the value.
But this is not relevant for proofs because of proof irrelevance.

Note: This linter can be disabled with `set_option linter.style.haveILetI false`
⚠ [12763/13679] Replayed HexIntervalMathlib.Interval
warning: HexIntervalMathlib/Interval.lean:10:0: 'Mathlib.Data.Real.Basic' has been deprecated: please replace this import by

import Mathlib.Basic.Real.Basic
ℹ [12877/13679] Replayed HexSmith.QuickstartTests
info: HexSmith/QuickstartTests.lean:15:0: #v[#v[2, 0], #v[0, 6]]
info: HexSmith/QuickstartTests.lean:16:0: [2, 6]
info: HexSmith/QuickstartTests.lean:17:0: { freeRank := 0, torsionFactors := #[2, 6] }
info: HexSmith/QuickstartTests.lean:18:0: #m[1, 0;
   0, 1]
ℹ [12885/13679] Replayed HexSmithMathlib.QuickstartTests
info: HexSmithMathlib/QuickstartTests.lean:13:0: @smithNormalForm : {n m : ℕ} → (A : Hex.Matrix ℤ n m) → Module.Basis.SmithNormalForm (rowSpan A) (Fin m) A.snfRank
info: HexSmithMathlib/QuickstartTests.lean:14:0: @smithNormalForm_chain : ∀ {n m : ℕ} (A : Hex.Matrix ℤ n m) (i : ℕ) (h : i + 1 < A.snfRank),
  (smithNormalForm A).a ⟨i, ⋯⟩ ∣ (smithNormalForm A).a ⟨i + 1, h⟩
info: HexSmithMathlib/QuickstartTests.lean:15:0: @quotientEquiv : {n m : ℕ} →
  (A : Hex.Matrix ℤ n m) →
    ((Fin m → ℤ) ⧸ rowSpan A) ≃ₗ[ℤ]
      (Fin (m - A.snfRank) → ℤ) × DirectSum (Fin A.snfRank) fun i => ℤ ⧸ Ideal.span {A.invariantFactors[i]}
ℹ [12887/13679] Replayed HexCharPoly.CharPolyElabTests
info: HexCharPoly/CharPolyElabTests.lean:24:0: Matrix.CharPolyResult.ofCheck
  (let d := #v[#v[1, 2], #v[3, 4]];
  Matrix.ofFn fun i j => d[i][j])
  [[1, 2], [3, 4]]
  { bound := 24, width := 12,
    steps :=
      [{ column := [1, -1, -6], vectors := [], coefficients := [1, -5, -2], product := [1, -5, -2, 24] },
        { column := [1, -4], vectors := [], coefficients := [1, -4], product := [1, -4] }] }
  [1, -5, -2] (DensePoly.ofCoeffs #[-2, -5, 1]) ⋯ _check._proof_1 _check._proof_3 : (let d := #v[#v[1, 2], #v[3, 4]];
  Matrix.ofFn fun i j => d[i][j]).CharPolyResult
info: HexCharPoly/CharPolyElabTests.lean:40:15: char_poly declined: unsupported coefficient type
  Nat
Only Int matrices are currently supported
ℹ [12888/13679] Replayed HexCharPolyMathlib.CharPolyElabTests
info: HexCharPolyMathlib/CharPolyElabTests.lean:24:0: CharPolyResult.ofCheck !![1, 2; 3, 4] [[1, 2], [3, 4]]
  { bound := 24, width := 12,
    steps :=
      [{ column := [1, -1, -6], vectors := [], coefficients := [1, -5, -2], product := [1, -5, -2, 24] },
        { column := [1, -4], vectors := [], coefficients := [1, -4], product := [1, -4] }] }
  [1, -5, -2] (Hex.DensePoly.ofCoeffs #[-2, -5, 1]) _check._proof_2 _check._proof_1
  _check._proof_3 : CharPolyResult !![1, 2; 3, 4]
info: HexCharPolyMathlib/CharPolyElabTests.lean:25:0: Hex.Matrix.CharPolyResult.ofCheck
  (let d := #v[#v[1, 2], #v[3, 4]];
  Hex.Matrix.ofFn fun i j => d[i][j])
  [[1, 2], [3, 4]]
  { bound := 24, width := 12,
    steps :=
      [{ column := [1, -1, -6], vectors := [], coefficients := [1, -5, -2], product := [1, -5, -2, 24] },
        { column := [1, -4], vectors := [], coefficients := [1, -4], product := [1, -4] }] }
  [1, -5, -2] (Hex.DensePoly.ofCoeffs #[-2, -5, 1]) ⋯ _check._proof_3
  _check._proof_5 : (let d := #v[#v[1, 2], #v[3, 4]];
  Hex.Matrix.ofFn fun i j => d[i][j]).CharPolyResult
info: HexCharPolyMathlib/CharPolyElabTests.lean:48:15: unexpected syntax
  char_poly(fun _ _ => (0 : Int) : Matrix Bool Bool Int)
info: HexCharPolyMathlib/CharPolyElabTests.lean:49:15: char_poly declined: unsupported Mathlib matrix coefficient type
  ℕ
Only Int matrices are currently supported
⚠ [13493/13929] Replayed HexManual.Chapters.HexPrimality
warning: HexManual/Chapters/HexPrimality.lean:153:0: Line 153 is too long (106 columns exceeds 60).

Note: Example code is shown on mobile devices and other narrow contexts. Long lines are likely to be truncated in the rendered output.

Hint: The limit of this linter can be changed with the option `verso.code.warnLineLength`. This linter can be disabled by setting this option to 0.
warning: HexManual/Chapters/HexPrimality.lean:155:0: Line 155 is too long (107 columns exceeds 60).

Note: Example code is shown on mobile devices and other narrow contexts. Long lines are likely to be truncated in the rendered output.

Hint: The limit of this linter can be changed with the option `verso.code.warnLineLength`. This linter can be disabled by setting this option to 0.
warning: HexManual/Chapters/HexPrimality.lean:156:0: Line 156 is too long (89 columns exceeds 60).

Note: Example code is shown on mobile devices and other narrow contexts. Long lines are likely to be truncated in the rendered output.

Hint: The limit of this linter can be changed with the option `verso.code.warnLineLength`. This linter can be disabled by setting this option to 0.
warning: HexManual/Chapters/HexPrimality.lean:157:0: Line 157 is too long (86 columns exceeds 60).

Note: Example code is shown on mobile devices and other narrow contexts. Long lines are likely to be truncated in the rendered output.

Hint: The limit of this linter can be changed with the option `verso.code.warnLineLength`. This linter can be disabled by setting this option to 0.
warning: HexManual/Chapters/HexPrimality.lean:160:0: Line 160 is too long (79 columns exceeds 60).

Note: Example code is shown on mobile devices and other narrow contexts. Long lines are likely to be truncated in the rendered output.

Hint: The limit of this linter can be changed with the option `verso.code.warnLineLength`. This linter can be disabled by setting this option to 0.
warning: HexManual/Chapters/HexPrimality.lean:161:0: Line 161 is too long (92 columns exceeds 60).

Note: Example code is shown on mobile devices and other narrow contexts. Long lines are likely to be truncated in the rendered output.

Hint: The limit of this linter can be changed with the option `verso.code.warnLineLength`. This linter can be disabled by setting this option to 0.
warning: HexManual/Chapters/HexPrimality.lean:162:0: Line 162 is too long (64 columns exceeds 60).

Note: Example code is shown on mobile devices and other narrow contexts. Long lines are likely to be truncated in the rendered output.

Hint: The limit of this linter can be changed with the option `verso.code.warnLineLength`. This linter can be disabled by setting this option to 0.
⚠ [13541/13929] Replayed HexMvGcd.Gauss
warning: HexMvGcd/Gauss.lean:1767:0: automatically included section variable(s) unused in theorem `Hex.MvPoly.densePrimPart_descent`:
  [BEq R]
  [LawfulBEq R]
consider restructuring your `variable` declarations so that the variables are not in scope or explicitly omit them:
  omit [BEq R] [LawfulBEq R] in theorem ...

Note: This linter can be disabled with `set_option linter.unusedSectionVars false`
warning: HexMvGcd/Gauss.lean:1788:0: automatically included section variable(s) unused in theorem `Hex.MvPoly.denseGcd_of_fraction`:
  [BEq R]
  [LawfulBEq R]
consider restructuring your `variable` declarations so that the variables are not in scope or explicitly omit them:
  omit [BEq R] [LawfulBEq R] in theorem ...

Note: This linter can be disabled with `set_option linter.unusedSectionVars false`
⚠ [13545/13929] Replayed HexMvGcd.Prs
warning: HexMvGcd/Prs.lean:407:30: This simp argument is unused:
  DensePoly.Fraction.map_add

Hint: Omit it from the simp argument list.
  [apply] simp only [q, DensePoly.Fraction.map_mul, DensePoly.Fraction.map_zero, DensePoly.add_zero_poly]

Note: This linter can be disabled with `set_option linter.unusedSimpArgs false`
warning: HexMvGcd/Prs.lean:408:46: This simp argument is unused:
  DensePoly.Fraction.map_zero

Hint: Omit it from the simp argument list.
  [apply] simp only [q, DensePoly.Fraction.map_add, DensePoly.Fraction.map_mul, DensePoly.add_zero_poly]

Note: This linter can be disabled with `set_option linter.unusedSimpArgs false`
warning: HexMvGcd/Prs.lean:416:51: This simp argument is unused:
  delta

Hint: Omit it from the simp argument list.
  [apply] simp only [DensePoly.subresultantAuxExt, hCurr, qr, q, p, hpzero, ↓reduceIte]

Note: This linter can be disabled with `set_option linter.unusedSimpArgs false`
warning: HexMvGcd/Prs.lean:416:58: This simp argument is unused:
  hCurr

Hint: Omit it from the simp argument list.
  [apply] simp only [DensePoly.subresultantAuxExt, delta, qr, q, p, hpzero, ↓reduceIte]

Note: This linter can be disabled with `set_option linter.unusedSimpArgs false`
warning: HexMvGcd/Prs.lean:416:69: This simp argument is unused:
  q

Hint: Omit it from the simp argument list.
  [apply] simp only [DensePoly.subresultantAuxExt, delta, hCurr, qr, p, hpzero, ↓reduceIte]

Note: This linter can be disabled with `set_option linter.unusedSimpArgs false`
warning: HexMvGcd/Prs.lean:541:53: This simp argument is unused:
  delta

Hint: Omit it from the simp argument list.
  [apply] simp only [DensePoly.subresultantOrderedExt, h₂, qr, q, p, seed, hpzero, ↓reduceIte]

Note: This linter can be disabled with `set_option linter.unusedSimpArgs false`
warning: HexMvGcd/Prs.lean:541:60: This simp argument is unused:
  h₂

Hint: Omit it from the simp argument list.
  [apply] simp only [DensePoly.subresultantOrderedExt, delta, qr, q, p, seed, hpzero, ↓reduceIte]

Note: This linter can be disabled with `set_option linter.unusedSimpArgs false`
warning: HexMvGcd/Prs.lean:541:68: This simp argument is unused:
  q

Hint: Omit it from the simp argument list.
  [apply] simp only [DensePoly.subresultantOrderedExt, delta, h₂, qr, p, seed, hpzero, ↓reduceIte]

Note: This linter can be disabled with `set_option linter.unusedSimpArgs false`
warning: HexMvGcd/Prs.lean:1045:41: `if_pos` has been deprecated: Use `ite_eq_left` instead

Hint: Replace the deprecated name:
  i̵f̵_̵p̵o̵s̵i̲t̲e̲_̲e̲q̲_̲l̲e̲f̲t̲
warning: HexMvGcd/Prs.lean:1089:24: `if_pos` has been deprecated: Use `ite_eq_left` instead

Hint: Replace the deprecated name:
  i̵f̵_̵p̵o̵s̵i̲t̲e̲_̲e̲q̲_̲l̲e̲f̲t̲
warning: HexMvGcd/Prs.lean:1095:24: `if_pos` has been deprecated: Use `ite_eq_left` instead

Hint: Replace the deprecated name:
  i̵f̵_̵p̵o̵s̵i̲t̲e̲_̲e̲q̲_̲l̲e̲f̲t̲
warning: HexMvGcd/Prs.lean:991:16: This simp argument is unused:
  checkOps

Hint: Omit it from the simp argument list.
  [apply] simp only [baseGcd, beq_self_eq_true, Bool.true_and, ↓reduceIte, checkGcd, checkGcdUsing, baseCheckCoprime,
    Cert.baseCheck, Bool.and_eq_true, beq_iff_eq]

Note: This linter can be disabled with `set_option linter.unusedSimpArgs false`
warning: HexMvGcd/Prs.lean:1132:25: This simp argument is unused:
  checkOps

Hint: Omit it from the simp argument list.
  [apply] simp only [checkGcd, checkGcdUsing, baseCheckCoprime, Cert.baseCheck, Bool.and_eq_true, beq_iff_eq]

Note: This linter can be disabled with `set_option linter.unusedSimpArgs false`
warning: HexMvGcd/Prs.lean:1176:27: This simp argument is unused:
  checkOps

Hint: Omit it from the simp argument list.
  [apply] simp only [checkCoprime, baseCheckCoprime, Cert.baseCheck, baseCoprime, beq_iff_eq]

Note: This linter can be disabled with `set_option linter.unusedSimpArgs false`
⚠ [13551/13929] Replayed HexMvGcd.Squarefree.Basic
warning: HexMvGcd/Squarefree/Basic.lean:769:37: This simp argument is unused:
  Lean.Grind.Ring.intCast_one

Hint: Omit it from the simp argument list.
  [apply] simp only [Lean.Grind.Ring.intCast_add, Lean.Grind.Ring.intCast_mul, Lean.Grind.Ring.intCast_natCast, hchar,
    hvalue, Lean.Grind.Semiring.mul_zero, Lean.Grind.AddCommMonoid.add_zero] at hcast

Note: This linter can be disabled with `set_option linter.unusedSimpArgs false`
warning: HexMvGcd/Squarefree/Basic.lean:983:45: Variable name `hprime` is not explicitly referenced.

Hint: The binding can be removed (if unused) or named `_` (if used implicitly). Alternatively, prefix the name with `_` to silence this warning:
  [apply] _hprime

Note: This linter can be disabled with `set_option linter.unusedVariables false`
warning: HexMvGcd/Squarefree/Basic.lean:1074:8: automatically included section variable(s) unused in theorem `_private.HexMvGcd.Squarefree.Basic.0.Hex.MvPoly.fractionMap_monomial`:
  [Dvd R]
  [BezoutOps R]
  [LawfulGcdOps R]
  [LawfulBezoutOps R]
  [GcdProducer R]
consider restructuring your `variable` declarations so that the variables are not in scope or explicitly omit them:
  omit [Dvd R] [BezoutOps R] [LawfulGcdOps R] [LawfulBezoutOps R] [GcdProducer R] in theorem ...

Note: This linter can be disabled with `set_option linter.unusedSectionVars false`
warning: HexMvGcd/Squarefree/Basic.lean:1108:8: automatically included section variable(s) unused in theorem `_private.HexMvGcd.Squarefree.Basic.0.Hex.MvPoly.exponent_dvd_of_derivatives_zero`:
  [LawfulBezoutOps R]
  [GcdProducer R]
consider restructuring your `variable` declarations so that the variables are not in scope or explicitly omit them:
  omit [LawfulBezoutOps R] [GcdProducer R] in theorem ...

Note: This linter can be disabled with `set_option linter.unusedSectionVars false`
warning: HexMvGcd/Squarefree/Basic.lean:1377:8: automatically included section variable(s) unused in theorem `_private.HexMvGcd.Squarefree.Basic.0.Hex.MvPoly.primitive_mul_self`:
  [LawfulBezoutOps R]
  [GcdProducer R]
consider restructuring your `variable` declarations so that the variables are not in scope or explicitly omit them:
  omit [LawfulBezoutOps R] [GcdProducer R] in theorem ...

Note: This linter can be disabled with `set_option linter.unusedSectionVars false`
warning: HexMvGcd/Squarefree/Basic.lean:1385:0: automatically included section variable(s) unused in theorem `Hex.MvPoly.primitive_mul`:
  [LawfulBezoutOps R]
  [GcdProducer R]
consider restructuring your `variable` declarations so that the variables are not in scope or explicitly omit them:
  omit [LawfulBezoutOps R] [GcdProducer R] in theorem ...

Note: This linter can be disabled with `set_option linter.unusedSectionVars false`
warning: HexMvGcd/Squarefree/Basic.lean:1393:8: automatically included section variable(s) unused in theorem `_private.HexMvGcd.Squarefree.Basic.0.Hex.MvPoly.isConst_of_fractionMap_unit`:
  [Dvd R]
  [BezoutOps R]
  [LawfulGcdOps R]
  [LawfulBezoutOps R]
  [GcdProducer R]
consider restructuring your `variable` declarations so that the variables are not in scope or explicitly omit them:
  omit [Dvd R] [BezoutOps R] [LawfulGcdOps R] [LawfulBezoutOps R] [GcdProducer R] in theorem ...

Note: This linter can be disabled with `set_option linter.unusedSectionVars false`
⚠ [13552/13929] Replayed HexMvGcd.Squarefree.Core
warning: HexMvGcd/Squarefree/Core.lean:220:8: automatically included section variable(s) unused in theorem `_private.HexMvGcd.Squarefree.Core.0.Hex.MvPoly.eq_constIn_of_dvd`:
  [LawfulBezoutOps R]
  [GcdProducer R]
consider restructuring your `variable` declarations so that the variables are not in scope or explicitly omit them:
  omit [LawfulBezoutOps R] [GcdProducer R] in theorem ...

Note: This linter can be disabled with `set_option linter.unusedSectionVars false`
warning: HexMvGcd/Squarefree/Core.lean:285:8: automatically included section variable(s) unused in theorem `_private.HexMvGcd.Squarefree.Core.0.Hex.MvPoly.coeff_dvd_of_constIn_dvd`:
  [Dvd R]
  [BezoutOps R]
  [LawfulGcdOps R]
  [LawfulBezoutOps R]
  [GcdProducer R]
consider restructuring your `variable` declarations so that the variables are not in scope or explicitly omit them:
  omit [Dvd R] [BezoutOps R] [LawfulGcdOps R] [LawfulBezoutOps R] [GcdProducer R] in theorem ...

Note: This linter can be disabled with `set_option linter.unusedSectionVars false`
warning: HexMvGcd/Squarefree/Core.lean:307:8: automatically included section variable(s) unused in theorem `_private.HexMvGcd.Squarefree.Core.0.Hex.MvPoly.common_coefficient`:
  [LawfulBezoutOps R]
  [GcdProducer R]
consider restructuring your `variable` declarations so that the variables are not in scope or explicitly omit them:
  omit [LawfulBezoutOps R] [GcdProducer R] in theorem ...

Note: This linter can be disabled with `set_option linter.unusedSectionVars false`
warning: HexMvGcd/Squarefree/Core.lean:357:0: automatically included section variable(s) unused in theorem `Hex.MvPoly.isConst_of_constIn`:
  [Dvd R]
consider restructuring your `variable` declarations so that the variables are not in scope or explicitly omit them:
  omit [Dvd R] in theorem ...

Note: This linter can be disabled with `set_option linter.unusedSectionVars false`
warning: HexMvGcd/Squarefree/Core.lean:376:8: automatically included section variable(s) unused in theorem `_private.HexMvGcd.Squarefree.Core.0.Hex.MvPoly.isConst_constIn`:
  [Dvd R]
consider restructuring your `variable` declarations so that the variables are not in scope or explicitly omit them:
  omit [Dvd R] in theorem ...

Note: This linter can be disabled with `set_option linter.unusedSectionVars false`
warning: HexMvGcd/Squarefree/Core.lean:649:8: automatically included section variable(s) unused in theorem `_private.HexMvGcd.Squarefree.Core.0.Hex.MvPoly.nonconstant_mul_left`:
  [LawfulBezoutOps R]
  [GcdProducer R]
consider restructuring your `variable` declarations so that the variables are not in scope or explicitly omit them:
  omit [LawfulBezoutOps R] [GcdProducer R] in theorem ...

Note: This linter can be disabled with `set_option linter.unusedSectionVars false`
warning: HexMvGcd/Squarefree/Core.lean:708:8: automatically included section variable(s) unused in theorem `_private.HexMvGcd.Squarefree.Core.0.Hex.MvPoly.coprimePoly_symm`:
  [DecidableEq R]
  [Dvd R]
  [LawfulGcdOps R]
  [LawfulBezoutOps R]
  [GcdProducer R]
consider restructuring your `variable` declarations so that the variables are not in scope or explicitly omit them:
  omit [DecidableEq R] [Dvd R] [LawfulGcdOps R] [LawfulBezoutOps R] [GcdProducer R] in theorem ...

Note: This linter can be disabled with `set_option linter.unusedSectionVars false`
warning: HexMvGcd/Squarefree/Core.lean:727:0: automatically included section variable(s) unused in theorem `Hex.MvPoly.properties_nil`:
  [LawfulGcdOps R]
  [LawfulBezoutOps R]
  [GcdProducer R]
consider restructuring your `variable` declarations so that the variables are not in scope or explicitly omit them:
  omit [LawfulGcdOps R] [LawfulBezoutOps R] [GcdProducer R] in theorem ...

Note: This linter can be disabled with `set_option linter.unusedSectionVars false`
⚠ [13553/13929] Replayed HexMvGcd.Squarefree
warning: HexMvGcd/Squarefree.lean:334:8: automatically included section variable(s) unused in theorem `_private.HexMvGcd.Squarefree.0.Hex.MvPoly.totalDegree_monomial_le`:
  [DecidableEq R]
  [BEq R]
  [LawfulBEq R]
consider restructuring your `variable` declarations so that the variables are not in scope or explicitly omit them:
  omit [DecidableEq R] [BEq R] [LawfulBEq R] in theorem ...

Note: This linter can be disabled with `set_option linter.unusedSectionVars false`
warning: HexMvGcd/Squarefree.lean:370:8: automatically included section variable(s) unused in theorem `_private.HexMvGcd.Squarefree.0.Hex.MvPoly.view_size_le_totalDegree_succ`:
  [Dvd R]
  [BezoutOps R]
  [LawfulGcdOps R]
consider restructuring your `variable` declarations so that the variables are not in scope or explicitly omit them:
  omit [Dvd R] [BezoutOps R] [LawfulGcdOps R] in theorem ...

Note: This linter can be disabled with `set_option linter.unusedSectionVars false`
warning: HexMvGcd/Squarefree.lean:570:12: `if_pos` has been deprecated: Use `ite_eq_left` instead

Hint: Replace the deprecated name:
  i̵f̵_̵p̵o̵s̵i̲t̲e̲_̲e̲q̲_̲l̲e̲f̲t̲
warning: HexMvGcd/Squarefree.lean:572:12: `if_neg` has been deprecated: Use `ite_eq_right` instead

Hint: Replace the deprecated name:
  i̵f̵_̵n̵e̵g̵i̲t̲e̲_̲e̲q̲_̲r̲i̲g̲h̲t̲
warning: HexMvGcd/Squarefree.lean:599:14: `if_pos` has been deprecated: Use `ite_eq_left` instead

Hint: Replace the deprecated name:
  i̵f̵_̵p̵o̵s̵i̲t̲e̲_̲e̲q̲_̲l̲e̲f̲t̲
warning: HexMvGcd/Squarefree.lean:607:14: `if_neg` has been deprecated: Use `ite_eq_right` instead

Hint: Replace the deprecated name:
  i̵f̵_̵n̵e̵g̵i̲t̲e̲_̲e̲q̲_̲r̲i̲g̲h̲t̲
warning: HexMvGcd/Squarefree.lean:644:40: This simp argument is unused:
  List.reverse_nil

Hint: Omit it from the simp argument list.
  [apply] simp only [List.reverse_cons, List.nil_append, List.append_assoc]

Note: This linter can be disabled with `set_option linter.unusedSimpArgs false`
warning: HexMvGcd/Squarefree.lean:644:58: This simp argument is unused:
  List.nil_append

Hint: Omit it from the simp argument list.
  [apply] simp only [List.reverse_cons, List.reverse_nil, List.append_assoc]

Note: This linter can be disabled with `set_option linter.unusedSimpArgs false`
warning: HexMvGcd/Squarefree.lean:775:21: `if_pos` has been deprecated: Use `ite_eq_left` instead

Hint: Replace the deprecated name:
  i̵f̵_̵p̵o̵s̵i̲t̲e̲_̲e̲q̲_̲l̲e̲f̲t̲
warning: HexMvGcd/Squarefree.lean:798:23: `if_neg` has been deprecated: Use `ite_eq_right` instead

Hint: Replace the deprecated name:
  i̵f̵_̵n̵e̵g̵i̲t̲e̲_̲e̲q̲_̲r̲i̲g̲h̲t̲
warning: HexMvGcd/Squarefree.lean:802:14: `if_pos` has been deprecated: Use `ite_eq_left` instead

Hint: Replace the deprecated name:
  i̵f̵_̵p̵o̵s̵i̲t̲e̲_̲e̲q̲_̲l̲e̲f̲t̲
warning: HexMvGcd/Squarefree.lean:817:25: `if_neg` has been deprecated: Use `ite_eq_right` instead

Hint: Replace the deprecated name:
  i̵f̵_̵n̵e̵g̵i̲t̲e̲_̲e̲q̲_̲r̲i̲g̲h̲t̲
warning: HexMvGcd/Squarefree.lean:821:16: `if_neg` has been deprecated: Use `ite_eq_right` instead

Hint: Replace the deprecated name:
  i̵f̵_̵n̵e̵g̵i̲t̲e̲_̲e̲q̲_̲r̲i̲g̲h̲t̲
warning: HexMvGcd/Squarefree.lean:1444:8: automatically included section variable(s) unused in theorem `_private.HexMvGcd.Squarefree.0.Hex.MvPoly.split_content_of_zero`:
  [LawfulBezoutOps R]
  [GcdProducer R]
consider restructuring your `variable` declarations so that the variables are not in scope or explicitly omit them:
  omit [LawfulBezoutOps R] [GcdProducer R] in theorem ...

Note: This linter can be disabled with `set_option linter.unusedSectionVars false`
warning: HexMvGcd/Squarefree.lean:1454:8: automatically included section variable(s) unused in theorem `_private.HexMvGcd.Squarefree.0.Hex.MvPoly.split_content_of_unit`:
  [LawfulBezoutOps R]
  [GcdProducer R]
consider restructuring your `variable` declarations so that the variables are not in scope or explicitly omit them:
  omit [LawfulBezoutOps R] [GcdProducer R] in theorem ...

Note: This linter can be disabled with `set_option linter.unusedSectionVars false`
warning: HexMvGcd/Squarefree.lean:1468:8: automatically included section variable(s) unused in theorem `_private.HexMvGcd.Squarefree.0.Hex.MvPoly.split_content_of_const`:
  [LawfulBezoutOps R]
  [GcdProducer R]
consider restructuring your `variable` declarations so that the variables are not in scope or explicitly omit them:
  omit [LawfulBezoutOps R] [GcdProducer R] in theorem ...

Note: This linter can be disabled with `set_option linter.unusedSectionVars false`
⚠ [13556/13929] Replayed HexMvHensel.Shift
warning: HexMvHensel/Shift.lean:165:16: declaration uses `sorry`
warning: HexMvHensel/Shift.lean:175:8: declaration uses `sorry`
warning: HexMvHensel/Shift.lean:180:8: declaration uses `sorry`
warning: HexMvHensel/Shift.lean:185:8: declaration uses `sorry`
warning: HexMvHensel/Shift.lean:190:8: declaration uses `sorry`
warning: HexMvHensel/Shift.lean:196:8: declaration uses `sorry`
⚠ [13558/13929] Replayed HexMvHensel.Uni
warning: HexMvHensel/Uni.lean:395:8: declaration uses `sorry`
warning: HexMvHensel/Uni.lean:404:8: declaration uses `sorry`
warning: HexMvHensel/Uni.lean:420:8: declaration uses `sorry`
⚠ [13559/13929] Replayed HexMvHensel.Diophantine
warning: HexMvHensel/Diophantine.lean:189:8: declaration uses `sorry`
⚠ [13562/13929] Replayed HexMvHensel.Lift
warning: HexMvHensel/Lift.lean:77:8: declaration uses `sorry`
warning: HexMvHensel/Lift.lean:170:8: declaration uses `sorry`
warning: HexMvHensel/Lift.lean:179:8: declaration uses `sorry`
⚠ [13563/13929] Replayed HexMvHensel.Complete
warning: HexMvHensel/Complete.lean:44:8: declaration uses `sorry`
warning: HexMvHensel/Complete.lean:54:8: declaration uses `sorry`
warning: HexMvHensel/Complete.lean:284:8: declaration uses `sorry`
warning: HexMvHensel/Complete.lean:326:8: declaration uses `sorry`
⚠ [13569/13929] Replayed HexMvFactor.Irred
warning: HexMvFactor/Irred.lean:79:8: declaration uses `sorry`
✔ [13589/13929] Built HexRCF.RealCoefficients.IsolationBuild (598ms)
✔ [13590/13929] Built HexNumberFieldTower.RawArithmetic (1.2s)
✔ [13591/13929] Built HexRealClosure.Element (1.3s)
✔ [13594/13929] Built HexRealClosure.QAdjoin (616ms)
✔ [13596/13929] Built HexRealClosure.QAdjoin:dynlib (103ms)
✔ [13597/13929] Built HexNumberFieldTower.Norm (839ms)
✔ [13598/13929] Built HexRealClosure.Yun (1.1s)
✔ [13601/13929] Built HexRealClosure.QAdjoinTests (791ms)
✔ [13602/13929] Built HexRealClosure.RootFactors (729ms)
✔ [13605/13929] Built HexNumberFieldTower.FactorRaw (1.1s)
✔ [13606/13929] Built HexNumberFieldTower.RawEvaluation (624ms)
✔ [13607/13929] Built HexRealClosure.CompleteRoots (636ms)
✔ [13610/13929] Built HexRealClosure.TowerYunTests (2.1s)
✔ [13611/13929] Built HexRealClosure.RootPolicy (850ms)
✔ [13614/13929] Built HexNumberFieldTower.Basic (894ms)
✔ [13615/13929] Built HexNumberFieldMathlib.Basic (5.1s)
✔ [13616/13929] Built HexRealClosure.Trivial (1.4s)
✔ [13619/13929] Built HexRealClosure.TowerRoots (1.4s)
✔ [13622/13929] Built HexNumberFieldTower.Arithmetic (674ms)
✔ [13623/13929] Built HexRealClosure.NumberField (1.6s)
✔ [13626/13929] Built HexRealClosure.RootList (633ms)
✔ [13629/13929] Built HexRealClosure.TowerPresentation (684ms)
✔ [13632/13929] Built HexNumberFieldTower.Factor (647ms)
✔ [13633/13929] Built HexRealClosure.TrivialTower (807ms)
✔ [13636/13929] Built HexRealClosure.RootTransport (1.0s)
⚠ [13639/13929] Built HexRealClosure.LiveRequest (1.4s)
warning: HexRealClosure/LiveRequest.lean:216:41: `simp` already closes the goal

Hint: Use `simp` instead of `simpa`:
  [apply] simp [Request.owners]

Note: This linter can be disabled with `set_option linter.unnecessarySimpa false`
warning: HexRealClosure/LiveRequest.lean:260:18: This simp argument is unused:
  Request.transport?

Hint: Omit it from the simp argument list.
  [apply] simp [first] at produced

Note: This linter can be disabled with `set_option linter.unusedSimpArgs false`
warning: HexRealClosure/LiveRequest.lean:263:20: This simp argument is unused:
  Request.transport?

Hint: Omit it from the simp argument list.
  [apply] simp [first, later] at produced

Note: This linter can be disabled with `set_option linter.unusedSimpArgs false`
warning: HexRealClosure/LiveRequest.lean:301:33: `simp` already closes the goal

Hint: Use `simp` instead of `simpa`:
  [apply] simp [Request.owners]

Note: This linter can be disabled with `set_option linter.unnecessarySimpa false`
warning: HexRealClosure/LiveRequest.lean:356:39: This simp argument is unused:
  Request.transport?

Hint: Omit it from the simp argument list.
  [apply] simp only [List.mapM_cons, Inclusions.extend, Frame.transport?_comp frame inclusion converted first next zero,
    ih remaining tail later]

Note: This linter can be disabled with `set_option linter.unusedSimpArgs false`
warning: HexRealClosure/LiveRequest.lean:356:59: This simp argument is unused:
  Inclusions.extend

Hint: Omit it from the simp argument list.
  [apply] simp only [List.mapM_cons, Request.transport?,
    Frame.transport?_comp frame inclusion converted first next zero, ih remaining tail later]

Note: This linter can be disabled with `set_option linter.unusedSimpArgs false`
✔ [13641/13929] Built HexRealClosure.SharedPresentation (620ms)
✔ [13645/13929] Built HexRealClosure.RootCollection (647ms)
✔ [13648/13929] Built HexRealClosure.TowerRootPolicy (1.7s)
✔ [13651/13929] Built HexRealClosure.TrivialChecks (1.5s)
⚠ [13652/13929] Built HexRealClosure.Sample (1.0s)
warning: HexRealClosure/Sample.lean:181:59: This simp argument is unused:
  Nat.add_left_comm

Hint: Omit it from the simp argument list.
  [apply] simp [between, ih, Nat.add_comm]

Note: This linter can be disabled with `set_option linter.unusedSimpArgs false`
warning: HexRealClosure/Sample.lean:412:64: This simp argument is unused:
  Nat.add_left_comm

Hint: Omit it from the simp argument list.
  [apply] simp [afterRegions, ih, Nat.add_comm]

Note: This linter can be disabled with `set_option linter.unusedSimpArgs false`
✔ [13655/13929] Built HexNumberFieldMathlib.AdjoinRoot (3.4s)
✔ [13656/13929] Built HexRealClosure (579ms)
✔ [13658/13929] Built HexRealClosure:shared (111ms)
ℹ [13659/13929] Replayed HexRealClosure.RootOrderTests
info: HexRealClosure/RootOrderTests.lean:91:0: root ordering checks passed
ℹ [13661/13929] Replayed HexRealClosure.TowerEnlargeOrderTests
info: HexRealClosure/TowerEnlargeOrderTests.lean:83:0: native new parameter is positive and below old nested-root values
ℹ [13662/13929] Replayed HexRealClosure.TowerTransportTests
info: HexRealClosure/TowerTransportTests.lean:172:31: Application type mismatch: The argument
  Transport.identity ?m.27
has type
  Transport ?m.27 ?m.27 id
but is expected to have type
  Transport (Context.base (BaseContext.rational registry)) (Context.base (BaseContext.rational registry).infinitesimal)
    BaseContext.Element.embed
in the application
  { context := Context.base (BaseContext.rational registry).infinitesimal, value := BaseContext.Element.embed,
    checked := ⋯ }

Note: The following definitions were not unfolded because their definition is not exposed:
  BaseContext.Context.real ↦ 2
  BaseContext.Context.infinitesimal ↦ 5
⚠ [13669/13929] Replayed HexRealClosureMathlib.BaseSubsequence
warning: HexRealClosureMathlib/BaseSubsequence.lean:41:2: Try this: 
  letI̵

The goal is a proposition, so `let` is preferred over `letI`.
The difference between `let` and `letI` is that `letI` inlines the value.
But this is not relevant for proofs because of proof irrelevance.

Note: This linter can be disabled with `set_option linter.style.haveILetI false`
warning: HexRealClosureMathlib/BaseSubsequence.lean:39:51: Variable name `a` is not explicitly referenced.

Hint: The binding can be removed (if unused) or named `_` (if used implicitly). Alternatively, prefix the name with `_` to silence this warning:
  [apply] _a

Note: This linter can be disabled with `set_option linter.unusedVariables false`
warning: HexRealClosureMathlib/BaseSubsequence.lean:40:53: Variable name `a` is not explicitly referenced.

Hint: The binding can be removed (if unused) or named `_` (if used implicitly). Alternatively, prefix the name with `_` to silence this warning:
  [apply] _a

Note: This linter can be disabled with `set_option linter.unusedVariables false`
warning: HexRealClosureMathlib/BaseSubsequence.lean:66:2: Try this: 
  letI̵

The goal is a proposition, so `let` is preferred over `letI`.
The difference between `let` and `letI` is that `letI` inlines the value.
But this is not relevant for proofs because of proof irrelevance.

Note: This linter can be disabled with `set_option linter.style.haveILetI false`
warning: HexRealClosureMathlib/BaseSubsequence.lean:64:51: Variable name `a` is not explicitly referenced.

Hint: The binding can be removed (if unused) or named `_` (if used implicitly). Alternatively, prefix the name with `_` to silence this warning:
  [apply] _a

Note: This linter can be disabled with `set_option linter.unusedVariables false`
warning: HexRealClosureMathlib/BaseSubsequence.lean:65:53: Variable name `a` is not explicitly referenced.

Hint: The binding can be removed (if unused) or named `_` (if used implicitly). Alternatively, prefix the name with `_` to silence this warning:
  [apply] _a

Note: This linter can be disabled with `set_option linter.unusedVariables false`
warning: HexRealClosureMathlib/BaseSubsequence.lean:77:2: Try this: 
  letI̵

The goal is a proposition, so `let` is preferred over `letI`.
The difference between `let` and `letI` is that `letI` inlines the value.
But this is not relevant for proofs because of proof irrelevance.

Note: This linter can be disabled with `set_option linter.style.haveILetI false`
warning: HexRealClosureMathlib/BaseSubsequence.lean:110:2: Try this: 
  letI̵

The goal is a proposition, so `let` is preferred over `letI`.
The difference between `let` and `letI` is that `letI` inlines the value.
But this is not relevant for proofs because of proof irrelevance.

Note: This linter can be disabled with `set_option linter.style.haveILetI false`
warning: HexRealClosureMathlib/BaseSubsequence.lean:111:2: Try this: 
  letI̵

The goal is a proposition, so `let` is preferred over `letI`.
The difference between `let` and `letI` is that `letI` inlines the value.
But this is not relevant for proofs because of proof irrelevance.

Note: This linter can be disabled with `set_option linter.style.haveILetI false`
warning: HexRealClosureMathlib/BaseSubsequence.lean:136:2: Try this: 
  letI̵

The goal is a proposition, so `let` is preferred over `letI`.
The difference between `let` and `letI` is that `letI` inlines the value.
But this is not relevant for proofs because of proof irrelevance.

Note: This linter can be disabled with `set_option linter.style.haveILetI false`
warning: HexRealClosureMathlib/BaseSubsequence.lean:226:10: Try this: 
  letI̵

The goal is a proposition, so `let` is preferred over `letI`.
The difference between `let` and `letI` is that `letI` inlines the value.
But this is not relevant for proofs because of proof irrelevance.

Note: This linter can be disabled with `set_option linter.style.haveILetI false`
warning: HexRealClosureMathlib/BaseSubsequence.lean:227:10: Try this: 
  letI̵

The goal is a proposition, so `let` is preferred over `letI`.
The difference between `let` and `letI` is that `letI` inlines the value.
But this is not relevant for proofs because of proof irrelevance.

Note: This linter can be disabled with `set_option linter.style.haveILetI false`
⚠ [13671/13929] Replayed HexRealClosureMathlib.BaseSubsequenceModels
warning: HexRealClosureMathlib/BaseSubsequenceModels.lean:28:2: Try this: 
  letI̵

The goal is a proposition, so `let` is preferred over `letI`.
The difference between `let` and `letI` is that `letI` inlines the value.
But this is not relevant for proofs because of proof irrelevance.

Note: This linter can be disabled with `set_option linter.style.haveILetI false`
warning: HexRealClosureMathlib/BaseSubsequenceModels.lean:29:2: Try this: 
  letI̵

The goal is a proposition, so `let` is preferred over `letI`.
The difference between `let` and `letI` is that `letI` inlines the value.
But this is not relevant for proofs because of proof irrelevance.

Note: This linter can be disabled with `set_option linter.style.haveILetI false`
ℹ [13675/13929] Replayed HexRealClosureMathlib.BaseTests
info: HexRealClosureMathlib/BaseTests.lean:357:53: Type mismatch
  a
has type
  Element (realContext 1)
but is expected to have type
  Element (realContext 2)

Note: The following definitions were not unfolded because their definition is not exposed:
  Context.real ↦ 4
  RealContext.constant ↦ 4
info: HexRealClosureMathlib/BaseTests.lean:357:0: fun a => sorry : (a : Element (realContext 1)) → ?m.16 a
info: HexRealClosureMathlib/BaseTests.lean:358:56: Type mismatch
  p
has type
  Polynomial (realContext 1)
but is expected to have type
  Polynomial (realContext 2)

Note: The following definitions were not unfolded because their definition is not exposed:
  Context.real ↦ 4
  RealContext.constant ↦ 4
info: HexRealClosureMathlib/BaseTests.lean:358:0: fun p => sorry : (p : Polynomial (realContext 1)) → ?m.16 p
info: HexRealClosureMathlib/BaseTests.lean:359:89: failed to synthesize instance of type class
  HAdd (Polynomial (realContext 1)) (Polynomial (realContext 2)) ?m.17

Hint: Type class instance resolution failures can be inspected with the `set_option trace.Meta.synthInstance true` command.
info: HexRealClosureMathlib/BaseTests.lean:359:0: fun p q => sorry : (p : Polynomial (realContext 1)) → (q : Polynomial (realContext 2)) → ?m.20 p q
⚠ [13679/13929] Replayed HexRealClosureMathlib.Algebraic
warning: adapters/HexRealClosureMathlib/Algebraic.lean:134:8: automatically included section variable(s) unused in theorem `_private.HexRealClosureMathlib.Algebraic.0.Hex.RealClosure.Algebraic.linear_eval`:
  [One E]
  [Add E]
  [Neg E]
  [Sub E]
  [Mul E]
  [Inv E]
  [Div E]
  [NatCast E]
  [LinearOrder K]
  [IsStrictOrderedRing K]
  [IsRealClosed K]
consider restructuring your `variable` declarations so that the variables are not in scope or explicitly omit them:
  omit [One
  E] [Add
  E] [Neg
  E] [Sub E] [Mul E] [Inv E] [Div E] [NatCast E] [LinearOrder K] [IsStrictOrderedRing K] [IsRealClosed K] in theorem ...

Note: This linter can be disabled with `set_option linter.unusedSectionVars false`
warning: adapters/HexRealClosureMathlib/Algebraic.lean:150:8: automatically included section variable(s) unused in theorem `_private.HexRealClosureMathlib.Algebraic.0.Hex.RealClosure.Algebraic.linear_pos`:
  [DecidableEq K]
  [IsRealClosed K]
consider restructuring your `variable` declarations so that the variables are not in scope or explicitly omit them:
  omit [DecidableEq K] [IsRealClosed K] in theorem ...

Note: This linter can be disabled with `set_option linter.unusedSectionVars false`
warning: adapters/HexRealClosureMathlib/Algebraic.lean:159:8: automatically included section variable(s) unused in theorem `_private.HexRealClosureMathlib.Algebraic.0.Hex.RealClosure.Algebraic.sign_pos_iff`:
  [DecidableEq K]
  [IsStrictOrderedRing K]
  [IsRealClosed K]
consider restructuring your `variable` declarations so that the variables are not in scope or explicitly omit them:
  omit [DecidableEq K] [IsStrictOrderedRing K] [IsRealClosed K] in theorem ...

Note: This linter can be disabled with `set_option linter.unusedSectionVars false`
warning: adapters/HexRealClosureMathlib/Algebraic.lean:169:8: automatically included section variable(s) unused in theorem `_private.HexRealClosureMathlib.Algebraic.0.Hex.RealClosure.Algebraic.sign_neg_iff`:
  [DecidableEq K]
  [IsStrictOrderedRing K]
  [IsRealClosed K]
consider restructuring your `variable` declarations so that the variables are not in scope or explicitly omit them:
  omit [DecidableEq K] [IsStrictOrderedRing K] [IsRealClosed K] in theorem ...

Note: This linter can be disabled with `set_option linter.unusedSectionVars false`
warning: adapters/HexRealClosureMathlib/Algebraic.lean:179:8: automatically included section variable(s) unused in theorem `_private.HexRealClosureMathlib.Algebraic.0.Hex.RealClosure.Algebraic.sign_zero_iff`:
  [DecidableEq K]
  [IsStrictOrderedRing K]
  [IsRealClosed K]
consider restructuring your `variable` declarations so that the variables are not in scope or explicitly omit them:
  omit [DecidableEq K] [IsStrictOrderedRing K] [IsRealClosed K] in theorem ...

Note: This linter can be disabled with `set_option linter.unusedSectionVars false`
warning: adapters/HexRealClosureMathlib/Algebraic.lean:188:8: automatically included section variable(s) unused in theorem `_private.HexRealClosureMathlib.Algebraic.0.Hex.RealClosure.Algebraic.linear_lower_sign`:
  [DecidableEq K]
  [IsRealClosed K]
consider restructuring your `variable` declarations so that the variables are not in scope or explicitly omit them:
  omit [DecidableEq K] [IsRealClosed K] in theorem ...

Note: This linter can be disabled with `set_option linter.unusedSectionVars false`
warning: adapters/HexRealClosureMathlib/Algebraic.lean:199:8: automatically included section variable(s) unused in theorem `_private.HexRealClosureMathlib.Algebraic.0.Hex.RealClosure.Algebraic.linear_upper_sign`:
  [DecidableEq K]
  [IsRealClosed K]
consider restructuring your `variable` declarations so that the variables are not in scope or explicitly omit them:
  omit [DecidableEq K] [IsRealClosed K] in theorem ...

Note: This linter can be disabled with `set_option linter.unusedSectionVars false`
⚠ [13688/13929] Replayed HexRealClosureMathlib.IsolationRoots
warning: adapters/HexRealClosureMathlib/IsolationRoots.lean:69:0: automatically included section variable(s) unused in theorem `Hex.RealClosure.Isolation.cell_enumeration_present`:
  [IsRealClosed K]
consider restructuring your `variable` declarations so that the variables are not in scope or explicitly omit them:
  omit [IsRealClosed K] in theorem ...

Note: This linter can be disabled with `set_option linter.unusedSectionVars false`
warning: adapters/HexRealClosureMathlib/IsolationRoots.lean:81:0: automatically included section variable(s) unused in theorem `Hex.RealClosure.Isolation.Whole.enumeration_present`:
  [IsRealClosed K]
consider restructuring your `variable` declarations so that the variables are not in scope or explicitly omit them:
  omit [IsRealClosed K] in theorem ...

Note: This linter can be disabled with `set_option linter.unusedSectionVars false`
warning: adapters/HexRealClosureMathlib/IsolationRoots.lean:118:6: `simp` already closes the goal

Hint: Use `simp` instead of `simpa`:
  [apply] simp [noRoots] at member

Note: This linter can be disabled with `set_option linter.unnecessarySimpa false`
⚠ [13689/13929] Replayed HexRealClosureMathlib.RootOrder
warning: adapters/HexRealClosureMathlib/RootOrder.lean:36:0: automatically included section variable(s) unused in theorem `Hex.RealClosure.Isolation.pointQuery_eval`:
  [Add E]
  [Mul E]
  [NatCast E]
  [Neg E]
  [Inv E]
  [Div E]
  [LinearOrder K]
  [IsStrictOrderedRing K]
  [IsRealClosed K]
consider restructuring your `variable` declarations so that the variables are not in scope or explicitly omit them:
  omit [Add
  E] [Mul E] [NatCast E] [Neg E] [Inv E] [Div E] [LinearOrder K] [IsStrictOrderedRing K] [IsRealClosed K] in theorem ...

Note: This linter can be disabled with `set_option linter.unusedSectionVars false`
warning: adapters/HexRealClosureMathlib/RootOrder.lean:49:0: automatically included section variable(s) unused in theorem `Hex.RealClosure.Isolation.signOrder_sub`:
  [DecidableEq K]
  [IsRealClosed K]
consider restructuring your `variable` declarations so that the variables are not in scope or explicitly omit them:
  omit [DecidableEq K] [IsRealClosed K] in theorem ...

Note: This linter can be disabled with `set_option linter.unusedSectionVars false`
warning: adapters/HexRealClosureMathlib/RootOrder.lean:203:0: automatically included section variable(s) unused in theorem `Hex.RealClosure.Isolation.Output.entries_values`:
  [Neg E]
  [Inv E]
  [Div E]
consider restructuring your `variable` declarations so that the variables are not in scope or explicitly omit them:
  omit [Neg E] [Inv E] [Div E] in theorem ...

Note: This linter can be disabled with `set_option linter.unusedSectionVars false`
⚠ [13691/13929] Replayed HexRealClosureMathlib.IsolationTotal
warning: adapters/HexRealClosureMathlib/IsolationTotal.lean:68:48: This simp argument is unused:
  empty

Hint: Omit it from the simp argument list.
  [apply] simp [completeCell, single, built, restored]

Note: This linter can be disabled with `set_option linter.unusedSimpArgs false`
⚠ [13694/13929] Replayed HexRealClosureMathlib.TowerTransport
warning: adapters/HexRealClosureMathlib/TowerTransport.lean:112:2: Try this: 
  letI̵

The goal is a proposition, so `let` is preferred over `letI`.
The difference between `let` and `letI` is that `letI` inlines the value.
But this is not relevant for proofs because of proof irrelevance.

Note: This linter can be disabled with `set_option linter.style.haveILetI false`
warning: adapters/HexRealClosureMathlib/TowerTransport.lean:113:2: Try this: 
  letI̵

The goal is a proposition, so `let` is preferred over `letI`.
The difference between `let` and `letI` is that `letI` inlines the value.
But this is not relevant for proofs because of proof irrelevance.

Note: This linter can be disabled with `set_option linter.style.haveILetI false`
warning: adapters/HexRealClosureMathlib/TowerTransport.lean:128:2: Try this: 
  letI̵

The goal is a proposition, so `let` is preferred over `letI`.
The difference between `let` and `letI` is that `letI` inlines the value.
But this is not relevant for proofs because of proof irrelevance.

Note: This linter can be disabled with `set_option linter.style.haveILetI false`
warning: adapters/HexRealClosureMathlib/TowerTransport.lean:129:2: Try this: 
  letI̵

The goal is a proposition, so `let` is preferred over `letI`.
The difference between `let` and `letI` is that `letI` inlines the value.
But this is not relevant for proofs because of proof irrelevance.

Note: This linter can be disabled with `set_option linter.style.haveILetI false`
warning: adapters/HexRealClosureMathlib/TowerTransport.lean:591:2: Try this: 
  letI̵

The goal is a proposition, so `let` is preferred over `letI`.
The difference between `let` and `letI` is that `letI` inlines the value.
But this is not relevant for proofs because of proof irrelevance.

Note: This linter can be disabled with `set_option linter.style.haveILetI false`
warning: adapters/HexRealClosureMathlib/TowerTransport.lean:592:2: Try this: 
  letI̵

The goal is a proposition, so `let` is preferred over `letI`.
The difference between `let` and `letI` is that `letI` inlines the value.
But this is not relevant for proofs because of proof irrelevance.

Note: This linter can be disabled with `set_option linter.style.haveILetI false`
warning: adapters/HexRealClosureMathlib/TowerTransport.lean:593:2: Try this: 
  letI̵

The goal is a proposition, so `let` is preferred over `letI`.
The difference between `let` and `letI` is that `letI` inlines the value.
But this is not relevant for proofs because of proof irrelevance.

Note: This linter can be disabled with `set_option linter.style.haveILetI false`
warning: adapters/HexRealClosureMathlib/TowerTransport.lean:784:2: Try this: 
  letI̵

The goal is a proposition, so `let` is preferred over `letI`.
The difference between `let` and `letI` is that `letI` inlines the value.
But this is not relevant for proofs because of proof irrelevance.

Note: This linter can be disabled with `set_option linter.style.haveILetI false`
⚠ [13700/13929] Replayed HexRealClosureMathlib.BaseFactory
warning: adapters/HexRealClosureMathlib/BaseFactory.lean:191:2: Try this: 
  letI̵

The goal is a proposition, so `let` is preferred over `letI`.
The difference between `let` and `letI` is that `letI` inlines the value.
But this is not relevant for proofs because of proof irrelevance.

Note: This linter can be disabled with `set_option linter.style.haveILetI false`
⚠ [13701/13929] Replayed HexRealClosureMathlib.ContextModel
warning: adapters/HexRealClosureMathlib/ContextModel.lean:328:6: Unused tactic linter: `change
  context.origin.base.signature.constants <+ ((BaseContext.PackedContext.pack base).infinitesimal).signature.constants ∧
    context.origin.base.signature.infinitesimals ≤
      ((BaseContext.PackedContext.pack base).infinitesimal).signature.infinitesimals` does nothing

Note: This linter can be disabled with `set_option linter.unusedTactic false`
⚠ [13702/13929] Replayed HexRealClosureMathlib.TowerEnlarge
warning: adapters/HexRealClosureMathlib/TowerEnlarge.lean:250:2: Try this: 
  letI̵

The goal is a proposition, so `let` is preferred over `letI`.
The difference between `let` and `letI` is that `letI` inlines the value.
But this is not relevant for proofs because of proof irrelevance.

Note: This linter can be disabled with `set_option linter.style.haveILetI false`
⚠ [13704/13929] Replayed HexRealClosureMathlib.TowerRestriction
warning: adapters/HexRealClosureMathlib/TowerRestriction.lean:32:2: Try this: 
  letI̵

The goal is a proposition, so `let` is preferred over `letI`.
The difference between `let` and `letI` is that `letI` inlines the value.
But this is not relevant for proofs because of proof irrelevance.

Note: This linter can be disabled with `set_option linter.style.haveILetI false`
warning: adapters/HexRealClosureMathlib/TowerRestriction.lean:33:2: Try this: 
  letI̵

The goal is a proposition, so `let` is preferred over `letI`.
The difference between `let` and `letI` is that `letI` inlines the value.
But this is not relevant for proofs because of proof irrelevance.

Note: This linter can be disabled with `set_option linter.style.haveILetI false`
warning: adapters/HexRealClosureMathlib/TowerRestriction.lean:75:2: Try this: 
  letI̵

The goal is a proposition, so `let` is preferred over `letI`.
The difference between `let` and `letI` is that `letI` inlines the value.
But this is not relevant for proofs because of proof irrelevance.

Note: This linter can be disabled with `set_option linter.style.haveILetI false`
warning: adapters/HexRealClosureMathlib/TowerRestriction.lean:76:2: Try this: 
  letI̵

The goal is a proposition, so `let` is preferred over `letI`.
The difference between `let` and `letI` is that `letI` inlines the value.
But this is not relevant for proofs because of proof irrelevance.

Note: This linter can be disabled with `set_option linter.style.haveILetI false`
warning: adapters/HexRealClosureMathlib/TowerRestriction.lean:94:2: Try this: 
  letI̵

The goal is a proposition, so `let` is preferred over `letI`.
The difference between `let` and `letI` is that `letI` inlines the value.
But this is not relevant for proofs because of proof irrelevance.

Note: This linter can be disabled with `set_option linter.style.haveILetI false`
warning: adapters/HexRealClosureMathlib/TowerRestriction.lean:95:2: Try this: 
  letI̵

The goal is a proposition, so `let` is preferred over `letI`.
The difference between `let` and `letI` is that `letI` inlines the value.
But this is not relevant for proofs because of proof irrelevance.

Note: This linter can be disabled with `set_option linter.style.haveILetI false`
⚠ [13705/13929] Replayed HexRealClosureMathlib.TowerEnlargeOrder
warning: adapters/HexRealClosureMathlib/TowerEnlargeOrder.lean:53:2: Try this: intro initial a

Note: This linter can be disabled with `set_option linter.tacticAnalysis.introMerge false`
warning: adapters/HexRealClosureMathlib/TowerEnlargeOrder.lean:94:2: Try this: 
  letI̵

The goal is a proposition, so `let` is preferred over `letI`.
The difference between `let` and `letI` is that `letI` inlines the value.
But this is not relevant for proofs because of proof irrelevance.

Note: This linter can be disabled with `set_option linter.style.haveILetI false`
warning: adapters/HexRealClosureMathlib/TowerEnlargeOrder.lean:95:2: Try this: 
  letI̵

The goal is a proposition, so `let` is preferred over `letI`.
The difference between `let` and `letI` is that `letI` inlines the value.
But this is not relevant for proofs because of proof irrelevance.

Note: This linter can be disabled with `set_option linter.style.haveILetI false`
warning: adapters/HexRealClosureMathlib/TowerEnlargeOrder.lean:125:2: Try this: 
  letI̵

The goal is a proposition, so `let` is preferred over `letI`.
The difference between `let` and `letI` is that `letI` inlines the value.
But this is not relevant for proofs because of proof irrelevance.

Note: This linter can be disabled with `set_option linter.style.haveILetI false`
warning: adapters/HexRealClosureMathlib/TowerEnlargeOrder.lean:156:8: automatically included section variable(s) unused in theorem `_private.HexRealClosureMathlib.TowerEnlargeOrder.0.Hex.RealClosure.Tower.value_heq`:
  [DecidableEq K]
  [IsStrictOrderedRing K]
  [IsRealClosed K]
consider restructuring your `variable` declarations so that the variables are not in scope or explicitly omit them:
  omit [DecidableEq K] [IsStrictOrderedRing K] [IsRealClosed K] in theorem ...

Note: This linter can be disabled with `set_option linter.unusedSectionVars false`
warning: adapters/HexRealClosureMathlib/TowerEnlargeOrder.lean:204:10: Variable name `model` is not explicitly referenced.

Hint: The binding can be removed (if unused) or named `_` (if used implicitly). Alternatively, prefix the name with `_` to silence this warning:
  [apply] _model

Note: This linter can be disabled with `set_option linter.unusedVariables false`
warning: adapters/HexRealClosureMathlib/TowerEnlargeOrder.lean:323:2: Try this: 
  letI̵

The goal is a proposition, so `let` is preferred over `letI`.
The difference between `let` and `letI` is that `letI` inlines the value.
But this is not relevant for proofs because of proof irrelevance.

Note: This linter can be disabled with `set_option linter.style.haveILetI false`
warning: adapters/HexRealClosureMathlib/TowerEnlargeOrder.lean:324:2: Try this: 
  letI̵

The goal is a proposition, so `let` is preferred over `letI`.
The difference between `let` and `letI` is that `letI` inlines the value.
But this is not relevant for proofs because of proof irrelevance.

Note: This linter can be disabled with `set_option linter.style.haveILetI false`
⚠ [13706/13929] Replayed HexRealClosureMathlib.LiveContext
warning: adapters/HexRealClosureMathlib/LiveContext.lean:93:0: automatically included section variable(s) unused in theorem `Hex.RealClosure.Tower.Inclusions.Models.extend_original`:
  [DecidableEq R]
  [IsStrictOrderedRing R]
consider restructuring your `variable` declarations so that the variables are not in scope or explicitly omit them:
  omit [DecidableEq R] [IsStrictOrderedRing R] in theorem ...

Note: This linter can be disabled with `set_option linter.unusedSectionVars false`
warning: adapters/HexRealClosureMathlib/LiveContext.lean:112:0: automatically included section variable(s) unused in theorem `Hex.RealClosure.Tower.Inclusions.Models.map_original`:
  [DecidableEq R]
  [IsStrictOrderedRing R]
consider restructuring your `variable` declarations so that the variables are not in scope or explicitly omit them:
  omit [DecidableEq R] [IsStrictOrderedRing R] in theorem ...

Note: This linter can be disabled with `set_option linter.unusedSectionVars false`
warning: adapters/HexRealClosureMathlib/LiveContext.lean:130:0: automatically included section variable(s) unused in theorem `Hex.RealClosure.Tower.Inclusions.Models.value`:
  [DecidableEq R]
  [IsStrictOrderedRing R]
consider restructuring your `variable` declarations so that the variables are not in scope or explicitly omit them:
  omit [DecidableEq R] [IsStrictOrderedRing R] in theorem ...

Note: This linter can be disabled with `set_option linter.unusedSectionVars false`
warning: adapters/HexRealClosureMathlib/LiveContext.lean:140:0: automatically included section variable(s) unused in theorem `Hex.RealClosure.Tower.Inclusions.Models.polynomial`:
  [IsStrictOrderedRing R]
consider restructuring your `variable` declarations so that the variables are not in scope or explicitly omit them:
  omit [IsStrictOrderedRing R] in theorem ...

Note: This linter can be disabled with `set_option linter.unusedSectionVars false`
⚠ [13710/13929] Replayed HexRealClosureMathlib.CacheGather
warning: adapters/HexRealClosureMathlib/CacheGather.lean:207:8: automatically included section variable(s) unused in theorem `_private.HexRealClosureMathlib.CacheGather.0.Hex.RealClosure.Tower.castModels_original`:
  [DecidableEq R]
  [IsStrictOrderedRing R]
  [IsRealClosed R]
consider restructuring your `variable` declarations so that the variables are not in scope or explicitly omit them:
  omit [DecidableEq R] [IsStrictOrderedRing R] [IsRealClosed R] in theorem ...

Note: This linter can be disabled with `set_option linter.unusedSectionVars false`
⚠ [13717/13929] Replayed HexRealClosureMathlib.StagedEvaluation
warning: adapters/HexRealClosureMathlib/StagedEvaluation.lean:62:4: Try this: 
  letI̵

The goal is a proposition, so `let` is preferred over `letI`.
The difference between `let` and `letI` is that `letI` inlines the value.
But this is not relevant for proofs because of proof irrelevance.

Note: This linter can be disabled with `set_option linter.style.haveILetI false`
warning: adapters/HexRealClosureMathlib/StagedEvaluation.lean:74:4: Try this: 
  letI̵

The goal is a proposition, so `let` is preferred over `letI`.
The difference between `let` and `letI` is that `letI` inlines the value.
But this is not relevant for proofs because of proof irrelevance.

Note: This linter can be disabled with `set_option linter.style.haveILetI false`
warning: adapters/HexRealClosureMathlib/StagedEvaluation.lean:76:4: Try this: 
  letI̵

The goal is a proposition, so `let` is preferred over `letI`.
The difference between `let` and `letI` is that `letI` inlines the value.
But this is not relevant for proofs because of proof irrelevance.

Note: This linter can be disabled with `set_option linter.style.haveILetI false`
warning: adapters/HexRealClosureMathlib/StagedEvaluation.lean:77:4: Try this: 
  letI̵

The goal is a proposition, so `let` is preferred over `letI`.
The difference between `let` and `letI` is that `letI` inlines the value.
But this is not relevant for proofs because of proof irrelevance.

Note: This linter can be disabled with `set_option linter.style.haveILetI false`
⚠ [13726/13929] Replayed HexRealClosureMathlib.IsolationPolicy
warning: adapters/HexRealClosureMathlib/IsolationPolicy.lean:30:0: automatically included section variable(s) unused in theorem `Hex.RealClosure.Isolation.Policy.dispatch?_success`:
  [IsRealClosed K]
consider restructuring your `variable` declarations so that the variables are not in scope or explicitly omit them:
  omit [IsRealClosed K] in theorem ...

Note: This linter can be disabled with `set_option linter.unusedSectionVars false`
warning: adapters/HexRealClosureMathlib/IsolationPolicy.lean:49:8: automatically included section variable(s) unused in theorem `_private.HexRealClosureMathlib.IsolationPolicy.0.Hex.RealClosure.Isolation.Policy.standard_roots`:
  [IsRealClosed K]
consider restructuring your `variable` declarations so that the variables are not in scope or explicitly omit them:
  omit [IsRealClosed K] in theorem ...

Note: This linter can be disabled with `set_option linter.unusedSectionVars false`
warning: adapters/HexRealClosureMathlib/IsolationPolicy.lean:62:8: automatically included section variable(s) unused in theorem `_private.HexRealClosureMathlib.IsolationPolicy.0.Hex.RealClosure.Isolation.Policy.whole_roots`:
  [IsStrictOrderedRing K]
  [IsRealClosed K]
consider restructuring your `variable` declarations so that the variables are not in scope or explicitly omit them:
  omit [IsStrictOrderedRing K] [IsRealClosed K] in theorem ...

Note: This linter can be disabled with `set_option linter.unusedSectionVars false`
warning: adapters/HexRealClosureMathlib/IsolationPolicy.lean:155:20: This simp argument is unused:
  Except.map

Hint: Omit it from the simp argument list.
  [apply] simp [complete?, dispatched] at built

Note: This linter can be disabled with `set_option linter.unusedSimpArgs false`
warning: adapters/HexRealClosureMathlib/IsolationPolicy.lean:166:20: This simp argument is unused:
  Except.map

Hint: Omit it from the simp argument list.
  [apply] simp [complete?, dispatched] at built

Note: This linter can be disabled with `set_option linter.unusedSimpArgs false`
warning: adapters/HexRealClosureMathlib/IsolationPolicy.lean:177:8: automatically included section variable(s) unused in theorem `_private.HexRealClosureMathlib.IsolationPolicy.0.Hex.RealClosure.Isolation.Policy.whole_nodup`:
  hn
  hi
consider restructuring your `variable` declarations so that the variables are not in scope or explicitly omit them:
  omit hn hi in theorem ...

Note: This linter can be disabled with `set_option linter.unusedSectionVars false`
⚠ [13727/13929] Replayed HexRealClosureMathlib.AmbientTests
warning: adapters/HexRealClosureMathlib/AmbientTests.lean:107:2: Try this: 
  letI̵

The goal is a proposition, so `let` is preferred over `letI`.
The difference between `let` and `letI` is that `letI` inlines the value.
But this is not relevant for proofs because of proof irrelevance.

Note: This linter can be disabled with `set_option linter.style.haveILetI false`
⚠ [13728/13929] Replayed HexRealClosureMathlib.TowerEnlargeOrderTests
warning: adapters/HexRealClosureMathlib/TowerEnlargeOrderTests.lean:44:2: Try this: 
  letI̵

The goal is a proposition, so `let` is preferred over `letI`.
The difference between `let` and `letI` is that `letI` inlines the value.
But this is not relevant for proofs because of proof irrelevance.

Note: This linter can be disabled with `set_option linter.style.haveILetI false`
warning: adapters/HexRealClosureMathlib/TowerEnlargeOrderTests.lean:45:2: Try this: 
  letI̵

The goal is a proposition, so `let` is preferred over `letI`.
The difference between `let` and `letI` is that `letI` inlines the value.
But this is not relevant for proofs because of proof irrelevance.

Note: This linter can be disabled with `set_option linter.style.haveILetI false`
warning: adapters/HexRealClosureMathlib/TowerEnlargeOrderTests.lean:90:2: Try this: 
  letI̵

The goal is a proposition, so `let` is preferred over `letI`.
The difference between `let` and `letI` is that `letI` inlines the value.
But this is not relevant for proofs because of proof irrelevance.

Note: This linter can be disabled with `set_option linter.style.haveILetI false`
warning: adapters/HexRealClosureMathlib/TowerEnlargeOrderTests.lean:91:2: Try this: 
  letI̵

The goal is a proposition, so `let` is preferred over `letI`.
The difference between `let` and `letI` is that `letI` inlines the value.
But this is not relevant for proofs because of proof irrelevance.

Note: This linter can be disabled with `set_option linter.style.haveILetI false`
⚠ [13729/13929] Replayed HexRealClosureMathlib.UnionTests
warning: adapters/HexRealClosureMathlib/UnionTests.lean:66:2: Try this: 
  letI̵

The goal is a proposition, so `let` is preferred over `letI`.
The difference between `let` and `letI` is that `letI` inlines the value.
But this is not relevant for proofs because of proof irrelevance.

Note: This linter can be disabled with `set_option linter.style.haveILetI false`
✔ [13730/13929] Built HexRealClosure.TrivialTowerTests (636ms)
✔ [13731/13929] Built HexNumberFieldTower.Split (3.5s)
ℹ [13732/13929] Built HexRealClosure.RootCollectionTests (1.2s)
info: HexRealClosure/RootCollectionTests.lean:91:0: common root contexts, nonlinear transport and mixed arithmetic checks passed
ℹ [13733/13929] Built HexRealClosure.RootPolicyTests (1.2s)
info: HexRealClosure/RootPolicyTests.lean:67:0: native policy roots retain ordered values, labels and exact owners over rational and algebraic parents
✔ [13734/13929] Built HexRealClosureMathlib (1.5s)
⚠ [13736/13929] Built HexRealClosureMathlib.BaseGatherTests (1.6s)
warning: adapters/HexRealClosureMathlib/BaseGatherTests.lean:43:13: This simp argument is unused:
  base

Hint: Omit it from the simp argument list.
  [apply] simp only [PackedContext.extend_signature, RealPrefix.finish_signature]

Note: This linter can be disabled with `set_option linter.unusedSimpArgs false`
✔ [13737/13929] Built HexRealClosure.TowerPresentationTests (1.7s)
✔ [13738/13929] Built HexRankMathlib.NumberField (2.0s)
ℹ [13739/13929] Built HexRealClosure.RootFactorsTests (2.0s)
info: HexRealClosure/RootFactorsTests.lean:118:0: zero, constants and original root multiplicity assembly checks passed
ℹ [13740/13929] Built HexRealClosure.TrivialTests (2.9s)
info: HexRealClosure/TrivialTests.lean:92:0: generic rational roots and comparisons agree with the real-algebraic backend
✔ [13741/13929] Built HexNumberFieldTower.Flatten (3.7s)
✔ [13742/13929] Built HexNumberFieldTower (541ms)
✔ [13743/13929] Built HexRankMathlib.NumberFieldTactic (2.7s)
ℹ [13744/13929] Built HexRealClosure.TowerRootsTests (5.8s)
info: HexRealClosure/TowerRootsTests.lean:89:0: native root contexts, embeddings, signs and arithmetic checks passed
✔ [13745/13929] Built HexNumberFieldMathlib.Yun (7.6s)
✔ [13746/13929] Built HexNumberFieldMathlib.Approx (10s)
ℹ [13747/13929] Built HexRealClosure.LocalSampleTests (11s)
info: HexRealClosure/LocalSampleTests.lean:76:0: local section and sector samples passed
ℹ [13748/13929] Built HexRealClosure.SampleTests (14s)
info: HexRealClosure/SampleTests.lean:107:0: native section and sector samples passed
✔ [13749/13929] Built HexNumberFieldMathlib.Exact (6.6s)
ℹ [13750/13929] Built HexRealClosure.Tests (6.3s)
info: HexRealClosure/Tests.lean:66:0: some (1, -1, 0, -1, 0, 0)
info: HexRealClosure/Tests.lean:69:0: true
info: HexRealClosure/Tests.lean:86:0: some (1, 0, 1, -1)
info: HexRealClosure/Tests.lean:95:0: some (true, true)
info: HexRealClosure/Tests.lean:101:0: 1
info: HexRealClosure/Tests.lean:114:0: some (0, 1, 0)
info: HexRealClosure/Tests.lean:133:0: some (1, 1, 1, -1, 2, 8)
info: HexRealClosure/Tests.lean:143:0: some true
info: HexRealClosure/Tests.lean:156:0: some (2, 2, 1)
info: HexRealClosure/Tests.lean:166:0: some (0, 7)
info: HexRealClosure/Tests.lean:181:0: some (3, 1, 0)
info: HexRealClosure/Tests.lean:197:0: some (1, true, true)
info: HexRealClosure/Tests.lean:214:0: some (true, 1, true, -1)
info: HexRealClosure/Tests.lean:226:0: some (true, 1, true)
info: HexRealClosure/Tests.lean:241:0: some (-1, true, -1)
info: HexRealClosure/Tests.lean:258:0: some (true, true, true, 1, -1, true, false, true, true)
info: HexRealClosure/Tests.lean:274:0: some (true, true, 1)
info: HexRealClosure/Tests.lean:287:0: some (false, true, 1, true)
info: HexRealClosure/Tests.lean:299:0: some (true, true, 1)
info: HexRealClosure/Tests.lean:314:0: some (2, 1, true, true)
info: HexRealClosure/Tests.lean:330:0: some (1, true, true)
info: HexRealClosure/Tests.lean:354:0: some (2, true, 3, 2, 3, true, true, true)
info: HexRealClosure/Tests.lean:380:0: some (3, 3, 3, true, true, true, true, true)
info: HexRealClosure/Tests.lean:418:0: some
  (-1, true, true, true, [0, -3, 1], [-3 / 7, -1 / 7], [[0, 1], [], [2], [0, 1]], [[0, 1], [], [2], [0, 1]],
    [[0, 1], [], [2], [0, 1]])
info: HexRealClosure/Tests.lean:443:0: some (3, true, -1)
info: HexRealClosure/Tests.lean:459:0: some (true, 1, true)
info: HexRealClosure/Tests.lean:472:0: some (2, #[(#[-1, 1], 2), (#[-2, 1], 3)])
info: HexRealClosure/Tests.lean:572:0: some (5, #[-1, 1])
info: HexRealClosure/Tests.lean:619:0: some (1, 2, true)
✔ [13751/13929] Built HexRankMathlib.NumberFieldTests (4.2s)
✔ [13753/13929] Built HexNumberFieldMathlib.Lazy (4.8s)
⚠ [13754/13929] Built HexNumberFieldMathlib.IntegerRoots (6.5s)
warning: HexNumberFieldMathlib/IntegerRoots.lean:404:33: Used `tac1 <;> tac2` where `(tac1; tac2)` would suffice

Note: This linter can be disabled with `set_option linter.unnecessarySeqFocus false`
✔ [13755/13929] Built HexNumberFieldMathlib.AlgebraicPoly (3.7s)
✔ [13756/13929] Built HexNumberFieldMathlib.RootDisambiguation (4.8s)
✔ [13757/13929] Built HexNumberFieldMathlib.Interval (3.3s)
✔ [13758/13929] Built HexNumberFieldMathlib.Presentation (3.3s)
✔ [13759/13929] Built HexRealClosure.LiveRequestTests (28s)
✔ [13761/13929] Built HexNumberFieldMathlib.Field (2.8s)
✔ [13762/13929] Built HexNumberFieldMathlib.Primitive (3.7s)
✔ [13763/13929] Built HexNumberFieldMathlib.Embedding (2.9s)
✔ [13764/13929] Built HexNumberFieldMathlib.Nearest (4.0s)
✔ [13765/13929] Built HexNumberFieldMathlib.Roots (7.8s)
✔ [13766/13929] Built HexNumberFieldMathlib.Polynomial (3.0s)
✔ [13767/13929] Built HexNumberFieldMathlib.Algebraic (3.0s)
✔ [13768/13929] Built HexNumberFieldMathlib.Conjugate (2.7s)
✔ [13769/13929] Built HexRealAlgebraicMathlib.Basic (2.9s)
✔ [13770/13929] Built HexNumberFieldMathlib.Order (2.9s)
✔ [13771/13929] Built HexNumberFieldMathlib.Coordinates (6.4s)
✔ [13772/13929] Built HexNumberFieldMathlib.ComponentRoots (3.7s)
✔ [13773/13929] Built HexRealAlgebraicMathlib.Field (2.7s)
⚠ [13774/13929] Built HexNumberFieldMathlib.RootSelection (2.8s)
warning: HexNumberFieldMathlib/RootSelection.lean:172:33: Used `tac1 <;> tac2` where `(tac1; tac2)` would suffice

Note: This linter can be disabled with `set_option linter.unnecessarySeqFocus false`
✔ [13775/13929] Built HexNumberFieldMathlib.PresentationSemantics (2.7s)
✔ [13776/13929] Built HexNumberFieldMathlib.Branch (2.8s)
✔ [13777/13929] Built HexNumberFieldMathlib.RootOrder (3.8s)
✔ [13778/13929] Built HexRealAlgebraicMathlib.Order (2.8s)
✔ [13779/13929] Built HexNumberFieldMathlib.IntegerSelection (2.9s)
✔ [13780/13929] Built HexNumberFieldMathlib.AlgebraicRoots (2.7s)
⚠ [13781/13929] Built HexNumberFieldMathlib.CommonField (2.8s)
warning: HexNumberFieldMathlib/CommonField.lean:109:2: Try this: 
  letI̵

The goal is a proposition, so `let` is preferred over `letI`.
The difference between `let` and `letI` is that `letI` inlines the value.
But this is not relevant for proofs because of proof irrelevance.

Note: This linter can be disabled with `set_option linter.style.haveILetI false`
warning: HexNumberFieldMathlib/CommonField.lean:145:4: Try this: 
  letI̵

The goal is a proposition, so `let` is preferred over `letI`.
The difference between `let` and `letI` is that `letI` inlines the value.
But this is not relevant for proofs because of proof irrelevance.

Note: This linter can be disabled with `set_option linter.style.haveILetI false`
✔ [13782/13929] Built HexRealAlgebraicMathlib.Algebraic (2.9s)
✔ [13783/13929] Built HexRealAlgebraicMathlib.Approx (2.9s)
✔ [13784/13929] Built HexNumberFieldMathlib.Unity (2.0s)
✔ [13785/13929] Built HexRCF.RealCoefficients.Radical (2.9s)
✔ [13786/13929] Built HexNumberFieldMathlib.AlgebraicallyClosed (2.9s)
✔ [13787/13929] Built HexNumberFieldMathlib.RealSignBound (2.9s)
✔ [13788/13929] Built HexRealAlgebraicMathlib.Polynomial (2.9s)
✔ [13789/13929] Built HexRealAlgebraicMathlib.Repr (3.1s)
✔ [13790/13929] Built HexRCF.RealCoefficients.Coefficients (2.9s)
✔ [13791/13929] Built HexRealAlgebraicMathlib.Laws (3.3s)
✔ [13792/13929] Built HexRealAlgebraicMathlib.Rational (2.5s)
✔ [13793/13929] Built HexNumberFieldMathlib.RealSign (2.6s)
⚠ [13794/13929] Built HexRCF.RealCoefficients.Field (2.7s)
warning: adapters/HexRCF/RealCoefficients/Field.lean:249:2: `simp` already closes the goal

Hint: Use `simp` instead of `simpa`:
  [apply] simp [inputs]

Note: This linter can be disabled with `set_option linter.unnecessarySimpa false`
✔ [13795/13929] Built HexRealAlgebraicMathlib.Instances (4.2s)
✔ [13796/13929] Built HexRealAlgebraicMathlib.Rounding (2.5s)
✔ [13797/13929] Built HexRealAlgebraicMathlib.FieldSign (2.6s)
✔ [13798/13929] Built HexRCF.RealCoefficients.SquareRoot (2.9s)
✔ [13799/13929] Built HexRCF.RealCoefficients.FieldSignProgress (3.2s)
⚠ [13800/13929] Built HexRCF.RealCoefficients.SquareTwo (3.2s)
warning: adapters/HexRCF/RealCoefficients/SquareTwo.lean:46:17: `if_neg` has been deprecated: Use `ite_eq_right` instead

Hint: Replace the deprecated name:
  i̵f̵_̵n̵e̵g̵i̲t̲e̲_̲e̲q̲_̲r̲i̲g̲h̲t̲
warning: adapters/HexRCF/RealCoefficients/SquareTwo.lean:46:28: `if_neg` has been deprecated: Use `ite_eq_right` instead

Hint: Replace the deprecated name:
  i̵f̵_̵n̵e̵g̵i̲t̲e̲_̲e̲q̲_̲r̲i̲g̲h̲t̲
warning: adapters/HexRCF/RealCoefficients/SquareTwo.lean:73:19: `if_neg` has been deprecated: Use `ite_eq_right` instead

Hint: Replace the deprecated name:
  i̵f̵_̵n̵e̵g̵i̲t̲e̲_̲e̲q̲_̲r̲i̲g̲h̲t̲
warning: adapters/HexRCF/RealCoefficients/SquareTwo.lean:73:30: `if_neg` has been deprecated: Use `ite_eq_right` instead

Hint: Replace the deprecated name:
  i̵f̵_̵n̵e̵g̵i̲t̲e̲_̲e̲q̲_̲r̲i̲g̲h̲t̲
warning: adapters/HexRCF/RealCoefficients/SquareTwo.lean:93:35: `if_neg` has been deprecated: Use `ite_eq_right` instead

Hint: Replace the deprecated name:
  i̵f̵_̵n̵e̵g̵i̲t̲e̲_̲e̲q̲_̲r̲i̲g̲h̲t̲
warning: adapters/HexRCF/RealCoefficients/SquareTwo.lean:93:46: `if_neg` has been deprecated: Use `ite_eq_right` instead

Hint: Replace the deprecated name:
  i̵f̵_̵n̵e̵g̵i̲t̲e̲_̲e̲q̲_̲r̲i̲g̲h̲t̲
warning: adapters/HexRCF/RealCoefficients/SquareTwo.lean:142:2: Try this: 
  letI̵

The goal is a proposition, so `let` is preferred over `letI`.
The difference between `let` and `letI` is that `letI` inlines the value.
But this is not relevant for proofs because of proof irrelevance.

Note: This linter can be disabled with `set_option linter.style.haveILetI false`
✔ [13801/13929] Built HexRCF.RealCoefficients.Selected (3.2s)
✔ [13802/13929] Built HexRCF.RealCoefficients.CommonPresentation (3.4s)
⚠ [13803/13929] Built HexNumberFieldMathlib.Radical (6.8s)
warning: HexNumberFieldMathlib/Radical.lean:32:12: This simp argument is unused:
  hn

Hint: Omit it from the simp argument list.
  [apply] simp [Ne.symm hn, neg_toComplex, Polynomial.coeff_C]

Note: This linter can be disabled with `set_option linter.unusedSimpArgs false`
warning: HexNumberFieldMathlib/Radical.lean:35:18: This simp argument is unused:
  Ne.symm hn

Hint: Omit it from the simp argument list.
  [apply] simp [hn, neg_toComplex, Polynomial.coeff_C]

Note: This linter can be disabled with `set_option linter.unusedSimpArgs false`
warning: HexNumberFieldMathlib/Radical.lean:35:30: This simp argument is unused:
  neg_toComplex

Hint: Omit it from the simp argument list.
  [apply] simp [hn, Ne.symm hn, Polynomial.coeff_C]

Note: This linter can be disabled with `set_option linter.unusedSimpArgs false`
warning: HexNumberFieldMathlib/Radical.lean:63:48: `simp` already closes the goal

Hint: Use `simp` instead of `simpa`:
  [apply] simp [h] at hrmem

Note: This linter can be disabled with `set_option linter.unnecessarySimpa false`
✔ [13804/13929] Built HexRCF.RealCoefficients.FieldSpecialize (4.0s)
✔ [13805/13929] Built HexRealAlgebraicMathlib.Roots (6.8s)
⚠ [13806/13929] Built HexRCF.RealCoefficients.CubeTwo (2.7s)
warning: adapters/HexRCF/RealCoefficients/CubeTwo.lean:48:17: `if_neg` has been deprecated: Use `ite_eq_right` instead

Hint: Replace the deprecated name:
  i̵f̵_̵n̵e̵g̵i̲t̲e̲_̲e̲q̲_̲r̲i̲g̲h̲t̲
warning: adapters/HexRCF/RealCoefficients/CubeTwo.lean:48:28: `if_neg` has been deprecated: Use `ite_eq_right` instead

Hint: Replace the deprecated name:
  i̵f̵_̵n̵e̵g̵i̲t̲e̲_̲e̲q̲_̲r̲i̲g̲h̲t̲
warning: adapters/HexRCF/RealCoefficients/CubeTwo.lean:79:35: `if_neg` has been deprecated: Use `ite_eq_right` instead

Hint: Replace the deprecated name:
  i̵f̵_̵n̵e̵g̵i̲t̲e̲_̲e̲q̲_̲r̲i̲g̲h̲t̲
warning: adapters/HexRCF/RealCoefficients/CubeTwo.lean:79:46: `if_neg` has been deprecated: Use `ite_eq_right` instead

Hint: Replace the deprecated name:
  i̵f̵_̵n̵e̵g̵i̲t̲e̲_̲e̲q̲_̲r̲i̲g̲h̲t̲
warning: adapters/HexRCF/RealCoefficients/CubeTwo.lean:114:2: Try this: 
  letI̵

The goal is a proposition, so `let` is preferred over `letI`.
The difference between `let` and `letI` is that `letI` inlines the value.
But this is not relevant for proofs because of proof irrelevance.

Note: This linter can be disabled with `set_option linter.style.haveILetI false`
warning: adapters/HexRCF/RealCoefficients/CubeTwo.lean:169:2: Try this: 
  letI̵

The goal is a proposition, so `let` is preferred over `letI`.
The difference between `let` and `letI` is that `letI` inlines the value.
But this is not relevant for proofs because of proof irrelevance.

Note: This linter can be disabled with `set_option linter.style.haveILetI false`
✔ [13807/13929] Built HexNumberFieldMathlib (2.5s)
✔ [13809/13929] Built HexRCF.RealCoefficients.RootAliases (2.5s)
✔ [13810/13929] Built HexRCF.RealCoefficients.Specialize (2.6s)
✔ [13811/13929] Built HexRealAlgebraicMathlib.IntegerRoots (2.6s)
✔ [13812/13929] Built HexRCF.RealCoefficients.FieldCarrier (2.7s)
✔ [13813/13929] Built HexRealAlgebraicMathlib.Sqrt (2.0s)
✔ [13814/13929] Built HexRCF.RealCoefficients.Carrier (2.5s)
✔ [13815/13929] Built HexRealAlgebraicMathlib.RealClosed (2.4s)
✔ [13816/13929] Built HexRealClosureMathlib.Canonical (2.8s)
✔ [13817/13929] Built HexRealAlgebraicMathlib.Complex (2.5s)
✔ [13818/13929] Built HexRCF.RealCoefficients.FieldDecision (3.1s)
✔ [13819/13929] Built HexRCF.RealCoefficients.Interpret (4.3s)
✔ [13820/13929] Built HexRCF.RealCoefficients.IsolationSemantics (2.5s)
✔ [13821/13929] Built HexRealAlgebraicMathlib.Norm (2.3s)
✔ [13822/13929] Built HexRealClosureMathlib.Element (2.9s)
✔ [13823/13929] Built HexRCF.RealCoefficients.FieldRootSigns (2.0s)
✔ [13824/13929] Built HexNumberFieldTowerMathlib.Basic (6.8s)
✔ [13825/13929] Built HexRealAlgebraicMathlib (2.4s)
✔ [13827/13929] Built HexRealAlgebraicMathlib.Tests (2.5s)
✔ [13829/13929] Built HexRCF.RealCoefficients.IsolationProgress (3.3s)
✔ [13830/13929] Built HexRealClosureMathlib.QAdjoin (2.6s)
✔ [13831/13929] Built HexRealClosureMathlib.Polynomial (2.9s)
✔ [13832/13929] Built HexRCF.RealCoefficients.FieldReplay (2.7s)
✔ [13833/13929] Built HexRealClosureMathlib.Yun (3.1s)
✔ [13834/13929] Built HexRCF.RealCoefficients.FieldRootSignsProgress (3.2s)
✔ [13835/13929] Built HexRCF.RealCoefficients.Conversion (6.7s)
✔ [13836/13929] Built HexNumberFieldTowerMathlib.ArithmeticCore.Basic (3.5s)
✔ [13837/13929] Built HexRCF.RealCoefficients.FieldBuild (2.9s)
✔ [13838/13929] Built HexNumberFieldTowerMathlib.ArithmeticCore.Field (3.6s)
✔ [13839/13929] Built HexRealClosureMathlib.YunInvariant (5.3s)
✔ [13840/13929] Built HexRCF.RealCoefficients.Reify (4.5s)
✔ [13841/13929] Built HexRCF.RealCoefficients.FieldBuildBudget (2.5s)
✔ [13842/13929] Built HexRCF.RealCoefficients.FieldIndex (2.8s)
✔ [13843/13929] Built HexRCF.RealCoefficients.FieldRoots (3.3s)
✔ [13844/13929] Built HexNumberFieldTowerMathlib.ArithmeticCore (2.3s)
✔ [13845/13929] Built HexRCF.RealCoefficients.FieldRefinement (2.6s)
✔ [13846/13929] Built HexRealClosureMathlib.TowerYun (2.8s)
✔ [13847/13929] Built HexRealClosureMathlib.AlgebraicYun (2.9s)
✔ [13848/13929] Built HexRealClosureMathlib.RootFactors (3.2s)
✔ [13849/13929] Built HexRCF.RealCoefficients.RadicalProgress (3.5s)
✔ [13850/13929] Built HexRealClosureMathlib.TowerModelTests (2.9s)
✔ [13851/13929] Built HexNumberFieldTowerMathlib.NormCore.Basic (4.0s)
✔ [13852/13929] Built HexRealClosureMathlib.AlgebraicRoots (2.8s)
✔ [13853/13929] Built HexRCF.RealCoefficients.FieldBuildProgress (2.9s)
✔ [13854/13929] Built HexRCF.RealCoefficients.FieldDecisionProgress (2.5s)
✔ [13855/13929] Built HexNumberFieldTowerMathlib.NormCore.Quadratic (3.3s)
⚠ [13856/13929] Built HexManual.Chapters.HexRealAlgebraic (15s)
warning: HexManual/Chapters/HexRealAlgebraic.lean:38:0: Line 38 is too long (77 columns exceeds 60).

Note: Example code is shown on mobile devices and other narrow contexts. Long lines are likely to be truncated in the rendered output.

Hint: The limit of this linter can be changed with the option `verso.code.warnLineLength`. This linter can be disabled by setting this option to 0.
warning: HexManual/Chapters/HexRealAlgebraic.lean:40:0: Line 40 is too long (65 columns exceeds 60).

Note: Example code is shown on mobile devices and other narrow contexts. Long lines are likely to be truncated in the rendered output.

Hint: The limit of this linter can be changed with the option `verso.code.warnLineLength`. This linter can be disabled by setting this option to 0.
warning: HexManual/Chapters/HexRealAlgebraic.lean:62:0: Line 62 is too long (67 columns exceeds 60).

Note: Example code is shown on mobile devices and other narrow contexts. Long lines are likely to be truncated in the rendered output.

Hint: The limit of this linter can be changed with the option `verso.code.warnLineLength`. This linter can be disabled by setting this option to 0.
warning: HexManual/Chapters/HexRealAlgebraic.lean:110:0: Line 110 is too long (66 columns exceeds 60).

Note: Example code is shown on mobile devices and other narrow contexts. Long lines are likely to be truncated in the rendered output.

Hint: The limit of this linter can be changed with the option `verso.code.warnLineLength`. This linter can be disabled by setting this option to 0.
warning: HexManual/Chapters/HexRealAlgebraic.lean:113:0: Line 113 is too long (70 columns exceeds 60).

Note: Example code is shown on mobile devices and other narrow contexts. Long lines are likely to be truncated in the rendered output.

Hint: The limit of this linter can be changed with the option `verso.code.warnLineLength`. This linter can be disabled by setting this option to 0.
warning: HexManual/Chapters/HexRealAlgebraic.lean:133:0: Line 133 is too long (64 columns exceeds 60).

Note: Example code is shown on mobile devices and other narrow contexts. Long lines are likely to be truncated in the rendered output.

Hint: The limit of this linter can be changed with the option `verso.code.warnLineLength`. This linter can be disabled by setting this option to 0.
⚠ [13857/13929] Built HexRealClosureMathlib.RootTotal (6.0s)
warning: adapters/HexRealClosureMathlib/RootTotal.lean:35:0: automatically included section variable(s) unused in theorem `Hex.RealClosure.Roots.factorEntries_success`:
  [Div E]
consider restructuring your `variable` declarations so that the variables are not in scope or explicitly omit them:
  omit [Div E] in theorem ...

Note: This linter can be disabled with `set_option linter.unusedSectionVars false`
✔ [13858/13929] Built HexRCF.RealCoefficients.FiniteReplay (3.1s)
✔ [13859/13929] Built HexRealClosureMathlib.NumberField (2.9s)
✔ [13860/13929] Built HexRealClosureMathlib.Trivial (2.9s)
✔ [13861/13929] Built HexNumberFieldTowerMathlib.NormCore.Trager (4.0s)
✔ [13862/13929] Built HexRealClosureMathlib.TowerRoots (3.0s)
✔ [13863/13929] Built HexRCF.RealCoefficients.Replay (3.4s)
✔ [13864/13929] Built HexNumberFieldTowerMathlib.NormCore (2.8s)
✔ [13865/13929] Built HexRCF.RealCoefficients.FieldLiteral (3.8s)
✔ [13866/13929] Built RealClosureConsumer.Tower (3.1s)
✔ [13868/13929] Built HexRealClosureMathlib.RootTransport (3.4s)
✔ [13869/13929] Built HexRealClosureMathlib.RootList (3.4s)
⚠ [13870/13929] Built HexRealClosureMathlib.TowerCoverage (3.5s)
warning: adapters/HexRealClosureMathlib/TowerCoverage.lean:58:0: automatically included section variable(s) unused in theorem `Hex.RealClosure.Tower.Model.representative_value`:
  [DecidableEq K]
  [IsStrictOrderedRing K]
  [IsRealClosed K]
consider restructuring your `variable` declarations so that the variables are not in scope or explicitly omit them:
  omit [DecidableEq K] [IsStrictOrderedRing K] [IsRealClosed K] in theorem ...

Note: This linter can be disabled with `set_option linter.unusedSectionVars false`
⚠ [13871/13929] Built HexRealClosureMathlib.TrivialTower (3.5s)
warning: adapters/HexRealClosureMathlib/TrivialTower.lean:51:15: This simp argument is unused:
  h

Hint: Omit it from the simp argument list.
  [apply] simp only [Option.map_none, Option.getD_none, RealAlgebraicNumber.zero_toReal]

Note: This linter can be disabled with `set_option linter.unusedSimpArgs false`
⚠ [13872/13929] Built HexRealClosureMathlib.RootPolicy (7.5s)
warning: adapters/HexRealClosureMathlib/RootPolicy.lean:40:0: automatically included section variable(s) unused in theorem `Hex.RealClosure.Roots.Policy.factorEntries_success`:
  [Div E]
consider restructuring your `variable` declarations so that the variables are not in scope or explicitly omit them:
  omit [Div E] in theorem ...

Note: This linter can be disabled with `set_option linter.unusedSectionVars false`
✔ [13873/13929] Built HexRCF.RealCoefficients.FieldRuntime (2.6s)
✔ [13874/13929] Built HexRCF.RealCoefficients.FieldCompile (3.0s)
✔ [13875/13929] Built HexRealClosureMathlib.TrivialTowerTests (2.5s)
✔ [13876/13929] Built HexRealClosureMathlib.RootCollection (2.8s)
⚠ [13877/13929] Built HexRealClosureMathlib.ModelEvaluation (2.7s)
warning: adapters/HexRealClosureMathlib/ModelEvaluation.lean:31:0: automatically included section variable(s) unused in theorem `Hex.RealClosure.Tower.Model.read_apply`:
  [DecidableEq K]
  [DecidableEq G]
consider restructuring your `variable` declarations so that the variables are not in scope or explicitly omit them:
  omit [DecidableEq K] [DecidableEq G] in theorem ...

Note: This linter can be disabled with `set_option linter.unusedSectionVars false`
warning: adapters/HexRealClosureMathlib/ModelEvaluation.lean:36:0: automatically included section variable(s) unused in theorem `Hex.RealClosure.Tower.Model.domain_iff`:
  [DecidableEq K]
  [DecidableEq G]
consider restructuring your `variable` declarations so that the variables are not in scope or explicitly omit them:
  omit [DecidableEq K] [DecidableEq G] in theorem ...

Note: This linter can be disabled with `set_option linter.unusedSectionVars false`
✔ [13878/13929] Built HexRealClosureMathlib.TowerRootPolicy (2.5s)
✔ [13879/13929] Built HexNumberFieldTowerMathlib.FactorGeneric.Trager (5.1s)
✔ [13880/13929] Built HexRCF.RealCoefficients.Tactic (3.0s)
✔ [13881/13929] Built HexRCF.RealCoefficients.Preparation (3.5s)
✔ [13882/13929] Built HexRealClosureMathlib.ModelInventory (2.6s)
✔ [13883/13929] Built HexRealClosureMathlib.Sample (3.8s)
✔ [13884/13929] Built HexNumberFieldTowerMathlib.FactorGeneric.Product (3.1s)
✔ [13885/13929] Built HexRCF.RealCoefficients.RationalRoot (2.8s)
✔ [13886/13929] Built HexRealClosureMathlib.Presentation (5.3s)
⚠ [13887/13929] Built HexRealClosureMathlib.AlgebraicEvaluation (3.7s)
warning: adapters/HexRealClosureMathlib/AlgebraicEvaluation.lean:46:45: This simp argument is unused:
  List.map_nil

Hint: Omit it from the simp argument list.
  [apply] simp only [SignDet.signsAt, List.map_cons, zero, sign_zero] at values

Note: This linter can be disabled with `set_option linter.unusedSimpArgs false`
✔ [13888/13929] Built HexRealClosureMathlib.SampleTests (2.8s)
✔ [13889/13929] Built HexNumberFieldTowerMathlib.FactorGeneric.Sound (2.8s)
⚠ [13890/13929] Built HexRealClosureMathlib.LocalSample (4.4s)
warning: adapters/HexRealClosureMathlib/LocalSample.lean:179:58: `simp` already closes the goal

Hint: Use `simp` instead of `simpa`:
  [apply] simp [boundaries] at member

Note: This linter can be disabled with `set_option linter.unnecessarySimpa false`
warning: adapters/HexRealClosureMathlib/LocalSample.lean:335:29: This simp argument is unused:
  boundaries

Hint: Omit it from the simp argument list.
  [apply] simp only [Family.cells, List.map_nil, List.nil_append, Family.regions, boundaries, List.mem_singleton]

Note: This linter can be disabled with `set_option linter.unusedSimpArgs false`
warning: adapters/HexRealClosureMathlib/LocalSample.lean:343:31: This simp argument is unused:
  boundaries

Hint: Omit it from the simp argument list.
  [apply] simp only [Family.cells, Family.regions, boundaries, List.map_cons, List.mem_append, List.mem_cons,
    afterRootCells]

Note: This linter can be disabled with `set_option linter.unusedSimpArgs false`
warning: adapters/HexRealClosureMathlib/LocalSample.lean:394:29: This simp argument is unused:
  equal

Hint: Omit it from the simp argument list.
  [apply] simp_all [matchesRegion, Region.Mem, Requested]

Note: This linter can be disabled with `set_option linter.unusedSimpArgs false`
warning: adapters/HexRealClosureMathlib/LocalSample.lean:444:83: This simp argument is unused:
  equal

Hint: Omit it from the simp argument list.
  [apply] simp_all [matchesRegion, Endpoint.map]

Note: This linter can be disabled with `set_option linter.unusedSimpArgs false`
✔ [13891/13929] Built HexRCF.RealCoefficients.AlgebraicRoot (3.4s)
✔ [13892/13929] Built HexRealClosureMathlib.PresentationTests (3.2s)
✔ [13893/13929] Built HexNumberFieldTowerMathlib.FactorGeneric.Yun (3.0s)
✔ [13894/13929] Built HexRealClosureMathlib.SuffixEvaluation (2.9s)
✔ [13895/13929] Built HexRealClosureMathlib.LocalSampleTests (2.7s)
✔ [13896/13929] Built HexRCF.RealCoefficients.Samples (3.0s)
⚠ [13897/13929] Built HexRealClosureMathlib.BaseEvaluation (2.8s)
warning: adapters/HexRealClosureMathlib/BaseEvaluation.lean:39:0: automatically included section variable(s) unused in theorem `Hex.RealClosure.Tower.Model.baseField_surjective`:
  [DecidableEq K]
consider restructuring your `variable` declarations so that the variables are not in scope or explicitly omit them:
  omit [DecidableEq K] in theorem ...

Note: This linter can be disabled with `set_option linter.unusedSectionVars false`
✔ [13898/13929] Built HexNumberFieldTowerMathlib.FactorGeneric.Complete (3.5s)
✔ [13899/13929] Built HexRealClosureMathlib.SharedPresentation (6.9s)
✔ [13900/13929] Built HexRCF.RealCoefficients.CommonTactic (5.1s)
✔ [13901/13929] Built HexRCF.RealCoefficients.Gather (2.9s)
✔ [13902/13929] Built HexNumberFieldTowerMathlib.FactorGeneric (2.4s)
⚠ [13903/13929] Built HexRealClosureMathlib.NativeRealization (2.6s)
warning: adapters/HexRealClosureMathlib/NativeRealization.lean:145:4: Try this: 
  letI̵

The goal is a proposition, so `let` is preferred over `letI`.
The difference between `let` and `letI` is that `letI` inlines the value.
But this is not relevant for proofs because of proof irrelevance.

Note: This linter can be disabled with `set_option linter.style.haveILetI false`
warning: adapters/HexRealClosureMathlib/NativeRealization.lean:147:4: Try this: 
  letI̵

The goal is a proposition, so `let` is preferred over `letI`.
The difference between `let` and `letI` is that `letI` inlines the value.
But this is not relevant for proofs because of proof irrelevance.

Note: This linter can be disabled with `set_option linter.style.haveILetI false`
warning: adapters/HexRealClosureMathlib/NativeRealization.lean:148:4: Try this: 
  letI̵

The goal is a proposition, so `let` is preferred over `letI`.
The difference between `let` and `letI` is that `letI` inlines the value.
But this is not relevant for proofs because of proof irrelevance.

Note: This linter can be disabled with `set_option linter.style.haveILetI false`
✔ [13904/13929] Built HexRealClosureMathlib.GatherTests (2.8s)
⚠ [13905/13929] Built HexRealClosureMathlib.SharedPresentationTests (2.8s)
warning: adapters/HexRealClosureMathlib/SharedPresentationTests.lean:110:8: Variable name `model` is not explicitly referenced.

Hint: The binding can be removed (if unused) or named `_` (if used implicitly). Alternatively, prefix the name with `_` to silence this warning:
  [apply] _model

Note: This linter can be disabled with `set_option linter.unusedVariables false`
warning: adapters/HexRealClosureMathlib/SharedPresentationTests.lean:113:12: Variable name `returned` is not explicitly referenced.

Hint: The binding can be removed (if unused) or named `_` (if used implicitly). Alternatively, prefix the name with `_` to silence this warning:
  [apply] _returned

Note: This linter can be disabled with `set_option linter.unusedVariables false`
✔ [13906/13929] Built HexRCF.RealCoefficients.AlgebraicBounds (2.5s)
⚠ [13907/13929] Built HexRealClosureMathlib.LiveRequest (4.4s)
warning: adapters/HexRealClosureMathlib/LiveRequest.lean:58:0: automatically included section variable(s) unused in theorem `Hex.RealClosure.Tower.Live.Frame.transport?_value`:
  [DecidableEq K]
  [IsStrictOrderedRing K]
  [IsRealClosed K]
consider restructuring your `variable` declarations so that the variables are not in scope or explicitly omit them:
  omit [DecidableEq K] [IsStrictOrderedRing K] [IsRealClosed K] in theorem ...

Note: This linter can be disabled with `set_option linter.unusedSectionVars false`
warning: adapters/HexRealClosureMathlib/LiveRequest.lean:66:0: automatically included section variable(s) unused in theorem `Hex.RealClosure.Tower.Live.Frame.transport?_polynomial`:
  [IsStrictOrderedRing K]
  [IsRealClosed K]
consider restructuring your `variable` declarations so that the variables are not in scope or explicitly omit them:
  omit [IsStrictOrderedRing K] [IsRealClosed K] in theorem ...

Note: This linter can be disabled with `set_option linter.unusedSectionVars false`
warning: adapters/HexRealClosureMathlib/LiveRequest.lean:218:47: `simp` already closes the goal

Hint: Use `simp` instead of `simpa`:
  [apply] simp [Request.owners]

Note: This linter can be disabled with `set_option linter.unnecessarySimpa false`
warning: adapters/HexRealClosureMathlib/LiveRequest.lean:229:47: `simp` already closes the goal

Hint: Use `simp` instead of `simpa`:
  [apply] simp [Request.owners]

Note: This linter can be disabled with `set_option linter.unnecessarySimpa false`
✔ [13908/13929] Built HexNumberFieldTowerMathlib.Arithmetic (2.7s)
✔ [13909/13929] Built HexRealClosureMathlib.NativeRealizationTests (3.4s)
✔ [13910/13929] Built HexRealClosureMathlib.LiveRequestTests (2.4s)
✔ [13912/13929] Built HexRCF.RealCoefficients.Finite (3.5s)
✔ [13913/13929] Built HexNumberFieldTowerMathlib.Norm (2.4s)
✔ [13914/13929] Built HexRCF.RealCoefficients (2.2s)
✔ [13916/13929] Built HexNumberFieldTowerMathlib.Factor (2.6s)
✔ [13917/13929] Built HexNumberFieldTowerMathlib.Adjoin (2.8s)
✔ [13918/13929] Built HexNumberFieldTowerMathlib.Split (3.1s)
✔ [13919/13929] Built HexNumberFieldTowerMathlib.Flatten (4.0s)
✔ [13920/13929] Built HexNumberFieldTowerMathlib.Total (2.2s)
✔ [13921/13929] Built HexNumberFieldTowerMathlib (2.2s)
✔ [13923/13929] Built HexAggregateCheck (3.0s)
⚠ [13925/13929] Built HexManual.Chapters.HexNumberField (97s)
warning: HexManual/Chapters/HexNumberField.lean:397:0: Line 397 is too long (78 columns exceeds 60).

Note: Example code is shown on mobile devices and other narrow contexts. Long lines are likely to be truncated in the rendered output.

Hint: The limit of this linter can be changed with the option `verso.code.warnLineLength`. This linter can be disabled by setting this option to 0.
warning: HexManual/Chapters/HexNumberField.lean:420:0: Line 420 is too long (75 columns exceeds 60).

Note: Example code is shown on mobile devices and other narrow contexts. Long lines are likely to be truncated in the rendered output.

Hint: The limit of this linter can be changed with the option `verso.code.warnLineLength`. This linter can be disabled by setting this option to 0.
warning: HexManual/Chapters/HexNumberField.lean:423:0: Line 423 is too long (70 columns exceeds 60).

Note: Example code is shown on mobile devices and other narrow contexts. Long lines are likely to be truncated in the rendered output.

Hint: The limit of this linter can be changed with the option `verso.code.warnLineLength`. This linter can be disabled by setting this option to 0.
warning: HexManual/Chapters/HexNumberField.lean:441:0: Line 441 is too long (61 columns exceeds 60).

Note: Example code is shown on mobile devices and other narrow contexts. Long lines are likely to be truncated in the rendered output.

Hint: The limit of this linter can be changed with the option `verso.code.warnLineLength`. This linter can be disabled by setting this option to 0.
warning: HexManual/Chapters/HexNumberField.lean:442:0: Line 442 is too long (63 columns exceeds 60).

Note: Example code is shown on mobile devices and other narrow contexts. Long lines are likely to be truncated in the rendered output.

Hint: The limit of this linter can be changed with the option `verso.code.warnLineLength`. This linter can be disabled by setting this option to 0.
warning: HexManual/Chapters/HexNumberField.lean:443:0: Line 443 is too long (77 columns exceeds 60).

Note: Example code is shown on mobile devices and other narrow contexts. Long lines are likely to be truncated in the rendered output.

Hint: The limit of this linter can be changed with the option `verso.code.warnLineLength`. This linter can be disabled by setting this option to 0.
warning: HexManual/Chapters/HexNumberField.lean:444:0: Line 444 is too long (76 columns exceeds 60).

Note: Example code is shown on mobile devices and other narrow contexts. Long lines are likely to be truncated in the rendered output.

Hint: The limit of this linter can be changed with the option `verso.code.warnLineLength`. This linter can be disabled by setting this option to 0.
warning: HexManual/Chapters/HexNumberField.lean:447:0: Line 447 is too long (68 columns exceeds 60).

Note: Example code is shown on mobile devices and other narrow contexts. Long lines are likely to be truncated in the rendered output.

Hint: The limit of this linter can be changed with the option `verso.code.warnLineLength`. This linter can be disabled by setting this option to 0.
warning: HexManual/Chapters/HexNumberField.lean:486:0: Line 486 is too long (78 columns exceeds 60).

Note: Example code is shown on mobile devices and other narrow contexts. Long lines are likely to be truncated in the rendered output.

Hint: The limit of this linter can be changed with the option `verso.code.warnLineLength`. This linter can be disabled by setting this option to 0.
warning: HexManual/Chapters/HexNumberField.lean:489:0: Line 489 is too long (72 columns exceeds 60).

Note: Example code is shown on mobile devices and other narrow contexts. Long lines are likely to be truncated in the rendered output.

Hint: The limit of this linter can be changed with the option `verso.code.warnLineLength`. This linter can be disabled by setting this option to 0.
warning: HexManual/Chapters/HexNumberField.lean:505:0: Line 505 is too long (64 columns exceeds 60).

Note: Example code is shown on mobile devices and other narrow contexts. Long lines are likely to be truncated in the rendered output.

Hint: The limit of this linter can be changed with the option `verso.code.warnLineLength`. This linter can be disabled by setting this option to 0.
✔ [13926/13929] Built HexManual.Chapters.HexNumberFieldTower (46s)
⚠ [13927/13929] Built HexManual.Chapters.HexRCF (167s)
warning: HexManual/Chapters/HexRCF.lean:508:0: Line 508 is too long (68 columns exceeds 60).

Note: Example code is shown on mobile devices and other narrow contexts. Long lines are likely to be truncated in the rendered output.

Hint: The limit of this linter can be changed with the option `verso.code.warnLineLength`. This linter can be disabled by setting this option to 0.
warning: HexManual/Chapters/HexRCF.lean:512:0: Line 512 is too long (90 columns exceeds 60).

Note: Example code is shown on mobile devices and other narrow contexts. Long lines are likely to be truncated in the rendered output.

Hint: The limit of this linter can be changed with the option `verso.code.warnLineLength`. This linter can be disabled by setting this option to 0.
warning: HexManual/Chapters/HexRCF.lean:516:0: Line 516 is too long (72 columns exceeds 60).

Note: Example code is shown on mobile devices and other narrow contexts. Long lines are likely to be truncated in the rendered output.

Hint: The limit of this linter can be changed with the option `verso.code.warnLineLength`. This linter can be disabled by setting this option to 0.
warning: HexManual/Chapters/HexRCF.lean:919:0: Line 919 is too long (70 columns exceeds 60).

Note: Example code is shown on mobile devices and other narrow contexts. Long lines are likely to be truncated in the rendered output.

Hint: The limit of this linter can be changed with the option `verso.code.warnLineLength`. This linter can be disabled by setting this option to 0.
warning: HexManual/Chapters/HexRCF.lean:925:0: Line 925 is too long (68 columns exceeds 60).

Note: Example code is shown on mobile devices and other narrow contexts. Long lines are likely to be truncated in the rendered output.

Hint: The limit of this linter can be changed with the option `verso.code.warnLineLength`. This linter can be disabled by setting this option to 0.
warning: HexManual/Chapters/HexRCF.lean:1139:0: Line 1139 is too long (74 columns exceeds 60).

Note: Example code is shown on mobile devices and other narrow contexts. Long lines are likely to be truncated in the rendered output.

Hint: The limit of this linter can be changed with the option `verso.code.warnLineLength`. This linter can be disabled by setting this option to 0.
warning: HexManual/Chapters/HexRCF.lean:1140:0: Line 1140 is too long (79 columns exceeds 60).

Note: Example code is shown on mobile devices and other narrow contexts. Long lines are likely to be truncated in the rendered output.

Hint: The limit of this linter can be changed with the option `verso.code.warnLineLength`. This linter can be disabled by setting this option to 0.
warning: HexManual/Chapters/HexRCF.lean:1147:0: Line 1147 is too long (65 columns exceeds 60).

Note: Example code is shown on mobile devices and other narrow contexts. Long lines are likely to be truncated in the rendered output.

Hint: The limit of this linter can be changed with the option `verso.code.warnLineLength`. This linter can be disabled by setting this option to 0.
warning: HexManual/Chapters/HexRCF.lean:1217:0: Line 1217 is too long (70 columns exceeds 60).

Note: Example code is shown on mobile devices and other narrow contexts. Long lines are likely to be truncated in the rendered output.

Hint: The limit of this linter can be changed with the option `verso.code.warnLineLength`. This linter can be disabled by setting this option to 0.
warning: HexManual/Chapters/HexRCF.lean:1221:0: Line 1221 is too long (70 columns exceeds 60).

Note: Example code is shown on mobile devices and other narrow contexts. Long lines are likely to be truncated in the rendered output.

Hint: The limit of this linter can be changed with the option `verso.code.warnLineLength`. This linter can be disabled by setting this option to 0.
warning: HexManual/Chapters/HexRCF.lean:1436:0: Line 1436 is too long (66 columns exceeds 60).

Note: Example code is shown on mobile devices and other narrow contexts. Long lines are likely to be truncated in the rendered output.

Hint: The limit of this linter can be changed with the option `verso.code.warnLineLength`. This linter can be disabled by setting this option to 0.
warning: HexManual/Chapters/HexRCF.lean:1463:0: Line 1463 is too long (61 columns exceeds 60).

Note: Example code is shown on mobile devices and other narrow contexts. Long lines are likely to be truncated in the rendered output.

Hint: The limit of this linter can be changed with the option `verso.code.warnLineLength`. This linter can be disabled by setting this option to 0.
warning: HexManual/Chapters/HexRCF.lean:1502:0: Line 1502 is too long (67 columns exceeds 60).

Note: Example code is shown on mobile devices and other narrow contexts. Long lines are likely to be truncated in the rendered output.

Hint: The limit of this linter can be changed with the option `verso.code.warnLineLength`. This linter can be disabled by setting this option to 0.
warning: HexManual/Chapters/HexRCF.lean:1503:0: Line 1503 is too long (66 columns exceeds 60).

Note: Example code is shown on mobile devices and other narrow contexts. Long lines are likely to be truncated in the rendered output.

Hint: The limit of this linter can be changed with the option `verso.code.warnLineLength`. This linter can be disabled by setting this option to 0.
warning: HexManual/Chapters/HexRCF.lean:1507:0: Line 1507 is too long (62 columns exceeds 60).

Note: Example code is shown on mobile devices and other narrow contexts. Long lines are likely to be truncated in the rendered output.

Hint: The limit of this linter can be changed with the option `verso.code.warnLineLength`. This linter can be disabled by setting this option to 0.
warning: HexManual/Chapters/HexRCF.lean:1536:0: Line 1536 is too long (62 columns exceeds 60).

Note: Example code is shown on mobile devices and other narrow contexts. Long lines are likely to be truncated in the rendered output.

Hint: The limit of this linter can be changed with the option `verso.code.warnLineLength`. This linter can be disabled by setting this option to 0.
warning: HexManual/Chapters/HexRCF.lean:1573:0: Line 1573 is too long (73 columns exceeds 60).

Note: Example code is shown on mobile devices and other narrow contexts. Long lines are likely to be truncated in the rendered output.

Hint: The limit of this linter can be changed with the option `verso.code.warnLineLength`. This linter can be disabled by setting this option to 0.
warning: HexManual/Chapters/HexRCF.lean:1578:0: Line 1578 is too long (65 columns exceeds 60).

Note: Example code is shown on mobile devices and other narrow contexts. Long lines are likely to be truncated in the rendered output.

Hint: The limit of this linter can be changed with the option `verso.code.warnLineLength`. This linter can be disabled by setting this option to 0.
warning: HexManual/Chapters/HexRCF.lean:1579:0: Line 1579 is too long (64 columns exceeds 60).

Note: Example code is shown on mobile devices and other narrow contexts. Long lines are likely to be truncated in the rendered output.

Hint: The limit of this linter can be changed with the option `verso.code.warnLineLength`. This linter can be disabled by setting this option to 0.
warning: HexManual/Chapters/HexRCF.lean:1580:0: Line 1580 is too long (76 columns exceeds 60).

Note: Example code is shown on mobile devices and other narrow contexts. Long lines are likely to be truncated in the rendered output.

Hint: The limit of this linter can be changed with the option `verso.code.warnLineLength`. This linter can be disabled by setting this option to 0.
warning: HexManual/Chapters/HexRCF.lean:1609:0: Line 1609 is too long (64 columns exceeds 60).

Note: Example code is shown on mobile devices and other narrow contexts. Long lines are likely to be truncated in the rendered output.

Hint: The limit of this linter can be changed with the option `verso.code.warnLineLength`. This linter can be disabled by setting this option to 0.
warning: HexManual/Chapters/HexRCF.lean:1615:0: Line 1615 is too long (68 columns exceeds 60).

Note: Example code is shown on mobile devices and other narrow contexts. Long lines are likely to be truncated in the rendered output.

Hint: The limit of this linter can be changed with the option `verso.code.warnLineLength`. This linter can be disabled by setting this option to 0.
warning: HexManual/Chapters/HexRCF.lean:1616:0: Line 1616 is too long (65 columns exceeds 60).

Note: Example code is shown on mobile devices and other narrow contexts. Long lines are likely to be truncated in the rendered output.

Hint: The limit of this linter can be changed with the option `verso.code.warnLineLength`. This linter can be disabled by setting this option to 0.
warning: HexManual/Chapters/HexRCF.lean:1617:0: Line 1617 is too long (64 columns exceeds 60).

Note: Example code is shown on mobile devices and other narrow contexts. Long lines are likely to be truncated in the rendered output.

Hint: The limit of this linter can be changed with the option `verso.code.warnLineLength`. This linter can be disabled by setting this option to 0.
warning: HexManual/Chapters/HexRCF.lean:1648:0: Line 1648 is too long (70 columns exceeds 60).

Note: Example code is shown on mobile devices and other narrow contexts. Long lines are likely to be truncated in the rendered output.

Hint: The limit of this linter can be changed with the option `verso.code.warnLineLength`. This linter can be disabled by setting this option to 0.
warning: HexManual/Chapters/HexRCF.lean:1651:0: Line 1651 is too long (62 columns exceeds 60).

Note: Example code is shown on mobile devices and other narrow contexts. Long lines are likely to be truncated in the rendered output.

Hint: The limit of this linter can be changed with the option `verso.code.warnLineLength`. This linter can be disabled by setting this option to 0.
warning: HexManual/Chapters/HexRCF.lean:1685:0: Line 1685 is too long (69 columns exceeds 60).

Note: Example code is shown on mobile devices and other narrow contexts. Long lines are likely to be truncated in the rendered output.

Hint: The limit of this linter can be changed with the option `verso.code.warnLineLength`. This linter can be disabled by setting this option to 0.
warning: HexManual/Chapters/HexRCF.lean:1721:0: Line 1721 is too long (62 columns exceeds 60).

Note: Example code is shown on mobile devices and other narrow contexts. Long lines are likely to be truncated in the rendered output.

Hint: The limit of this linter can be changed with the option `verso.code.warnLineLength`. This linter can be disabled by setting this option to 0.
warning: HexManual/Chapters/HexRCF.lean:1730:0: Line 1730 is too long (61 columns exceeds 60).

Note: Example code is shown on mobile devices and other narrow contexts. Long lines are likely to be truncated in the rendered output.

Hint: The limit of this linter can be changed with the option `verso.code.warnLineLength`. This linter can be disabled by setting this option to 0.
warning: HexManual/Chapters/HexRCF.lean:1773:0: Line 1773 is too long (63 columns exceeds 60).

Note: Example code is shown on mobile devices and other narrow contexts. Long lines are likely to be truncated in the rendered output.

Hint: The limit of this linter can be changed with the option `verso.code.warnLineLength`. This linter can be disabled by setting this option to 0.
warning: HexManual/Chapters/HexRCF.lean:2506:0: Line 2506 is too long (65 columns exceeds 60).

Note: Example code is shown on mobile devices and other narrow contexts. Long lines are likely to be truncated in the rendered output.

Hint: The limit of this linter can be changed with the option `verso.code.warnLineLength`. This linter can be disabled by setting this option to 0.
warning: HexManual/Chapters/HexRCF.lean:2660:0: Line 2660 is too long (80 columns exceeds 60).

Note: Example code is shown on mobile devices and other narrow contexts. Long lines are likely to be truncated in the rendered output.

Hint: The limit of this linter can be changed with the option `verso.code.warnLineLength`. This linter can be disabled by setting this option to 0.
✔ [13928/13929] Built HexManual (4.9s)
Build completed successfully (13929 jobs).
