⚠ [2052/2253] Replayed HexRationalFn.Map
warning: HexRationalFn/Map.lean:61:8: automatically included section variable(s) unused in theorem `_private.HexRationalFn.Map.0.Hex.RationalFn.coeff_add`:
  [DecidableEq K]
  [DecidableEq L]
consider restructuring your `variable` declarations so that the variables are not in scope or explicitly omit them:
  omit [DecidableEq K] [DecidableEq L] in theorem ...

Note: This linter can be disabled with `set_option linter.unusedSectionVars false`
ℹ [3398/3621] Replayed HexBareiss.Bareiss
info: HexBareiss/Bareiss.lean:240:2: Try these:
  [apply] [grind
    .] for pattern: [@getElem (Vector #9 #8) (Fin _) _ _ _ (@getElem (Matrix _ _ _) (Fin _) (Vector _ _) _ _ #5 #1 _) #4 _, @findPivot? _ #8 #7 #6 #5 #4 #3]
  [apply] [grind →] for pattern: [@findPivot? #9 #8 #7 #6 #5 #4 #3, @LE.le `[Nat] `[instLENat] #3 (@Fin.val #8 #1)]
  [apply] [grind
    <=] for pattern: [@getElem (Vector #9 #8) (Fin _) _ _ _ (@getElem (Matrix _ _ _) (Fin _) (Vector _ _) _ _ #5 #1 _) #4 _, @LE.le `[Nat] `[instLENat] #3 (@Fin.val #8 #1)]
  [apply] [grind! →] for pattern: [@findPivot? #9 #8 #7 #6 #5 #4 #3, @Fin.val #8 #1]
info: HexBareiss/Bareiss.lean:982:2: Try this:
  [apply] [grind =] for pattern: [@pivotLoopWith #7 #6 #5 #4 #3 #2 #1 `[0] #0]
info: HexBareiss/Bareiss.lean:990:2: Try these:
  [apply] [grind =] for pattern: [@pivotLoopWith #9 #8 #7 #6 #5 #4 #3 (#2 + 1) #1]
  [apply] [grind
    =>] for pattern: [@LE.le `[Nat] `[instLENat] #8 ((@BareissState.step #9 #8 #1) + 1), @pivotLoopWith _ #8 #7 #6 #5 #4 #3 (#2 + 1) #1]
info: HexBareiss/Bareiss.lean:1000:2: Try these:
  [apply] [grind =] for pattern: [@pivotLoopWith #10 #9 #8 #7 #6 #5 #4 (#3 + 1) #2]
  [apply] [grind
    =_] for pattern: [@pivotLoopWith #10 #9 #8 #7 #6 #5 #4 #3 (@BareissState.mk _ #9 ((@BareissState.step _ #9 #2) + 1) (@stepMatrixWith _ #9 _ _ _ #4 (@BareissState.matrix _ #9 #2) (@BareissState.step _ #9 #2) (@getElem (Vector _ _) `[Nat] _ _ _ (@getElem (Matrix _ _ _) `[Nat] (Vector _ _) _ _ (@BareissState.matrix _ #9 #2) (@BareissState.step _ #9 #2) _) (@BareissState.step _ #9 #2) _) (@BareissState.prevPivot _ #9 #2)) (@getElem (Vector _ _) `[Nat] _ _ _ (@getElem (Matrix _ _ _) `[Nat] (Vector _ _) _ _ (@BareissState.matrix _ #9 #2) (@BareissState.step _ #9 #2) _) (@BareissState.step _ #9 #2) _) (@BareissState.rowSwaps _ #9 #2) `[none])]
  [apply] [grind
    =>] for pattern: [@LE.le `[Nat] `[instLENat] ((@BareissState.step #10 #9 #2) + 2) #9, @pivotLoopWith _ #9 #8 #7 #6 #5 #4 (#3 + 1) #2]
info: HexBareiss/Bareiss.lean:1017:2: Try these:
  [apply] [grind =] for pattern: [@pivotLoopWith #11 #10 #9 #8 #7 #6 #5 (#4 + 1) #3]
  [apply] [grind
    =>] for pattern: [@LE.le `[Nat] `[instLENat] ((@BareissState.step #11 #10 #3) + 2) #10, @findPivot? _ #10 #9 #6 (@BareissState.matrix _ #10 #3) (@Fin.mk #10 (@BareissState.step _ #10 #3) _) ((@BareissState.step _ #10 #3) + 1), @pivotLoopWith _ #10 _ #8 #7 _ #5 (#4 + 1) #3]
info: HexBareiss/Bareiss.lean:1033:2: Try these:
  [apply] [grind
    =_] for pattern: [@pivotLoopWith #13 #12 #11 #10 #9 #8 #7 #6 (@BareissState.mk _ #12 ((@BareissState.step _ #12 #5) + 1) (@stepMatrixWith _ #12 _ _ _ #7 (@rowSwap _ #12 #12 (@BareissState.matrix _ #12 #5) (@Fin.mk #12 (@BareissState.step _ #12 #5) _) #2) (@BareissState.step _ #12 #5) (@getElem (Vector _ _) `[Nat] _ _ _ (@getElem (Matrix _ _ _) `[Nat] (Vector _ _) _ _ (@rowSwap _ #12 #12 (@BareissState.matrix _ #12 #5) (@Fin.mk #12 (@BareissState.step _ #12 #5) _) #2) (@BareissState.step _ #12 #5) _) (@BareissState.step _ #12 #5) _) (@BareissState.prevPivot _ #12 #5)) (@getElem (Vector _ _) `[Nat] _ _ _ (@getElem (Matrix _ _ _) `[Nat] (Vector _ _) _ _ (@rowSwap _ #12 #12 (@BareissState.matrix _ #12 #5) (@Fin.mk #12 (@BareissState.step _ #12 #5) _) #2) (@BareissState.step _ #12 #5) _) (@BareissState.step _ #12 #5) _) ((@BareissState.rowSwaps _ #12 #5) + 1) `[none])]
  [apply] [grind
    .] for pattern: [@pivotLoopWith #13 #12 #11 #10 #9 #8 #7 (#6 + 1) #5, @pivotLoopWith _ #12 _ _ _ _ #7 #6 (@BareissState.mk _ #12 ((@BareissState.step _ #12 #5) + 1) (@stepMatrixWith _ #12 _ _ _ #7 (@rowSwap _ #12 #12 (@BareissState.matrix _ #12 #5) (@Fin.mk #12 (@BareissState.step _ #12 #5) _) #2) (@BareissState.step _ #12 #5) (@getElem (Vector _ _) `[Nat] _ _ _ (@getElem (Matrix _ _ _) `[Nat] (Vector _ _) _ _ (@rowSwap _ #12 #12 (@BareissState.matrix _ #12 #5) (@Fin.mk #12 (@BareissState.step _ #12 #5) _) #2) (@BareissState.step _ #12 #5) _) (@BareissState.step _ #12 #5) _) (@BareissState.prevPivot _ #12 #5)) (@getElem (Vector _ _) `[Nat] _ _ _ (@getElem (Matrix _ _ _) `[Nat] (Vector _ _) _ _ (@rowSwap _ #12 #12 (@BareissState.matrix _ #12 #5) (@Fin.mk #12 (@BareissState.step _ #12 #5) _) #2) (@BareissState.step _ #12 #5) _) (@BareissState.step _ #12 #5) _) ((@BareissState.rowSwaps _ #12 #5) + 1) `[none])]
  [apply] [grind
    =>] for pattern: [@LE.le `[Nat] `[instLENat] ((@BareissState.step #13 #12 #5) + 2) #12, @findPivot? _ #12 #11 #8 (@BareissState.matrix _ #12 #5) (@Fin.mk #12 (@BareissState.step _ #12 #5) _) ((@BareissState.step _ #12 #5) + 1), @some (Fin _) #2, @pivotLoopWith _ #12 _ #10 #9 _ #7 (#6 + 1) #5]
  [apply] [grind!
    .] for pattern: [@pivotLoopWith #13 #12 #11 #10 #9 #8 #7 (#6 + 1) #5, @rowSwap _ #12 #12 (@BareissState.matrix _ #12 #5) (@Fin.mk #12 (@BareissState.step _ #12 #5) _) #2]
info: HexBareiss/Bareiss.lean:1141:2: Try this:
  [apply] [grind =] for pattern: [@noPivotLoopWith #7 #6 #5 #4 #3 #2 #1 `[0] #0]
info: HexBareiss/Bareiss.lean:1149:2: Try these:
  [apply] [grind =] for pattern: [@noPivotLoopWith #9 #8 #7 #6 #5 #4 #3 (#2 + 1) #1]
  [apply] [grind
    =>] for pattern: [@LE.le `[Nat] `[instLENat] #8 ((@BareissState.step #9 #8 #1) + 1), @noPivotLoopWith _ #8 #7 #6 #5 #4 #3 (#2 + 1) #1]
info: HexBareiss/Bareiss.lean:1158:2: Try these:
  [apply] [grind =] for pattern: [@noPivotLoopWith #10 #9 #8 #7 #6 #5 #4 (#3 + 1) #2]
  [apply] [grind
    =>] for pattern: [@LE.le `[Nat] `[instLENat] ((@BareissState.step #10 #9 #2) + 2) #9, @noPivotLoopWith _ #9 #8 #7 #6 #5 #4 (#3 + 1) #2]
info: HexBareiss/Bareiss.lean:1168:2: Try these:
  [apply] [grind =] for pattern: [@noPivotLoopWith #10 #9 #8 #7 #6 #5 #4 (#3 + 1) #2]
  [apply] [grind
    =_] for pattern: [@noPivotLoopWith #10 #9 #8 #7 #6 #5 #4 #3 (@BareissState.mk _ #9 ((@BareissState.step _ #9 #2) + 1) (@stepMatrixWith _ #9 _ _ _ #4 (@BareissState.matrix _ #9 #2) (@BareissState.step _ #9 #2) (@getElem (Vector _ _) `[Nat] _ _ _ (@getElem (Matrix _ _ _) `[Nat] (Vector _ _) _ _ (@BareissState.matrix _ #9 #2) (@BareissState.step _ #9 #2) _) (@BareissState.step _ #9 #2) _) (@BareissState.prevPivot _ #9 #2)) (@getElem (Vector _ _) `[Nat] _ _ _ (@getElem (Matrix _ _ _) `[Nat] (Vector _ _) _ _ (@BareissState.matrix _ #9 #2) (@BareissState.step _ #9 #2) _) (@BareissState.step _ #9 #2) _) (@BareissState.rowSwaps _ #9 #2) `[none])]
  [apply] [grind
    =>] for pattern: [@LE.le `[Nat] `[instLENat] ((@BareissState.step #10 #9 #2) + 2) #9, @noPivotLoopWith _ #9 #8 #7 #6 #5 #4 (#3 + 1) #2]
info: HexBareiss/Bareiss.lean:1185:2: Try these:
  [apply] [grind
    =] for pattern: [@getElem (Vector #11 #10) (Fin _) _ _ _ (@getElem (Matrix _ _ _) (Fin _) (Vector _ _) _ _ (@BareissState.matrix _ #10 (@noPivotLoopWith _ #10 #9 #8 #7 #6 #5 #4 #3)) #2 _) #1 _]
  [apply] [grind
    =>] for pattern: [@LE.le `[Nat] `[instLENat] (@Fin.val #10 #2) (@BareissState.step #11 #10 #3), @LE.le `[Nat] `[instLENat] ((@Fin.val #10 #1) + 1) (@BareissState.step _ #10 #3), @getElem (Vector _ _) (Fin _) _ _ _ (@getElem (Matrix _ _ _) (Fin _) (Vector _ _) _ _ (@BareissState.matrix _ #10 (@noPivotLoopWith _ #10 #9 #8 #7 #6 #5 #4 #3)) #2 _) #1 _]
  [apply] [grind!
    =>] for pattern: [@LE.le `[Nat] `[instLENat] (@Fin.val #10 #2) (@BareissState.step #11 #10 #3), @LE.le `[Nat] `[instLENat] ((@Fin.val #10 #1) + 1) (@BareissState.step _ #10 #3), @noPivotLoopWith _ #10 #9 #8 #7 #6 #5 #4 #3]
info: HexBareiss/Bareiss.lean:1660:2: Try this:
  [apply] [grind
    =] for pattern: [@pivotLoopWith `[Int] #1 `[Zero.ofOfNat0] `[Int.instSub] `[Int.instMul] `[Int.instDecidableEq] `[HexArith.Int.exactDiv] `[0] #0]
info: HexBareiss/Bareiss.lean:1665:2: Try these:
  [apply] [grind
    =] for pattern: [@pivotLoopWith `[Int] #3 `[Zero.ofOfNat0] `[Int.instSub] `[Int.instMul] `[Int.instDecidableEq] `[HexArith.Int.exactDiv] (#2 + 1) #1]
  [apply] [grind
    =>] for pattern: [@LE.le `[Nat] `[instLENat] #3 ((@BareissState.step `[Int] #3 #1) + 1), @pivotLoopWith `[Int] #3 `[Zero.ofOfNat0] `[Int.instSub] `[Int.instMul] `[Int.instDecidableEq] `[HexArith.Int.exactDiv] (#2 + 1) #1]
info: HexBareiss/Bareiss.lean:1671:2: Try these:
  [apply] [grind
    =] for pattern: [@pivotLoopWith `[Int] #4 `[Zero.ofOfNat0] `[Int.instSub] `[Int.instMul] `[Int.instDecidableEq] `[HexArith.Int.exactDiv] (#3 + 1) #2]
  [apply] [grind
    =_] for pattern: [@pivotLoopWith `[Int] #4 `[Zero.ofOfNat0] `[Int.instSub] `[Int.instMul] `[Int.instDecidableEq] `[HexArith.Int.exactDiv] #3 (@BareissState.mk `[Int] #4 ((@BareissState.step `[Int] #4 #2) + 1) (@stepMatrixWith `[Int] #4 `[Zero.ofOfNat0] `[Int.instSub] `[Int.instMul] `[HexArith.Int.exactDiv] (@BareissState.matrix `[Int] #4 #2) (@BareissState.step `[Int] #4 #2) (@getElem (Vector `[Int] _) `[Nat] `[Int] _ _ (@getElem (Matrix `[Int] _ _) `[Nat] (Vector `[Int] _) _ _ (@BareissState.matrix `[Int] #4 #2) (@BareissState.step `[Int] #4 #2) _) (@BareissState.step `[Int] #4 #2) _) (@BareissState.prevPivot `[Int] #4 #2)) (@getElem (Vector `[Int] _) `[Nat] `[Int] _ _ (@getElem (Matrix `[Int] _ _) `[Nat] (Vector `[Int] _) _ _ (@BareissState.matrix `[Int] #4 #2) (@BareissState.step `[Int] #4 #2) _) (@BareissState.step `[Int] #4 #2) _) (@BareissState.rowSwaps `[Int] #4 #2) `[none])]
  [apply] [grind
    =>] for pattern: [@LE.le `[Nat] `[instLENat] ((@BareissState.step `[Int] #4 #2) + 2) #4, @pivotLoopWith `[Int] #4 `[Zero.ofOfNat0] `[Int.instSub] `[Int.instMul] `[Int.instDecidableEq] `[HexArith.Int.exactDiv] (#3 + 1) #2]
info: HexBareiss/Bareiss.lean:1685:2: Try these:
  [apply] [grind
    =] for pattern: [@pivotLoopWith `[Int] #5 `[Zero.ofOfNat0] `[Int.instSub] `[Int.instMul] `[Int.instDecidableEq] `[HexArith.Int.exactDiv] (#4 + 1) #3]
  [apply] [grind
    =>] for pattern: [@LE.le `[Nat] `[instLENat] ((@BareissState.step `[Int] #5 #3) + 2) #5, @pivotLoopWith `[Int] #5 `[Zero.ofOfNat0] `[Int.instSub] `[Int.instMul] `[Int.instDecidableEq] `[HexArith.Int.exactDiv] (#4 + 1) #3]
info: HexBareiss/Bareiss.lean:1697:2: Try these:
  [apply] [grind
    =_] for pattern: [@pivotLoopWith `[Int] #7 `[Zero.ofOfNat0] `[Int.instSub] `[Int.instMul] `[Int.instDecidableEq] `[HexArith.Int.exactDiv] #6 (@BareissState.mk `[Int] #7 ((@BareissState.step `[Int] #7 #5) + 1) (@stepMatrixWith `[Int] #7 `[Zero.ofOfNat0] `[Int.instSub] `[Int.instMul] `[HexArith.Int.exactDiv] (@rowSwap `[Int] #7 #7 (@BareissState.matrix `[Int] #7 #5) (@Fin.mk #7 (@BareissState.step `[Int] #7 #5) _) #2) (@BareissState.step `[Int] #7 #5) (@getElem (Vector `[Int] _) `[Nat] `[Int] _ _ (@getElem (Matrix `[Int] _ _) `[Nat] (Vector `[Int] _) _ _ (@rowSwap `[Int] #7 #7 (@BareissState.matrix `[Int] #7 #5) (@Fin.mk #7 (@BareissState.step `[Int] #7 #5) _) #2) (@BareissState.step `[Int] #7 #5) _) (@BareissState.step `[Int] #7 #5) _) (@BareissState.prevPivot `[Int] #7 #5)) (@getElem (Vector `[Int] _) `[Nat] `[Int] _ _ (@getElem (Matrix `[Int] _ _) `[Nat] (Vector `[Int] _) _ _ (@rowSwap `[Int] #7 #7 (@BareissState.matrix `[Int] #7 #5) (@Fin.mk #7 (@BareissState.step `[Int] #7 #5) _) #2) (@BareissState.step `[Int] #7 #5) _) (@BareissState.step `[Int] #7 #5) _) ((@BareissState.rowSwaps `[Int] #7 #5) + 1) `[none])]
  [apply] [grind
    .] for pattern: [@pivotLoopWith `[Int] #7 `[Zero.ofOfNat0] `[Int.instSub] `[Int.instMul] `[Int.instDecidableEq] `[HexArith.Int.exactDiv] (#6 + 1) #5, @pivotLoopWith `[Int] #7 `[Zero.ofOfNat0] `[Int.instSub] `[Int.instMul] `[Int.instDecidableEq] `[HexArith.Int.exactDiv] #6 (@BareissState.mk `[Int] #7 ((@BareissState.step `[Int] #7 #5) + 1) (@stepMatrixWith `[Int] #7 `[Zero.ofOfNat0] `[Int.instSub] `[Int.instMul] `[HexArith.Int.exactDiv] (@rowSwap `[Int] #7 #7 (@BareissState.matrix `[Int] #7 #5) (@Fin.mk #7 (@BareissState.step `[Int] #7 #5) _) #2) (@BareissState.step `[Int] #7 #5) (@getElem (Vector `[Int] _) `[Nat] `[Int] _ _ (@getElem (Matrix `[Int] _ _) `[Nat] (Vector `[Int] _) _ _ (@rowSwap `[Int] #7 #7 (@BareissState.matrix `[Int] #7 #5) (@Fin.mk #7 (@BareissState.step `[Int] #7 #5) _) #2) (@BareissState.step `[Int] #7 #5) _) (@BareissState.step `[Int] #7 #5) _) (@BareissState.prevPivot `[Int] #7 #5)) (@getElem (Vector `[Int] _) `[Nat] `[Int] _ _ (@getElem (Matrix `[Int] _ _) `[Nat] (Vector `[Int] _) _ _ (@rowSwap `[Int] #7 #7 (@BareissState.matrix `[Int] #7 #5) (@Fin.mk #7 (@BareissState.step `[Int] #7 #5) _) #2) (@BareissState.step `[Int] #7 #5) _) (@BareissState.step `[Int] #7 #5) _) ((@BareissState.rowSwaps `[Int] #7 #5) + 1) `[none])]
  [apply] [grind
    =>] for pattern: [@LE.le `[Nat] `[instLENat] ((@BareissState.step `[Int] #7 #5) + 2) #7, @some (Fin _) #2, @pivotLoopWith `[Int] #7 `[Zero.ofOfNat0] `[Int.instSub] `[Int.instMul] `[Int.instDecidableEq] `[HexArith.Int.exactDiv] (#6 + 1) #5]
  [apply] [grind!
    .] for pattern: [@pivotLoopWith `[Int] #7 `[Zero.ofOfNat0] `[Int.instSub] `[Int.instMul] `[Int.instDecidableEq] `[HexArith.Int.exactDiv] (#6 + 1) #5, @rowSwap `[Int] #7 #7 (@BareissState.matrix `[Int] #7 #5) (@Fin.mk #7 (@BareissState.step `[Int] #7 #5) _) #2]
info: HexBareiss/Bareiss.lean:1729:2: Try this:
  [apply] [grind
    =] for pattern: [@noPivotLoopWith `[Int] #1 `[Zero.ofOfNat0] `[Int.instSub] `[Int.instMul] `[Int.instDecidableEq] `[HexArith.Int.exactDiv] `[0] #0]
info: HexBareiss/Bareiss.lean:1734:2: Try these:
  [apply] [grind
    =] for pattern: [@noPivotLoopWith `[Int] #3 `[Zero.ofOfNat0] `[Int.instSub] `[Int.instMul] `[Int.instDecidableEq] `[HexArith.Int.exactDiv] (#2 + 1) #1]
  [apply] [grind
    =>] for pattern: [@LE.le `[Nat] `[instLENat] #3 ((@BareissState.step `[Int] #3 #1) + 1), @noPivotLoopWith `[Int] #3 `[Zero.ofOfNat0] `[Int.instSub] `[Int.instMul] `[Int.instDecidableEq] `[HexArith.Int.exactDiv] (#2 + 1) #1]
info: HexBareiss/Bareiss.lean:1740:2: Try these:
  [apply] [grind
    =] for pattern: [@noPivotLoopWith `[Int] #4 `[Zero.ofOfNat0] `[Int.instSub] `[Int.instMul] `[Int.instDecidableEq] `[HexArith.Int.exactDiv] (#3 + 1) #2]
  [apply] [grind
    =>] for pattern: [@LE.le `[Nat] `[instLENat] ((@BareissState.step `[Int] #4 #2) + 2) #4, @noPivotLoopWith `[Int] #4 `[Zero.ofOfNat0] `[Int.instSub] `[Int.instMul] `[Int.instDecidableEq] `[HexArith.Int.exactDiv] (#3 + 1) #2]
info: HexBareiss/Bareiss.lean:1747:2: Try these:
  [apply] [grind
    =] for pattern: [@noPivotLoopWith `[Int] #4 `[Zero.ofOfNat0] `[Int.instSub] `[Int.instMul] `[Int.instDecidableEq] `[HexArith.Int.exactDiv] (#3 + 1) #2]
  [apply] [grind
    =_] for pattern: [@noPivotLoopWith `[Int] #4 `[Zero.ofOfNat0] `[Int.instSub] `[Int.instMul] `[Int.instDecidableEq] `[HexArith.Int.exactDiv] #3 (@BareissState.mk `[Int] #4 ((@BareissState.step `[Int] #4 #2) + 1) (@stepMatrixWith `[Int] #4 `[Zero.ofOfNat0] `[Int.instSub] `[Int.instMul] `[HexArith.Int.exactDiv] (@BareissState.matrix `[Int] #4 #2) (@BareissState.step `[Int] #4 #2) (@getElem (Vector `[Int] _) `[Nat] `[Int] _ _ (@getElem (Matrix `[Int] _ _) `[Nat] (Vector `[Int] _) _ _ (@BareissState.matrix `[Int] #4 #2) (@BareissState.step `[Int] #4 #2) _) (@BareissState.step `[Int] #4 #2) _) (@BareissState.prevPivot `[Int] #4 #2)) (@getElem (Vector `[Int] _) `[Nat] `[Int] _ _ (@getElem (Matrix `[Int] _ _) `[Nat] (Vector `[Int] _) _ _ (@BareissState.matrix `[Int] #4 #2) (@BareissState.step `[Int] #4 #2) _) (@BareissState.step `[Int] #4 #2) _) (@BareissState.rowSwaps `[Int] #4 #2) `[none])]
  [apply] [grind
    =>] for pattern: [@LE.le `[Nat] `[instLENat] ((@BareissState.step `[Int] #4 #2) + 2) #4, @noPivotLoopWith `[Int] #4 `[Zero.ofOfNat0] `[Int.instSub] `[Int.instMul] `[Int.instDecidableEq] `[HexArith.Int.exactDiv] (#3 + 1) #2]
info: HexBareiss/Bareiss.lean:1761:2: Try these:
  [apply] [grind
    =] for pattern: [@getElem (Vector `[Int] #5) (Fin _) `[Int] _ _ (@getElem (Matrix `[Int] _ _) (Fin _) (Vector `[Int] _) _ _ (@BareissState.matrix `[Int] #5 (@noPivotLoopWith `[Int] #5 `[Zero.ofOfNat0] `[Int.instSub] `[Int.instMul] `[Int.instDecidableEq] `[HexArith.Int.exactDiv] #4 #3)) #2 _) #1 _]
  [apply] [grind
    =>] for pattern: [@LE.le `[Nat] `[instLENat] (@Fin.val #5 #2) (@BareissState.step `[Int] #5 #3), @LE.le `[Nat] `[instLENat] ((@Fin.val #5 #1) + 1) (@BareissState.step `[Int] #5 #3), @getElem (Vector `[Int] _) (Fin _) `[Int] _ _ (@getElem (Matrix `[Int] _ _) (Fin _) (Vector `[Int] _) _ _ (@BareissState.matrix `[Int] #5 (@noPivotLoopWith `[Int] #5 `[Zero.ofOfNat0] `[Int.instSub] `[Int.instMul] `[Int.instDecidableEq] `[HexArith.Int.exactDiv] #4 #3)) #2 _) #1 _]
  [apply] [grind!
    =>] for pattern: [@LE.le `[Nat] `[instLENat] (@Fin.val #5 #2) (@BareissState.step `[Int] #5 #3), @LE.le `[Nat] `[instLENat] ((@Fin.val #5 #1) + 1) (@BareissState.step `[Int] #5 #3), @noPivotLoopWith `[Int] #5 `[Zero.ofOfNat0] `[Int.instSub] `[Int.instMul] `[Int.instDecidableEq] `[HexArith.Int.exactDiv] #4 #3]
⚠ [3551/3743] Replayed HexMatrixMathlib.Packed
warning: HexMatrixMathlib/Packed.lean:141:10: `if_pos` has been deprecated: Use `ite_eq_left` instead

Hint: Replace the deprecated name:
  i̵f̵_̵p̵o̵s̵i̲t̲e̲_̲e̲q̲_̲l̲e̲f̲t̲
warning: HexMatrixMathlib/Packed.lean:149:10: `if_neg` has been deprecated: Use `ite_eq_right` instead

Hint: Replace the deprecated name:
  i̵f̵_̵n̵e̵g̵i̲t̲e̲_̲e̲q̲_̲r̲i̲g̲h̲t̲
⚠ [3564/3966] Replayed HexBerlekamp.Factor
warning: HexBerlekamp/Factor.lean:661:12: This simp argument is unused:
  DensePoly.natDegree

Hint: Omit it from the simp argument list.
  [apply] simp [DensePoly.degree?, DensePoly.size, hcoeffs]

Note: This linter can be disabled with `set_option linter.unusedSimpArgs false`
⚠ [3695/3966] Replayed HexBerlekamp.RabinSoundness.RabinCore
warning: HexBerlekamp/RabinSoundness/RabinCore.lean:1431:10: This simp argument is unused:
  DensePoly.natDegree

Hint: Omit it from the simp argument list.
  [apply] simp [DensePoly.degree?] at hh_deg

Note: This linter can be disabled with `set_option linter.unusedSimpArgs false`
⚠ [3697/3966] Replayed HexBerlekamp.RabinSoundness.KernelWitness
warning: HexBerlekamp/RabinSoundness/KernelWitness.lean:57:8: This simp argument is unused:
  DensePoly.natDegree

Hint: Omit it from the simp argument list.
  [apply] simp [DensePoly.degree?, DensePoly.size, hcoeffs]

Note: This linter can be disabled with `set_option linter.unusedSimpArgs false`
⚠ [3699/3966] Replayed HexBerlekamp.DistinctDegree
warning: HexBerlekamp/DistinctDegree.lean:344:8: This simp argument is unused:
  DensePoly.natDegree

Hint: Omit it from the simp argument list.
  [apply] simp [DensePoly.degree?, DensePoly.size, hcoeffs]

Note: This linter can be disabled with `set_option linter.unusedSimpArgs false`
⚠ [3746/3966] Replayed HexNumberField.Convert
warning: HexNumberField/Convert.lean:59:2: `@[expose]` has no effect; this declaration would be exposed by default
warning: HexNumberField/Convert.lean:60:2: `@[expose]` has no effect; this declaration would be exposed by default
warning: HexNumberField/Convert.lean:61:2: `@[expose]` has no effect; this declaration would be exposed by default
warning: HexNumberField/Convert.lean:62:2: `@[expose]` has no effect; this declaration would be exposed by default
warning: HexNumberField/Convert.lean:63:2: `@[expose]` has no effect; this declaration would be exposed by default
warning: HexNumberField/Convert.lean:64:2: `@[expose]` has no effect; this declaration would be exposed by default
warning: HexNumberField/Convert.lean:65:2: `@[expose]` has no effect; this declaration would be exposed by default
warning: HexNumberField/Convert.lean:66:2: `@[expose]` has no effect; this declaration would be exposed by default
warning: HexNumberField/Convert.lean:67:2: `@[expose]` has no effect; this declaration would be exposed by default
warning: HexNumberField/Convert.lean:68:2: `@[expose]` has no effect; this declaration would be exposed by default
warning: HexNumberField/Convert.lean:69:2: `@[expose]` has no effect; this declaration would be exposed by default
warning: HexNumberField/Convert.lean:70:2: `@[expose]` has no effect; this declaration would be exposed by default
warning: HexNumberField/Convert.lean:72:2: `@[expose]` has no effect; this declaration would be exposed by default
warning: HexNumberField/Convert.lean:73:2: `@[expose]` has no effect; this declaration would be exposed by default
warning: HexNumberField/Convert.lean:74:2: `@[expose]` has no effect; this declaration would be exposed by default
warning: HexNumberField/Convert.lean:75:2: `@[expose]` has no effect; this declaration would be exposed by default
✔ [3779/4234] Built HexOrderedFn.InfinitesimalTests (334ms)
✔ [3780/4234] Built HexDeterminantalIdeal.Choose (308ms)
✔ [4049/4239] Built HexModular.SymMod (331ms)
⚠ [4050/4239] Replayed HexRootsMathlib.Taylor
warning: HexRootsMathlib/Taylor.lean:73:10: This simp argument is unused:
  Hex.DensePoly.natDegree

Hint: Omit it from the simp argument list.
  [apply] simp [Hex.DensePoly.degree?, Nat.ne_of_gt hp]

Note: This linter can be disabled with `set_option linter.unusedSimpArgs false`
⚠ [4051/4239] Replayed HexRootsMathlib.SoftPellet
warning: HexRootsMathlib/SoftPellet.lean:504:12: This simp argument is unused:
  Hex.DensePoly.natDegree

Hint: Omit it from the simp argument list.
  [apply] simp [Hex.DensePoly.degree?, Nat.ne_of_gt hp]

Note: This linter can be disabled with `set_option linter.unusedSimpArgs false`
⚠ [4052/4239] Replayed HexRootsMathlib.RootFree
warning: HexRootsMathlib/RootFree.lean:109:12: This simp argument is unused:
  Hex.DensePoly.natDegree

Hint: Omit it from the simp argument list.
  [apply] simp [Hex.DensePoly.degree?, Nat.ne_of_gt hp]

Note: This linter can be disabled with `set_option linter.unusedSimpArgs false`
✔ [4055/4402] Built HexTruncatedSeriesMathlib.Basic (1.1s)
✔ [4056/4402] Built HexOrderedFn.Tests (550ms)
✔ [4057/4402] Built HexModularMatrix.Normalise (413ms)
✔ [4221/4695] Built HexModularMatrix.Bound (572ms)
✔ [4515/4902] Built HexModularMatrix.Row (645ms)
✔ [4516/4902] Built HexModular.Euclid (585ms)
✔ [4724/5184] Built HexDeterminantalIdeal.Minors (513ms)
✔ [5537/5984] Built HexDeterminantMathlib (1.1s)
✔ [5538/5984] Built HexModularMatrix.Numerator (419ms)
✔ [5809/6254] Built HexRankMathlib.Extension (1.2s)
✔ [6080/6567] Built HexOrderedFnMathlib (1.4s)
✔ [6082/6567] Built HexModularMatrix.Product (614ms)
✔ [6395/6797] Built HexRowReduceMathlib.InverseSolve (1.3s)
✔ [6396/6797] Built HexModular.Crt (996ms)
✔ [6628/7044] Built HexTruncatedSeriesMathlib.Ops (1.0s)
✔ [6629/7044] Built HexDeterminantalIdeal.Rank (686ms)
✔ [6877/7259] Built HexMatrixMathlib.ListProducts (1.5s)
✔ [6878/7259] Built HexRationalFnMathlib.Eval (1.4s)
✔ [7367/7771] Built HexMvPoly.Mono (1.8s)
✔ [7607/8059] Built HexOrderedFnMathlib.Tests (1.5s)
✔ [7608/8059] Built HexModularMatrixMathlib.Bound (1.3s)
✔ [7897/8232] Built HexRankMathlib.Kernel (1.0s)
✔ [7898/8232] Built HexModularMatrix.Image (1.3s)
✔ [7899/8232] Built HexModular.Loop (555ms)
✔ [8533/8900] Built HexOrderedFnMathlib.InfinitesimalTests (1.0s)
✔ [8535/8900] Built HexModularMatrix.Reconstruction (374ms)
✔ [8744/9080] Built HexMvPoly.Basic (579ms)
✔ [9130/9476] Built HexModularMatrix.Decomp (670ms)
✔ [9474/9782] Built HexTruncatedSeriesMathlib.Newton (1.3s)
⚠ [9675/9891] Replayed HexRootsMathlib.NKWitness
warning: HexRootsMathlib/NKWitness.lean:256:10: This simp argument is unused:
  Hex.DensePoly.natDegree

Hint: Omit it from the simp argument list.
  [apply] simp [Hex.DensePoly.degree?, Nat.ne_of_gt hp]

Note: This linter can be disabled with `set_option linter.unusedSimpArgs false`
⚠ [9690/9891] Replayed HexPolyFpMathlib.Basic
warning: HexPolyFpMathlib/Basic.lean:303:12: This simp argument is unused:
  Hex.DensePoly.natDegree

Hint: Omit it from the simp argument list.
  [apply] simp [Hex.DensePoly.degree?, hsize]

Note: This linter can be disabled with `set_option linter.unusedSimpArgs false`
⚠ [9795/10111] Replayed HexSignDet.Produce
warning: HexSignDet/Produce.lean:142:5: Variable name `h` is not explicitly referenced.

Hint: The binding can be removed (if unused) or named `_` (if used implicitly). Alternatively, prefix the name with `_` to silence this warning:
  [apply] _h

Note: This linter can be disabled with `set_option linter.unusedVariables false`
⚠ [9812/10111] Replayed HexSignDet.Dag
warning: HexSignDet/Dag.lean:164:26: This simp argument is unused:
  bind

Hint: Omit it from the simp argument list.
  [apply] simp [hr, Option.bind] at h

Note: This linter can be disabled with `set_option linter.unusedSimpArgs false`
warning: HexSignDet/Dag.lean:164:32: This simp argument is unused:
  Option.bind

Hint: Omit it from the simp argument list.
  [apply] simp [hr, bind] at h

Note: This linter can be disabled with `set_option linter.unusedSimpArgs false`
warning: HexSignDet/Dag.lean:166:23: This simp argument is unused:
  bind

Hint: Omit it from the simp argument list.
  [apply] simp only [hr, Option.bind] at h

Note: This linter can be disabled with `set_option linter.unusedSimpArgs false`
warning: HexSignDet/Dag.lean:166:29: This simp argument is unused:
  Option.bind

Hint: Omit it from the simp argument list.
  [apply] simp only [hr, bind] at h

Note: This linter can be disabled with `set_option linter.unusedSimpArgs false`
✔ [9854/10665] Built HexModularMatrix.FlatImage (442ms)
ℹ [10220/10665] Replayed HexPrimality.Table:c.o
info: stderr:
/home/kim/worktrees/hex-dev/hex-dev-issue-10389-toolchain/.lake/build/ir/HexPrimality/Table.c:37:114: warning: implicit truncation from '__size_t' (aka 'unsigned long') to bit-field changes value from 76760 to 11224 [-Wbitfield-constant-conversion]
1 warning generated.
⚠ [10383/10665] Replayed HexRealClosure.AlgebraicCodec
warning: HexRealClosure/AlgebraicCodec.lean:25:2: `@[expose]` has no effect; this declaration would be exposed by default
✔ [10392/10685] Built HexMvPoly.Operations (816ms)
✔ [10393/10685] Built HexRationalFnMathlib.Tests (1.7s)
✔ [10394/10685] Built HexNumberField:shared (89ms)
✔ [10395/10685] Built HexRealAlgebraic:shared (66ms)
✔ [10414/10833] Built HexRankMathlib.Rational (1.3s)
⚠ [10502/10958] Replayed HexNumberFieldMathlib.IntegerRoots
warning: HexNumberFieldMathlib/IntegerRoots.lean:404:33: Used `tac1 <;> tac2` where `(tac1; tac2)` would suffice

Note: This linter can be disabled with `set_option linter.unnecessarySeqFocus false`
⚠ [10518/10958] Replayed HexNumberFieldMathlib.CommonField
warning: HexNumberFieldMathlib/CommonField.lean:109:2: Try this: 
  letI̵

The goal is a proposition, so `let` is preferred over `letI`.
The difference between `let` and `letI` is that `letI` inlines the value.
But this is not relevant for proofs because of proof irrelevance.

Note: This linter can be disabled with `set_option linter.style.haveILetI false`
warning: HexNumberFieldMathlib/CommonField.lean:145:4: Try this: 
  letI̵

The goal is a proposition, so `let` is preferred over `letI`.
The difference between `let` and `letI` is that `letI` inlines the value.
But this is not relevant for proofs because of proof irrelevance.

Note: This linter can be disabled with `set_option linter.style.haveILetI false`
⚠ [10525/10958] Replayed HexNumberFieldMathlib.RootSelection
warning: HexNumberFieldMathlib/RootSelection.lean:172:33: Used `tac1 <;> tac2` where `(tac1; tac2)` would suffice

Note: This linter can be disabled with `set_option linter.unnecessarySeqFocus false`
⚠ [10563/10958] Replayed HexSturmMathlib.Soundness
warning: HexSturmMathlib/Soundness.lean:147:6: `simp` already closes the goal

Hint: Use `simp` instead of `simpa`:
  [apply] simp only [equal]

Note: This linter can be disabled with `set_option linter.unnecessarySimpa false`
⚠ [10605/11118] Replayed HexNumberFieldMathlib.Radical
warning: HexNumberFieldMathlib/Radical.lean:32:12: This simp argument is unused:
  hn

Hint: Omit it from the simp argument list.
  [apply] simp [Ne.symm hn, neg_toComplex, Polynomial.coeff_C]

Note: This linter can be disabled with `set_option linter.unusedSimpArgs false`
warning: HexNumberFieldMathlib/Radical.lean:35:18: This simp argument is unused:
  Ne.symm hn

Hint: Omit it from the simp argument list.
  [apply] simp [hn, neg_toComplex, Polynomial.coeff_C]

Note: This linter can be disabled with `set_option linter.unusedSimpArgs false`
warning: HexNumberFieldMathlib/Radical.lean:35:30: This simp argument is unused:
  neg_toComplex

Hint: Omit it from the simp argument list.
  [apply] simp [hn, Ne.symm hn, Polynomial.coeff_C]

Note: This linter can be disabled with `set_option linter.unusedSimpArgs false`
warning: HexNumberFieldMathlib/Radical.lean:63:48: `simp` already closes the goal

Hint: Use `simp` instead of `simpa`:
  [apply] simp [h] at hrmem

Note: This linter can be disabled with `set_option linter.unnecessarySimpa false`
ℹ [10620/11118] Replayed HexSturmMathlib.Tests.Replay.Accepted
info: HexSturmMathlib/Tests/Replay/Accepted.lean:32:0: 'HexSturmMathlib.ReplayTests.accepted' depends on axioms: [propext, Classical.choice, Quot.sound]
info: HexSturmMathlib/Tests/Replay/Accepted.lean:37:0: 'HexSturmMathlib.ReplayTests.domain' depends on axioms: [propext, Classical.choice, Quot.sound]
ℹ [10621/11118] Replayed HexSturmMathlib.Tests.Replay.Rejected
info: HexSturmMathlib/Tests/Replay/Rejected.lean:30:0: 'HexSturmMathlib.ReplayTests.rejected' depends on axioms: [propext, Classical.choice, Quot.sound]
info: HexSturmMathlib/Tests/Replay/Rejected.lean:35:0: 'HexSturmMathlib.ReplayTests.stale' depends on axioms: [propext, Classical.choice, Quot.sound]
✔ [10687/11361] Built HexMvPoly.Ring (541ms)
ℹ [10688/11361] Built HexRealClosure.BisectionTests (614ms)
info: HexRealClosure/BisectionTests.lean:58:15: Unknown constant `Hex.RealClosure.Bisection.Split.mk`
info: HexRealClosure/BisectionTests.lean:58:15: failed to synthesize instance of type class
  Inv Int

Hint: Type class instance resolution failures can be inspected with the `set_option trace.Meta.synthInstance true` command.
✔ [10689/11361] Built HexRealClosure.CodecTests (505ms)
✔ [10690/11489] Built HexRowReduceMathlib.Kernel (2.2s)
⚠ [10692/11489] Replayed HasseWeil.Foundation.Auxiliary.EllipticDivisibilitySequence
warning: projects/HasseWeil/HasseWeil/Foundation/Auxiliary/EllipticDivisibilitySequence.lean:427:25: `if_pos` has been deprecated: Use `ite_eq_left` instead

Hint: Replace the deprecated name:
  i̵f̵_̵p̵o̵s̵i̲t̲e̲_̲e̲q̲_̲l̲e̲f̲t̲
warning: projects/HasseWeil/HasseWeil/Foundation/Auxiliary/EllipticDivisibilitySequence.lean:432:25: `if_neg` has been deprecated: Use `ite_eq_right` instead

Hint: Replace the deprecated name:
  i̵f̵_̵n̵e̵g̵i̲t̲e̲_̲e̲q̲_̲r̲i̲g̲h̲t̲
warning: projects/HasseWeil/HasseWeil/Foundation/Auxiliary/EllipticDivisibilitySequence.lean:633:71: `if_neg` has been deprecated: Use `ite_eq_right` instead

Hint: Replace the deprecated name:
  i̵f̵_̵n̵e̵g̵i̲t̲e̲_̲e̲q̲_̲r̲i̲g̲h̲t̲
warning: projects/HasseWeil/HasseWeil/Foundation/Auxiliary/EllipticDivisibilitySequence.lean:635:55: `if_neg` has been deprecated: Use `ite_eq_right` instead

Hint: Replace the deprecated name:
  i̵f̵_̵n̵e̵g̵i̲t̲e̲_̲e̲q̲_̲r̲i̲g̲h̲t̲
⚠ [10695/11489] Replayed HasseWeil.Foundation.MulByIntPullback
warning: projects/HasseWeil/HasseWeil/Foundation/MulByIntPullback.lean:389:2: Try this: 
  haveI̵

The goal is a proposition, so `have` is preferred over `haveI`.
The difference between `have` and `haveI` is that `haveI` inlines the value.
But this is not relevant for proofs because of proof irrelevance.

Note: This linter can be disabled with `set_option linter.style.haveILetI false`
⚠ [10696/11489] Replayed HasseWeil.Foundation.Basic
warning: projects/HasseWeil/HasseWeil/Foundation/Basic.lean:123:2: Try this: 
  letI̵

The goal is a proposition, so `let` is preferred over `letI`.
The difference between `let` and `letI` is that `letI` inlines the value.
But this is not relevant for proofs because of proof irrelevance.

Note: This linter can be disabled with `set_option linter.style.haveILetI false`
warning: projects/HasseWeil/HasseWeil/Foundation/Basic.lean:124:2: Try this: 
  letI̵

The goal is a proposition, so `let` is preferred over `letI`.
The difference between `let` and `letI` is that `letI` inlines the value.
But this is not relevant for proofs because of proof irrelevance.

Note: This linter can be disabled with `set_option linter.style.haveILetI false`
warning: projects/HasseWeil/HasseWeil/Foundation/Basic.lean:125:2: Try this: 
  letI̵

The goal is a proposition, so `let` is preferred over `letI`.
The difference between `let` and `letI` is that `letI` inlines the value.
But this is not relevant for proofs because of proof irrelevance.

Note: This linter can be disabled with `set_option linter.style.haveILetI false`
warning: projects/HasseWeil/HasseWeil/Foundation/Basic.lean:126:2: Try this: 
  haveI̵

The goal is a proposition, so `have` is preferred over `haveI`.
The difference between `have` and `haveI` is that `haveI` inlines the value.
But this is not relevant for proofs because of proof irrelevance.

Note: This linter can be disabled with `set_option linter.style.haveILetI false`
warning: projects/HasseWeil/HasseWeil/Foundation/Basic.lean:128:2: Try this: 
  haveI̵

The goal is a proposition, so `have` is preferred over `haveI`.
The difference between `have` and `haveI` is that `haveI` inlines the value.
But this is not relevant for proofs because of proof irrelevance.

Note: This linter can be disabled with `set_option linter.style.haveILetI false`
warning: projects/HasseWeil/HasseWeil/Foundation/Basic.lean:652:2: Try this: 
  letI̵

The goal is a proposition, so `let` is preferred over `letI`.
The difference between `let` and `letI` is that `letI` inlines the value.
But this is not relevant for proofs because of proof irrelevance.

Note: This linter can be disabled with `set_option linter.style.haveILetI false`
warning: projects/HasseWeil/HasseWeil/Foundation/Basic.lean:653:2: Try this: 
  haveI̵

The goal is a proposition, so `have` is preferred over `haveI`.
The difference between `have` and `haveI` is that `haveI` inlines the value.
But this is not relevant for proofs because of proof irrelevance.

Note: This linter can be disabled with `set_option linter.style.haveILetI false`
warning: projects/HasseWeil/HasseWeil/Foundation/Basic.lean:700:2: Try this: 
  letI̵

The goal is a proposition, so `let` is preferred over `letI`.
The difference between `let` and `letI` is that `letI` inlines the value.
But this is not relevant for proofs because of proof irrelevance.

Note: This linter can be disabled with `set_option linter.style.haveILetI false`
warning: projects/HasseWeil/HasseWeil/Foundation/Basic.lean:701:2: Try this: 
  haveI̵

The goal is a proposition, so `have` is preferred over `haveI`.
The difference between `have` and `haveI` is that `haveI` inlines the value.
But this is not relevant for proofs because of proof irrelevance.

Note: This linter can be disabled with `set_option linter.style.haveILetI false`
warning: projects/HasseWeil/HasseWeil/Foundation/Basic.lean:719:37: This simp argument is unused:
  RingEquiv.toRingHom_eq_coe

Hint: Omit it from the simp argument list.
  [apply] simp only [RingHom.comp_apply, RingEquiv.coe_toRingHom, i, j, mulByIntRangeEquiv]

Note: This linter can be disabled with `set_option linter.unusedSimpArgs false`
warning: projects/HasseWeil/HasseWeil/Foundation/Basic.lean:719:65: This simp argument is unused:
  RingEquiv.coe_toRingHom

Hint: Omit it from the simp argument list.
  [apply] simp only [RingHom.comp_apply, RingEquiv.toRingHom_eq_coe, i, j, mulByIntRangeEquiv]

Note: This linter can be disabled with `set_option linter.unusedSimpArgs false`
warning: projects/HasseWeil/HasseWeil/Foundation/Basic.lean:740:73: `dif_neg` has been deprecated: Use `dite_eq_right` instead

Hint: Replace the deprecated name:
  d̵i̵f̵_̵n̵e̵g̵d̲i̲t̲e̲_̲e̲q̲_̲r̲i̲g̲h̲t̲
⚠ [10698/11489] Replayed HasseWeil.FormalGroup.FormalGroup
warning: projects/HasseWeil/HasseWeil/FormalGroup/FormalGroup.lean:204:8: `if_pos` has been deprecated: Use `ite_eq_left` instead

Hint: Replace the deprecated name:
  i̵f̵_̵p̵o̵s̵i̲t̲e̲_̲e̲q̲_̲l̲e̲f̲t̲
warning: projects/HasseWeil/HasseWeil/FormalGroup/FormalGroup.lean:206:10: `if_pos` has been deprecated: Use `ite_eq_left` instead

Hint: Replace the deprecated name:
  i̵f̵_̵p̵o̵s̵i̲t̲e̲_̲e̲q̲_̲l̲e̲f̲t̲
warning: projects/HasseWeil/HasseWeil/FormalGroup/FormalGroup.lean:209:10: `if_neg` has been deprecated: Use `ite_eq_right` instead

Hint: Replace the deprecated name:
  i̵f̵_̵n̵e̵g̵i̲t̲e̲_̲e̲q̲_̲r̲i̲g̲h̲t̲
warning: projects/HasseWeil/HasseWeil/FormalGroup/FormalGroup.lean:213:8: `if_neg` has been deprecated: Use `ite_eq_right` instead

Hint: Replace the deprecated name:
  i̵f̵_̵n̵e̵g̵i̲t̲e̲_̲e̲q̲_̲r̲i̲g̲h̲t̲
warning: projects/HasseWeil/HasseWeil/FormalGroup/FormalGroup.lean:230:6: `if_pos` has been deprecated: Use `ite_eq_left` instead

Hint: Replace the deprecated name:
  i̵f̵_̵p̵o̵s̵i̲t̲e̲_̲e̲q̲_̲l̲e̲f̲t̲
warning: projects/HasseWeil/HasseWeil/FormalGroup/FormalGroup.lean:232:6: `if_pos` has been deprecated: Use `ite_eq_left` instead

Hint: Replace the deprecated name:
  i̵f̵_̵p̵o̵s̵i̲t̲e̲_̲e̲q̲_̲l̲e̲f̲t̲
warning: projects/HasseWeil/HasseWeil/FormalGroup/FormalGroup.lean:294:8: `if_pos` has been deprecated: Use `ite_eq_left` instead

Hint: Replace the deprecated name:
  i̵f̵_̵p̵o̵s̵i̲t̲e̲_̲e̲q̲_̲l̲e̲f̲t̲
warning: projects/HasseWeil/HasseWeil/FormalGroup/FormalGroup.lean:298:10: `if_pos` has been deprecated: Use `ite_eq_left` instead

Hint: Replace the deprecated name:
  i̵f̵_̵p̵o̵s̵i̲t̲e̲_̲e̲q̲_̲l̲e̲f̲t̲
warning: projects/HasseWeil/HasseWeil/FormalGroup/FormalGroup.lean:300:12: `if_pos` has been deprecated: Use `ite_eq_left` instead

Hint: Replace the deprecated name:
  i̵f̵_̵p̵o̵s̵i̲t̲e̲_̲e̲q̲_̲l̲e̲f̲t̲
warning: projects/HasseWeil/HasseWeil/FormalGroup/FormalGroup.lean:306:12: `if_neg` has been deprecated: Use `ite_eq_right` instead

Hint: Replace the deprecated name:
  i̵f̵_̵n̵e̵g̵i̲t̲e̲_̲e̲q̲_̲r̲i̲g̲h̲t̲
warning: projects/HasseWeil/HasseWeil/FormalGroup/FormalGroup.lean:320:8: `if_neg` has been deprecated: Use `ite_eq_right` instead

Hint: Replace the deprecated name:
  i̵f̵_̵n̵e̵g̵i̲t̲e̲_̲e̲q̲_̲r̲i̲g̲h̲t̲
warning: projects/HasseWeil/HasseWeil/FormalGroup/FormalGroup.lean:396:6: `if_pos` has been deprecated: Use `ite_eq_left` instead

Hint: Replace the deprecated name:
  i̵f̵_̵p̵o̵s̵i̲t̲e̲_̲e̲q̲_̲l̲e̲f̲t̲
warning: projects/HasseWeil/HasseWeil/FormalGroup/FormalGroup.lean:396:18: `if_neg` has been deprecated: Use `ite_eq_right` instead

Hint: Replace the deprecated name:
  i̵f̵_̵n̵e̵g̵i̲t̲e̲_̲e̲q̲_̲r̲i̲g̲h̲t̲
warning: projects/HasseWeil/HasseWeil/FormalGroup/FormalGroup.lean:415:6: `if_neg` has been deprecated: Use `ite_eq_right` instead

Hint: Replace the deprecated name:
  i̵f̵_̵n̵e̵g̵i̲t̲e̲_̲e̲q̲_̲r̲i̲g̲h̲t̲
warning: projects/HasseWeil/HasseWeil/FormalGroup/FormalGroup.lean:415:37: `if_pos` has been deprecated: Use `ite_eq_left` instead

Hint: Replace the deprecated name:
  i̵f̵_̵p̵o̵s̵i̲t̲e̲_̲e̲q̲_̲l̲e̲f̲t̲
warning: projects/HasseWeil/HasseWeil/FormalGroup/FormalGroup.lean:418:6: `if_pos` has been deprecated: Use `ite_eq_left` instead

Hint: Replace the deprecated name:
  i̵f̵_̵p̵o̵s̵i̲t̲e̲_̲e̲q̲_̲l̲e̲f̲t̲
warning: projects/HasseWeil/HasseWeil/FormalGroup/FormalGroup.lean:418:42: `if_pos` has been deprecated: Use `ite_eq_left` instead

Hint: Replace the deprecated name:
  i̵f̵_̵p̵o̵s̵i̲t̲e̲_̲e̲q̲_̲l̲e̲f̲t̲
warning: projects/HasseWeil/HasseWeil/FormalGroup/FormalGroup.lean:419:6: `if_pos` has been deprecated: Use `ite_eq_left` instead

Hint: Replace the deprecated name:
  i̵f̵_̵p̵o̵s̵i̲t̲e̲_̲e̲q̲_̲l̲e̲f̲t̲
warning: projects/HasseWeil/HasseWeil/FormalGroup/FormalGroup.lean:441:6: `if_neg` has been deprecated: Use `ite_eq_right` instead

Hint: Replace the deprecated name:
  i̵f̵_̵n̵e̵g̵i̲t̲e̲_̲e̲q̲_̲r̲i̲g̲h̲t̲
warning: projects/HasseWeil/HasseWeil/FormalGroup/FormalGroup.lean:441:37: `if_neg` has been deprecated: Use `ite_eq_right` instead

Hint: Replace the deprecated name:
  i̵f̵_̵n̵e̵g̵i̲t̲e̲_̲e̲q̲_̲r̲i̲g̲h̲t̲
warning: projects/HasseWeil/HasseWeil/FormalGroup/FormalGroup.lean:442:6: `if_neg` has been deprecated: Use `ite_eq_right` instead

Hint: Replace the deprecated name:
  i̵f̵_̵n̵e̵g̵i̲t̲e̲_̲e̲q̲_̲r̲i̲g̲h̲t̲
warning: projects/HasseWeil/HasseWeil/FormalGroup/FormalGroup.lean:443:6: `if_pos` has been deprecated: Use `ite_eq_left` instead

Hint: Replace the deprecated name:
  i̵f̵_̵p̵o̵s̵i̲t̲e̲_̲e̲q̲_̲l̲e̲f̲t̲
warning: projects/HasseWeil/HasseWeil/FormalGroup/FormalGroup.lean:443:41: `if_pos` has been deprecated: Use `ite_eq_left` instead

Hint: Replace the deprecated name:
  i̵f̵_̵p̵o̵s̵i̲t̲e̲_̲e̲q̲_̲l̲e̲f̲t̲
warning: projects/HasseWeil/HasseWeil/FormalGroup/FormalGroup.lean:444:6: `if_pos` has been deprecated: Use `ite_eq_left` instead

Hint: Replace the deprecated name:
  i̵f̵_̵p̵o̵s̵i̲t̲e̲_̲e̲q̲_̲l̲e̲f̲t̲
warning: projects/HasseWeil/HasseWeil/FormalGroup/FormalGroup.lean:449:8: `if_pos` has been deprecated: Use `ite_eq_left` instead

Hint: Replace the deprecated name:
  i̵f̵_̵p̵o̵s̵i̲t̲e̲_̲e̲q̲_̲l̲e̲f̲t̲
warning: projects/HasseWeil/HasseWeil/FormalGroup/FormalGroup.lean:451:8: `if_pos` has been deprecated: Use `ite_eq_left` instead

Hint: Replace the deprecated name:
  i̵f̵_̵p̵o̵s̵i̲t̲e̲_̲e̲q̲_̲l̲e̲f̲t̲
⚠ [10699/11489] Replayed HasseWeil.FormalGroup.FormalGroupAssoc
warning: projects/HasseWeil/HasseWeil/FormalGroup/FormalGroupAssoc.lean:101:7: Private declaration `formalMulByNat_coeff` accessed publicly; this is allowed only because the `backward.privateInPublic` option is enabled. 

Disable `backward.privateInPublic.warn` to silence this warning.
warning: projects/HasseWeil/HasseWeil/FormalGroup/FormalGroupAssoc.lean:131:35: `if_true` has been deprecated: Use `ite_true` instead

Hint: Replace the deprecated name:
  i̵f̵_̵t̵r̵u̵e̵i̲t̲e̲_̲t̲r̲u̲e̲
warning: projects/HasseWeil/HasseWeil/FormalGroup/FormalGroupAssoc.lean:131:44: `if_false` has been deprecated: Use `ite_false` instead

Hint: Replace the deprecated name:
  i̵f̵_̵f̵a̵l̵s̵e̵i̲t̲e̲_̲f̲a̲l̲s̲e̲
warning: projects/HasseWeil/HasseWeil/FormalGroup/FormalGroupAssoc.lean:139:35: `if_true` has been deprecated: Use `ite_true` instead

Hint: Replace the deprecated name:
  i̵f̵_̵t̵r̵u̵e̵i̲t̲e̲_̲t̲r̲u̲e̲
warning: projects/HasseWeil/HasseWeil/FormalGroup/FormalGroupAssoc.lean:139:44: `if_false` has been deprecated: Use `ite_false` instead

Hint: Replace the deprecated name:
  i̵f̵_̵f̵a̵l̵s̵e̵i̲t̲e̲_̲f̲a̲l̲s̲e̲
warning: projects/HasseWeil/HasseWeil/FormalGroup/FormalGroupAssoc.lean:160:4: Private declaration `univPow` accessed publicly; this is allowed only because the `backward.privateInPublic` option is enabled. 

Disable `backward.privateInPublic.warn` to silence this warning.
warning: projects/HasseWeil/HasseWeil/FormalGroup/FormalGroupAssoc.lean:193:4: Private declaration `fgl_coeff` accessed publicly; this is allowed only because the `backward.privateInPublic` option is enabled. 

Disable `backward.privateInPublic.warn` to silence this warning.
warning: projects/HasseWeil/HasseWeil/FormalGroup/FormalGroupAssoc.lean:193:28: Private declaration `fgl_coeff` accessed publicly; this is allowed only because the `backward.privateInPublic` option is enabled. 

Disable `backward.privateInPublic.warn` to silence this warning.
warning: projects/HasseWeil/HasseWeil/FormalGroup/FormalGroupAssoc.lean:219:40: Private declaration `univPow` accessed publicly; this is allowed only because the `backward.privateInPublic` option is enabled. 

Disable `backward.privateInPublic.warn` to silence this warning.
⚠ [10701/11489] Replayed HasseWeil.FormalGroup.FormalGroupCorrespondence
warning: projects/HasseWeil/HasseWeil/FormalGroup/FormalGroupCorrespondence.lean:299:2: Try this: 
  haveI̵

The goal is a proposition, so `have` is preferred over `haveI`.
The difference between `have` and `haveI` is that `haveI` inlines the value.
But this is not relevant for proofs because of proof irrelevance.

Note: This linter can be disabled with `set_option linter.style.haveILetI false`
warning: projects/HasseWeil/HasseWeil/FormalGroup/FormalGroupCorrespondence.lean:324:0: automatically included section variable(s) unused in theorem `HasseWeil.formalMulByInt_linear_coeff`:
  [DecidableEq F]
  [WeierstrassCurve.IsElliptic W.toAffine]
consider restructuring your `variable` declarations so that the variables are not in scope or explicitly omit them:
  omit [DecidableEq F] [WeierstrassCurve.IsElliptic W.toAffine] in theorem ...

Note: This linter can be disabled with `set_option linter.unusedSectionVars false`
warning: projects/HasseWeil/HasseWeil/FormalGroup/FormalGroupCorrespondence.lean:329:0: automatically included section variable(s) unused in theorem `HasseWeil.formalMulByInt_const_zero`:
  [DecidableEq F]
  [WeierstrassCurve.IsElliptic W.toAffine]
consider restructuring your `variable` declarations so that the variables are not in scope or explicitly omit them:
  omit [DecidableEq F] [WeierstrassCurve.IsElliptic W.toAffine] in theorem ...

Note: This linter can be disabled with `set_option linter.unusedSectionVars false`
⚠ [10702/11489] Replayed HasseWeil.Foundation.Auxiliary.DiffQuotientRule
warning: projects/HasseWeil/HasseWeil/Foundation/Auxiliary/DiffQuotientRule.lean:30:0: automatically included section variable(s) unused in theorem `HasseWeil.D_inv_smul`:
  [WeierstrassCurve.IsElliptic E]
consider restructuring your `variable` declarations so that the variables are not in scope or explicitly omit them:
  omit [WeierstrassCurve.IsElliptic E] in theorem ...

Note: This linter can be disabled with `set_option linter.unusedSectionVars false`
⚠ [10705/11489] Replayed HasseWeil.Foundation.OmegaPullbackCoeff
warning: projects/HasseWeil/HasseWeil/Foundation/OmegaPullbackCoeff.lean:131:82: `dif_neg` has been deprecated: Use `dite_eq_right` instead

Hint: Replace the deprecated name:
  d̵i̵f̵_̵n̵e̵g̵d̲i̲t̲e̲_̲e̲q̲_̲r̲i̲g̲h̲t̲
warning: projects/HasseWeil/HasseWeil/Foundation/OmegaPullbackCoeff.lean:147:82: `dif_neg` has been deprecated: Use `dite_eq_right` instead

Hint: Replace the deprecated name:
  d̵i̵f̵_̵n̵e̵g̵d̲i̲t̲e̲_̲e̲q̲_̲r̲i̲g̲h̲t̲
warning: projects/HasseWeil/HasseWeil/Foundation/OmegaPullbackCoeff.lean:472:14: declaration uses `sorry`
warning: projects/HasseWeil/HasseWeil/Foundation/OmegaPullbackCoeff.lean:550:30: `if_pos` has been deprecated: Use `ite_eq_left` instead

Hint: Replace the deprecated name:
  i̵f̵_̵p̵o̵s̵i̲t̲e̲_̲e̲q̲_̲l̲e̲f̲t̲
warning: projects/HasseWeil/HasseWeil/Foundation/OmegaPullbackCoeff.lean:625:30: `if_pos` has been deprecated: Use `ite_eq_left` instead

Hint: Replace the deprecated name:
  i̵f̵_̵p̵o̵s̵i̲t̲e̲_̲e̲q̲_̲l̲e̲f̲t̲
⚠ [10708/11489] Replayed HasseWeil.Foundation.Curves.IntegralClosure
warning: projects/HasseWeil/HasseWeil/Foundation/Curves/IntegralClosure.lean:122:12: `Ideal.comap_ne_bot_of_integral_mem` has been deprecated: Use `Ideal.under_ne_bot_of_integral_mem` instead

Hint: Replace the deprecated name:
  I̵d̵e̵a̵l̵.̵c̵o̵m̵a̵p̵_̵n̵e̵_̵b̵o̵t̵_̵o̵f̵_̵i̵n̵t̵e̵g̵r̵a̵l̵_̵m̵e̵m̵I̲d̲e̲a̲l̲.̲u̲n̲d̲e̲r̲_̲n̲e̲_̲b̲o̲t̲_̲o̲f̲_̲i̲n̲t̲e̲g̲r̲a̲l̲_̲m̲e̲m̲
warning: projects/HasseWeil/HasseWeil/Foundation/Curves/IntegralClosure.lean:618:8: `if_neg` has been deprecated: Use `ite_eq_right` instead

Hint: Replace the deprecated name:
  i̵f̵_̵n̵e̵g̵i̲t̲e̲_̲e̲q̲_̲r̲i̲g̲h̲t̲
warning: projects/HasseWeil/HasseWeil/Foundation/Curves/IntegralClosure.lean:618:35: `if_neg` has been deprecated: Use `ite_eq_right` instead

Hint: Replace the deprecated name:
  i̵f̵_̵n̵e̵g̵i̲t̲e̲_̲e̲q̲_̲r̲i̲g̲h̲t̲
warning: projects/HasseWeil/HasseWeil/Foundation/Curves/IntegralClosure.lean:619:6: `if_neg` has been deprecated: Use `ite_eq_right` instead

Hint: Replace the deprecated name:
  i̵f̵_̵n̵e̵g̵i̲t̲e̲_̲e̲q̲_̲r̲i̲g̲h̲t̲
⚠ [10710/11489] Replayed HasseWeil.Isogeny.FunctionField
warning: projects/HasseWeil/HasseWeil/Isogeny/FunctionField.lean:88:2: Try this: 
  letI̵

The goal is a proposition, so `let` is preferred over `letI`.
The difference between `let` and `letI` is that `letI` inlines the value.
But this is not relevant for proofs because of proof irrelevance.

Note: This linter can be disabled with `set_option linter.style.haveILetI false`
warning: projects/HasseWeil/HasseWeil/Isogeny/FunctionField.lean:89:2: Try this: 
  letI̵

The goal is a proposition, so `let` is preferred over `letI`.
The difference between `let` and `letI` is that `letI` inlines the value.
But this is not relevant for proofs because of proof irrelevance.

Note: This linter can be disabled with `set_option linter.style.haveILetI false`
warning: projects/HasseWeil/HasseWeil/Isogeny/FunctionField.lean:90:2: Try this: 
  letI̵

The goal is a proposition, so `let` is preferred over `letI`.
The difference between `let` and `letI` is that `letI` inlines the value.
But this is not relevant for proofs because of proof irrelevance.

Note: This linter can be disabled with `set_option linter.style.haveILetI false`
warning: projects/HasseWeil/HasseWeil/Isogeny/FunctionField.lean:91:2: Try this: 
  haveI̵

The goal is a proposition, so `have` is preferred over `haveI`.
The difference between `have` and `haveI` is that `haveI` inlines the value.
But this is not relevant for proofs because of proof irrelevance.

Note: This linter can be disabled with `set_option linter.style.haveILetI false`
warning: projects/HasseWeil/HasseWeil/Isogeny/FunctionField.lean:93:2: Try this: 
  haveI̵

The goal is a proposition, so `have` is preferred over `haveI`.
The difference between `have` and `haveI` is that `haveI` inlines the value.
But this is not relevant for proofs because of proof irrelevance.

Note: This linter can be disabled with `set_option linter.style.haveILetI false`
⚠ [10711/11489] Replayed HasseWeil.Foundation.Valuation
warning: projects/HasseWeil/HasseWeil/Foundation/Valuation.lean:246:11: Try this: 
  letI̵

The goal is a proposition, so `let` is preferred over `letI`.
The difference between `let` and `letI` is that `letI` inlines the value.
But this is not relevant for proofs because of proof irrelevance.

Note: This linter can be disabled with `set_option linter.style.haveILetI false`
warning: projects/HasseWeil/HasseWeil/Foundation/Valuation.lean:281:4: Try this: 
  haveI̵

The goal is a proposition, so `have` is preferred over `haveI`.
The difference between `have` and `haveI` is that `haveI` inlines the value.
But this is not relevant for proofs because of proof irrelevance.

Note: This linter can be disabled with `set_option linter.style.haveILetI false`
warning: projects/HasseWeil/HasseWeil/Foundation/Valuation.lean:313:4: Try this: 
  haveI̵

The goal is a proposition, so `have` is preferred over `haveI`.
The difference between `have` and `haveI` is that `haveI` inlines the value.
But this is not relevant for proofs because of proof irrelevance.

Note: This linter can be disabled with `set_option linter.style.haveILetI false`
⚠ [10713/11489] Replayed HasseWeil.Foundation.Curves.Valuation.Valuation
warning: projects/HasseWeil/HasseWeil/Foundation/Curves/Valuation/Valuation.lean:107:55: `dif_neg` has been deprecated: Use `dite_eq_right` instead

Hint: Replace the deprecated name:
  d̵i̵f̵_̵n̵e̵g̵d̲i̲t̲e̲_̲e̲q̲_̲r̲i̲g̲h̲t̲
⚠ [10714/11489] Replayed HasseWeil.Foundation.Curves.Valuation.Infinity
warning: projects/HasseWeil/HasseWeil/Foundation/Curves/Valuation/Infinity.lean:94:56: `if_pos` has been deprecated: Use `ite_eq_left` instead

Hint: Replace the deprecated name:
  i̵f̵_̵p̵o̵s̵i̲t̲e̲_̲e̲q̲_̲l̲e̲f̲t̲
warning: projects/HasseWeil/HasseWeil/Foundation/Curves/Valuation/Infinity.lean:105:2: `if_neg` has been deprecated: Use `ite_eq_right` instead

Hint: Replace the deprecated name:
  i̵f̵_̵n̵e̵g̵i̲t̲e̲_̲e̲q̲_̲r̲i̲g̲h̲t̲
warning: projects/HasseWeil/HasseWeil/Foundation/Curves/Valuation/Infinity.lean:957:8: `Polynomial.degree_sub_lt` has been deprecated: Use `Polynomial.degree_sub_lt_left` instead

Hint: Replace the deprecated name:
  Polynomial.degree_sub_lt_̲l̲e̲f̲t̲
warning: projects/HasseWeil/HasseWeil/Foundation/Curves/Valuation/Infinity.lean:1063:21: `if_neg` has been deprecated: Use `ite_eq_right` instead

Hint: Replace the deprecated name:
  i̵f̵_̵n̵e̵g̵i̲t̲e̲_̲e̲q̲_̲r̲i̲g̲h̲t̲
warning: projects/HasseWeil/HasseWeil/Foundation/Curves/Valuation/Infinity.lean:1065:62: `if_pos` has been deprecated: Use `ite_eq_left` instead

Hint: Replace the deprecated name:
  i̵f̵_̵p̵o̵s̵i̲t̲e̲_̲e̲q̲_̲l̲e̲f̲t̲
warning: projects/HasseWeil/HasseWeil/Foundation/Curves/Valuation/Infinity.lean:1069:21: `if_neg` has been deprecated: Use `ite_eq_right` instead

Hint: Replace the deprecated name:
  i̵f̵_̵n̵e̵g̵i̲t̲e̲_̲e̲q̲_̲r̲i̲g̲h̲t̲
warning: projects/HasseWeil/HasseWeil/Foundation/Curves/Valuation/Infinity.lean:1332:5: `Polynomial.finite_setOf_isRoot` has been deprecated: Use `Polynomial.finite_setOfPred_isRoot` instead

Hint: Replace the deprecated name:
  Polynomial.finite_setOfP̲r̲e̲d̲_isRoot
warning: projects/HasseWeil/HasseWeil/Foundation/Curves/Valuation/Infinity.lean:1559:6: `dif_neg` has been deprecated: Use `dite_eq_right` instead

Hint: Replace the deprecated name:
  d̵i̵f̵_̵n̵e̵g̵d̲i̲t̲e̲_̲e̲q̲_̲r̲i̲g̲h̲t̲
warning: projects/HasseWeil/HasseWeil/Foundation/Curves/Valuation/Infinity.lean:1606:5: `Polynomial.finite_setOf_isRoot` has been deprecated: Use `Polynomial.finite_setOfPred_isRoot` instead

Hint: Replace the deprecated name:
  Polynomial.finite_setOfP̲r̲e̲d̲_isRoot
warning: projects/HasseWeil/HasseWeil/Foundation/Curves/Valuation/Infinity.lean:1654:28: `Set.mem_setOf_eq` has been deprecated: Use `Set.mem_ofPred_eq` instead

Hint: Replace the deprecated name:
  S̵e̵t̵.̵m̵e̵m̵_̵s̵e̵t̵O̵f̵_̵e̵q̵S̲e̲t̲.̲m̲e̲m̲_̲o̲f̲P̲r̲e̲d̲_̲e̲q̲
⚠ [10715/11489] Replayed HasseWeil.Foundation.OrdAtInftyBridge
warning: projects/HasseWeil/HasseWeil/Foundation/OrdAtInftyBridge.lean:58:8: automatically included section variable(s) unused in theorem `HasseWeil.W_smooth_toAffine`:
  [DecidableEq F]
  [WeierstrassCurve.IsElliptic W.toAffine]
consider restructuring your `variable` declarations so that the variables are not in scope or explicitly omit them:
  omit [DecidableEq F] [WeierstrassCurve.IsElliptic W.toAffine] in theorem ...

Note: This linter can be disabled with `set_option linter.unusedSectionVars false`
warning: projects/HasseWeil/HasseWeil/Foundation/OrdAtInftyBridge.lean:62:8: automatically included section variable(s) unused in theorem `HasseWeil.W_smooth_functionField`:
  [DecidableEq F]
  [WeierstrassCurve.IsElliptic W.toAffine]
consider restructuring your `variable` declarations so that the variables are not in scope or explicitly omit them:
  omit [DecidableEq F] [WeierstrassCurve.IsElliptic W.toAffine] in theorem ...

Note: This linter can be disabled with `set_option linter.unusedSectionVars false`
warning: projects/HasseWeil/HasseWeil/Foundation/OrdAtInftyBridge.lean:67:0: automatically included section variable(s) unused in theorem `HasseWeil.coordX_W_smooth_eq_x_gen`:
  [DecidableEq F]
  [WeierstrassCurve.IsElliptic W.toAffine]
consider restructuring your `variable` declarations so that the variables are not in scope or explicitly omit them:
  omit [DecidableEq F] [WeierstrassCurve.IsElliptic W.toAffine] in theorem ...

Note: This linter can be disabled with `set_option linter.unusedSectionVars false`
warning: projects/HasseWeil/HasseWeil/Foundation/OrdAtInftyBridge.lean:84:0: automatically included section variable(s) unused in theorem `HasseWeil.coordY_W_smooth_eq_y_gen`:
  [DecidableEq F]
  [WeierstrassCurve.IsElliptic W.toAffine]
consider restructuring your `variable` declarations so that the variables are not in scope or explicitly omit them:
  omit [DecidableEq F] [WeierstrassCurve.IsElliptic W.toAffine] in theorem ...

Note: This linter can be disabled with `set_option linter.unusedSectionVars false`
warning: projects/HasseWeil/HasseWeil/Foundation/OrdAtInftyBridge.lean:97:0: automatically included section variable(s) unused in theorem `HasseWeil.ordAtInfty_algebraMap_F_nonzero`:
  [DecidableEq F]
  [WeierstrassCurve.IsElliptic W.toAffine]
consider restructuring your `variable` declarations so that the variables are not in scope or explicitly omit them:
  omit [DecidableEq F] [WeierstrassCurve.IsElliptic W.toAffine] in theorem ...

Note: This linter can be disabled with `set_option linter.unusedSectionVars false`
warning: projects/HasseWeil/HasseWeil/Foundation/OrdAtInftyBridge.lean:117:82: `dif_neg` has been deprecated: Use `dite_eq_right` instead

Hint: Replace the deprecated name:
  d̵i̵f̵_̵n̵e̵g̵d̲i̲t̲e̲_̲e̲q̲_̲r̲i̲g̲h̲t̲
warning: projects/HasseWeil/HasseWeil/Foundation/OrdAtInftyBridge.lean:149:0: automatically included section variable(s) unused in theorem `HasseWeil.Φ_ff_eq_algebraMap_polynomial`:
  [DecidableEq F]
  [WeierstrassCurve.IsElliptic W.toAffine]
consider restructuring your `variable` declarations so that the variables are not in scope or explicitly omit them:
  omit [DecidableEq F] [WeierstrassCurve.IsElliptic W.toAffine] in theorem ...

Note: This linter can be disabled with `set_option linter.unusedSectionVars false`
warning: projects/HasseWeil/HasseWeil/Foundation/OrdAtInftyBridge.lean:156:0: automatically included section variable(s) unused in theorem `HasseWeil.ΨSq_ff_eq_algebraMap_polynomial`:
  [DecidableEq F]
  [WeierstrassCurve.IsElliptic W.toAffine]
consider restructuring your `variable` declarations so that the variables are not in scope or explicitly omit them:
  omit [DecidableEq F] [WeierstrassCurve.IsElliptic W.toAffine] in theorem ...

Note: This linter can be disabled with `set_option linter.unusedSectionVars false`
warning: projects/HasseWeil/HasseWeil/Foundation/OrdAtInftyBridge.lean:220:0: automatically included section variable(s) unused in theorem `HasseWeil.mulByInt_x_ne_zero`:
  [DecidableEq F]
consider restructuring your `variable` declarations so that the variables are not in scope or explicitly omit them:
  omit [DecidableEq F] in theorem ...

Note: This linter can be disabled with `set_option linter.unusedSectionVars false`
⚠ [10716/11489] Replayed HasseWeil.Foundation.AdditionPullback
warning: projects/HasseWeil/HasseWeil/Foundation/AdditionPullback.lean:278:2: Try this: 
  haveI̵

The goal is a proposition, so `have` is preferred over `haveI`.
The difference between `have` and `haveI` is that `haveI` inlines the value.
But this is not relevant for proofs because of proof irrelevance.

Note: This linter can be disabled with `set_option linter.style.haveILetI false`
⚠ [10719/11489] Replayed HasseWeil.Isogeny.Frobenius.FunctionField
warning: projects/HasseWeil/HasseWeil/Isogeny/Frobenius/FunctionField.lean:213:37: `FiniteField.expand_card` has been deprecated: Use `FiniteField.Polynomial.expand_card` instead

Note: The updated constant is in a different namespace. Dot notation may need to be changed (e.g., from `x.expand_card` to `Polynomial.expand_card x`).

Hint: Replace the deprecated name:
  F̵i̵n̵i̵t̵e̵F̵i̵e̵l̵d̵.̵e̵x̵p̵a̵n̵d̵_̵c̵a̵r̵d̵P̲o̲l̲y̲n̲o̲m̲i̲a̲l̲.̲e̲x̲p̲a̲n̲d̲_̲c̲a̲r̲d̲
⚠ [10721/11489] Replayed HasseWeil.Foundation.EC.AffinePointMap
warning: projects/HasseWeil/HasseWeil/Foundation/EC/AffinePointMap.lean:97:0: automatically included section variable(s) unused in theorem `HasseWeil.Affine.Point.map_neg`:
  [DecidableEq F]
  [DecidableEq F']
consider restructuring your `variable` declarations so that the variables are not in scope or explicitly omit them:
  omit [DecidableEq F] [DecidableEq F'] in theorem ...

Note: This linter can be disabled with `set_option linter.unusedSectionVars false`
⚠ [10722/11489] Replayed HasseWeil.Foundation.EC.GenericPoint
warning: projects/HasseWeil/HasseWeil/Foundation/EC/GenericPoint.lean:46:0: automatically included section variable(s) unused in theorem `HasseWeil.generic_nonsingular`:
  [DecidableEq F]
consider restructuring your `variable` declarations so that the variables are not in scope or explicitly omit them:
  omit [DecidableEq F] in theorem ...

Note: This linter can be disabled with `set_option linter.unusedSectionVars false`
⚠ [10723/11489] Replayed HasseWeil.Foundation.EC.MulByIntBaseCase
warning: projects/HasseWeil/HasseWeil/Foundation/EC/MulByIntBaseCase.lean:97:8: `AlgHom.coe_ringHom_injective` has been deprecated: Use `AlgHom.toRingHom_injective` instead

Hint: Replace the deprecated name:
  A̵l̵g̵H̵o̵m̵.̵c̵o̵e̵_̵r̵i̵n̵g̵H̵o̵m̵_̵i̵n̵j̵e̵c̵t̵i̵v̵e̵A̲l̲g̲H̲o̲m̲.̲t̲o̲R̲i̲n̲g̲H̲o̲m̲_̲i̲n̲j̲e̲c̲t̲i̲v̲e̲
warning: projects/HasseWeil/HasseWeil/Foundation/EC/MulByIntBaseCase.lean:215:8: `AlgHom.coe_ringHom_injective` has been deprecated: Use `AlgHom.toRingHom_injective` instead

Hint: Replace the deprecated name:
  A̵l̵g̵H̵o̵m̵.̵c̵o̵e̵_̵r̵i̵n̵g̵H̵o̵m̵_̵i̵n̵j̵e̵c̵t̵i̵v̵e̵A̲l̲g̲H̲o̲m̲.̲t̲o̲R̲i̲n̲g̲H̲o̲m̲_̲i̲n̲j̲e̲c̲t̲i̲v̲e̲
⚠ [10725/11489] Replayed HasseWeil.Foundation.EC.GenericPointZsmul
warning: projects/HasseWeil/HasseWeil/Foundation/EC/GenericPointZsmul.lean:142:0: automatically included section variable(s) unused in theorem `HasseWeil.mulByInt_y_neg`:
  [DecidableEq F]
consider restructuring your `variable` declarations so that the variables are not in scope or explicitly omit them:
  omit [DecidableEq F] in theorem ...

Note: This linter can be disabled with `set_option linter.unusedSectionVars false`
warning: projects/HasseWeil/HasseWeil/Foundation/EC/GenericPointZsmul.lean:164:0: automatically included section variable(s) unused in theorem `HasseWeil.mulByInt_x_eq`:
  [DecidableEq F]
consider restructuring your `variable` declarations so that the variables are not in scope or explicitly omit them:
  omit [DecidableEq F] in theorem ...

Note: This linter can be disabled with `set_option linter.unusedSectionVars false`
warning: projects/HasseWeil/HasseWeil/Foundation/EC/GenericPointZsmul.lean:253:0: automatically included section variable(s) unused in theorem `HasseWeil.mulByInt_y_sub_negY`:
  [DecidableEq F]
consider restructuring your `variable` declarations so that the variables are not in scope or explicitly omit them:
  omit [DecidableEq F] in theorem ...

Note: This linter can be disabled with `set_option linter.unusedSectionVars false`
warning: projects/HasseWeil/HasseWeil/Foundation/EC/GenericPointZsmul.lean:287:0: automatically included section variable(s) unused in theorem `HasseWeil.generic_weierstrass`:
  [DecidableEq F]
  [WeierstrassCurve.IsElliptic W.toAffine]
consider restructuring your `variable` declarations so that the variables are not in scope or explicitly omit them:
  omit [DecidableEq F] [WeierstrassCurve.IsElliptic W.toAffine] in theorem ...

Note: This linter can be disabled with `set_option linter.unusedSectionVars false`
warning: projects/HasseWeil/HasseWeil/Foundation/EC/GenericPointZsmul.lean:297:0: automatically included section variable(s) unused in theorem `HasseWeil.ψ_ff_three_eq`:
  [DecidableEq F]
  [WeierstrassCurve.IsElliptic W.toAffine]
consider restructuring your `variable` declarations so that the variables are not in scope or explicitly omit them:
  omit [DecidableEq F] [WeierstrassCurve.IsElliptic W.toAffine] in theorem ...

Note: This linter can be disabled with `set_option linter.unusedSectionVars false`
warning: projects/HasseWeil/HasseWeil/Foundation/EC/GenericPointZsmul.lean:607:0: automatically included section variable(s) unused in theorem `HasseWeil.evalEval_φ_at_mulByInt_eq_eval₂_Φ`:
  [DecidableEq F]
consider restructuring your `variable` declarations so that the variables are not in scope or explicitly omit them:
  omit [DecidableEq F] in theorem ...

Note: This linter can be disabled with `set_option linter.unusedSectionVars false`
warning: projects/HasseWeil/HasseWeil/Foundation/EC/GenericPointZsmul.lean:623:0: automatically included section variable(s) unused in theorem `HasseWeil.evalEval_ψ_sq_at_mulByInt_eq_eval₂_ΨSq`:
  [DecidableEq F]
consider restructuring your `variable` declarations so that the variables are not in scope or explicitly omit them:
  omit [DecidableEq F] in theorem ...

Note: This linter can be disabled with `set_option linter.unusedSectionVars false`
⚠ [10726/11489] Replayed HasseWeil.Isogeny.Frobenius.OrdAtInfty
warning: projects/HasseWeil/HasseWeil/Isogeny/Frobenius/OrdAtInfty.lean:1146:0: automatically included section variable(s) unused in theorem `HasseWeil.mulByInt_pullback_y_neg_one`:
  [Fintype K]
consider restructuring your `variable` declarations so that the variables are not in scope or explicitly omit them:
  omit [Fintype K] in theorem ...

Note: This linter can be disabled with `set_option linter.unusedSectionVars false`
warning: projects/HasseWeil/HasseWeil/Isogeny/Frobenius/OrdAtInfty.lean:2383:0: automatically included section variable(s) unused in theorem `HasseWeil.mulByInt_neg_one_pullback_comp_self`:
  [Fintype K]
consider restructuring your `variable` declarations so that the variables are not in scope or explicitly omit them:
  omit [Fintype K] in theorem ...

Note: This linter can be disabled with `set_option linter.unusedSectionVars false`
warning: projects/HasseWeil/HasseWeil/Isogeny/Frobenius/OrdAtInfty.lean:2534:4: Try this: 
  haveI̵

The goal is a proposition, so `have` is preferred over `haveI`.
The difference between `have` and `haveI` is that `haveI` inlines the value.
But this is not relevant for proofs because of proof irrelevance.

Note: This linter can be disabled with `set_option linter.style.haveILetI false`
warning: projects/HasseWeil/HasseWeil/Isogeny/Frobenius/OrdAtInfty.lean:2546:8: automatically included section variable(s) unused in theorem `HasseWeil.mulByInt_neg_one_pullback_algebraMap_K`:
  [Fintype K]
consider restructuring your `variable` declarations so that the variables are not in scope or explicitly omit them:
  omit [Fintype K] in theorem ...

Note: This linter can be disabled with `set_option linter.unusedSectionVars false`
warning: projects/HasseWeil/HasseWeil/Isogeny/Frobenius/OrdAtInfty.lean:2554:0: automatically included section variable(s) unused in theorem `HasseWeil.mulByInt_neg_one_pullback_algebraMap_polyK`:
  [Fintype K]
consider restructuring your `variable` declarations so that the variables are not in scope or explicitly omit them:
  omit [Fintype K] in theorem ...

Note: This linter can be disabled with `set_option linter.unusedSectionVars false`
warning: projects/HasseWeil/HasseWeil/Isogeny/Frobenius/OrdAtInfty.lean:2620:0: automatically included section variable(s) unused in theorem `HasseWeil.a₁X_plus_a₃_ne_zero_char_two`:
  [Fintype K]
  [DecidableEq K]
consider restructuring your `variable` declarations so that the variables are not in scope or explicitly omit them:
  omit [Fintype K] [DecidableEq K] in theorem ...

Note: This linter can be disabled with `set_option linter.unusedSectionVars false`
warning: projects/HasseWeil/HasseWeil/Isogeny/Frobenius/OrdAtInfty.lean:2636:0: automatically included section variable(s) unused in theorem `HasseWeil.algebraMap_a₁X_plus_a₃`:
  [Fintype K]
  [DecidableEq K]
  [WeierstrassCurve.IsElliptic W.toAffine]
consider restructuring your `variable` declarations so that the variables are not in scope or explicitly omit them:
  omit [Fintype K] [DecidableEq K] [WeierstrassCurve.IsElliptic W.toAffine] in theorem ...

Note: This linter can be disabled with `set_option linter.unusedSectionVars false`
warning: projects/HasseWeil/HasseWeil/Isogeny/Frobenius/OrdAtInfty.lean:2742:4: Try this: 
  haveI̵

The goal is a proposition, so `have` is preferred over `haveI`.
The difference between `have` and `haveI` is that `haveI` inlines the value.
But this is not relevant for proofs because of proof irrelevance.

Note: This linter can be disabled with `set_option linter.style.haveILetI false`
warning: projects/HasseWeil/HasseWeil/Isogeny/Frobenius/OrdAtInfty.lean:3077:0: automatically included section variable(s) unused in theorem `HasseWeil.sigma_mulByInt_pullback_x_eq`:
  [Fintype K]
consider restructuring your `variable` declarations so that the variables are not in scope or explicitly omit them:
  omit [Fintype K] in theorem ...

Note: This linter can be disabled with `set_option linter.unusedSectionVars false`
warning: projects/HasseWeil/HasseWeil/Isogeny/Frobenius/OrdAtInfty.lean:3092:0: automatically included section variable(s) unused in theorem `HasseWeil.sigma_mulByInt_pullback_y_eq`:
  [Fintype K]
consider restructuring your `variable` declarations so that the variables are not in scope or explicitly omit them:
  omit [Fintype K] in theorem ...

Note: This linter can be disabled with `set_option linter.unusedSectionVars false`
warning: projects/HasseWeil/HasseWeil/Isogeny/Frobenius/OrdAtInfty.lean:3314:0: automatically included section variable(s) unused in theorem `HasseWeil.ordAtInfty_mulByInt_neg_pullback_x_gen`:
  [Fintype K]
consider restructuring your `variable` declarations so that the variables are not in scope or explicitly omit them:
  omit [Fintype K] in theorem ...

Note: This linter can be disabled with `set_option linter.unusedSectionVars false`
warning: projects/HasseWeil/HasseWeil/Isogeny/Frobenius/OrdAtInfty.lean:3536:0: automatically included section variable(s) unused in theorem `HasseWeil.ordAtInfty_mulByInt_y_eq_of_x`:
  [Fintype K]
consider restructuring your `variable` declarations so that the variables are not in scope or explicitly omit them:
  omit [Fintype K] in theorem ...

Note: This linter can be disabled with `set_option linter.unusedSectionVars false`
warning: projects/HasseWeil/HasseWeil/Isogeny/Frobenius/OrdAtInfty.lean:3839:15: Variable name `hr` is not explicitly referenced.

Hint: The binding can be removed (if unused) or named `_` (if used implicitly). Alternatively, prefix the name with `_` to silence this warning:
  [apply] _hr

Note: This linter can be disabled with `set_option linter.unusedVariables false`
warning: projects/HasseWeil/HasseWeil/Isogeny/Frobenius/OrdAtInfty.lean:3839:28: Variable name `hs` is not explicitly referenced.

Hint: The binding can be removed (if unused) or named `_` (if used implicitly). Alternatively, prefix the name with `_` to silence this warning:
  [apply] _hs

Note: This linter can be disabled with `set_option linter.unusedVariables false`
warning: projects/HasseWeil/HasseWeil/Isogeny/Frobenius/OrdAtInfty.lean:4409:2: Try this: 
  haveI̵

The goal is a proposition, so `have` is preferred over `haveI`.
The difference between `have` and `haveI` is that `haveI` inlines the value.
But this is not relevant for proofs because of proof irrelevance.

Note: This linter can be disabled with `set_option linter.style.haveILetI false`
warning: projects/HasseWeil/HasseWeil/Isogeny/Frobenius/OrdAtInfty.lean:4424:2: Try this: 
  haveI̵

The goal is a proposition, so `have` is preferred over `haveI`.
The difference between `have` and `haveI` is that `haveI` inlines the value.
But this is not relevant for proofs because of proof irrelevance.

Note: This linter can be disabled with `set_option linter.style.haveILetI false`
warning: projects/HasseWeil/HasseWeil/Isogeny/Frobenius/OrdAtInfty.lean:4444:2: Try this: 
  haveI̵

The goal is a proposition, so `have` is preferred over `haveI`.
The difference between `have` and `haveI` is that `haveI` inlines the value.
But this is not relevant for proofs because of proof irrelevance.

Note: This linter can be disabled with `set_option linter.style.haveILetI false`
warning: projects/HasseWeil/HasseWeil/Isogeny/Frobenius/OrdAtInfty.lean:4612:2: Try this: 
  haveI̵

The goal is a proposition, so `have` is preferred over `haveI`.
The difference between `have` and `haveI` is that `haveI` inlines the value.
But this is not relevant for proofs because of proof irrelevance.

Note: This linter can be disabled with `set_option linter.style.haveILetI false`
warning: projects/HasseWeil/HasseWeil/Isogeny/Frobenius/OrdAtInfty.lean:4784:5: Private declaration `h_pole_discharge` accessed publicly; this is allowed only because the `backward.privateInPublic` option is enabled. 

Disable `backward.privateInPublic.warn` to silence this warning.
⚠ [10730/11489] Replayed HasseWeil.Isogeny.Kernel
warning: projects/HasseWeil/HasseWeil/Isogeny/Kernel.lean:184:13: `Set.mem_setOf_eq` has been deprecated: Use `Set.mem_ofPred_eq` instead

Hint: Replace the deprecated name:
  S̵e̵t̵.̵m̵e̵m̵_̵s̵e̵t̵O̵f̵_̵e̵q̵S̲e̲t̲.̲m̲e̲m̲_̲o̲f̲P̲r̲e̲d̲_̲e̲q̲
warning: projects/HasseWeil/HasseWeil/Isogeny/Kernel.lean:220:4: Try this: 
  haveI̵

The goal is a proposition, so `have` is preferred over `haveI`.
The difference between `have` and `haveI` is that `haveI` inlines the value.
But this is not relevant for proofs because of proof irrelevance.

Note: This linter can be disabled with `set_option linter.style.haveILetI false`
warning: projects/HasseWeil/HasseWeil/Isogeny/Kernel.lean:498:2: Try this: 
  letI̵

The goal is a proposition, so `let` is preferred over `letI`.
The difference between `let` and `letI` is that `letI` inlines the value.
But this is not relevant for proofs because of proof irrelevance.

Note: This linter can be disabled with `set_option linter.style.haveILetI false`
warning: projects/HasseWeil/HasseWeil/Isogeny/Kernel.lean:499:2: Try this: 
  haveI̵

The goal is a proposition, so `have` is preferred over `haveI`.
The difference between `have` and `haveI` is that `haveI` inlines the value.
But this is not relevant for proofs because of proof irrelevance.

Note: This linter can be disabled with `set_option linter.style.haveILetI false`
warning: projects/HasseWeil/HasseWeil/Isogeny/Kernel.lean:500:2: Try this: 
  haveI̵

The goal is a proposition, so `have` is preferred over `haveI`.
The difference between `have` and `haveI` is that `haveI` inlines the value.
But this is not relevant for proofs because of proof irrelevance.

Note: This linter can be disabled with `set_option linter.style.haveILetI false`
warning: projects/HasseWeil/HasseWeil/Isogeny/Kernel.lean:517:2: Try this: 
  letI̵

The goal is a proposition, so `let` is preferred over `letI`.
The difference between `let` and `letI` is that `letI` inlines the value.
But this is not relevant for proofs because of proof irrelevance.

Note: This linter can be disabled with `set_option linter.style.haveILetI false`
⚠ [10732/11489] Replayed HasseWeil.Foundation.Curves.Divisor.Divisors
warning: projects/HasseWeil/HasseWeil/Foundation/Curves/Divisor/Divisors.lean:123:15: `Set.mem_setOf_eq` has been deprecated: Use `Set.mem_ofPred_eq` instead

Hint: Replace the deprecated name:
  S̵e̵t̵.̵m̵e̵m̵_̵s̵e̵t̵O̵f̵_̵e̵q̵S̲e̲t̲.̲m̲e̲m̲_̲o̲f̲P̲r̲e̲d̲_̲e̲q̲
⚠ [10733/11489] Replayed HasseWeil.Foundation.Curves.Valuation.AlgebraicNonNegOrd
warning: projects/HasseWeil/HasseWeil/Foundation/Curves/Valuation/AlgebraicNonNegOrd.lean:91:8: `dif_neg` has been deprecated: Use `dite_eq_right` instead

Hint: Replace the deprecated name:
  d̵i̵f̵_̵n̵e̵g̵d̲i̲t̲e̲_̲e̲q̲_̲r̲i̲g̲h̲t̲
⚠ [10734/11489] Replayed HasseWeil.Foundation.Curves.Map.CurveMap
warning: projects/HasseWeil/HasseWeil/Foundation/Curves/Map/CurveMap.lean:5:0: Use RingTheory.RamificationInertia.Basic
'Mathlib.NumberTheory.RamificationInertia.Basic' has been deprecated: please replace this import by

import Mathlib.LinearAlgebra.Dimension.DivisionRing
import Mathlib.NumberTheory.RamificationInertia.Inertia
import Mathlib.NumberTheory.RamificationInertia.Ramification
import Mathlib.RingTheory.Ideal.Norm.AbsNorm
import Mathlib.RingTheory.SimpleModule.Basic
warning: projects/HasseWeil/HasseWeil/Foundation/Curves/Map/CurveMap.lean:117:2: Try this: 
  letI̵

The goal is a proposition, so `let` is preferred over `letI`.
The difference between `let` and `letI` is that `letI` inlines the value.
But this is not relevant for proofs because of proof irrelevance.

Note: This linter can be disabled with `set_option linter.style.haveILetI false`
warning: projects/HasseWeil/HasseWeil/Foundation/Curves/Map/CurveMap.lean:118:2: Try this: 
  letI̵

The goal is a proposition, so `let` is preferred over `letI`.
The difference between `let` and `letI` is that `letI` inlines the value.
But this is not relevant for proofs because of proof irrelevance.

Note: This linter can be disabled with `set_option linter.style.haveILetI false`
warning: projects/HasseWeil/HasseWeil/Foundation/Curves/Map/CurveMap.lean:119:2: Try this: 
  letI̵

The goal is a proposition, so `let` is preferred over `letI`.
The difference between `let` and `letI` is that `letI` inlines the value.
But this is not relevant for proofs because of proof irrelevance.

Note: This linter can be disabled with `set_option linter.style.haveILetI false`
warning: projects/HasseWeil/HasseWeil/Foundation/Curves/Map/CurveMap.lean:120:2: Try this: 
  haveI̵

The goal is a proposition, so `have` is preferred over `haveI`.
The difference between `have` and `haveI` is that `haveI` inlines the value.
But this is not relevant for proofs because of proof irrelevance.

Note: This linter can be disabled with `set_option linter.style.haveILetI false`
warning: projects/HasseWeil/HasseWeil/Foundation/Curves/Map/CurveMap.lean:122:2: Try this: 
  haveI̵

The goal is a proposition, so `have` is preferred over `haveI`.
The difference between `have` and `haveI` is that `haveI` inlines the value.
But this is not relevant for proofs because of proof irrelevance.

Note: This linter can be disabled with `set_option linter.style.haveILetI false`
warning: projects/HasseWeil/HasseWeil/Foundation/Curves/Map/CurveMap.lean:262:2: Try this: 
  letI̵

The goal is a proposition, so `let` is preferred over `letI`.
The difference between `let` and `letI` is that `letI` inlines the value.
But this is not relevant for proofs because of proof irrelevance.

Note: This linter can be disabled with `set_option linter.style.haveILetI false`
warning: projects/HasseWeil/HasseWeil/Foundation/Curves/Map/CurveMap.lean:335:2: Try this: 
  letI̵

The goal is a proposition, so `let` is preferred over `letI`.
The difference between `let` and `letI` is that `letI` inlines the value.
But this is not relevant for proofs because of proof irrelevance.

Note: This linter can be disabled with `set_option linter.style.haveILetI false`
warning: projects/HasseWeil/HasseWeil/Foundation/Curves/Map/CurveMap.lean:336:2: Try this: 
  haveI̵

The goal is a proposition, so `have` is preferred over `haveI`.
The difference between `have` and `haveI` is that `haveI` inlines the value.
But this is not relevant for proofs because of proof irrelevance.

Note: This linter can be disabled with `set_option linter.style.haveILetI false`
warning: projects/HasseWeil/HasseWeil/Foundation/Curves/Map/CurveMap.lean:409:8: `Ideal.inertiaDeg'` has been deprecated: Use `Ideal.inertiaDeg` instead.
warning: projects/HasseWeil/HasseWeil/Foundation/Curves/Map/CurveMap.lean:410:2: Try this: 
  letI̵

The goal is a proposition, so `let` is preferred over `letI`.
The difference between `let` and `letI` is that `letI` inlines the value.
But this is not relevant for proofs because of proof irrelevance.

Note: This linter can be disabled with `set_option linter.style.haveILetI false`
warning: projects/HasseWeil/HasseWeil/Foundation/Curves/Map/CurveMap.lean:412:2: Try this: 
  letI̵

The goal is a proposition, so `let` is preferred over `letI`.
The difference between `let` and `letI` is that `letI` inlines the value.
But this is not relevant for proofs because of proof irrelevance.

Note: This linter can be disabled with `set_option linter.style.haveILetI false`
warning: projects/HasseWeil/HasseWeil/Foundation/Curves/Map/CurveMap.lean:413:2: Try this: 
  haveI̵

The goal is a proposition, so `have` is preferred over `haveI`.
The difference between `have` and `haveI` is that `haveI` inlines the value.
But this is not relevant for proofs because of proof irrelevance.

Note: This linter can be disabled with `set_option linter.style.haveILetI false`
warning: projects/HasseWeil/HasseWeil/Foundation/Curves/Map/CurveMap.lean:418:2: Try this: 
  haveI̵

The goal is a proposition, so `have` is preferred over `haveI`.
The difference between `have` and `haveI` is that `haveI` inlines the value.
But this is not relevant for proofs because of proof irrelevance.

Note: This linter can be disabled with `set_option linter.style.haveILetI false`
warning: projects/HasseWeil/HasseWeil/Foundation/Curves/Map/CurveMap.lean:427:2: Try this: 
  haveI̵

The goal is a proposition, so `have` is preferred over `haveI`.
The difference between `have` and `haveI` is that `haveI` inlines the value.
But this is not relevant for proofs because of proof irrelevance.

Note: This linter can be disabled with `set_option linter.style.haveILetI false`
warning: projects/HasseWeil/HasseWeil/Foundation/Curves/Map/CurveMap.lean:428:2: Try this: 
  letI̵

The goal is a proposition, so `let` is preferred over `letI`.
The difference between `let` and `letI` is that `letI` inlines the value.
But this is not relevant for proofs because of proof irrelevance.

Note: This linter can be disabled with `set_option linter.style.haveILetI false`
warning: projects/HasseWeil/HasseWeil/Foundation/Curves/Map/CurveMap.lean:429:2: Try this: 
  haveI̵

The goal is a proposition, so `have` is preferred over `haveI`.
The difference between `have` and `haveI` is that `haveI` inlines the value.
But this is not relevant for proofs because of proof irrelevance.

Note: This linter can be disabled with `set_option linter.style.haveILetI false`
warning: projects/HasseWeil/HasseWeil/Foundation/Curves/Map/CurveMap.lean:431:8: `Ideal.sum_ramification_inertia` has been deprecated: Use results of RingTheory.RamificationInertia.Basic
⚠ [10736/11489] Replayed HasseWeil.Foundation.Curves.Valuation.SmoothPointTranslate
warning: projects/HasseWeil/HasseWeil/Foundation/Curves/Valuation/SmoothPointTranslate.lean:110:12: Private declaration `Affine.Point.exists_some_of_isSome` accessed publicly; this is allowed only because the `backward.privateInPublic` option is enabled. 

Disable `backward.privateInPublic.warn` to silence this warning.
⚠ [10737/11489] Replayed HasseWeil.Foundation.EC.TranslationOrd
warning: projects/HasseWeil/HasseWeil/Foundation/EC/TranslationOrd.lean:124:6: `dif_neg` has been deprecated: Use `dite_eq_right` instead

Hint: Replace the deprecated name:
  d̵i̵f̵_̵n̵e̵g̵d̲i̲t̲e̲_̲e̲q̲_̲r̲i̲g̲h̲t̲
warning: projects/HasseWeil/HasseWeil/Foundation/EC/TranslationOrd.lean:222:6: `dif_neg` has been deprecated: Use `dite_eq_right` instead

Hint: Replace the deprecated name:
  d̵i̵f̵_̵n̵e̵g̵d̲i̲t̲e̲_̲e̲q̲_̲r̲i̲g̲h̲t̲
warning: projects/HasseWeil/HasseWeil/Foundation/EC/TranslationOrd.lean:1013:6: `dif_neg` has been deprecated: Use `dite_eq_right` instead

Hint: Replace the deprecated name:
  d̵i̵f̵_̵n̵e̵g̵d̲i̲t̲e̲_̲e̲q̲_̲r̲i̲g̲h̲t̲
warning: projects/HasseWeil/HasseWeil/Foundation/EC/TranslationOrd.lean:1236:8: `dif_neg` has been deprecated: Use `dite_eq_right` instead

Hint: Replace the deprecated name:
  d̵i̵f̵_̵n̵e̵g̵d̲i̲t̲e̲_̲e̲q̲_̲r̲i̲g̲h̲t̲
info: projects/HasseWeil/HasseWeil/Foundation/EC/TranslationOrd.lean:1406:48: Try this:
  [apply] ring_nf
  
  The `ring` tactic failed to close the goal. Use `ring_nf` to obtain a normal form.
    
  Note that `ring` works primarily in *commutative* rings. If you have a noncommutative ring, abelian group or module, consider using `noncomm_ring`, `abel` or `module` instead.
info: projects/HasseWeil/HasseWeil/Foundation/EC/TranslationOrd.lean:1408:63: Try this:
  [apply] ring_nf
  
  The `ring` tactic failed to close the goal. Use `ring_nf` to obtain a normal form.
    
  Note that `ring` works primarily in *commutative* rings. If you have a noncommutative ring, abelian group or module, consider using `noncomm_ring`, `abel` or `module` instead.
info: projects/HasseWeil/HasseWeil/Foundation/EC/TranslationOrd.lean:1499:25: Try this:
  [apply] ring_nf
  
  The `ring` tactic failed to close the goal. Use `ring_nf` to obtain a normal form.
    
  Note that `ring` works primarily in *commutative* rings. If you have a noncommutative ring, abelian group or module, consider using `noncomm_ring`, `abel` or `module` instead.
warning: projects/HasseWeil/HasseWeil/Foundation/EC/TranslationOrd.lean:3433:8: `dif_pos` has been deprecated: Use `dite_eq_left` instead

Hint: Replace the deprecated name:
  d̵i̵f̵_̵p̵o̵s̵d̲i̲t̲e̲_̲e̲q̲_̲l̲e̲f̲t̲
warning: projects/HasseWeil/HasseWeil/Foundation/EC/TranslationOrd.lean:3441:8: `dif_neg` has been deprecated: Use `dite_eq_right` instead

Hint: Replace the deprecated name:
  d̵i̵f̵_̵n̵e̵g̵d̲i̲t̲e̲_̲e̲q̲_̲r̲i̲g̲h̲t̲
warning: projects/HasseWeil/HasseWeil/Foundation/EC/TranslationOrd.lean:4684:2: Try this: 
  haveI̵

The goal is a proposition, so `have` is preferred over `haveI`.
The difference between `have` and `haveI` is that `haveI` inlines the value.
But this is not relevant for proofs because of proof irrelevance.

Note: This linter can be disabled with `set_option linter.style.haveILetI false`
warning: projects/HasseWeil/HasseWeil/Foundation/EC/TranslationOrd.lean:5044:2: Try this: 
  haveI̵

The goal is a proposition, so `have` is preferred over `haveI`.
The difference between `have` and `haveI` is that `haveI` inlines the value.
But this is not relevant for proofs because of proof irrelevance.

Note: This linter can be disabled with `set_option linter.style.haveILetI false`
warning: projects/HasseWeil/HasseWeil/Foundation/EC/TranslationOrd.lean:5224:10: `dif_neg` has been deprecated: Use `dite_eq_right` instead

Hint: Replace the deprecated name:
  d̵i̵f̵_̵n̵e̵g̵d̲i̲t̲e̲_̲e̲q̲_̲r̲i̲g̲h̲t̲
warning: projects/HasseWeil/HasseWeil/Foundation/EC/TranslationOrd.lean:5228:10: `dif_neg` has been deprecated: Use `dite_eq_right` instead

Hint: Replace the deprecated name:
  d̵i̵f̵_̵n̵e̵g̵d̲i̲t̲e̲_̲e̲q̲_̲r̲i̲g̲h̲t̲
⚠ [10740/11489] Replayed HasseWeil.Foundation.Verschiebung.PurelyInsep
warning: projects/HasseWeil/HasseWeil/Foundation/Verschiebung/PurelyInsep.lean:173:2: Try this: 
  haveI̵

The goal is a proposition, so `have` is preferred over `haveI`.
The difference between `have` and `haveI` is that `haveI` inlines the value.
But this is not relevant for proofs because of proof irrelevance.

Note: This linter can be disabled with `set_option linter.style.haveILetI false`
⚠ [10741/11489] Replayed HasseWeil.Foundation.Verschiebung.QthRoots
warning: projects/HasseWeil/HasseWeil/Foundation/Verschiebung/QthRoots.lean:123:2: Try this: 
  haveI̵

The goal is a proposition, so `have` is preferred over `haveI`.
The difference between `have` and `haveI` is that `haveI` inlines the value.
But this is not relevant for proofs because of proof irrelevance.

Note: This linter can be disabled with `set_option linter.style.haveILetI false`
warning: projects/HasseWeil/HasseWeil/Foundation/Verschiebung/QthRoots.lean:124:2: Try this: 
  haveI̵

The goal is a proposition, so `have` is preferred over `haveI`.
The difference between `have` and `haveI` is that `haveI` inlines the value.
But this is not relevant for proofs because of proof irrelevance.

Note: This linter can be disabled with `set_option linter.style.haveILetI false`
warning: projects/HasseWeil/HasseWeil/Foundation/Verschiebung/QthRoots.lean:720:10: This simp argument is unused:
  Set.image_pair

Hint: Omit it from the simp argument list.
  [apply] simp

Note: This linter can be disabled with `set_option linter.unusedSimpArgs false`
warning: projects/HasseWeil/HasseWeil/Foundation/Verschiebung/QthRoots.lean:1620:2: Private declaration `omega3_witness_coeff_X0_a₁5` accessed publicly; this is allowed only because the `backward.privateInPublic` option is enabled. 

Disable `backward.privateInPublic.warn` to silence this warning.
warning: projects/HasseWeil/HasseWeil/Foundation/Verschiebung/QthRoots.lean:1620:34: Private declaration `omega3_witness_coeff_X0_a₁4` accessed publicly; this is allowed only because the `backward.privateInPublic` option is enabled. 

Disable `backward.privateInPublic.warn` to silence this warning.
warning: projects/HasseWeil/HasseWeil/Foundation/Verschiebung/QthRoots.lean:1620:66: Private declaration `omega3_witness_coeff_X0_a₁3` accessed publicly; this is allowed only because the `backward.privateInPublic` option is enabled. 

Disable `backward.privateInPublic.warn` to silence this warning.
warning: projects/HasseWeil/HasseWeil/Foundation/Verschiebung/QthRoots.lean:1621:2: Private declaration `omega3_witness_coeff_X0_a₁2` accessed publicly; this is allowed only because the `backward.privateInPublic` option is enabled. 

Disable `backward.privateInPublic.warn` to silence this warning.
warning: projects/HasseWeil/HasseWeil/Foundation/Verschiebung/QthRoots.lean:1621:34: Private declaration `omega3_witness_coeff_X0_a₁1_a₂2` accessed publicly; this is allowed only because the `backward.privateInPublic` option is enabled. 

Disable `backward.privateInPublic.warn` to silence this warning.
warning: projects/HasseWeil/HasseWeil/Foundation/Verschiebung/QthRoots.lean:1622:2: Private declaration `omega3_witness_coeff_X0_a₁1_a₂1` accessed publicly; this is allowed only because the `backward.privateInPublic` option is enabled. 

Disable `backward.privateInPublic.warn` to silence this warning.
warning: projects/HasseWeil/HasseWeil/Foundation/Verschiebung/QthRoots.lean:1622:38: Private declaration `omega3_witness_coeff_X0_a₁1_a₂0` accessed publicly; this is allowed only because the `backward.privateInPublic` option is enabled. 

Disable `backward.privateInPublic.warn` to silence this warning.
warning: projects/HasseWeil/HasseWeil/Foundation/Verschiebung/QthRoots.lean:1623:2: Private declaration `omega3_witness_coeff_X0_a₁0_a₂3` accessed publicly; this is allowed only because the `backward.privateInPublic` option is enabled. 

Disable `backward.privateInPublic.warn` to silence this warning.
warning: projects/HasseWeil/HasseWeil/Foundation/Verschiebung/QthRoots.lean:1623:38: Private declaration `omega3_witness_coeff_X0_a₁0_a₂2` accessed publicly; this is allowed only because the `backward.privateInPublic` option is enabled. 

Disable `backward.privateInPublic.warn` to silence this warning.
warning: projects/HasseWeil/HasseWeil/Foundation/Verschiebung/QthRoots.lean:1624:2: Private declaration `omega3_witness_coeff_X0_a₁0_a₂1` accessed publicly; this is allowed only because the `backward.privateInPublic` option is enabled. 

Disable `backward.privateInPublic.warn` to silence this warning.
warning: projects/HasseWeil/HasseWeil/Foundation/Verschiebung/QthRoots.lean:1624:38: Private declaration `omega3_witness_coeff_X0_a₁0_a₂0` accessed publicly; this is allowed only because the `backward.privateInPublic` option is enabled. 

Disable `backward.privateInPublic.warn` to silence this warning.
warning: projects/HasseWeil/HasseWeil/Foundation/Verschiebung/QthRoots.lean:1715:2: Private declaration `omega3_witness_coeff_X1_a₁8` accessed publicly; this is allowed only because the `backward.privateInPublic` option is enabled. 

Disable `backward.privateInPublic.warn` to silence this warning.
warning: projects/HasseWeil/HasseWeil/Foundation/Verschiebung/QthRoots.lean:1715:34: Private declaration `omega3_witness_coeff_X1_a₁7` accessed publicly; this is allowed only because the `backward.privateInPublic` option is enabled. 

Disable `backward.privateInPublic.warn` to silence this warning.
warning: projects/HasseWeil/HasseWeil/Foundation/Verschiebung/QthRoots.lean:1715:66: Private declaration `omega3_witness_coeff_X1_a₁6` accessed publicly; this is allowed only because the `backward.privateInPublic` option is enabled. 

Disable `backward.privateInPublic.warn` to silence this warning.
warning: projects/HasseWeil/HasseWeil/Foundation/Verschiebung/QthRoots.lean:1716:2: Private declaration `omega3_witness_coeff_X1_a₁5` accessed publicly; this is allowed only because the `backward.privateInPublic` option is enabled. 

Disable `backward.privateInPublic.warn` to silence this warning.
warning: projects/HasseWeil/HasseWeil/Foundation/Verschiebung/QthRoots.lean:1716:34: Private declaration `omega3_witness_coeff_X1_a₁4` accessed publicly; this is allowed only because the `backward.privateInPublic` option is enabled. 

Disable `backward.privateInPublic.warn` to silence this warning.
warning: projects/HasseWeil/HasseWeil/Foundation/Verschiebung/QthRoots.lean:1717:2: Private declaration `omega3_witness_coeff_X1_a₁3_a₂3` accessed publicly; this is allowed only because the `backward.privateInPublic` option is enabled. 

Disable `backward.privateInPublic.warn` to silence this warning.
warning: projects/HasseWeil/HasseWeil/Foundation/Verschiebung/QthRoots.lean:1717:38: Private declaration `omega3_witness_coeff_X1_a₁3_a₂2` accessed publicly; this is allowed only because the `backward.privateInPublic` option is enabled. 

Disable `backward.privateInPublic.warn` to silence this warning.
warning: projects/HasseWeil/HasseWeil/Foundation/Verschiebung/QthRoots.lean:1718:2: Private declaration `omega3_witness_coeff_X1_a₁3_a₂1` accessed publicly; this is allowed only because the `backward.privateInPublic` option is enabled. 

Disable `backward.privateInPublic.warn` to silence this warning.
warning: projects/HasseWeil/HasseWeil/Foundation/Verschiebung/QthRoots.lean:1718:38: Private declaration `omega3_witness_coeff_X1_a₁3_a₂0` accessed publicly; this is allowed only because the `backward.privateInPublic` option is enabled. 

Disable `backward.privateInPublic.warn` to silence this warning.
warning: projects/HasseWeil/HasseWeil/Foundation/Verschiebung/QthRoots.lean:1719:2: Private declaration `omega3_witness_coeff_X1_a₁2_a₂3` accessed publicly; this is allowed only because the `backward.privateInPublic` option is enabled. 

Disable `backward.privateInPublic.warn` to silence this warning.
warning: projects/HasseWeil/HasseWeil/Foundation/Verschiebung/QthRoots.lean:1719:38: Private declaration `omega3_witness_coeff_X1_a₁2_a₂2` accessed publicly; this is allowed only because the `backward.privateInPublic` option is enabled. 

Disable `backward.privateInPublic.warn` to silence this warning.
warning: projects/HasseWeil/HasseWeil/Foundation/Verschiebung/QthRoots.lean:1720:2: Private declaration `omega3_witness_coeff_X1_a₁2_a₂1` accessed publicly; this is allowed only because the `backward.privateInPublic` option is enabled. 

Disable `backward.privateInPublic.warn` to silence this warning.
warning: projects/HasseWeil/HasseWeil/Foundation/Verschiebung/QthRoots.lean:1720:38: Private declaration `omega3_witness_coeff_X1_a₁2_a₂0` accessed publicly; this is allowed only because the `backward.privateInPublic` option is enabled. 

Disable `backward.privateInPublic.warn` to silence this warning.
warning: projects/HasseWeil/HasseWeil/Foundation/Verschiebung/QthRoots.lean:1721:2: Private declaration `omega3_witness_coeff_X1_a₁1_a₂4` accessed publicly; this is allowed only because the `backward.privateInPublic` option is enabled. 

Disable `backward.privateInPublic.warn` to silence this warning.
warning: projects/HasseWeil/HasseWeil/Foundation/Verschiebung/QthRoots.lean:1721:38: Private declaration `omega3_witness_coeff_X1_a₁1_a₂3` accessed publicly; this is allowed only because the `backward.privateInPublic` option is enabled. 

Disable `backward.privateInPublic.warn` to silence this warning.
warning: projects/HasseWeil/HasseWeil/Foundation/Verschiebung/QthRoots.lean:1722:2: Private declaration `omega3_witness_coeff_X1_a₁1_a₂2` accessed publicly; this is allowed only because the `backward.privateInPublic` option is enabled. 

Disable `backward.privateInPublic.warn` to silence this warning.
warning: projects/HasseWeil/HasseWeil/Foundation/Verschiebung/QthRoots.lean:1722:38: Private declaration `omega3_witness_coeff_X1_a₁1_a₂1` accessed publicly; this is allowed only because the `backward.privateInPublic` option is enabled. 

Disable `backward.privateInPublic.warn` to silence this warning.
warning: projects/HasseWeil/HasseWeil/Foundation/Verschiebung/QthRoots.lean:1723:2: Private declaration `omega3_witness_coeff_X1_a₁1_a₂0` accessed publicly; this is allowed only because the `backward.privateInPublic` option is enabled. 

Disable `backward.privateInPublic.warn` to silence this warning.
warning: projects/HasseWeil/HasseWeil/Foundation/Verschiebung/QthRoots.lean:1723:38: Private declaration `omega3_witness_coeff_X1_a₁0_a₂3` accessed publicly; this is allowed only because the `backward.privateInPublic` option is enabled. 

Disable `backward.privateInPublic.warn` to silence this warning.
warning: projects/HasseWeil/HasseWeil/Foundation/Verschiebung/QthRoots.lean:1724:2: Private declaration `omega3_witness_coeff_X1_a₁0_a₂2` accessed publicly; this is allowed only because the `backward.privateInPublic` option is enabled. 

Disable `backward.privateInPublic.warn` to silence this warning.
warning: projects/HasseWeil/HasseWeil/Foundation/Verschiebung/QthRoots.lean:1724:38: Private declaration `omega3_witness_coeff_X1_a₁0_a₂1` accessed publicly; this is allowed only because the `backward.privateInPublic` option is enabled. 

Disable `backward.privateInPublic.warn` to silence this warning.
warning: projects/HasseWeil/HasseWeil/Foundation/Verschiebung/QthRoots.lean:1725:2: Private declaration `omega3_witness_coeff_X1_a₁0_a₂0` accessed publicly; this is allowed only because the `backward.privateInPublic` option is enabled. 

Disable `backward.privateInPublic.warn` to silence this warning.
warning: projects/HasseWeil/HasseWeil/Foundation/Verschiebung/QthRoots.lean:1785:2: Private declaration `omega3_witness_coeff_X2_a₁11` accessed publicly; this is allowed only because the `backward.privateInPublic` option is enabled. 

Disable `backward.privateInPublic.warn` to silence this warning.
warning: projects/HasseWeil/HasseWeil/Foundation/Verschiebung/QthRoots.lean:1785:35: Private declaration `omega3_witness_coeff_X2_a₁10` accessed publicly; this is allowed only because the `backward.privateInPublic` option is enabled. 

Disable `backward.privateInPublic.warn` to silence this warning.
warning: projects/HasseWeil/HasseWeil/Foundation/Verschiebung/QthRoots.lean:1785:68: Private declaration `omega3_witness_coeff_X2_a₁9` accessed publicly; this is allowed only because the `backward.privateInPublic` option is enabled. 

Disable `backward.privateInPublic.warn` to silence this warning.
warning: projects/HasseWeil/HasseWeil/Foundation/Verschiebung/QthRoots.lean:1786:2: Private declaration `omega3_witness_coeff_X2_a₁8` accessed publicly; this is allowed only because the `backward.privateInPublic` option is enabled. 

Disable `backward.privateInPublic.warn` to silence this warning.
warning: projects/HasseWeil/HasseWeil/Foundation/Verschiebung/QthRoots.lean:1786:34: Private declaration `omega3_witness_coeff_X2_a₁7` accessed publicly; this is allowed only because the `backward.privateInPublic` option is enabled. 

Disable `backward.privateInPublic.warn` to silence this warning.
warning: projects/HasseWeil/HasseWeil/Foundation/Verschiebung/QthRoots.lean:1786:66: Private declaration `omega3_witness_coeff_X2_a₁6` accessed publicly; this is allowed only because the `backward.privateInPublic` option is enabled. 

Disable `backward.privateInPublic.warn` to silence this warning.
warning: projects/HasseWeil/HasseWeil/Foundation/Verschiebung/QthRoots.lean:1787:2: Private declaration `omega3_witness_coeff_X2_a₁5` accessed publicly; this is allowed only because the `backward.privateInPublic` option is enabled. 

Disable `backward.privateInPublic.warn` to silence this warning.
warning: projects/HasseWeil/HasseWeil/Foundation/Verschiebung/QthRoots.lean:1787:34: Private declaration `omega3_witness_coeff_X2_a₁4` accessed publicly; this is allowed only because the `backward.privateInPublic` option is enabled. 

Disable `backward.privateInPublic.warn` to silence this warning.
warning: projects/HasseWeil/HasseWeil/Foundation/Verschiebung/QthRoots.lean:1787:66: Private declaration `omega3_witness_coeff_X2_a₁3` accessed publicly; this is allowed only because the `backward.privateInPublic` option is enabled. 

Disable `backward.privateInPublic.warn` to silence this warning.
warning: projects/HasseWeil/HasseWeil/Foundation/Verschiebung/QthRoots.lean:1788:2: Private declaration `omega3_witness_coeff_X2_a₁2` accessed publicly; this is allowed only because the `backward.privateInPublic` option is enabled. 

Disable `backward.privateInPublic.warn` to silence this warning.
warning: projects/HasseWeil/HasseWeil/Foundation/Verschiebung/QthRoots.lean:1788:34: Private declaration `omega3_witness_coeff_X2_a₁1` accessed publicly; this is allowed only because the `backward.privateInPublic` option is enabled. 

Disable `backward.privateInPublic.warn` to silence this warning.
warning: projects/HasseWeil/HasseWeil/Foundation/Verschiebung/QthRoots.lean:1788:66: Private declaration `omega3_witness_coeff_X2_a₁0` accessed publicly; this is allowed only because the `backward.privateInPublic` option is enabled. 

Disable `backward.privateInPublic.warn` to silence this warning.
warning: projects/HasseWeil/HasseWeil/Foundation/Verschiebung/QthRoots.lean:1890:2: Private declaration `omega3_witness_coeff_X3_a₁13` accessed publicly; this is allowed only because the `backward.privateInPublic` option is enabled. 

Disable `backward.privateInPublic.warn` to silence this warning.
warning: projects/HasseWeil/HasseWeil/Foundation/Verschiebung/QthRoots.lean:1890:35: Private declaration `omega3_witness_coeff_X3_a₁12` accessed publicly; this is allowed only because the `backward.privateInPublic` option is enabled. 

Disable `backward.privateInPublic.warn` to silence this warning.
warning: projects/HasseWeil/HasseWeil/Foundation/Verschiebung/QthRoots.lean:1890:68: Private declaration `omega3_witness_coeff_X3_a₁11` accessed publicly; this is allowed only because the `backward.privateInPublic` option is enabled. 

Disable `backward.privateInPublic.warn` to silence this warning.
warning: projects/HasseWeil/HasseWeil/Foundation/Verschiebung/QthRoots.lean:1891:2: Private declaration `omega3_witness_coeff_X3_a₁10` accessed publicly; this is allowed only because the `backward.privateInPublic` option is enabled. 

Disable `backward.privateInPublic.warn` to silence this warning.
warning: projects/HasseWeil/HasseWeil/Foundation/Verschiebung/QthRoots.lean:1891:35: Private declaration `omega3_witness_coeff_X3_a₁9` accessed publicly; this is allowed only because the `backward.privateInPublic` option is enabled. 

Disable `backward.privateInPublic.warn` to silence this warning.
warning: projects/HasseWeil/HasseWeil/Foundation/Verschiebung/QthRoots.lean:1891:67: Private declaration `omega3_witness_coeff_X3_a₁8` accessed publicly; this is allowed only because the `backward.privateInPublic` option is enabled. 

Disable `backward.privateInPublic.warn` to silence this warning.
warning: projects/HasseWeil/HasseWeil/Foundation/Verschiebung/QthRoots.lean:1892:2: Private declaration `omega3_witness_coeff_X3_a₁7` accessed publicly; this is allowed only because the `backward.privateInPublic` option is enabled. 

Disable `backward.privateInPublic.warn` to silence this warning.
warning: projects/HasseWeil/HasseWeil/Foundation/Verschiebung/QthRoots.lean:1892:34: Private declaration `omega3_witness_coeff_X3_a₁6` accessed publicly; this is allowed only because the `backward.privateInPublic` option is enabled. 

Disable `backward.privateInPublic.warn` to silence this warning.
warning: projects/HasseWeil/HasseWeil/Foundation/Verschiebung/QthRoots.lean:1892:66: Private declaration `omega3_witness_coeff_X3_a₁5` accessed publicly; this is allowed only because the `backward.privateInPublic` option is enabled. 

Disable `backward.privateInPublic.warn` to silence this warning.
warning: projects/HasseWeil/HasseWeil/Foundation/Verschiebung/QthRoots.lean:1893:2: Private declaration `omega3_witness_coeff_X3_a₁4` accessed publicly; this is allowed only because the `backward.privateInPublic` option is enabled. 

Disable `backward.privateInPublic.warn` to silence this warning.
warning: projects/HasseWeil/HasseWeil/Foundation/Verschiebung/QthRoots.lean:1893:34: Private declaration `omega3_witness_coeff_X3_a₁3_a₂6` accessed publicly; this is allowed only because the `backward.privateInPublic` option is enabled. 

Disable `backward.privateInPublic.warn` to silence this warning.
warning: projects/HasseWeil/HasseWeil/Foundation/Verschiebung/QthRoots.lean:1894:2: Private declaration `omega3_witness_coeff_X3_a₁3_a₂5` accessed publicly; this is allowed only because the `backward.privateInPublic` option is enabled. 

Disable `backward.privateInPublic.warn` to silence this warning.
warning: projects/HasseWeil/HasseWeil/Foundation/Verschiebung/QthRoots.lean:1894:38: Private declaration `omega3_witness_coeff_X3_a₁3_a₂4` accessed publicly; this is allowed only because the `backward.privateInPublic` option is enabled. 

Disable `backward.privateInPublic.warn` to silence this warning.
warning: projects/HasseWeil/HasseWeil/Foundation/Verschiebung/QthRoots.lean:1895:2: Private declaration `omega3_witness_coeff_X3_a₁3_a₂3` accessed publicly; this is allowed only because the `backward.privateInPublic` option is enabled. 

Disable `backward.privateInPublic.warn` to silence this warning.
warning: projects/HasseWeil/HasseWeil/Foundation/Verschiebung/QthRoots.lean:1895:38: Private declaration `omega3_witness_coeff_X3_a₁3_a₂2` accessed publicly; this is allowed only because the `backward.privateInPublic` option is enabled. 

Disable `backward.privateInPublic.warn` to silence this warning.
warning: projects/HasseWeil/HasseWeil/Foundation/Verschiebung/QthRoots.lean:1896:2: Private declaration `omega3_witness_coeff_X3_a₁3_a₂1` accessed publicly; this is allowed only because the `backward.privateInPublic` option is enabled. 

Disable `backward.privateInPublic.warn` to silence this warning.
warning: projects/HasseWeil/HasseWeil/Foundation/Verschiebung/QthRoots.lean:1896:38: Private declaration `omega3_witness_coeff_X3_a₁3_a₂0` accessed publicly; this is allowed only because the `backward.privateInPublic` option is enabled. 

Disable `backward.privateInPublic.warn` to silence this warning.
warning: projects/HasseWeil/HasseWeil/Foundation/Verschiebung/QthRoots.lean:1897:2: Private declaration `omega3_witness_coeff_X3_a₁2` accessed publicly; this is allowed only because the `backward.privateInPublic` option is enabled. 

Disable `backward.privateInPublic.warn` to silence this warning.
warning: projects/HasseWeil/HasseWeil/Foundation/Verschiebung/QthRoots.lean:1897:34: Private declaration `omega3_witness_coeff_X3_a₁1_a₂7` accessed publicly; this is allowed only because the `backward.privateInPublic` option is enabled. 

Disable `backward.privateInPublic.warn` to silence this warning.
warning: projects/HasseWeil/HasseWeil/Foundation/Verschiebung/QthRoots.lean:1898:2: Private declaration `omega3_witness_coeff_X3_a₁1_a₂6` accessed publicly; this is allowed only because the `backward.privateInPublic` option is enabled. 

Disable `backward.privateInPublic.warn` to silence this warning.
warning: projects/HasseWeil/HasseWeil/Foundation/Verschiebung/QthRoots.lean:1898:38: Private declaration `omega3_witness_coeff_X3_a₁1_a₂5` accessed publicly; this is allowed only because the `backward.privateInPublic` option is enabled. 

Disable `backward.privateInPublic.warn` to silence this warning.
warning: projects/HasseWeil/HasseWeil/Foundation/Verschiebung/QthRoots.lean:1899:2: Private declaration `omega3_witness_coeff_X3_a₁1_a₂4` accessed publicly; this is allowed only because the `backward.privateInPublic` option is enabled. 

Disable `backward.privateInPublic.warn` to silence this warning.
warning: projects/HasseWeil/HasseWeil/Foundation/Verschiebung/QthRoots.lean:1899:38: Private declaration `omega3_witness_coeff_X3_a₁1_a₂3` accessed publicly; this is allowed only because the `backward.privateInPublic` option is enabled. 

Disable `backward.privateInPublic.warn` to silence this warning.
warning: projects/HasseWeil/HasseWeil/Foundation/Verschiebung/QthRoots.lean:1900:2: Private declaration `omega3_witness_coeff_X3_a₁1_a₂2` accessed publicly; this is allowed only because the `backward.privateInPublic` option is enabled. 

Disable `backward.privateInPublic.warn` to silence this warning.
warning: projects/HasseWeil/HasseWeil/Foundation/Verschiebung/QthRoots.lean:1900:38: Private declaration `omega3_witness_coeff_X3_a₁1_a₂1` accessed publicly; this is allowed only because the `backward.privateInPublic` option is enabled. 

Disable `backward.privateInPublic.warn` to silence this warning.
warning: projects/HasseWeil/HasseWeil/Foundation/Verschiebung/QthRoots.lean:1901:2: Private declaration `omega3_witness_coeff_X3_a₁1_a₂0` accessed publicly; this is allowed only because the `backward.privateInPublic` option is enabled. 

Disable `backward.privateInPublic.warn` to silence this warning.
warning: projects/HasseWeil/HasseWeil/Foundation/Verschiebung/QthRoots.lean:1901:38: Private declaration `omega3_witness_coeff_X3_a₁0` accessed publicly; this is allowed only because the `backward.privateInPublic` option is enabled. 

Disable `backward.privateInPublic.warn` to silence this warning.
warning: projects/HasseWeil/HasseWeil/Foundation/Verschiebung/QthRoots.lean:1966:2: Private declaration `omega3_witness_coeff_X4_a₁15` accessed publicly; this is allowed only because the `backward.privateInPublic` option is enabled. 

Disable `backward.privateInPublic.warn` to silence this warning.
warning: projects/HasseWeil/HasseWeil/Foundation/Verschiebung/QthRoots.lean:1966:35: Private declaration `omega3_witness_coeff_X4_a₁14` accessed publicly; this is allowed only because the `backward.privateInPublic` option is enabled. 

Disable `backward.privateInPublic.warn` to silence this warning.
warning: projects/HasseWeil/HasseWeil/Foundation/Verschiebung/QthRoots.lean:1966:68: Private declaration `omega3_witness_coeff_X4_a₁13` accessed publicly; this is allowed only because the `backward.privateInPublic` option is enabled. 

Disable `backward.privateInPublic.warn` to silence this warning.
warning: projects/HasseWeil/HasseWeil/Foundation/Verschiebung/QthRoots.lean:1967:2: Private declaration `omega3_witness_coeff_X4_a₁12` accessed publicly; this is allowed only because the `backward.privateInPublic` option is enabled. 

Disable `backward.privateInPublic.warn` to silence this warning.
warning: projects/HasseWeil/HasseWeil/Foundation/Verschiebung/QthRoots.lean:1967:35: Private declaration `omega3_witness_coeff_X4_a₁11` accessed publicly; this is allowed only because the `backward.privateInPublic` option is enabled. 

Disable `backward.privateInPublic.warn` to silence this warning.
warning: projects/HasseWeil/HasseWeil/Foundation/Verschiebung/QthRoots.lean:1967:68: Private declaration `omega3_witness_coeff_X4_a₁10` accessed publicly; this is allowed only because the `backward.privateInPublic` option is enabled. 

Disable `backward.privateInPublic.warn` to silence this warning.
warning: projects/HasseWeil/HasseWeil/Foundation/Verschiebung/QthRoots.lean:1968:2: Private declaration `omega3_witness_coeff_X4_a₁9` accessed publicly; this is allowed only because the `backward.privateInPublic` option is enabled. 

Disable `backward.privateInPublic.warn` to silence this warning.
warning: projects/HasseWeil/HasseWeil/Foundation/Verschiebung/QthRoots.lean:1968:34: Private declaration `omega3_witness_coeff_X4_a₁8` accessed publicly; this is allowed only because the `backward.privateInPublic` option is enabled. 

Disable `backward.privateInPublic.warn` to silence this warning.
warning: projects/HasseWeil/HasseWeil/Foundation/Verschiebung/QthRoots.lean:1968:66: Private declaration `omega3_witness_coeff_X4_a₁7` accessed publicly; this is allowed only because the `backward.privateInPublic` option is enabled. 

Disable `backward.privateInPublic.warn` to silence this warning.
warning: projects/HasseWeil/HasseWeil/Foundation/Verschiebung/QthRoots.lean:1969:2: Private declaration `omega3_witness_coeff_X4_a₁6` accessed publicly; this is allowed only because the `backward.privateInPublic` option is enabled. 

Disable `backward.privateInPublic.warn` to silence this warning.
warning: projects/HasseWeil/HasseWeil/Foundation/Verschiebung/QthRoots.lean:1969:34: Private declaration `omega3_witness_coeff_X4_a₁5` accessed publicly; this is allowed only because the `backward.privateInPublic` option is enabled. 

Disable `backward.privateInPublic.warn` to silence this warning.
warning: projects/HasseWeil/HasseWeil/Foundation/Verschiebung/QthRoots.lean:1969:66: Private declaration `omega3_witness_coeff_X4_a₁4` accessed publicly; this is allowed only because the `backward.privateInPublic` option is enabled. 

Disable `backward.privateInPublic.warn` to silence this warning.
warning: projects/HasseWeil/HasseWeil/Foundation/Verschiebung/QthRoots.lean:1970:2: Private declaration `omega3_witness_coeff_X4_a₁3` accessed publicly; this is allowed only because the `backward.privateInPublic` option is enabled. 

Disable `backward.privateInPublic.warn` to silence this warning.
warning: projects/HasseWeil/HasseWeil/Foundation/Verschiebung/QthRoots.lean:1970:34: Private declaration `omega3_witness_coeff_X4_a₁2` accessed publicly; this is allowed only because the `backward.privateInPublic` option is enabled. 

Disable `backward.privateInPublic.warn` to silence this warning.
warning: projects/HasseWeil/HasseWeil/Foundation/Verschiebung/QthRoots.lean:1970:66: Private declaration `omega3_witness_coeff_X4_a₁1` accessed publicly; this is allowed only because the `backward.privateInPublic` option is enabled. 

Disable `backward.privateInPublic.warn` to silence this warning.
warning: projects/HasseWeil/HasseWeil/Foundation/Verschiebung/QthRoots.lean:1971:2: Private declaration `omega3_witness_coeff_X4_a₁0` accessed publicly; this is allowed only because the `backward.privateInPublic` option is enabled. 

Disable `backward.privateInPublic.warn` to silence this warning.
warning: projects/HasseWeil/HasseWeil/Foundation/Verschiebung/QthRoots.lean:2744:6: `if_neg` has been deprecated: Use `ite_eq_right` instead

Hint: Replace the deprecated name:
  i̵f̵_̵n̵e̵g̵i̲t̲e̲_̲e̲q̲_̲r̲i̲g̲h̲t̲
⚠ [10742/11489] Replayed HasseWeil.HasseBound.PointCount
warning: projects/HasseWeil/HasseWeil/HasseBound/PointCount.lean:270:2: Try this: 
  letI̵

The goal is a proposition, so `let` is preferred over `letI`.
The difference between `let` and `letI` is that `letI` inlines the value.
But this is not relevant for proofs because of proof irrelevance.

Note: This linter can be disabled with `set_option linter.style.haveILetI false`
warning: projects/HasseWeil/HasseWeil/HasseBound/PointCount.lean:271:2: Try this: 
  haveI̵

The goal is a proposition, so `have` is preferred over `haveI`.
The difference between `have` and `haveI` is that `haveI` inlines the value.
But this is not relevant for proofs because of proof irrelevance.

Note: This linter can be disabled with `set_option linter.style.haveILetI false`
warning: projects/HasseWeil/HasseWeil/HasseBound/PointCount.lean:272:2: Try this: 
  haveI̵

The goal is a proposition, so `have` is preferred over `haveI`.
The difference between `have` and `haveI` is that `haveI` inlines the value.
But this is not relevant for proofs because of proof irrelevance.

Note: This linter can be disabled with `set_option linter.style.haveILetI false`
warning: projects/HasseWeil/HasseWeil/HasseBound/PointCount.lean:443:2: Try this: 
  letI̵

The goal is a proposition, so `let` is preferred over `letI`.
The difference between `let` and `letI` is that `letI` inlines the value.
But this is not relevant for proofs because of proof irrelevance.

Note: This linter can be disabled with `set_option linter.style.haveILetI false`
warning: projects/HasseWeil/HasseWeil/HasseBound/PointCount.lean:483:0: automatically included section variable(s) unused in theorem `HasseWeil.algHom_ext_of_eq_on_xy`:
  [DecidableEq F]
consider restructuring your `variable` declarations so that the variables are not in scope or explicitly omit them:
  omit [DecidableEq F] in theorem ...

Note: This linter can be disabled with `set_option linter.unusedSectionVars false`
warning: projects/HasseWeil/HasseWeil/HasseBound/PointCount.lean:737:2: Try this: 
  letI̵

The goal is a proposition, so `let` is preferred over `letI`.
The difference between `let` and `letI` is that `letI` inlines the value.
But this is not relevant for proofs because of proof irrelevance.

Note: This linter can be disabled with `set_option linter.style.haveILetI false`
warning: projects/HasseWeil/HasseWeil/HasseBound/PointCount.lean:738:2: Try this: 
  letI̵

The goal is a proposition, so `let` is preferred over `letI`.
The difference between `let` and `letI` is that `letI` inlines the value.
But this is not relevant for proofs because of proof irrelevance.

Note: This linter can be disabled with `set_option linter.style.haveILetI false`
warning: projects/HasseWeil/HasseWeil/HasseBound/PointCount.lean:740:2: Try this: 
  letI̵

The goal is a proposition, so `let` is preferred over `letI`.
The difference between `let` and `letI` is that `letI` inlines the value.
But this is not relevant for proofs because of proof irrelevance.

Note: This linter can be disabled with `set_option linter.style.haveILetI false`
⚠ [10752/11489] Replayed HasseWeil.Foundation.Curves.Valuation.NormValuation
warning: projects/HasseWeil/HasseWeil/Foundation/Curves/Valuation/NormValuation.lean:9:0: Use RingTheory.RamificationInertia.Basic
'Mathlib.NumberTheory.RamificationInertia.Basic' has been deprecated: please replace this import by

import Mathlib.LinearAlgebra.Dimension.DivisionRing
import Mathlib.NumberTheory.RamificationInertia.Inertia
import Mathlib.NumberTheory.RamificationInertia.Ramification
import Mathlib.RingTheory.Ideal.Norm.AbsNorm
import Mathlib.RingTheory.SimpleModule.Basic
warning: projects/HasseWeil/HasseWeil/Foundation/Curves/Valuation/NormValuation.lean:166:2: Try this: 
  haveI̵

The goal is a proposition, so `have` is preferred over `haveI`.
The difference between `have` and `haveI` is that `haveI` inlines the value.
But this is not relevant for proofs because of proof irrelevance.

Note: This linter can be disabled with `set_option linter.style.haveILetI false`
warning: projects/HasseWeil/HasseWeil/Foundation/Curves/Valuation/NormValuation.lean:204:4: `Ideal.inertiaDeg'` has been deprecated: Use `Ideal.inertiaDeg` instead.
warning: projects/HasseWeil/HasseWeil/Foundation/Curves/Valuation/NormValuation.lean:206:2: Try this: 
  haveI̵

The goal is a proposition, so `have` is preferred over `haveI`.
The difference between `have` and `haveI` is that `haveI` inlines the value.
But this is not relevant for proofs because of proof irrelevance.

Note: This linter can be disabled with `set_option linter.style.haveILetI false`
warning: projects/HasseWeil/HasseWeil/Foundation/Curves/Valuation/NormValuation.lean:207:6: `Ideal.inertiaDeg'_algebraMap` has been deprecated: Use `Ideal.inertiaDeg_eq_of_isMaximal` instead.
warning: projects/HasseWeil/HasseWeil/Foundation/Curves/Valuation/NormValuation.lean:208:2: Try this: 
  haveI̵

The goal is a proposition, so `have` is preferred over `haveI`.
The difference between `have` and `haveI` is that `haveI` inlines the value.
But this is not relevant for proofs because of proof irrelevance.

Note: This linter can be disabled with `set_option linter.style.haveILetI false`
warning: projects/HasseWeil/HasseWeil/Foundation/Curves/Valuation/NormValuation.lean:213:2: Try this: 
  haveI̵

The goal is a proposition, so `have` is preferred over `haveI`.
The difference between `have` and `haveI` is that `haveI` inlines the value.
But this is not relevant for proofs because of proof irrelevance.

Note: This linter can be disabled with `set_option linter.style.haveILetI false`
warning: projects/HasseWeil/HasseWeil/Foundation/Curves/Valuation/NormValuation.lean:216:2: Try this: 
  haveI̵

The goal is a proposition, so `have` is preferred over `haveI`.
The difference between `have` and `haveI` is that `haveI` inlines the value.
But this is not relevant for proofs because of proof irrelevance.

Note: This linter can be disabled with `set_option linter.style.haveILetI false`
warning: projects/HasseWeil/HasseWeil/Foundation/Curves/Valuation/NormValuation.lean:227:2: Try this: 
  haveI̵

The goal is a proposition, so `have` is preferred over `haveI`.
The difference between `have` and `haveI` is that `haveI` inlines the value.
But this is not relevant for proofs because of proof irrelevance.

Note: This linter can be disabled with `set_option linter.style.haveILetI false`
warning: projects/HasseWeil/HasseWeil/Foundation/Curves/Valuation/NormValuation.lean:253:2: Try this: 
  letI̵

The goal is a proposition, so `let` is preferred over `letI`.
The difference between `let` and `letI` is that `letI` inlines the value.
But this is not relevant for proofs because of proof irrelevance.

Note: This linter can be disabled with `set_option linter.style.haveILetI false`
warning: projects/HasseWeil/HasseWeil/Foundation/Curves/Valuation/NormValuation.lean:254:2: Try this: 
  haveI̵

The goal is a proposition, so `have` is preferred over `haveI`.
The difference between `have` and `haveI` is that `haveI` inlines the value.
But this is not relevant for proofs because of proof irrelevance.

Note: This linter can be disabled with `set_option linter.style.haveILetI false`
warning: projects/HasseWeil/HasseWeil/Foundation/Curves/Valuation/NormValuation.lean:267:2: Try this: 
  letI̵

The goal is a proposition, so `let` is preferred over `letI`.
The difference between `let` and `letI` is that `letI` inlines the value.
But this is not relevant for proofs because of proof irrelevance.

Note: This linter can be disabled with `set_option linter.style.haveILetI false`
warning: projects/HasseWeil/HasseWeil/Foundation/Curves/Valuation/NormValuation.lean:268:2: Try this: 
  haveI̵

The goal is a proposition, so `have` is preferred over `haveI`.
The difference between `have` and `haveI` is that `haveI` inlines the value.
But this is not relevant for proofs because of proof irrelevance.

Note: This linter can be disabled with `set_option linter.style.haveILetI false`
warning: projects/HasseWeil/HasseWeil/Foundation/Curves/Valuation/NormValuation.lean:269:2: Try this: 
  haveI̵

The goal is a proposition, so `have` is preferred over `haveI`.
The difference between `have` and `haveI` is that `haveI` inlines the value.
But this is not relevant for proofs because of proof irrelevance.

Note: This linter can be disabled with `set_option linter.style.haveILetI false`
warning: projects/HasseWeil/HasseWeil/Foundation/Curves/Valuation/NormValuation.lean:288:2: Try this: 
  letI̵

The goal is a proposition, so `let` is preferred over `letI`.
The difference between `let` and `letI` is that `letI` inlines the value.
But this is not relevant for proofs because of proof irrelevance.

Note: This linter can be disabled with `set_option linter.style.haveILetI false`
warning: projects/HasseWeil/HasseWeil/Foundation/Curves/Valuation/NormValuation.lean:311:2: Try this: 
  letI̵

The goal is a proposition, so `let` is preferred over `letI`.
The difference between `let` and `letI` is that `letI` inlines the value.
But this is not relevant for proofs because of proof irrelevance.

Note: This linter can be disabled with `set_option linter.style.haveILetI false`
warning: projects/HasseWeil/HasseWeil/Foundation/Curves/Valuation/NormValuation.lean:348:2: Try this: 
  letI̵

The goal is a proposition, so `let` is preferred over `letI`.
The difference between `let` and `letI` is that `letI` inlines the value.
But this is not relevant for proofs because of proof irrelevance.

Note: This linter can be disabled with `set_option linter.style.haveILetI false`
warning: projects/HasseWeil/HasseWeil/Foundation/Curves/Valuation/NormValuation.lean:564:6: `Ideal.inertiaDeg'` has been deprecated: Use `Ideal.inertiaDeg` instead.
warning: projects/HasseWeil/HasseWeil/Foundation/Curves/Valuation/NormValuation.lean:568:2: Try this: 
  haveI̵

The goal is a proposition, so `have` is preferred over `haveI`.
The difference between `have` and `haveI` is that `haveI` inlines the value.
But this is not relevant for proofs because of proof irrelevance.

Note: This linter can be disabled with `set_option linter.style.haveILetI false`
warning: projects/HasseWeil/HasseWeil/Foundation/Curves/Valuation/NormValuation.lean:571:8: `Ideal.sum_ramification_inertia` has been deprecated: Use results of RingTheory.RamificationInertia.Basic
warning: projects/HasseWeil/HasseWeil/Foundation/Curves/Valuation/NormValuation.lean:612:2: Try this: 
  haveI̵

The goal is a proposition, so `have` is preferred over `haveI`.
The difference between `have` and `haveI` is that `haveI` inlines the value.
But this is not relevant for proofs because of proof irrelevance.

Note: This linter can be disabled with `set_option linter.style.haveILetI false`
warning: projects/HasseWeil/HasseWeil/Foundation/Curves/Valuation/NormValuation.lean:633:4: `Ideal.inertiaDeg'` has been deprecated: Use `Ideal.inertiaDeg` instead.
warning: projects/HasseWeil/HasseWeil/Foundation/Curves/Valuation/NormValuation.lean:634:2: Try this: 
  haveI̵

The goal is a proposition, so `have` is preferred over `haveI`.
The difference between `have` and `haveI` is that `haveI` inlines the value.
But this is not relevant for proofs because of proof irrelevance.

Note: This linter can be disabled with `set_option linter.style.haveILetI false`
warning: projects/HasseWeil/HasseWeil/Foundation/Curves/Valuation/NormValuation.lean:661:2: Try this: 
  haveI̵

The goal is a proposition, so `have` is preferred over `haveI`.
The difference between `have` and `haveI` is that `haveI` inlines the value.
But this is not relevant for proofs because of proof irrelevance.

Note: This linter can be disabled with `set_option linter.style.haveILetI false`
warning: projects/HasseWeil/HasseWeil/Foundation/Curves/Valuation/NormValuation.lean:689:4: Try this: 
  haveI̵

The goal is a proposition, so `have` is preferred over `haveI`.
The difference between `have` and `haveI` is that `haveI` inlines the value.
But this is not relevant for proofs because of proof irrelevance.

Note: This linter can be disabled with `set_option linter.style.haveILetI false`
warning: projects/HasseWeil/HasseWeil/Foundation/Curves/Valuation/NormValuation.lean:695:6: Try this: 
  haveI̵

The goal is a proposition, so `have` is preferred over `haveI`.
The difference between `have` and `haveI` is that `haveI` inlines the value.
But this is not relevant for proofs because of proof irrelevance.

Note: This linter can be disabled with `set_option linter.style.haveILetI false`
warning: projects/HasseWeil/HasseWeil/Foundation/Curves/Valuation/NormValuation.lean:717:2: Try this: 
  haveI̵

The goal is a proposition, so `have` is preferred over `haveI`.
The difference between `have` and `haveI` is that `haveI` inlines the value.
But this is not relevant for proofs because of proof irrelevance.

Note: This linter can be disabled with `set_option linter.style.haveILetI false`
warning: projects/HasseWeil/HasseWeil/Foundation/Curves/Valuation/NormValuation.lean:718:2: Try this: 
  haveI̵

The goal is a proposition, so `have` is preferred over `haveI`.
The difference between `have` and `haveI` is that `haveI` inlines the value.
But this is not relevant for proofs because of proof irrelevance.

Note: This linter can be disabled with `set_option linter.style.haveILetI false`
warning: projects/HasseWeil/HasseWeil/Foundation/Curves/Valuation/NormValuation.lean:776:2: Try this: 
  haveI̵

The goal is a proposition, so `have` is preferred over `haveI`.
The difference between `have` and `haveI` is that `haveI` inlines the value.
But this is not relevant for proofs because of proof irrelevance.

Note: This linter can be disabled with `set_option linter.style.haveILetI false`
warning: projects/HasseWeil/HasseWeil/Foundation/Curves/Valuation/NormValuation.lean:813:2: Try this: 
  haveI̵

The goal is a proposition, so `have` is preferred over `haveI`.
The difference between `have` and `haveI` is that `haveI` inlines the value.
But this is not relevant for proofs because of proof irrelevance.

Note: This linter can be disabled with `set_option linter.style.haveILetI false`
warning: projects/HasseWeil/HasseWeil/Foundation/Curves/Valuation/NormValuation.lean:833:2: Try this: 
  haveI̵

The goal is a proposition, so `have` is preferred over `haveI`.
The difference between `have` and `haveI` is that `haveI` inlines the value.
But this is not relevant for proofs because of proof irrelevance.

Note: This linter can be disabled with `set_option linter.style.haveILetI false`
warning: projects/HasseWeil/HasseWeil/Foundation/Curves/Valuation/NormValuation.lean:853:2: Try this: 
  haveI̵

The goal is a proposition, so `have` is preferred over `haveI`.
The difference between `have` and `haveI` is that `haveI` inlines the value.
But this is not relevant for proofs because of proof irrelevance.

Note: This linter can be disabled with `set_option linter.style.haveILetI false`
warning: projects/HasseWeil/HasseWeil/Foundation/Curves/Valuation/NormValuation.lean:854:2: Try this: 
  haveI̵

The goal is a proposition, so `have` is preferred over `haveI`.
The difference between `have` and `haveI` is that `haveI` inlines the value.
But this is not relevant for proofs because of proof irrelevance.

Note: This linter can be disabled with `set_option linter.style.haveILetI false`
warning: projects/HasseWeil/HasseWeil/Foundation/Curves/Valuation/NormValuation.lean:856:2: Try this: 
  haveI̵

The goal is a proposition, so `have` is preferred over `haveI`.
The difference between `have` and `haveI` is that `haveI` inlines the value.
But this is not relevant for proofs because of proof irrelevance.

Note: This linter can be disabled with `set_option linter.style.haveILetI false`
warning: projects/HasseWeil/HasseWeil/Foundation/Curves/Valuation/NormValuation.lean:874:36: `Prime.not_unit` has been deprecated: Use `Prime.not_isUnit` instead
warning: projects/HasseWeil/HasseWeil/Foundation/Curves/Valuation/NormValuation.lean:925:40: `Prime.not_unit` has been deprecated: Use `Prime.not_isUnit` instead
warning: projects/HasseWeil/HasseWeil/Foundation/Curves/Valuation/NormValuation.lean:932:40: `Prime.not_unit` has been deprecated: Use `Prime.not_isUnit` instead
warning: projects/HasseWeil/HasseWeil/Foundation/Curves/Valuation/NormValuation.lean:954:2: Try this: 
  haveI̵

The goal is a proposition, so `have` is preferred over `haveI`.
The difference between `have` and `haveI` is that `haveI` inlines the value.
But this is not relevant for proofs because of proof irrelevance.

Note: This linter can be disabled with `set_option linter.style.haveILetI false`
warning: projects/HasseWeil/HasseWeil/Foundation/Curves/Valuation/NormValuation.lean:1010:2: Try this: 
  haveI̵

The goal is a proposition, so `have` is preferred over `haveI`.
The difference between `have` and `haveI` is that `haveI` inlines the value.
But this is not relevant for proofs because of proof irrelevance.

Note: This linter can be disabled with `set_option linter.style.haveILetI false`
warning: projects/HasseWeil/HasseWeil/Foundation/Curves/Valuation/NormValuation.lean:1047:2: Try this: 
  haveI̵

The goal is a proposition, so `have` is preferred over `haveI`.
The difference between `have` and `haveI` is that `haveI` inlines the value.
But this is not relevant for proofs because of proof irrelevance.

Note: This linter can be disabled with `set_option linter.style.haveILetI false`
warning: projects/HasseWeil/HasseWeil/Foundation/Curves/Valuation/NormValuation.lean:1054:52: `dif_pos` has been deprecated: Use `dite_eq_left` instead

Hint: Replace the deprecated name:
  d̵i̵f̵_̵p̵o̵s̵d̲i̲t̲e̲_̲e̲q̲_̲l̲e̲f̲t̲
warning: projects/HasseWeil/HasseWeil/Foundation/Curves/Valuation/NormValuation.lean:1081:2: Try this: 
  haveI̵

The goal is a proposition, so `have` is preferred over `haveI`.
The difference between `have` and `haveI` is that `haveI` inlines the value.
But this is not relevant for proofs because of proof irrelevance.

Note: This linter can be disabled with `set_option linter.style.haveILetI false`
warning: projects/HasseWeil/HasseWeil/Foundation/Curves/Valuation/NormValuation.lean:1082:2: Try this: 
  haveI̵

The goal is a proposition, so `have` is preferred over `haveI`.
The difference between `have` and `haveI` is that `haveI` inlines the value.
But this is not relevant for proofs because of proof irrelevance.

Note: This linter can be disabled with `set_option linter.style.haveILetI false`
warning: projects/HasseWeil/HasseWeil/Foundation/Curves/Valuation/NormValuation.lean:1112:2: Try this: 
  haveI̵

The goal is a proposition, so `have` is preferred over `haveI`.
The difference between `have` and `haveI` is that `haveI` inlines the value.
But this is not relevant for proofs because of proof irrelevance.

Note: This linter can be disabled with `set_option linter.style.haveILetI false`
warning: projects/HasseWeil/HasseWeil/Foundation/Curves/Valuation/NormValuation.lean:1161:2: Try this: 
  haveI̵

The goal is a proposition, so `have` is preferred over `haveI`.
The difference between `have` and `haveI` is that `haveI` inlines the value.
But this is not relevant for proofs because of proof irrelevance.

Note: This linter can be disabled with `set_option linter.style.haveILetI false`
warning: projects/HasseWeil/HasseWeil/Foundation/Curves/Valuation/NormValuation.lean:1243:2: Try this: 
  haveI̵

The goal is a proposition, so `have` is preferred over `haveI`.
The difference between `have` and `haveI` is that `haveI` inlines the value.
But this is not relevant for proofs because of proof irrelevance.

Note: This linter can be disabled with `set_option linter.style.haveILetI false`
warning: projects/HasseWeil/HasseWeil/Foundation/Curves/Valuation/NormValuation.lean:1244:2: Try this: 
  haveI̵

The goal is a proposition, so `have` is preferred over `haveI`.
The difference between `have` and `haveI` is that `haveI` inlines the value.
But this is not relevant for proofs because of proof irrelevance.

Note: This linter can be disabled with `set_option linter.style.haveILetI false`
warning: projects/HasseWeil/HasseWeil/Foundation/Curves/Valuation/NormValuation.lean:1246:2: Try this: 
  haveI̵

The goal is a proposition, so `have` is preferred over `haveI`.
The difference between `have` and `haveI` is that `haveI` inlines the value.
But this is not relevant for proofs because of proof irrelevance.

Note: This linter can be disabled with `set_option linter.style.haveILetI false`
warning: projects/HasseWeil/HasseWeil/Foundation/Curves/Valuation/NormValuation.lean:1512:6: `dif_neg` has been deprecated: Use `dite_eq_right` instead

Hint: Replace the deprecated name:
  d̵i̵f̵_̵n̵e̵g̵d̲i̲t̲e̲_̲e̲q̲_̲r̲i̲g̲h̲t̲
warning: projects/HasseWeil/HasseWeil/Foundation/Curves/Valuation/NormValuation.lean:1583:2: Try this: 
  haveI̵

The goal is a proposition, so `have` is preferred over `haveI`.
The difference between `have` and `haveI` is that `haveI` inlines the value.
But this is not relevant for proofs because of proof irrelevance.

Note: This linter can be disabled with `set_option linter.style.haveILetI false`
warning: projects/HasseWeil/HasseWeil/Foundation/Curves/Valuation/NormValuation.lean:1606:2: Try this: 
  haveI̵

The goal is a proposition, so `have` is preferred over `haveI`.
The difference between `have` and `haveI` is that `haveI` inlines the value.
But this is not relevant for proofs because of proof irrelevance.

Note: This linter can be disabled with `set_option linter.style.haveILetI false`
warning: projects/HasseWeil/HasseWeil/Foundation/Curves/Valuation/NormValuation.lean:1631:2: Try this: 
  haveI̵

The goal is a proposition, so `have` is preferred over `haveI`.
The difference between `have` and `haveI` is that `haveI` inlines the value.
But this is not relevant for proofs because of proof irrelevance.

Note: This linter can be disabled with `set_option linter.style.haveILetI false`
warning: projects/HasseWeil/HasseWeil/Foundation/Curves/Valuation/NormValuation.lean:1722:2: Try this: 
  haveI̵

The goal is a proposition, so `have` is preferred over `haveI`.
The difference between `have` and `haveI` is that `haveI` inlines the value.
But this is not relevant for proofs because of proof irrelevance.

Note: This linter can be disabled with `set_option linter.style.haveILetI false`
warning: projects/HasseWeil/HasseWeil/Foundation/Curves/Valuation/NormValuation.lean:1749:2: Try this: 
  haveI̵

The goal is a proposition, so `have` is preferred over `haveI`.
The difference between `have` and `haveI` is that `haveI` inlines the value.
But this is not relevant for proofs because of proof irrelevance.

Note: This linter can be disabled with `set_option linter.style.haveILetI false`
warning: projects/HasseWeil/HasseWeil/Foundation/Curves/Valuation/NormValuation.lean:1781:2: Try this: 
  haveI̵

The goal is a proposition, so `have` is preferred over `haveI`.
The difference between `have` and `haveI` is that `haveI` inlines the value.
But this is not relevant for proofs because of proof irrelevance.

Note: This linter can be disabled with `set_option linter.style.haveILetI false`
warning: projects/HasseWeil/HasseWeil/Foundation/Curves/Valuation/NormValuation.lean:1847:10: `if_pos` has been deprecated: Use `ite_eq_left` instead

Hint: Replace the deprecated name:
  i̵f̵_̵p̵o̵s̵i̲t̲e̲_̲e̲q̲_̲l̲e̲f̲t̲
warning: projects/HasseWeil/HasseWeil/Foundation/Curves/Valuation/NormValuation.lean:1849:10: `if_neg` has been deprecated: Use `ite_eq_right` instead

Hint: Replace the deprecated name:
  i̵f̵_̵n̵e̵g̵i̲t̲e̲_̲e̲q̲_̲r̲i̲g̲h̲t̲
warning: projects/HasseWeil/HasseWeil/Foundation/Curves/Valuation/NormValuation.lean:1985:2: Try this: 
  haveI̵

The goal is a proposition, so `have` is preferred over `haveI`.
The difference between `have` and `haveI` is that `haveI` inlines the value.
But this is not relevant for proofs because of proof irrelevance.

Note: This linter can be disabled with `set_option linter.style.haveILetI false`
warning: projects/HasseWeil/HasseWeil/Foundation/Curves/Valuation/NormValuation.lean:2002:2: Try this: 
  haveI̵

The goal is a proposition, so `have` is preferred over `haveI`.
The difference between `have` and `haveI` is that `haveI` inlines the value.
But this is not relevant for proofs because of proof irrelevance.

Note: This linter can be disabled with `set_option linter.style.haveILetI false`
warning: projects/HasseWeil/HasseWeil/Foundation/Curves/Valuation/NormValuation.lean:2022:2: Try this: 
  haveI̵

The goal is a proposition, so `have` is preferred over `haveI`.
The difference between `have` and `haveI` is that `haveI` inlines the value.
But this is not relevant for proofs because of proof irrelevance.

Note: This linter can be disabled with `set_option linter.style.haveILetI false`
warning: projects/HasseWeil/HasseWeil/Foundation/Curves/Valuation/NormValuation.lean:2068:58: `Set.mem_setOf_eq` has been deprecated: Use `Set.mem_ofPred_eq` instead

Hint: Replace the deprecated name:
  S̵e̵t̵.̵m̵e̵m̵_̵s̵e̵t̵O̵f̵_̵e̵q̵S̲e̲t̲.̲m̲e̲m̲_̲o̲f̲P̲r̲e̲d̲_̲e̲q̲
⚠ [10754/11489] Replayed HasseWeil.Foundation.Ramification
warning: projects/HasseWeil/HasseWeil/Foundation/Ramification.lean:11:0: Use RingTheory.RamificationInertia.Basic
'Mathlib.NumberTheory.RamificationInertia.Basic' has been deprecated: please replace this import by

import Mathlib.LinearAlgebra.Dimension.DivisionRing
import Mathlib.NumberTheory.RamificationInertia.Inertia
import Mathlib.NumberTheory.RamificationInertia.Ramification
import Mathlib.RingTheory.Ideal.Norm.AbsNorm
import Mathlib.RingTheory.SimpleModule.Basic
warning: projects/HasseWeil/HasseWeil/Foundation/Ramification.lean:164:2: Try this: 
  letI̵

The goal is a proposition, so `let` is preferred over `letI`.
The difference between `let` and `letI` is that `letI` inlines the value.
But this is not relevant for proofs because of proof irrelevance.

Note: This linter can be disabled with `set_option linter.style.haveILetI false`
warning: projects/HasseWeil/HasseWeil/Foundation/Ramification.lean:165:2: Try this: 
  haveI̵

The goal is a proposition, so `have` is preferred over `haveI`.
The difference between `have` and `haveI` is that `haveI` inlines the value.
But this is not relevant for proofs because of proof irrelevance.

Note: This linter can be disabled with `set_option linter.style.haveILetI false`
warning: projects/HasseWeil/HasseWeil/Foundation/Ramification.lean:197:3: `AdjoinRoot.noZeroSMulDivisors_of_prime_of_degree_ne_zero` has been deprecated: Use `AdjoinRoot.isTorsionFree_of_prime_of_degree_ne_zero` instead

Hint: Replace the deprecated name:
  A̵d̵j̵o̵i̵n̵R̵o̵o̵t̵.̵n̵o̵Z̵e̵r̵o̵S̵M̵u̵l̵D̵i̵v̵i̵s̵o̵r̵s̵_̵o̵f̵_̵p̵r̵i̵m̵e̵_̵o̵f̵_̵d̵e̵g̵r̵e̵e̵_̵n̵e̵_̵z̵e̵r̵o̵A̲d̲j̲o̲i̲n̲R̲o̲o̲t̲.̲i̲s̲T̲o̲r̲s̲i̲o̲n̲F̲r̲e̲e̲_̲o̲f̲_̲p̲r̲i̲m̲e̲_̲o̲f̲_̲d̲e̲g̲r̲e̲e̲_̲n̲e̲_̲z̲e̲r̲o̲
warning: projects/HasseWeil/HasseWeil/Foundation/Ramification.lean:462:2: Try this: 
  haveI̵

The goal is a proposition, so `have` is preferred over `haveI`.
The difference between `have` and `haveI` is that `haveI` inlines the value.
But this is not relevant for proofs because of proof irrelevance.

Note: This linter can be disabled with `set_option linter.style.haveILetI false`
warning: projects/HasseWeil/HasseWeil/Foundation/Ramification.lean:465:2: Try this: 
  letI̵

The goal is a proposition, so `let` is preferred over `letI`.
The difference between `let` and `letI` is that `letI` inlines the value.
But this is not relevant for proofs because of proof irrelevance.

Note: This linter can be disabled with `set_option linter.style.haveILetI false`
warning: projects/HasseWeil/HasseWeil/Foundation/Ramification.lean:466:2: Try this: 
  haveI̵

The goal is a proposition, so `have` is preferred over `haveI`.
The difference between `have` and `haveI` is that `haveI` inlines the value.
But this is not relevant for proofs because of proof irrelevance.

Note: This linter can be disabled with `set_option linter.style.haveILetI false`
warning: projects/HasseWeil/HasseWeil/Foundation/Ramification.lean:492:2: Try this: 
  letI̵

The goal is a proposition, so `let` is preferred over `letI`.
The difference between `let` and `letI` is that `letI` inlines the value.
But this is not relevant for proofs because of proof irrelevance.

Note: This linter can be disabled with `set_option linter.style.haveILetI false`
warning: projects/HasseWeil/HasseWeil/Foundation/Ramification.lean:493:2: Try this: 
  haveI̵

The goal is a proposition, so `have` is preferred over `haveI`.
The difference between `have` and `haveI` is that `haveI` inlines the value.
But this is not relevant for proofs because of proof irrelevance.

Note: This linter can be disabled with `set_option linter.style.haveILetI false`
warning: projects/HasseWeil/HasseWeil/Foundation/Ramification.lean:496:2: Try this: 
  haveI̵

The goal is a proposition, so `have` is preferred over `haveI`.
The difference between `have` and `haveI` is that `haveI` inlines the value.
But this is not relevant for proofs because of proof irrelevance.

Note: This linter can be disabled with `set_option linter.style.haveILetI false`
warning: projects/HasseWeil/HasseWeil/Foundation/Ramification.lean:509:19: `Ideal.eq_bot_of_comap_eq_bot` has been deprecated: Use `Ideal.eq_bot_of_under_eq_bot` instead

Hint: Replace the deprecated name:
  e̵q̵_̵b̵o̵t̵_̵o̵f̵_̵c̵o̵m̵a̵p̵_̵e̵q̵_̵b̵o̵t̵e̲q̲_̲b̲o̲t̲_̲o̲f̲_̲u̲n̲d̲e̲r̲_̲e̲q̲_̲b̲o̲t̲
warning: projects/HasseWeil/HasseWeil/Foundation/Ramification.lean:517:4: Try this: 
  haveI̵

The goal is a proposition, so `have` is preferred over `haveI`.
The difference between `have` and `haveI` is that `haveI` inlines the value.
But this is not relevant for proofs because of proof irrelevance.

Note: This linter can be disabled with `set_option linter.style.haveILetI false`
warning: projects/HasseWeil/HasseWeil/Foundation/Ramification.lean:519:4: Try this: 
  haveI̵

The goal is a proposition, so `have` is preferred over `haveI`.
The difference between `have` and `haveI` is that `haveI` inlines the value.
But this is not relevant for proofs because of proof irrelevance.

Note: This linter can be disabled with `set_option linter.style.haveILetI false`
warning: projects/HasseWeil/HasseWeil/Foundation/Ramification.lean:521:4: Try this: 
  haveI̵

The goal is a proposition, so `have` is preferred over `haveI`.
The difference between `have` and `haveI` is that `haveI` inlines the value.
But this is not relevant for proofs because of proof irrelevance.

Note: This linter can be disabled with `set_option linter.style.haveILetI false`
warning: projects/HasseWeil/HasseWeil/Foundation/Ramification.lean:524:4: Try this: 
  haveI̵

The goal is a proposition, so `have` is preferred over `haveI`.
The difference between `have` and `haveI` is that `haveI` inlines the value.
But this is not relevant for proofs because of proof irrelevance.

Note: This linter can be disabled with `set_option linter.style.haveILetI false`
warning: projects/HasseWeil/HasseWeil/Foundation/Ramification.lean:526:4: Try this: 
  haveI̵

The goal is a proposition, so `have` is preferred over `haveI`.
The difference between `have` and `haveI` is that `haveI` inlines the value.
But this is not relevant for proofs because of proof irrelevance.

Note: This linter can be disabled with `set_option linter.style.haveILetI false`
warning: projects/HasseWeil/HasseWeil/Foundation/Ramification.lean:591:2: Try this: 
  haveI̵

The goal is a proposition, so `have` is preferred over `haveI`.
The difference between `have` and `haveI` is that `haveI` inlines the value.
But this is not relevant for proofs because of proof irrelevance.

Note: This linter can be disabled with `set_option linter.style.haveILetI false`
warning: projects/HasseWeil/HasseWeil/Foundation/Ramification.lean:592:2: Try this: 
  haveI̵

The goal is a proposition, so `have` is preferred over `haveI`.
The difference between `have` and `haveI` is that `haveI` inlines the value.
But this is not relevant for proofs because of proof irrelevance.

Note: This linter can be disabled with `set_option linter.style.haveILetI false`
warning: projects/HasseWeil/HasseWeil/Foundation/Ramification.lean:656:2: Try this: 
  letI̵

The goal is a proposition, so `let` is preferred over `letI`.
The difference between `let` and `letI` is that `letI` inlines the value.
But this is not relevant for proofs because of proof irrelevance.

Note: This linter can be disabled with `set_option linter.style.haveILetI false`
warning: projects/HasseWeil/HasseWeil/Foundation/Ramification.lean:681:2: Try this: 
  haveI̵

The goal is a proposition, so `have` is preferred over `haveI`.
The difference between `have` and `haveI` is that `haveI` inlines the value.
But this is not relevant for proofs because of proof irrelevance.

Note: This linter can be disabled with `set_option linter.style.haveILetI false`
warning: projects/HasseWeil/HasseWeil/Foundation/Ramification.lean:938:2: Try this: 
  letI̵

The goal is a proposition, so `let` is preferred over `letI`.
The difference between `let` and `letI` is that `letI` inlines the value.
But this is not relevant for proofs because of proof irrelevance.

Note: This linter can be disabled with `set_option linter.style.haveILetI false`
warning: projects/HasseWeil/HasseWeil/Foundation/Ramification.lean:941:2: Try this: 
  haveI̵

The goal is a proposition, so `have` is preferred over `haveI`.
The difference between `have` and `haveI` is that `haveI` inlines the value.
But this is not relevant for proofs because of proof irrelevance.

Note: This linter can be disabled with `set_option linter.style.haveILetI false`
warning: projects/HasseWeil/HasseWeil/Foundation/Ramification.lean:992:2: Try this: 
  haveI̵

The goal is a proposition, so `have` is preferred over `haveI`.
The difference between `have` and `haveI` is that `haveI` inlines the value.
But this is not relevant for proofs because of proof irrelevance.

Note: This linter can be disabled with `set_option linter.style.haveILetI false`
warning: projects/HasseWeil/HasseWeil/Foundation/Ramification.lean:1039:2: Try this: 
  letI̵

The goal is a proposition, so `let` is preferred over `letI`.
The difference between `let` and `letI` is that `letI` inlines the value.
But this is not relevant for proofs because of proof irrelevance.

Note: This linter can be disabled with `set_option linter.style.haveILetI false`
warning: projects/HasseWeil/HasseWeil/Foundation/Ramification.lean:1041:2: Try this: 
  haveI̵

The goal is a proposition, so `have` is preferred over `haveI`.
The difference between `have` and `haveI` is that `haveI` inlines the value.
But this is not relevant for proofs because of proof irrelevance.

Note: This linter can be disabled with `set_option linter.style.haveILetI false`
warning: projects/HasseWeil/HasseWeil/Foundation/Ramification.lean:1095:2: Try this: 
  haveI̵

The goal is a proposition, so `have` is preferred over `haveI`.
The difference between `have` and `haveI` is that `haveI` inlines the value.
But this is not relevant for proofs because of proof irrelevance.

Note: This linter can be disabled with `set_option linter.style.haveILetI false`
warning: projects/HasseWeil/HasseWeil/Foundation/Ramification.lean:1263:2: Try this: 
  letI̵

The goal is a proposition, so `let` is preferred over `letI`.
The difference between `let` and `letI` is that `letI` inlines the value.
But this is not relevant for proofs because of proof irrelevance.

Note: This linter can be disabled with `set_option linter.style.haveILetI false`
warning: projects/HasseWeil/HasseWeil/Foundation/Ramification.lean:1267:48: `Ideal.eq_bot_of_comap_eq_bot` has been deprecated: Use `Ideal.eq_bot_of_under_eq_bot` instead

Hint: Replace the deprecated name:
  e̵q̵_̵b̵o̵t̵_̵o̵f̵_̵c̵o̵m̵a̵p̵_̵e̵q̵_̵b̵o̵t̵e̲q̲_̲b̲o̲t̲_̲o̲f̲_̲u̲n̲d̲e̲r̲_̲e̲q̲_̲b̲o̲t̲
warning: projects/HasseWeil/HasseWeil/Foundation/Ramification.lean:1268:2: Try this: 
  haveI̵

The goal is a proposition, so `have` is preferred over `haveI`.
The difference between `have` and `haveI` is that `haveI` inlines the value.
But this is not relevant for proofs because of proof irrelevance.

Note: This linter can be disabled with `set_option linter.style.haveILetI false`
warning: projects/HasseWeil/HasseWeil/Foundation/Ramification.lean:1270:2: Try this: 
  haveI̵

The goal is a proposition, so `have` is preferred over `haveI`.
The difference between `have` and `haveI` is that `haveI` inlines the value.
But this is not relevant for proofs because of proof irrelevance.

Note: This linter can be disabled with `set_option linter.style.haveILetI false`
warning: projects/HasseWeil/HasseWeil/Foundation/Ramification.lean:1314:2: Try this: 
  letI̵

The goal is a proposition, so `let` is preferred over `letI`.
The difference between `let` and `letI` is that `letI` inlines the value.
But this is not relevant for proofs because of proof irrelevance.

Note: This linter can be disabled with `set_option linter.style.haveILetI false`
warning: projects/HasseWeil/HasseWeil/Foundation/Ramification.lean:1337:2: Try this: 
  haveI̵

The goal is a proposition, so `have` is preferred over `haveI`.
The difference between `have` and `haveI` is that `haveI` inlines the value.
But this is not relevant for proofs because of proof irrelevance.

Note: This linter can be disabled with `set_option linter.style.haveILetI false`
warning: projects/HasseWeil/HasseWeil/Foundation/Ramification.lean:1338:2: Try this: 
  haveI̵

The goal is a proposition, so `have` is preferred over `haveI`.
The difference between `have` and `haveI` is that `haveI` inlines the value.
But this is not relevant for proofs because of proof irrelevance.

Note: This linter can be disabled with `set_option linter.style.haveILetI false`
warning: projects/HasseWeil/HasseWeil/Foundation/Ramification.lean:1340:2: Try this: 
  haveI̵

The goal is a proposition, so `have` is preferred over `haveI`.
The difference between `have` and `haveI` is that `haveI` inlines the value.
But this is not relevant for proofs because of proof irrelevance.

Note: This linter can be disabled with `set_option linter.style.haveILetI false`
warning: projects/HasseWeil/HasseWeil/Foundation/Ramification.lean:1398:2: Try this: 
  haveI̵

The goal is a proposition, so `have` is preferred over `haveI`.
The difference between `have` and `haveI` is that `haveI` inlines the value.
But this is not relevant for proofs because of proof irrelevance.

Note: This linter can be disabled with `set_option linter.style.haveILetI false`
warning: projects/HasseWeil/HasseWeil/Foundation/Ramification.lean:1400:4: Try this: 
  haveI̵

The goal is a proposition, so `have` is preferred over `haveI`.
The difference between `have` and `haveI` is that `haveI` inlines the value.
But this is not relevant for proofs because of proof irrelevance.

Note: This linter can be disabled with `set_option linter.style.haveILetI false`
warning: projects/HasseWeil/HasseWeil/Foundation/Ramification.lean:1403:8: `Algebra.IsAlgebraic.finrank_of_isFractionRing` has been deprecated: Use `IsFractionRing.finrank_eq` instead

Note: The updated constant is in a different namespace. Dot notation may need to be changed (e.g., from `x.finrank_of_isFractionRing` to `IsFractionRing.finrank_eq x`).

Hint: Replace the deprecated name:
  A̵l̵g̵e̵b̵r̵a̵.̵I̵s̵A̵l̵g̵e̵b̵r̵a̵i̵c̵.̵f̵i̵n̵r̵a̵n̵k̵_̵o̵f̵_̵i̵s̵F̵r̵a̵c̵t̵i̵o̵n̵R̵i̵n̵g̵I̲s̲F̲r̲a̲c̲t̲i̲o̲n̲R̲i̲n̲g̲.̲f̲i̲n̲r̲a̲n̲k̲_̲e̲q̲
warning: projects/HasseWeil/HasseWeil/Foundation/Ramification.lean:1409:4: Try this: 
  haveI̵

The goal is a proposition, so `have` is preferred over `haveI`.
The difference between `have` and `haveI` is that `haveI` inlines the value.
But this is not relevant for proofs because of proof irrelevance.

Note: This linter can be disabled with `set_option linter.style.haveILetI false`
⚠ [10755/11489] Replayed HasseWeil.Foundation.EC.TranslateValuation
warning: projects/HasseWeil/HasseWeil/Foundation/EC/TranslateValuation.lean:194:8: `dif_neg` has been deprecated: Use `dite_eq_right` instead

Hint: Replace the deprecated name:
  d̵i̵f̵_̵n̵e̵g̵d̲i̲t̲e̲_̲e̲q̲_̲r̲i̲g̲h̲t̲
warning: projects/HasseWeil/HasseWeil/Foundation/EC/TranslateValuation.lean:1901:10: `dif_neg` has been deprecated: Use `dite_eq_right` instead

Hint: Replace the deprecated name:
  d̵i̵f̵_̵n̵e̵g̵d̲i̲t̲e̲_̲e̲q̲_̲r̲i̲g̲h̲t̲
⚠ [10756/11489] Replayed HasseWeil.Foundation.LocalExpansion
warning: projects/HasseWeil/HasseWeil/Foundation/LocalExpansion.lean:85:8: automatically included section variable(s) unused in theorem `HasseWeil.formalU_constantCoeff`:
  [DecidableEq F]
  [WeierstrassCurve.IsElliptic W.toAffine]
consider restructuring your `variable` declarations so that the variables are not in scope or explicitly omit them:
  omit [DecidableEq F] [WeierstrassCurve.IsElliptic W.toAffine] in theorem ...

Note: This linter can be disabled with `set_option linter.unusedSectionVars false`
warning: projects/HasseWeil/HasseWeil/Foundation/LocalExpansion.lean:112:8: automatically included section variable(s) unused in theorem `HasseWeil.formalU_inv_constantCoeff`:
  [DecidableEq F]
  [WeierstrassCurve.IsElliptic W.toAffine]
consider restructuring your `variable` declarations so that the variables are not in scope or explicitly omit them:
  omit [DecidableEq F] [WeierstrassCurve.IsElliptic W.toAffine] in theorem ...

Note: This linter can be disabled with `set_option linter.unusedSectionVars false`
warning: projects/HasseWeil/HasseWeil/Foundation/LocalExpansion.lean:186:33: `if_pos` has been deprecated: Use `ite_eq_left` instead

Hint: Replace the deprecated name:
  i̵f̵_̵p̵o̵s̵i̲t̲e̲_̲e̲q̲_̲l̲e̲f̲t̲
warning: projects/HasseWeil/HasseWeil/Foundation/LocalExpansion.lean:257:0: automatically included section variable(s) unused in theorem `HasseWeil.formalW_ne_zero`:
  [DecidableEq F]
  [WeierstrassCurve.IsElliptic W.toAffine]
consider restructuring your `variable` declarations so that the variables are not in scope or explicitly omit them:
  omit [DecidableEq F] [WeierstrassCurve.IsElliptic W.toAffine] in theorem ...

Note: This linter can be disabled with `set_option linter.unusedSectionVars false`
warning: projects/HasseWeil/HasseWeil/Foundation/LocalExpansion.lean:291:8: `if_neg` has been deprecated: Use `ite_eq_right` instead

Hint: Replace the deprecated name:
  i̵f̵_̵n̵e̵g̵i̲t̲e̲_̲e̲q̲_̲r̲i̲g̲h̲t̲
warning: projects/HasseWeil/HasseWeil/Foundation/LocalExpansion.lean:275:0: automatically included section variable(s) unused in theorem `HasseWeil.formalW_eq_X3_mul_U`:
  [DecidableEq F]
  [WeierstrassCurve.IsElliptic W.toAffine]
consider restructuring your `variable` declarations so that the variables are not in scope or explicitly omit them:
  omit [DecidableEq F] [WeierstrassCurve.IsElliptic W.toAffine] in theorem ...

Note: This linter can be disabled with `set_option linter.unusedSectionVars false`
warning: projects/HasseWeil/HasseWeil/Foundation/LocalExpansion.lean:303:6: `PowerSeries.order_zero_of_unit` has been deprecated: Use `PowerSeries.order_zero_of_isUnit` instead

Hint: Replace the deprecated name:
  P̵o̵w̵e̵r̵S̵e̵r̵i̵e̵s̵.̵o̵r̵d̵e̵r̵_̵z̵e̵r̵o̵_̵o̵f̵_̵u̵n̵i̵t̵o̲r̲d̲e̲r̲_̲z̲e̲r̲o̲_̲o̲f̲_̲i̲s̲U̲n̲i̲t̲
warning: projects/HasseWeil/HasseWeil/Foundation/LocalExpansion.lean:455:0: automatically included section variable(s) unused in theorem `HasseWeil.localParam_ne_zero`:
  [DecidableEq F]
  [WeierstrassCurve.IsElliptic W.toAffine]
consider restructuring your `variable` declarations so that the variables are not in scope or explicitly omit them:
  omit [DecidableEq F] [WeierstrassCurve.IsElliptic W.toAffine] in theorem ...

Note: This linter can be disabled with `set_option linter.unusedSectionVars false`
warning: projects/HasseWeil/HasseWeil/Foundation/LocalExpansion.lean:480:8: automatically included section variable(s) unused in theorem `HasseWeil.localExpand_inner_X`:
  [DecidableEq F]
  [WeierstrassCurve.IsElliptic W.toAffine]
consider restructuring your `variable` declarations so that the variables are not in scope or explicitly omit them:
  omit [DecidableEq F] [WeierstrassCurve.IsElliptic W.toAffine] in theorem ...

Note: This linter can be disabled with `set_option linter.unusedSectionVars false`
warning: projects/HasseWeil/HasseWeil/Foundation/LocalExpansion.lean:485:8: automatically included section variable(s) unused in theorem `HasseWeil.localExpand_inner_C`:
  [DecidableEq F]
  [WeierstrassCurve.IsElliptic W.toAffine]
consider restructuring your `variable` declarations so that the variables are not in scope or explicitly omit them:
  omit [DecidableEq F] [WeierstrassCurve.IsElliptic W.toAffine] in theorem ...

Note: This linter can be disabled with `set_option linter.unusedSectionVars false`
warning: projects/HasseWeil/HasseWeil/Foundation/LocalExpansion.lean:759:23: Private declaration `localExpand_coordHom_injective` accessed publicly; this is allowed only because the `backward.privateInPublic` option is enabled. 

Disable `backward.privateInPublic.warn` to silence this warning.
⚠ [10757/11489] Replayed HasseWeil.Isogeny.FormalSeries
warning: projects/HasseWeil/HasseWeil/Isogeny/FormalSeries.lean:360:8: declaration uses `sorry`
warning: projects/HasseWeil/HasseWeil/Isogeny/FormalSeries.lean:698:36: `if_pos` has been deprecated: Use `ite_eq_left` instead

Hint: Replace the deprecated name:
  i̵f̵_̵p̵o̵s̵i̲t̲e̲_̲e̲q̲_̲l̲e̲f̲t̲
warning: projects/HasseWeil/HasseWeil/Isogeny/FormalSeries.lean:700:43: `if_neg` has been deprecated: Use `ite_eq_right` instead

Hint: Replace the deprecated name:
  i̵f̵_̵n̵e̵g̵i̲t̲e̲_̲e̲q̲_̲r̲i̲g̲h̲t̲
warning: projects/HasseWeil/HasseWeil/Isogeny/FormalSeries.lean:706:51: `if_pos` has been deprecated: Use `ite_eq_left` instead

Hint: Replace the deprecated name:
  i̵f̵_̵p̵o̵s̵i̲t̲e̲_̲e̲q̲_̲l̲e̲f̲t̲
warning: projects/HasseWeil/HasseWeil/Isogeny/FormalSeries.lean:725:53: `if_pos` has been deprecated: Use `ite_eq_left` instead

Hint: Replace the deprecated name:
  i̵f̵_̵p̵o̵s̵i̲t̲e̲_̲e̲q̲_̲l̲e̲f̲t̲
warning: projects/HasseWeil/HasseWeil/Isogeny/FormalSeries.lean:743:36: `if_pos` has been deprecated: Use `ite_eq_left` instead

Hint: Replace the deprecated name:
  i̵f̵_̵p̵o̵s̵i̲t̲e̲_̲e̲q̲_̲l̲e̲f̲t̲
warning: projects/HasseWeil/HasseWeil/Isogeny/FormalSeries.lean:745:43: `if_neg` has been deprecated: Use `ite_eq_right` instead

Hint: Replace the deprecated name:
  i̵f̵_̵n̵e̵g̵i̲t̲e̲_̲e̲q̲_̲r̲i̲g̲h̲t̲
warning: projects/HasseWeil/HasseWeil/Isogeny/FormalSeries.lean:1765:12: `HahnSeries.embDomain_notin_range` has been deprecated: Use `HahnSeries.embDomain_of_notMem_range` instead

Hint: Replace the deprecated name:
  H̵a̵h̵n̵S̵e̵r̵i̵e̵s̵.̵e̵m̵b̵D̵o̵m̵a̵i̵n̵_̵n̵o̵t̵i̵n̵_̵r̵a̵n̵g̵e̵H̲a̲h̲n̲S̲e̲r̲i̲e̲s̲.̲e̲m̲b̲D̲o̲m̲a̲i̲n̲_̲o̲f̲_̲n̲o̲t̲M̲e̲m̲_̲r̲a̲n̲g̲e̲
⚠ [10758/11489] Replayed HasseWeil.Foundation.Curves.Transcendence
warning: projects/HasseWeil/HasseWeil/Foundation/Curves/Transcendence.lean:56:2: Try this: 
  haveI̵

The goal is a proposition, so `have` is preferred over `haveI`.
The difference between `have` and `haveI` is that `haveI` inlines the value.
But this is not relevant for proofs because of proof irrelevance.

Note: This linter can be disabled with `set_option linter.style.haveILetI false`
warning: projects/HasseWeil/HasseWeil/Foundation/Curves/Transcendence.lean:58:2: Try this: 
  haveI̵

The goal is a proposition, so `have` is preferred over `haveI`.
The difference between `have` and `haveI` is that `haveI` inlines the value.
But this is not relevant for proofs because of proof irrelevance.

Note: This linter can be disabled with `set_option linter.style.haveILetI false`
warning: projects/HasseWeil/HasseWeil/Foundation/Curves/Transcendence.lean:120:4: Try this: 
  haveI̵

The goal is a proposition, so `have` is preferred over `haveI`.
The difference between `have` and `haveI` is that `haveI` inlines the value.
But this is not relevant for proofs because of proof irrelevance.

Note: This linter can be disabled with `set_option linter.style.haveILetI false`
warning: projects/HasseWeil/HasseWeil/Foundation/Curves/Transcendence.lean:124:2: Try this: 
  haveI̵

The goal is a proposition, so `have` is preferred over `haveI`.
The difference between `have` and `haveI` is that `haveI` inlines the value.
But this is not relevant for proofs because of proof irrelevance.

Note: This linter can be disabled with `set_option linter.style.haveILetI false`
⚠ [10761/11489] Replayed HasseWeil.Foundation.Curves.Differentials
warning: projects/HasseWeil/HasseWeil/Foundation/Curves/Differentials.lean:213:2: Try this: 
  letI̵

The goal is a proposition, so `let` is preferred over `letI`.
The difference between `let` and `letI` is that `letI` inlines the value.
But this is not relevant for proofs because of proof irrelevance.

Note: This linter can be disabled with `set_option linter.style.haveILetI false`
warning: projects/HasseWeil/HasseWeil/Foundation/Curves/Differentials.lean:214:2: Try this: 
  haveI̵

The goal is a proposition, so `have` is preferred over `haveI`.
The difference between `have` and `haveI` is that `haveI` inlines the value.
But this is not relevant for proofs because of proof irrelevance.

Note: This linter can be disabled with `set_option linter.style.haveILetI false`
warning: projects/HasseWeil/HasseWeil/Foundation/Curves/Differentials.lean:228:2: Try this: 
  letI̵

The goal is a proposition, so `let` is preferred over `letI`.
The difference between `let` and `letI` is that `letI` inlines the value.
But this is not relevant for proofs because of proof irrelevance.

Note: This linter can be disabled with `set_option linter.style.haveILetI false`
warning: projects/HasseWeil/HasseWeil/Foundation/Curves/Differentials.lean:229:2: Try this: 
  haveI̵

The goal is a proposition, so `have` is preferred over `haveI`.
The difference between `have` and `haveI` is that `haveI` inlines the value.
But this is not relevant for proofs because of proof irrelevance.

Note: This linter can be disabled with `set_option linter.style.haveILetI false`
warning: projects/HasseWeil/HasseWeil/Foundation/Curves/Differentials.lean:286:2: Try this: 
  letI̵

The goal is a proposition, so `let` is preferred over `letI`.
The difference between `let` and `letI` is that `letI` inlines the value.
But this is not relevant for proofs because of proof irrelevance.

Note: This linter can be disabled with `set_option linter.style.haveILetI false`
warning: projects/HasseWeil/HasseWeil/Foundation/Curves/Differentials.lean:302:2: Try this: 
  haveI̵

The goal is a proposition, so `have` is preferred over `haveI`.
The difference between `have` and `haveI` is that `haveI` inlines the value.
But this is not relevant for proofs because of proof irrelevance.

Note: This linter can be disabled with `set_option linter.style.haveILetI false`
warning: projects/HasseWeil/HasseWeil/Foundation/Curves/Differentials.lean:328:2: Try this: 
  letI̵

The goal is a proposition, so `let` is preferred over `letI`.
The difference between `let` and `letI` is that `letI` inlines the value.
But this is not relevant for proofs because of proof irrelevance.

Note: This linter can be disabled with `set_option linter.style.haveILetI false`
warning: projects/HasseWeil/HasseWeil/Foundation/Curves/Differentials.lean:329:2: Try this: 
  haveI̵

The goal is a proposition, so `have` is preferred over `haveI`.
The difference between `have` and `haveI` is that `haveI` inlines the value.
But this is not relevant for proofs because of proof irrelevance.

Note: This linter can be disabled with `set_option linter.style.haveILetI false`
warning: projects/HasseWeil/HasseWeil/Foundation/Curves/Differentials.lean:330:2: Try this: 
  haveI̵

The goal is a proposition, so `have` is preferred over `haveI`.
The difference between `have` and `haveI` is that `haveI` inlines the value.
But this is not relevant for proofs because of proof irrelevance.

Note: This linter can be disabled with `set_option linter.style.haveILetI false`
warning: projects/HasseWeil/HasseWeil/Foundation/Curves/Differentials.lean:348:2: Try this: 
  letI̵

The goal is a proposition, so `let` is preferred over `letI`.
The difference between `let` and `letI` is that `letI` inlines the value.
But this is not relevant for proofs because of proof irrelevance.

Note: This linter can be disabled with `set_option linter.style.haveILetI false`
warning: projects/HasseWeil/HasseWeil/Foundation/Curves/Differentials.lean:349:2: Try this: 
  haveI̵

The goal is a proposition, so `have` is preferred over `haveI`.
The difference between `have` and `haveI` is that `haveI` inlines the value.
But this is not relevant for proofs because of proof irrelevance.

Note: This linter can be disabled with `set_option linter.style.haveILetI false`
warning: projects/HasseWeil/HasseWeil/Foundation/Curves/Differentials.lean:350:2: Try this: 
  haveI̵

The goal is a proposition, so `have` is preferred over `haveI`.
The difference between `have` and `haveI` is that `haveI` inlines the value.
But this is not relevant for proofs because of proof irrelevance.

Note: This linter can be disabled with `set_option linter.style.haveILetI false`
warning: projects/HasseWeil/HasseWeil/Foundation/Curves/Differentials.lean:375:2: Try this: 
  letI̵

The goal is a proposition, so `let` is preferred over `letI`.
The difference between `let` and `letI` is that `letI` inlines the value.
But this is not relevant for proofs because of proof irrelevance.

Note: This linter can be disabled with `set_option linter.style.haveILetI false`
warning: projects/HasseWeil/HasseWeil/Foundation/Curves/Differentials.lean:376:2: Try this: 
  haveI̵

The goal is a proposition, so `have` is preferred over `haveI`.
The difference between `have` and `haveI` is that `haveI` inlines the value.
But this is not relevant for proofs because of proof irrelevance.

Note: This linter can be disabled with `set_option linter.style.haveILetI false`
warning: projects/HasseWeil/HasseWeil/Foundation/Curves/Differentials.lean:377:2: Try this: 
  haveI̵

The goal is a proposition, so `have` is preferred over `haveI`.
The difference between `have` and `haveI` is that `haveI` inlines the value.
But this is not relevant for proofs because of proof irrelevance.

Note: This linter can be disabled with `set_option linter.style.haveILetI false`
warning: projects/HasseWeil/HasseWeil/Foundation/Curves/Differentials.lean:513:2: Try this: 
  haveI̵

The goal is a proposition, so `have` is preferred over `haveI`.
The difference between `have` and `haveI` is that `haveI` inlines the value.
But this is not relevant for proofs because of proof irrelevance.

Note: This linter can be disabled with `set_option linter.style.haveILetI false`
warning: projects/HasseWeil/HasseWeil/Foundation/Curves/Differentials.lean:514:2: Try this: 
  haveI̵

The goal is a proposition, so `have` is preferred over `haveI`.
The difference between `have` and `haveI` is that `haveI` inlines the value.
But this is not relevant for proofs because of proof irrelevance.

Note: This linter can be disabled with `set_option linter.style.haveILetI false`
warning: projects/HasseWeil/HasseWeil/Foundation/Curves/Differentials.lean:518:2: Try this: 
  haveI̵

The goal is a proposition, so `have` is preferred over `haveI`.
The difference between `have` and `haveI` is that `haveI` inlines the value.
But this is not relevant for proofs because of proof irrelevance.

Note: This linter can be disabled with `set_option linter.style.haveILetI false`
warning: projects/HasseWeil/HasseWeil/Foundation/Curves/Differentials.lean:767:2: Try this: 
  haveI̵

The goal is a proposition, so `have` is preferred over `haveI`.
The difference between `have` and `haveI` is that `haveI` inlines the value.
But this is not relevant for proofs because of proof irrelevance.

Note: This linter can be disabled with `set_option linter.style.haveILetI false`
⚠ [10762/11489] Replayed HasseWeil.Isogeny.Basic
warning: projects/HasseWeil/HasseWeil/Isogeny/Basic.lean:303:8: automatically included section variable(s) unused in theorem `HasseWeil.EC.Isogeny.frobenius_pullback`:
  [DecidableEq K]
consider restructuring your `variable` declarations so that the variables are not in scope or explicitly omit them:
  omit [DecidableEq K] in theorem ...

Note: This linter can be disabled with `set_option linter.unusedSectionVars false`
warning: projects/HasseWeil/HasseWeil/Isogeny/Basic.lean:322:8: automatically included section variable(s) unused in theorem `HasseWeil.EC.Isogeny.frobenius_degree`:
  [DecidableEq K]
consider restructuring your `variable` declarations so that the variables are not in scope or explicitly omit them:
  omit [DecidableEq K] in theorem ...

Note: This linter can be disabled with `set_option linter.unusedSectionVars false`
warning: projects/HasseWeil/HasseWeil/Isogeny/Basic.lean:332:8: automatically included section variable(s) unused in theorem `_private.HasseWeil.Isogeny.Basic.0.HasseWeil.EC.Isogeny.frobenius_evalAtPullback`:
  [DecidableEq K]
consider restructuring your `variable` declarations so that the variables are not in scope or explicitly omit them:
  omit [DecidableEq K] in theorem ...

Note: This linter can be disabled with `set_option linter.unusedSectionVars false`
warning: projects/HasseWeil/HasseWeil/Isogeny/Basic.lean:435:8: automatically included section variable(s) unused in theorem `HasseWeil.EC.Isogeny.mulByIntOfBasepoint_pullback`:
  [DecidableEq F]
consider restructuring your `variable` declarations so that the variables are not in scope or explicitly omit them:
  omit [DecidableEq F] in theorem ...

Note: This linter can be disabled with `set_option linter.unusedSectionVars false`
⚠ [10763/11489] Replayed HasseWeil.Foundation.Curves.Ramification.InseparableDegree
warning: projects/HasseWeil/HasseWeil/Foundation/Curves/Ramification/InseparableDegree.lean:77:2: Try this: 
  letI̵

The goal is a proposition, so `let` is preferred over `letI`.
The difference between `let` and `letI` is that `letI` inlines the value.
But this is not relevant for proofs because of proof irrelevance.

Note: This linter can be disabled with `set_option linter.style.haveILetI false`
warning: projects/HasseWeil/HasseWeil/Foundation/Curves/Ramification/InseparableDegree.lean:90:2: Try this: 
  letI̵

The goal is a proposition, so `let` is preferred over `letI`.
The difference between `let` and `letI` is that `letI` inlines the value.
But this is not relevant for proofs because of proof irrelevance.

Note: This linter can be disabled with `set_option linter.style.haveILetI false`
warning: projects/HasseWeil/HasseWeil/Foundation/Curves/Ramification/InseparableDegree.lean:109:2: Try this: 
  letI̵

The goal is a proposition, so `let` is preferred over `letI`.
The difference between `let` and `letI` is that `letI` inlines the value.
But this is not relevant for proofs because of proof irrelevance.

Note: This linter can be disabled with `set_option linter.style.haveILetI false`
warning: projects/HasseWeil/HasseWeil/Foundation/Curves/Ramification/InseparableDegree.lean:137:2: Try this: 
  letI̵

The goal is a proposition, so `let` is preferred over `letI`.
The difference between `let` and `letI` is that `letI` inlines the value.
But this is not relevant for proofs because of proof irrelevance.

Note: This linter can be disabled with `set_option linter.style.haveILetI false`
warning: projects/HasseWeil/HasseWeil/Foundation/Curves/Ramification/InseparableDegree.lean:139:2: Try this: 
  haveI̵

The goal is a proposition, so `have` is preferred over `haveI`.
The difference between `have` and `haveI` is that `haveI` inlines the value.
But this is not relevant for proofs because of proof irrelevance.

Note: This linter can be disabled with `set_option linter.style.haveILetI false`
warning: projects/HasseWeil/HasseWeil/Foundation/Curves/Ramification/InseparableDegree.lean:143:2: Try this: 
  haveI̵

The goal is a proposition, so `have` is preferred over `haveI`.
The difference between `have` and `haveI` is that `haveI` inlines the value.
But this is not relevant for proofs because of proof irrelevance.

Note: This linter can be disabled with `set_option linter.style.haveILetI false`
warning: projects/HasseWeil/HasseWeil/Foundation/Curves/Ramification/InseparableDegree.lean:145:2: Try this: 
  haveI̵

The goal is a proposition, so `have` is preferred over `haveI`.
The difference between `have` and `haveI` is that `haveI` inlines the value.
But this is not relevant for proofs because of proof irrelevance.

Note: This linter can be disabled with `set_option linter.style.haveILetI false`
⚠ [10766/11489] Replayed HasseWeil.HasseBound.Separability
warning: projects/HasseWeil/HasseWeil/HasseBound/Separability.lean:227:2: Try this: 
  letI̵

The goal is a proposition, so `let` is preferred over `letI`.
The difference between `let` and `letI` is that `letI` inlines the value.
But this is not relevant for proofs because of proof irrelevance.

Note: This linter can be disabled with `set_option linter.style.haveILetI false`
warning: projects/HasseWeil/HasseWeil/HasseBound/Separability.lean:262:2: Try this: 
  letI̵

The goal is a proposition, so `let` is preferred over `letI`.
The difference between `let` and `letI` is that `letI` inlines the value.
But this is not relevant for proofs because of proof irrelevance.

Note: This linter can be disabled with `set_option linter.style.haveILetI false`
warning: projects/HasseWeil/HasseWeil/HasseBound/Separability.lean:263:2: Try this: 
  haveI̵

The goal is a proposition, so `have` is preferred over `haveI`.
The difference between `have` and `haveI` is that `haveI` inlines the value.
But this is not relevant for proofs because of proof irrelevance.

Note: This linter can be disabled with `set_option linter.style.haveILetI false`
warning: projects/HasseWeil/HasseWeil/HasseBound/Separability.lean:266:2: Try this: 
  haveI̵

The goal is a proposition, so `have` is preferred over `haveI`.
The difference between `have` and `haveI` is that `haveI` inlines the value.
But this is not relevant for proofs because of proof irrelevance.

Note: This linter can be disabled with `set_option linter.style.haveILetI false`
warning: projects/HasseWeil/HasseWeil/HasseBound/Separability.lean:267:2: Try this: 
  haveI̵

The goal is a proposition, so `have` is preferred over `haveI`.
The difference between `have` and `haveI` is that `haveI` inlines the value.
But this is not relevant for proofs because of proof irrelevance.

Note: This linter can be disabled with `set_option linter.style.haveILetI false`
⚠ [10767/11489] Replayed HasseWeil.Foundation.BridgeFrobenius
warning: projects/HasseWeil/HasseWeil/Foundation/BridgeFrobenius.lean:71:8: `if_pos` has been deprecated: Use `ite_eq_left` instead

Hint: Replace the deprecated name:
  i̵f̵_̵p̵o̵s̵i̲t̲e̲_̲e̲q̲_̲l̲e̲f̲t̲
warning: projects/HasseWeil/HasseWeil/Foundation/BridgeFrobenius.lean:72:8: `if_neg` has been deprecated: Use `ite_eq_right` instead

Hint: Replace the deprecated name:
  i̵f̵_̵n̵e̵g̵i̲t̲e̲_̲e̲q̲_̲r̲i̲g̲h̲t̲
warning: projects/HasseWeil/HasseWeil/Foundation/BridgeFrobenius.lean:82:8: `if_neg` has been deprecated: Use `ite_eq_right` instead

Hint: Replace the deprecated name:
  i̵f̵_̵n̵e̵g̵i̲t̲e̲_̲e̲q̲_̲r̲i̲g̲h̲t̲
⚠ [10771/11489] Replayed HasseWeil.Foundation.AdditionPullback.Differential
warning: projects/HasseWeil/HasseWeil/Foundation/AdditionPullback/Differential.lean:291:2: Try this: 
  haveI̵

The goal is a proposition, so `have` is preferred over `haveI`.
The difference between `have` and `haveI` is that `haveI` inlines the value.
But this is not relevant for proofs because of proof irrelevance.

Note: This linter can be disabled with `set_option linter.style.haveILetI false`
⚠ [10773/11489] Replayed HasseWeil.Foundation.AdditionPullback.SilvermanIV14
warning: projects/HasseWeil/HasseWeil/Foundation/AdditionPullback/SilvermanIV14.lean:205:8: `if_neg` has been deprecated: Use `ite_eq_right` instead

Hint: Replace the deprecated name:
  i̵f̵_̵n̵e̵g̵i̲t̲e̲_̲e̲q̲_̲r̲i̲g̲h̲t̲
warning: projects/HasseWeil/HasseWeil/Foundation/AdditionPullback/SilvermanIV14.lean:2821:0: automatically included section variable(s) unused in theorem `HasseWeil.kaehler_curve_equation_K_E`:
  [Fintype K]
  [DecidableEq K]
  [WeierstrassCurve.IsElliptic W.toAffine]
consider restructuring your `variable` declarations so that the variables are not in scope or explicitly omit them:
  omit [Fintype K] [DecidableEq K] [WeierstrassCurve.IsElliptic W.toAffine] in theorem ...

Note: This linter can be disabled with `set_option linter.unusedSectionVars false`
⚠ [10774/11489] Replayed HasseWeil.Foundation.Curves.Ramification.RamificationAtInfinity
warning: projects/HasseWeil/HasseWeil/Foundation/Curves/Ramification/RamificationAtInfinity.lean:8:0: Use RingTheory.RamificationInertia.Basic
'Mathlib.NumberTheory.RamificationInertia.Basic' has been deprecated: please replace this import by

import Mathlib.LinearAlgebra.Dimension.DivisionRing
import Mathlib.NumberTheory.RamificationInertia.Inertia
import Mathlib.NumberTheory.RamificationInertia.Ramification
import Mathlib.RingTheory.Ideal.Norm.AbsNorm
import Mathlib.RingTheory.SimpleModule.Basic
warning: projects/HasseWeil/HasseWeil/Foundation/Curves/Ramification/RamificationAtInfinity.lean:339:8: `Ideal.inertiaDeg'` has been deprecated: Use `Ideal.inertiaDeg` instead.
warning: projects/HasseWeil/HasseWeil/Foundation/Curves/Ramification/RamificationAtInfinity.lean:341:2: Try this: 
  letI̵

The goal is a proposition, so `let` is preferred over `letI`.
The difference between `let` and `letI` is that `letI` inlines the value.
But this is not relevant for proofs because of proof irrelevance.

Note: This linter can be disabled with `set_option linter.style.haveILetI false`
warning: projects/HasseWeil/HasseWeil/Foundation/Curves/Ramification/RamificationAtInfinity.lean:342:2: Try this: 
  letI̵

The goal is a proposition, so `let` is preferred over `letI`.
The difference between `let` and `letI` is that `letI` inlines the value.
But this is not relevant for proofs because of proof irrelevance.

Note: This linter can be disabled with `set_option linter.style.haveILetI false`
warning: projects/HasseWeil/HasseWeil/Foundation/Curves/Ramification/RamificationAtInfinity.lean:343:2: Try this: 
  letI̵

The goal is a proposition, so `let` is preferred over `letI`.
The difference between `let` and `letI` is that `letI` inlines the value.
But this is not relevant for proofs because of proof irrelevance.

Note: This linter can be disabled with `set_option linter.style.haveILetI false`
warning: projects/HasseWeil/HasseWeil/Foundation/Curves/Ramification/RamificationAtInfinity.lean:344:2: Try this: 
  letI̵

The goal is a proposition, so `let` is preferred over `letI`.
The difference between `let` and `letI` is that `letI` inlines the value.
But this is not relevant for proofs because of proof irrelevance.

Note: This linter can be disabled with `set_option linter.style.haveILetI false`
warning: projects/HasseWeil/HasseWeil/Foundation/Curves/Ramification/RamificationAtInfinity.lean:345:2: Try this: 
  letI̵

The goal is a proposition, so `let` is preferred over `letI`.
The difference between `let` and `letI` is that `letI` inlines the value.
But this is not relevant for proofs because of proof irrelevance.

Note: This linter can be disabled with `set_option linter.style.haveILetI false`
warning: projects/HasseWeil/HasseWeil/Foundation/Curves/Ramification/RamificationAtInfinity.lean:346:2: Try this: 
  letI̵

The goal is a proposition, so `let` is preferred over `letI`.
The difference between `let` and `letI` is that `letI` inlines the value.
But this is not relevant for proofs because of proof irrelevance.

Note: This linter can be disabled with `set_option linter.style.haveILetI false`
warning: projects/HasseWeil/HasseWeil/Foundation/Curves/Ramification/RamificationAtInfinity.lean:347:2: Try this: 
  letI̵

The goal is a proposition, so `let` is preferred over `letI`.
The difference between `let` and `letI` is that `letI` inlines the value.
But this is not relevant for proofs because of proof irrelevance.

Note: This linter can be disabled with `set_option linter.style.haveILetI false`
warning: projects/HasseWeil/HasseWeil/Foundation/Curves/Ramification/RamificationAtInfinity.lean:348:2: Try this: 
  letI̵

The goal is a proposition, so `let` is preferred over `letI`.
The difference between `let` and `letI` is that `letI` inlines the value.
But this is not relevant for proofs because of proof irrelevance.

Note: This linter can be disabled with `set_option linter.style.haveILetI false`
warning: projects/HasseWeil/HasseWeil/Foundation/Curves/Ramification/RamificationAtInfinity.lean:349:8: `Ideal.sum_ramification_inertia` has been deprecated: Use results of RingTheory.RamificationInertia.Basic
warning: projects/HasseWeil/HasseWeil/Foundation/Curves/Ramification/RamificationAtInfinity.lean:381:2: Try this: 
  letI̵

The goal is a proposition, so `let` is preferred over `letI`.
The difference between `let` and `letI` is that `letI` inlines the value.
But this is not relevant for proofs because of proof irrelevance.

Note: This linter can be disabled with `set_option linter.style.haveILetI false`
warning: projects/HasseWeil/HasseWeil/Foundation/Curves/Ramification/RamificationAtInfinity.lean:382:2: Try this: 
  letI̵

The goal is a proposition, so `let` is preferred over `letI`.
The difference between `let` and `letI` is that `letI` inlines the value.
But this is not relevant for proofs because of proof irrelevance.

Note: This linter can be disabled with `set_option linter.style.haveILetI false`
warning: projects/HasseWeil/HasseWeil/Foundation/Curves/Ramification/RamificationAtInfinity.lean:422:6: `Ideal.inertiaDeg'` has been deprecated: Use `Ideal.inertiaDeg` instead.
warning: projects/HasseWeil/HasseWeil/Foundation/Curves/Ramification/RamificationAtInfinity.lean:424:2: Try this: 
  letI̵

The goal is a proposition, so `let` is preferred over `letI`.
The difference between `let` and `letI` is that `letI` inlines the value.
But this is not relevant for proofs because of proof irrelevance.

Note: This linter can be disabled with `set_option linter.style.haveILetI false`
warning: projects/HasseWeil/HasseWeil/Foundation/Curves/Ramification/RamificationAtInfinity.lean:425:2: Try this: 
  letI̵

The goal is a proposition, so `let` is preferred over `letI`.
The difference between `let` and `letI` is that `letI` inlines the value.
But this is not relevant for proofs because of proof irrelevance.

Note: This linter can be disabled with `set_option linter.style.haveILetI false`
warning: projects/HasseWeil/HasseWeil/Foundation/Curves/Ramification/RamificationAtInfinity.lean:427:8: `Ideal.inertiaDeg'_algebraMap` has been deprecated: Use `Ideal.inertiaDeg_eq_of_isMaximal` instead.
warning: projects/HasseWeil/HasseWeil/Foundation/Curves/Ramification/RamificationAtInfinity.lean:462:4: `Ideal.inertiaDeg'` has been deprecated: Use `Ideal.inertiaDeg` instead.
warning: projects/HasseWeil/HasseWeil/Foundation/Curves/Ramification/RamificationAtInfinity.lean:463:2: Try this: 
  letI̵

The goal is a proposition, so `let` is preferred over `letI`.
The difference between `let` and `letI` is that `letI` inlines the value.
But this is not relevant for proofs because of proof irrelevance.

Note: This linter can be disabled with `set_option linter.style.haveILetI false`
warning: projects/HasseWeil/HasseWeil/Foundation/Curves/Ramification/RamificationAtInfinity.lean:464:2: Try this: 
  letI̵

The goal is a proposition, so `let` is preferred over `letI`.
The difference between `let` and `letI` is that `letI` inlines the value.
But this is not relevant for proofs because of proof irrelevance.

Note: This linter can be disabled with `set_option linter.style.haveILetI false`
warning: projects/HasseWeil/HasseWeil/Foundation/Curves/Ramification/RamificationAtInfinity.lean:465:2: Try this: 
  letI̵

The goal is a proposition, so `let` is preferred over `letI`.
The difference between `let` and `letI` is that `letI` inlines the value.
But this is not relevant for proofs because of proof irrelevance.

Note: This linter can be disabled with `set_option linter.style.haveILetI false`
warning: projects/HasseWeil/HasseWeil/Foundation/Curves/Ramification/RamificationAtInfinity.lean:466:2: Try this: 
  letI̵

The goal is a proposition, so `let` is preferred over `letI`.
The difference between `let` and `letI` is that `letI` inlines the value.
But this is not relevant for proofs because of proof irrelevance.

Note: This linter can be disabled with `set_option linter.style.haveILetI false`
warning: projects/HasseWeil/HasseWeil/Foundation/Curves/Ramification/RamificationAtInfinity.lean:467:2: Try this: 
  haveI̵

The goal is a proposition, so `have` is preferred over `haveI`.
The difference between `have` and `haveI` is that `haveI` inlines the value.
But this is not relevant for proofs because of proof irrelevance.

Note: This linter can be disabled with `set_option linter.style.haveILetI false`
warning: projects/HasseWeil/HasseWeil/Foundation/Curves/Ramification/RamificationAtInfinity.lean:468:2: Try this: 
  letI̵

The goal is a proposition, so `let` is preferred over `letI`.
The difference between `let` and `letI` is that `letI` inlines the value.
But this is not relevant for proofs because of proof irrelevance.

Note: This linter can be disabled with `set_option linter.style.haveILetI false`
warning: projects/HasseWeil/HasseWeil/Foundation/Curves/Ramification/RamificationAtInfinity.lean:471:6: `Ideal.inertiaDeg'_algebraMap` has been deprecated: Use `Ideal.inertiaDeg_eq_of_isMaximal` instead.
warning: projects/HasseWeil/HasseWeil/Foundation/Curves/Ramification/RamificationAtInfinity.lean:476:17: `Ideal.inertiaDeg'_pos` has been deprecated: Use `Ideal.inertiaDeg_pos` instead.
warning: projects/HasseWeil/HasseWeil/Foundation/Curves/Ramification/RamificationAtInfinity.lean:477:9: `Ideal.inertiaDeg'_algebraMap` has been deprecated: Use `Ideal.inertiaDeg_eq_of_isMaximal` instead.
warning: projects/HasseWeil/HasseWeil/Foundation/Curves/Ramification/RamificationAtInfinity.lean:497:8: `Ideal.inertiaDeg'` has been deprecated: Use `Ideal.inertiaDeg` instead.
warning: projects/HasseWeil/HasseWeil/Foundation/Curves/Ramification/RamificationAtInfinity.lean:498:2: Try this: 
  letI̵

The goal is a proposition, so `let` is preferred over `letI`.
The difference between `let` and `letI` is that `letI` inlines the value.
But this is not relevant for proofs because of proof irrelevance.

Note: This linter can be disabled with `set_option linter.style.haveILetI false`
warning: projects/HasseWeil/HasseWeil/Foundation/Curves/Ramification/RamificationAtInfinity.lean:499:2: Try this: 
  letI̵

The goal is a proposition, so `let` is preferred over `letI`.
The difference between `let` and `letI` is that `letI` inlines the value.
But this is not relevant for proofs because of proof irrelevance.

Note: This linter can be disabled with `set_option linter.style.haveILetI false`
warning: projects/HasseWeil/HasseWeil/Foundation/Curves/Ramification/RamificationAtInfinity.lean:500:2: Try this: 
  letI̵

The goal is a proposition, so `let` is preferred over `letI`.
The difference between `let` and `letI` is that `letI` inlines the value.
But this is not relevant for proofs because of proof irrelevance.

Note: This linter can be disabled with `set_option linter.style.haveILetI false`
warning: projects/HasseWeil/HasseWeil/Foundation/Curves/Ramification/RamificationAtInfinity.lean:501:2: Try this: 
  letI̵

The goal is a proposition, so `let` is preferred over `letI`.
The difference between `let` and `letI` is that `letI` inlines the value.
But this is not relevant for proofs because of proof irrelevance.

Note: This linter can be disabled with `set_option linter.style.haveILetI false`
warning: projects/HasseWeil/HasseWeil/Foundation/Curves/Ramification/RamificationAtInfinity.lean:502:2: Try this: 
  letI̵

The goal is a proposition, so `let` is preferred over `letI`.
The difference between `let` and `letI` is that `letI` inlines the value.
But this is not relevant for proofs because of proof irrelevance.

Note: This linter can be disabled with `set_option linter.style.haveILetI false`
warning: projects/HasseWeil/HasseWeil/Foundation/Curves/Ramification/RamificationAtInfinity.lean:503:2: Try this: 
  letI̵

The goal is a proposition, so `let` is preferred over `letI`.
The difference between `let` and `letI` is that `letI` inlines the value.
But this is not relevant for proofs because of proof irrelevance.

Note: This linter can be disabled with `set_option linter.style.haveILetI false`
warning: projects/HasseWeil/HasseWeil/Foundation/Curves/Ramification/RamificationAtInfinity.lean:504:2: Try this: 
  letI̵

The goal is a proposition, so `let` is preferred over `letI`.
The difference between `let` and `letI` is that `letI` inlines the value.
But this is not relevant for proofs because of proof irrelevance.

Note: This linter can be disabled with `set_option linter.style.haveILetI false`
warning: projects/HasseWeil/HasseWeil/Foundation/Curves/Ramification/RamificationAtInfinity.lean:505:2: Try this: 
  letI̵

The goal is a proposition, so `let` is preferred over `letI`.
The difference between `let` and `letI` is that `letI` inlines the value.
But this is not relevant for proofs because of proof irrelevance.

Note: This linter can be disabled with `set_option linter.style.haveILetI false`
warning: projects/HasseWeil/HasseWeil/Foundation/Curves/Ramification/RamificationAtInfinity.lean:506:2: Try this: 
  letI̵

The goal is a proposition, so `let` is preferred over `letI`.
The difference between `let` and `letI` is that `letI` inlines the value.
But this is not relevant for proofs because of proof irrelevance.

Note: This linter can be disabled with `set_option linter.style.haveILetI false`
⚠ [10777/11489] Replayed HasseWeil.HasseBound.PoleDivisorFallback
warning: projects/HasseWeil/HasseWeil/HasseBound/PoleDivisorFallback.lean:188:0: automatically included section variable(s) unused in theorem `HasseWeil.Conditional.pointValuation_eq_of_invariant_and_compatible`:
  [Fintype K]
consider restructuring your `variable` declarations so that the variables are not in scope or explicitly omit them:
  omit [Fintype K] in theorem ...

Note: This linter can be disabled with `set_option linter.unusedSectionVars false`
warning: projects/HasseWeil/HasseWeil/HasseBound/PoleDivisorFallback.lean:326:0: automatically included section variable(s) unused in theorem `HasseWeil.Conditional.ord_T_translateAlgEquivOfPoint_neg_x_gen_eq_neg_two`:
  [Fintype K]
consider restructuring your `variable` declarations so that the variables are not in scope or explicitly omit them:
  omit [Fintype K] in theorem ...

Note: This linter can be disabled with `set_option linter.unusedSectionVars false`
warning: projects/HasseWeil/HasseWeil/HasseBound/PoleDivisorFallback.lean:398:0: automatically included section variable(s) unused in theorem `HasseWeil.Conditional.ord_T_translateAlgEquivOfPoint_neg_y_gen_eq_neg_three`:
  [Fintype K]
consider restructuring your `variable` declarations so that the variables are not in scope or explicitly omit them:
  omit [Fintype K] in theorem ...

Note: This linter can be disabled with `set_option linter.unusedSectionVars false`
warning: projects/HasseWeil/HasseWeil/HasseBound/PoleDivisorFallback.lean:1307:0: automatically included section variable(s) unused in theorem `HasseWeil.Conditional.bridge_at_T2_two_a6_of_non_2_tor`:
  [Fintype K]
consider restructuring your `variable` declarations so that the variables are not in scope or explicitly omit them:
  omit [Fintype K] in theorem ...

Note: This linter can be disabled with `set_option linter.unusedSectionVars false`
warning: projects/HasseWeil/HasseWeil/HasseBound/PoleDivisorFallback.lean:2373:2: Try this: 
  letI̵

The goal is a proposition, so `let` is preferred over `letI`.
The difference between `let` and `letI` is that `letI` inlines the value.
But this is not relevant for proofs because of proof irrelevance.

Note: This linter can be disabled with `set_option linter.style.haveILetI false`
warning: projects/HasseWeil/HasseWeil/HasseBound/PoleDivisorFallback.lean:2374:2: Try this: 
  letI̵

The goal is a proposition, so `let` is preferred over `letI`.
The difference between `let` and `letI` is that `letI` inlines the value.
But this is not relevant for proofs because of proof irrelevance.

Note: This linter can be disabled with `set_option linter.style.haveILetI false`
warning: projects/HasseWeil/HasseWeil/HasseBound/PoleDivisorFallback.lean:2551:10: `Ideal.inertiaDeg'` has been deprecated: Use `Ideal.inertiaDeg` instead.
warning: projects/HasseWeil/HasseWeil/HasseBound/PoleDivisorFallback.lean:2559:0: automatically included section variable(s) unused in theorem `HasseWeil.Conditional.transcendental_inv`:
  [Fintype K]
  [DecidableEq K]
consider restructuring your `variable` declarations so that the variables are not in scope or explicitly omit them:
  omit [Fintype K] [DecidableEq K] in theorem ...

Note: This linter can be disabled with `set_option linter.unusedSectionVars false`
warning: projects/HasseWeil/HasseWeil/HasseBound/PoleDivisorFallback.lean:2848:4: Try this: 
  haveI̵

The goal is a proposition, so `have` is preferred over `haveI`.
The difference between `have` and `haveI` is that `haveI` inlines the value.
But this is not relevant for proofs because of proof irrelevance.

Note: This linter can be disabled with `set_option linter.style.haveILetI false`
warning: projects/HasseWeil/HasseWeil/HasseBound/PoleDivisorFallback.lean:2850:4: Try this: 
  haveI̵

The goal is a proposition, so `have` is preferred over `haveI`.
The difference between `have` and `haveI` is that `haveI` inlines the value.
But this is not relevant for proofs because of proof irrelevance.

Note: This linter can be disabled with `set_option linter.style.haveILetI false`
warning: projects/HasseWeil/HasseWeil/HasseBound/PoleDivisorFallback.lean:2994:8: `Ideal.inertiaDeg'` has been deprecated: Use `Ideal.inertiaDeg` instead.
warning: projects/HasseWeil/HasseWeil/HasseBound/PoleDivisorFallback.lean:3009:8: `Ideal.inertiaDeg'` has been deprecated: Use `Ideal.inertiaDeg` instead.
warning: projects/HasseWeil/HasseWeil/HasseBound/PoleDivisorFallback.lean:3012:2: Try this: 
  letI̵

The goal is a proposition, so `let` is preferred over `letI`.
The difference between `let` and `letI` is that `letI` inlines the value.
But this is not relevant for proofs because of proof irrelevance.

Note: This linter can be disabled with `set_option linter.style.haveILetI false`
warning: projects/HasseWeil/HasseWeil/HasseBound/PoleDivisorFallback.lean:3013:2: Try this: 
  letI̵

The goal is a proposition, so `let` is preferred over `letI`.
The difference between `let` and `letI` is that `letI` inlines the value.
But this is not relevant for proofs because of proof irrelevance.

Note: This linter can be disabled with `set_option linter.style.haveILetI false`
warning: projects/HasseWeil/HasseWeil/HasseBound/PoleDivisorFallback.lean:3014:2: Try this: 
  letI̵

The goal is a proposition, so `let` is preferred over `letI`.
The difference between `let` and `letI` is that `letI` inlines the value.
But this is not relevant for proofs because of proof irrelevance.

Note: This linter can be disabled with `set_option linter.style.haveILetI false`
warning: projects/HasseWeil/HasseWeil/HasseBound/PoleDivisorFallback.lean:3019:10: `Ideal.inertiaDeg'` has been deprecated: Use `Ideal.inertiaDeg` instead.
warning: projects/HasseWeil/HasseWeil/HasseBound/PoleDivisorFallback.lean:3052:8: `Ideal.inertiaDeg'` has been deprecated: Use `Ideal.inertiaDeg` instead.
warning: projects/HasseWeil/HasseWeil/HasseBound/PoleDivisorFallback.lean:3078:8: `Ideal.inertiaDeg'` has been deprecated: Use `Ideal.inertiaDeg` instead.
warning: projects/HasseWeil/HasseWeil/HasseBound/PoleDivisorFallback.lean:3117:8: `Ideal.inertiaDeg'` has been deprecated: Use `Ideal.inertiaDeg` instead.
⚠ [10778/11489] Replayed HasseWeil.HasseBound.PoleDivisorTwoTorsion
warning: projects/HasseWeil/HasseWeil/HasseBound/PoleDivisorTwoTorsion.lean:87:0: automatically included section variable(s) unused in theorem `HasseWeil.ord_P_x_gen_sub_const_ge_two_at_2tor`:
  [WeierstrassCurve.IsElliptic W.toAffine]
consider restructuring your `variable` declarations so that the variables are not in scope or explicitly omit them:
  omit [WeierstrassCurve.IsElliptic W.toAffine] in theorem ...

Note: This linter can be disabled with `set_option linter.unusedSectionVars false`
warning: projects/HasseWeil/HasseWeil/HasseBound/PoleDivisorTwoTorsion.lean:643:0: automatically included section variable(s) unused in theorem `HasseWeil.ord_P_translateY_T3_coef_nonneg`:
  [WeierstrassCurve.IsElliptic W.toAffine]
consider restructuring your `variable` declarations so that the variables are not in scope or explicitly omit them:
  omit [WeierstrassCurve.IsElliptic W.toAffine] in theorem ...

Note: This linter can be disabled with `set_option linter.unusedSectionVars false`
warning: projects/HasseWeil/HasseWeil/HasseBound/PoleDivisorTwoTorsion.lean:802:8: `dif_neg` has been deprecated: Use `dite_eq_right` instead

Hint: Replace the deprecated name:
  d̵i̵f̵_̵n̵e̵g̵d̲i̲t̲e̲_̲e̲q̲_̲r̲i̲g̲h̲t̲
warning: projects/HasseWeil/HasseWeil/HasseBound/PoleDivisorTwoTorsion.lean:790:8: automatically included section variable(s) unused in theorem `_private.HasseWeil.HasseBound.PoleDivisorTwoTorsion.0.HasseWeil.ord_P_y_gen_nonneg`:
  [DecidableEq K]
  [WeierstrassCurve.IsElliptic W.toAffine]
consider restructuring your `variable` declarations so that the variables are not in scope or explicitly omit them:
  omit [DecidableEq K] [WeierstrassCurve.IsElliptic W.toAffine] in theorem ...

Note: This linter can be disabled with `set_option linter.unusedSectionVars false`
warning: projects/HasseWeil/HasseWeil/HasseBound/PoleDivisorTwoTorsion.lean:818:8: automatically included section variable(s) unused in theorem `_private.HasseWeil.HasseBound.PoleDivisorTwoTorsion.0.HasseWeil.ord_P_translateY_T2_term_ge_four`:
  [WeierstrassCurve.IsElliptic W.toAffine]
consider restructuring your `variable` declarations so that the variables are not in scope or explicitly omit them:
  omit [WeierstrassCurve.IsElliptic W.toAffine] in theorem ...

Note: This linter can be disabled with `set_option linter.unusedSectionVars false`
⚠ [10779/11489] Replayed HasseWeil.Foundation.EC.TranslateOrdInfty
warning: projects/HasseWeil/HasseWeil/Foundation/EC/TranslateOrdInfty.lean:73:8: `dif_neg` has been deprecated: Use `dite_eq_right` instead

Hint: Replace the deprecated name:
  d̵i̵f̵_̵n̵e̵g̵d̲i̲t̲e̲_̲e̲q̲_̲r̲i̲g̲h̲t̲
warning: projects/HasseWeil/HasseWeil/Foundation/EC/TranslateOrdInfty.lean:91:10: `if_pos` has been deprecated: Use `ite_eq_left` instead

Hint: Replace the deprecated name:
  i̵f̵_̵p̵o̵s̵i̲t̲e̲_̲e̲q̲_̲l̲e̲f̲t̲
warning: projects/HasseWeil/HasseWeil/Foundation/EC/TranslateOrdInfty.lean:92:10: `if_neg` has been deprecated: Use `ite_eq_right` instead

Hint: Replace the deprecated name:
  i̵f̵_̵n̵e̵g̵i̲t̲e̲_̲e̲q̲_̲r̲i̲g̲h̲t̲
warning: projects/HasseWeil/HasseWeil/Foundation/EC/TranslateOrdInfty.lean:104:28: `if_neg` has been deprecated: Use `ite_eq_right` instead

Hint: Replace the deprecated name:
  i̵f̵_̵n̵e̵g̵i̲t̲e̲_̲e̲q̲_̲r̲i̲g̲h̲t̲
warning: projects/HasseWeil/HasseWeil/Foundation/EC/TranslateOrdInfty.lean:106:10: `if_pos` has been deprecated: Use `ite_eq_left` instead

Hint: Replace the deprecated name:
  i̵f̵_̵p̵o̵s̵i̲t̲e̲_̲e̲q̲_̲l̲e̲f̲t̲
warning: projects/HasseWeil/HasseWeil/Foundation/EC/TranslateOrdInfty.lean:108:10: `if_neg` has been deprecated: Use `ite_eq_right` instead

Hint: Replace the deprecated name:
  i̵f̵_̵n̵e̵g̵i̲t̲e̲_̲e̲q̲_̲r̲i̲g̲h̲t̲
warning: projects/HasseWeil/HasseWeil/Foundation/EC/TranslateOrdInfty.lean:110:18: `if_neg` has been deprecated: Use `ite_eq_right` instead

Hint: Replace the deprecated name:
  i̵f̵_̵n̵e̵g̵i̲t̲e̲_̲e̲q̲_̲r̲i̲g̲h̲t̲
⚠ [10780/11489] Replayed HasseWeil.Isogeny.OrdTransport
warning: projects/HasseWeil/HasseWeil/Isogeny/OrdTransport.lean:62:0: automatically included section variable(s) unused in theorem `HasseWeil.Curves.SmoothPlaneCurve.pointValuation_surjective'`:
  [DecidableEq F]
consider restructuring your `variable` declarations so that the variables are not in scope or explicitly omit them:
  omit [DecidableEq F] in theorem ...

Note: This linter can be disabled with `set_option linter.unusedSectionVars false`
warning: projects/HasseWeil/HasseWeil/Isogeny/OrdTransport.lean:126:0: automatically included section variable(s) unused in theorem `HasseWeil.Curves.SmoothPlaneCurve.comap_pointValuation_surjective_of_ord_eq_one`:
  [DecidableEq F]
consider restructuring your `variable` declarations so that the variables are not in scope or explicitly omit them:
  omit [DecidableEq F] in theorem ...

Note: This linter can be disabled with `set_option linter.unusedSectionVars false`
⚠ [10781/11489] Replayed HasseWeil.Foundation.Curves.Divisor.PicZero
warning: projects/HasseWeil/HasseWeil/Foundation/Curves/Divisor/PicZero.lean:85:8: automatically included section variable(s) unused in theorem `HasseWeil.Curves.projectiveDivisorSum_zero`:
  [WeierstrassCurve.IsElliptic W]
consider restructuring your `variable` declarations so that the variables are not in scope or explicitly omit them:
  omit [WeierstrassCurve.IsElliptic W] in theorem ...

Note: This linter can be disabled with `set_option linter.unusedSectionVars false`
warning: projects/HasseWeil/HasseWeil/Foundation/Curves/Divisor/PicZero.lean:89:8: automatically included section variable(s) unused in theorem `HasseWeil.Curves.projectiveDivisorSum_single`:
  [WeierstrassCurve.IsElliptic W]
consider restructuring your `variable` declarations so that the variables are not in scope or explicitly omit them:
  omit [WeierstrassCurve.IsElliptic W] in theorem ...

Note: This linter can be disabled with `set_option linter.unusedSectionVars false`
warning: projects/HasseWeil/HasseWeil/Foundation/Curves/Divisor/PicZero.lean:96:8: automatically included section variable(s) unused in theorem `HasseWeil.Curves.projectiveDivisorSum_add`:
  [WeierstrassCurve.IsElliptic W]
consider restructuring your `variable` declarations so that the variables are not in scope or explicitly omit them:
  omit [WeierstrassCurve.IsElliptic W] in theorem ...

Note: This linter can be disabled with `set_option linter.unusedSectionVars false`
warning: projects/HasseWeil/HasseWeil/Foundation/Curves/Divisor/PicZero.lean:241:0: automatically included section variable(s) unused in theorem `HasseWeil.Curves.kappaDivisor_degree`:
  [DecidableEq F]
  [WeierstrassCurve.IsElliptic W]
consider restructuring your `variable` declarations so that the variables are not in scope or explicitly omit them:
  omit [DecidableEq F] [WeierstrassCurve.IsElliptic W] in theorem ...

Note: This linter can be disabled with `set_option linter.unusedSectionVars false`
⚠ [10782/11489] Replayed HasseWeil.Foundation.Curves.Divisor.EffectiveSumReduce
warning: projects/HasseWeil/HasseWeil/Foundation/Curves/Divisor/EffectiveSumReduce.lean:153:34: Private declaration `infDiv` accessed publicly; this is allowed only because the `backward.privateInPublic` option is enabled. 

Disable `backward.privateInPublic.warn` to silence this warning.
⚠ [10783/11489] Replayed HasseWeil.Foundation.Curves.Ramification.PoleOrderParity
warning: projects/HasseWeil/HasseWeil/Foundation/Curves/Ramification/PoleOrderParity.lean:190:8: `if_neg` has been deprecated: Use `ite_eq_right` instead

Hint: Replace the deprecated name:
  i̵f̵_̵n̵e̵g̵i̲t̲e̲_̲e̲q̲_̲r̲i̲g̲h̲t̲
warning: projects/HasseWeil/HasseWeil/Foundation/Curves/Ramification/PoleOrderParity.lean:190:21: `if_pos` has been deprecated: Use `ite_eq_left` instead

Hint: Replace the deprecated name:
  i̵f̵_̵p̵o̵s̵i̲t̲e̲_̲e̲q̲_̲l̲e̲f̲t̲
⚠ [10784/11489] Replayed HasseWeil.Foundation.Curves.Divisor.PicZeroPushforward
warning: projects/HasseWeil/HasseWeil/Foundation/Curves/Divisor/PicZeroPushforward.lean:52:8: automatically included section variable(s) unused in theorem `HasseWeil.EC.Isogeny.pushforwardProjectiveDivisor_apply`:
  [DecidableEq F]
consider restructuring your `variable` declarations so that the variables are not in scope or explicitly omit them:
  omit [DecidableEq F] in theorem ...

Note: This linter can be disabled with `set_option linter.unusedSectionVars false`
warning: projects/HasseWeil/HasseWeil/Foundation/Curves/Divisor/PicZeroPushforward.lean:59:8: automatically included section variable(s) unused in theorem `HasseWeil.EC.Isogeny.pushforwardProjectiveDivisor_zero`:
  [DecidableEq F]
consider restructuring your `variable` declarations so that the variables are not in scope or explicitly omit them:
  omit [DecidableEq F] in theorem ...

Note: This linter can be disabled with `set_option linter.unusedSectionVars false`
warning: projects/HasseWeil/HasseWeil/Foundation/Curves/Divisor/PicZeroPushforward.lean:64:8: automatically included section variable(s) unused in theorem `HasseWeil.EC.Isogeny.pushforwardProjectiveDivisor_add`:
  [DecidableEq F]
consider restructuring your `variable` declarations so that the variables are not in scope or explicitly omit them:
  omit [DecidableEq F] in theorem ...

Note: This linter can be disabled with `set_option linter.unusedSectionVars false`
⚠ [10786/11489] Replayed HasseWeil.Foundation.Curves.Fiber.AFConditional
warning: projects/HasseWeil/HasseWeil/Foundation/Curves/Fiber/AFConditional.lean:158:6: `if_neg` has been deprecated: Use `ite_eq_right` instead

Hint: Replace the deprecated name:
  i̵f̵_̵n̵e̵g̵i̲t̲e̲_̲e̲q̲_̲r̲i̲g̲h̲t̲
warning: projects/HasseWeil/HasseWeil/Foundation/Curves/Fiber/AFConditional.lean:160:8: `if_pos` has been deprecated: Use `ite_eq_left` instead

Hint: Replace the deprecated name:
  i̵f̵_̵p̵o̵s̵i̲t̲e̲_̲e̲q̲_̲l̲e̲f̲t̲
warning: projects/HasseWeil/HasseWeil/Foundation/Curves/Fiber/AFConditional.lean:170:8: `if_neg` has been deprecated: Use `ite_eq_right` instead

Hint: Replace the deprecated name:
  i̵f̵_̵n̵e̵g̵i̲t̲e̲_̲e̲q̲_̲r̲i̲g̲h̲t̲
⚠ [10787/11489] Replayed HasseWeil.Foundation.Curves.Valuation.NoFinitePolesBridge
warning: projects/HasseWeil/HasseWeil/Foundation/Curves/Valuation/NoFinitePolesBridge.lean:165:8: `dif_neg` has been deprecated: Use `dite_eq_right` instead

Hint: Replace the deprecated name:
  d̵i̵f̵_̵n̵e̵g̵d̲i̲t̲e̲_̲e̲q̲_̲r̲i̲g̲h̲t̲
⚠ [10788/11489] Replayed HasseWeil.Foundation.EC.SeparableKernelTorsor
warning: projects/HasseWeil/HasseWeil/Foundation/EC/SeparableKernelTorsor.lean:157:2: Try this: 
  letI̵

The goal is a proposition, so `let` is preferred over `letI`.
The difference between `let` and `letI` is that `letI` inlines the value.
But this is not relevant for proofs because of proof irrelevance.

Note: This linter can be disabled with `set_option linter.style.haveILetI false`
warning: projects/HasseWeil/HasseWeil/Foundation/EC/SeparableKernelTorsor.lean:158:2: Try this: 
  haveI̵

The goal is a proposition, so `have` is preferred over `haveI`.
The difference between `have` and `haveI` is that `haveI` inlines the value.
But this is not relevant for proofs because of proof irrelevance.

Note: This linter can be disabled with `set_option linter.style.haveILetI false`
warning: projects/HasseWeil/HasseWeil/Foundation/EC/SeparableKernelTorsor.lean:159:2: Try this: 
  haveI̵

The goal is a proposition, so `have` is preferred over `haveI`.
The difference between `have` and `haveI` is that `haveI` inlines the value.
But this is not relevant for proofs because of proof irrelevance.

Note: This linter can be disabled with `set_option linter.style.haveILetI false`
warning: projects/HasseWeil/HasseWeil/Foundation/EC/SeparableKernelTorsor.lean:264:2: Try this: 
  letI̵

The goal is a proposition, so `let` is preferred over `letI`.
The difference between `let` and `letI` is that `letI` inlines the value.
But this is not relevant for proofs because of proof irrelevance.

Note: This linter can be disabled with `set_option linter.style.haveILetI false`
warning: projects/HasseWeil/HasseWeil/Foundation/EC/SeparableKernelTorsor.lean:292:2: Try this: 
  letI̵

The goal is a proposition, so `let` is preferred over `letI`.
The difference between `let` and `letI` is that `letI` inlines the value.
But this is not relevant for proofs because of proof irrelevance.

Note: This linter can be disabled with `set_option linter.style.haveILetI false`
warning: projects/HasseWeil/HasseWeil/Foundation/EC/SeparableKernelTorsor.lean:310:2: Try this: 
  letI̵

The goal is a proposition, so `let` is preferred over `letI`.
The difference between `let` and `letI` is that `letI` inlines the value.
But this is not relevant for proofs because of proof irrelevance.

Note: This linter can be disabled with `set_option linter.style.haveILetI false`
warning: projects/HasseWeil/HasseWeil/Foundation/EC/SeparableKernelTorsor.lean:369:4: Try this: 
  letI̵

The goal is a proposition, so `let` is preferred over `letI`.
The difference between `let` and `letI` is that `letI` inlines the value.
But this is not relevant for proofs because of proof irrelevance.

Note: This linter can be disabled with `set_option linter.style.haveILetI false`
⚠ [10791/11489] Replayed HasseWeil.Foundation.EC.DifferentialOrd
warning: projects/HasseWeil/HasseWeil/Foundation/EC/DifferentialOrd.lean:249:8: `dif_neg` has been deprecated: Use `dite_eq_right` instead

Hint: Replace the deprecated name:
  d̵i̵f̵_̵n̵e̵g̵d̲i̲t̲e̲_̲e̲q̲_̲r̲i̲g̲h̲t̲
warning: projects/HasseWeil/HasseWeil/Foundation/EC/DifferentialOrd.lean:266:2: Try this: 
  haveI̵

The goal is a proposition, so `have` is preferred over `haveI`.
The difference between `have` and `haveI` is that `haveI` inlines the value.
But this is not relevant for proofs because of proof irrelevance.

Note: This linter can be disabled with `set_option linter.style.haveILetI false`
warning: projects/HasseWeil/HasseWeil/Foundation/EC/DifferentialOrd.lean:268:2: Try this: 
  haveI̵

The goal is a proposition, so `have` is preferred over `haveI`.
The difference between `have` and `haveI` is that `haveI` inlines the value.
But this is not relevant for proofs because of proof irrelevance.

Note: This linter can be disabled with `set_option linter.style.haveILetI false`
⚠ [10792/11489] Replayed HasseWeil.HasseBound.WeilPairing.TorsionKernelRational
warning: projects/HasseWeil/HasseWeil/HasseBound/WeilPairing/TorsionKernelRational.lean:248:2: Try this: 
  letI̵

The goal is a proposition, so `let` is preferred over `letI`.
The difference between `let` and `letI` is that `letI` inlines the value.
But this is not relevant for proofs because of proof irrelevance.

Note: This linter can be disabled with `set_option linter.style.haveILetI false`
warning: projects/HasseWeil/HasseWeil/HasseBound/WeilPairing/TorsionKernelRational.lean:456:2: Try this: 
  letI̵

The goal is a proposition, so `let` is preferred over `letI`.
The difference between `let` and `letI` is that `letI` inlines the value.
But this is not relevant for proofs because of proof irrelevance.

Note: This linter can be disabled with `set_option linter.style.haveILetI false`
warning: projects/HasseWeil/HasseWeil/HasseBound/WeilPairing/TorsionKernelRational.lean:460:2: Try this: 
  letI̵

The goal is a proposition, so `let` is preferred over `letI`.
The difference between `let` and `letI` is that `letI` inlines the value.
But this is not relevant for proofs because of proof irrelevance.

Note: This linter can be disabled with `set_option linter.style.haveILetI false`
warning: projects/HasseWeil/HasseWeil/HasseBound/WeilPairing/TorsionKernelRational.lean:463:2: Try this: 
  haveI̵

The goal is a proposition, so `have` is preferred over `haveI`.
The difference between `have` and `haveI` is that `haveI` inlines the value.
But this is not relevant for proofs because of proof irrelevance.

Note: This linter can be disabled with `set_option linter.style.haveILetI false`
warning: projects/HasseWeil/HasseWeil/HasseBound/WeilPairing/TorsionKernelRational.lean:465:2: Try this: 
  haveI̵

The goal is a proposition, so `have` is preferred over `haveI`.
The difference between `have` and `haveI` is that `haveI` inlines the value.
But this is not relevant for proofs because of proof irrelevance.

Note: This linter can be disabled with `set_option linter.style.haveILetI false`
warning: projects/HasseWeil/HasseWeil/HasseBound/WeilPairing/TorsionKernelRational.lean:493:2: Try this: 
  haveI̵

The goal is a proposition, so `have` is preferred over `haveI`.
The difference between `have` and `haveI` is that `haveI` inlines the value.
But this is not relevant for proofs because of proof irrelevance.

Note: This linter can be disabled with `set_option linter.style.haveILetI false`
warning: projects/HasseWeil/HasseWeil/HasseBound/WeilPairing/TorsionKernelRational.lean:544:2: Try this: 
  letI̵

The goal is a proposition, so `let` is preferred over `letI`.
The difference between `let` and `letI` is that `letI` inlines the value.
But this is not relevant for proofs because of proof irrelevance.

Note: This linter can be disabled with `set_option linter.style.haveILetI false`
warning: projects/HasseWeil/HasseWeil/HasseBound/WeilPairing/TorsionKernelRational.lean:545:2: Try this: 
  haveI̵

The goal is a proposition, so `have` is preferred over `haveI`.
The difference between `have` and `haveI` is that `haveI` inlines the value.
But this is not relevant for proofs because of proof irrelevance.

Note: This linter can be disabled with `set_option linter.style.haveILetI false`
warning: projects/HasseWeil/HasseWeil/HasseBound/WeilPairing/TorsionKernelRational.lean:548:2: Try this: 
  haveI̵

The goal is a proposition, so `have` is preferred over `haveI`.
The difference between `have` and `haveI` is that `haveI` inlines the value.
But this is not relevant for proofs because of proof irrelevance.

Note: This linter can be disabled with `set_option linter.style.haveILetI false`
⚠ [10793/11489] Replayed HasseWeil.HasseBound.WeilPairing.Fiber
warning: projects/HasseWeil/HasseWeil/HasseBound/WeilPairing/Fiber.lean:50:4: Try this: 
  haveI̵

The goal is a proposition, so `have` is preferred over `haveI`.
The difference between `have` and `haveI` is that `haveI` inlines the value.
But this is not relevant for proofs because of proof irrelevance.

Note: This linter can be disabled with `set_option linter.style.haveILetI false`
⚠ [10794/11489] Replayed HasseWeil.HasseBound.WeilPairing.Pullback
warning: projects/HasseWeil/HasseWeil/HasseBound/WeilPairing/Pullback.lean:51:2: Try this: 
  letI̵

The goal is a proposition, so `let` is preferred over `letI`.
The difference between `let` and `letI` is that `letI` inlines the value.
But this is not relevant for proofs because of proof irrelevance.

Note: This linter can be disabled with `set_option linter.style.haveILetI false`
warning: projects/HasseWeil/HasseWeil/HasseBound/WeilPairing/Pullback.lean:62:2: Try this: 
  letI̵

The goal is a proposition, so `let` is preferred over `letI`.
The difference between `let` and `letI` is that `letI` inlines the value.
But this is not relevant for proofs because of proof irrelevance.

Note: This linter can be disabled with `set_option linter.style.haveILetI false`
⚠ [10795/11489] Replayed HasseWeil.HasseBound.WeilPairing.SigmaBridge
warning: projects/HasseWeil/HasseWeil/HasseBound/WeilPairing/SigmaBridge.lean:35:2: Try this: 
  letI̵

The goal is a proposition, so `let` is preferred over `letI`.
The difference between `let` and `letI` is that `letI` inlines the value.
But this is not relevant for proofs because of proof irrelevance.

Note: This linter can be disabled with `set_option linter.style.haveILetI false`
warning: projects/HasseWeil/HasseWeil/HasseBound/WeilPairing/SigmaBridge.lean:36:2: Try this: 
  letI̵

The goal is a proposition, so `let` is preferred over `letI`.
The difference between `let` and `letI` is that `letI` inlines the value.
But this is not relevant for proofs because of proof irrelevance.

Note: This linter can be disabled with `set_option linter.style.haveILetI false`
warning: projects/HasseWeil/HasseWeil/HasseBound/WeilPairing/SigmaBridge.lean:48:2: Try this: 
  letI̵

The goal is a proposition, so `let` is preferred over `letI`.
The difference between `let` and `letI` is that `letI` inlines the value.
But this is not relevant for proofs because of proof irrelevance.

Note: This linter can be disabled with `set_option linter.style.haveILetI false`
✔ [10796/11590] Built HexTruncatedSeriesMathlib (1.1s)
✔ [10798/11590] Built HexModular.Recon (2.5s)
⚠ [10800/11590] Replayed HasseWeil.Foundation.EC.MulByIntUnramified
warning: projects/HasseWeil/HasseWeil/Foundation/EC/MulByIntUnramified.lean:334:30: `if_pos` has been deprecated: Use `ite_eq_left` instead

Hint: Replace the deprecated name:
  i̵f̵_̵p̵o̵s̵i̲t̲e̲_̲e̲q̲_̲l̲e̲f̲t̲
warning: projects/HasseWeil/HasseWeil/Foundation/EC/MulByIntUnramified.lean:511:8: `dif_neg` has been deprecated: Use `dite_eq_right` instead

Hint: Replace the deprecated name:
  d̵i̵f̵_̵n̵e̵g̵d̲i̲t̲e̲_̲e̲q̲_̲r̲i̲g̲h̲t̲
⚠ [10801/11590] Replayed HasseWeil.Foundation.EC.MulByIntSamePlace
warning: projects/HasseWeil/HasseWeil/Foundation/EC/MulByIntSamePlace.lean:581:2: Try this: 
  haveI̵

The goal is a proposition, so `have` is preferred over `haveI`.
The difference between `have` and `haveI` is that `haveI` inlines the value.
But this is not relevant for proofs because of proof irrelevance.

Note: This linter can be disabled with `set_option linter.style.haveILetI false`
⚠ [10802/11590] Replayed HasseWeil.HasseBound.WeilPairing.DivisorPullback
warning: projects/HasseWeil/HasseWeil/HasseBound/WeilPairing/DivisorPullback.lean:161:2: Try this: 
  letI̵

The goal is a proposition, so `let` is preferred over `letI`.
The difference between `let` and `letI` is that `letI` inlines the value.
But this is not relevant for proofs because of proof irrelevance.

Note: This linter can be disabled with `set_option linter.style.haveILetI false`
warning: projects/HasseWeil/HasseWeil/HasseBound/WeilPairing/DivisorPullback.lean:164:8: `if_pos` has been deprecated: Use `ite_eq_left` instead

Hint: Replace the deprecated name:
  i̵f̵_̵p̵o̵s̵i̲t̲e̲_̲e̲q̲_̲l̲e̲f̲t̲
warning: projects/HasseWeil/HasseWeil/HasseBound/WeilPairing/DivisorPullback.lean:180:8: `if_neg` has been deprecated: Use `ite_eq_right` instead

Hint: Replace the deprecated name:
  i̵f̵_̵n̵e̵g̵i̲t̲e̲_̲e̲q̲_̲r̲i̲g̲h̲t̲
warning: projects/HasseWeil/HasseWeil/HasseBound/WeilPairing/DivisorPullback.lean:216:10: `if_pos` has been deprecated: Use `ite_eq_left` instead

Hint: Replace the deprecated name:
  i̵f̵_̵p̵o̵s̵i̲t̲e̲_̲e̲q̲_̲l̲e̲f̲t̲
warning: projects/HasseWeil/HasseWeil/HasseBound/WeilPairing/DivisorPullback.lean:216:30: `if_pos` has been deprecated: Use `ite_eq_left` instead

Hint: Replace the deprecated name:
  i̵f̵_̵p̵o̵s̵i̲t̲e̲_̲e̲q̲_̲l̲e̲f̲t̲
warning: projects/HasseWeil/HasseWeil/HasseBound/WeilPairing/DivisorPullback.lean:218:10: `if_neg` has been deprecated: Use `ite_eq_right` instead

Hint: Replace the deprecated name:
  i̵f̵_̵n̵e̵g̵i̲t̲e̲_̲e̲q̲_̲r̲i̲g̲h̲t̲
warning: projects/HasseWeil/HasseWeil/HasseBound/WeilPairing/DivisorPullback.lean:218:31: `if_neg` has been deprecated: Use `ite_eq_right` instead

Hint: Replace the deprecated name:
  i̵f̵_̵n̵e̵g̵i̲t̲e̲_̲e̲q̲_̲r̲i̲g̲h̲t̲
warning: projects/HasseWeil/HasseWeil/HasseBound/WeilPairing/DivisorPullback.lean:226:8: `if_pos` has been deprecated: Use `ite_eq_left` instead

Hint: Replace the deprecated name:
  i̵f̵_̵p̵o̵s̵i̲t̲e̲_̲e̲q̲_̲l̲e̲f̲t̲
warning: projects/HasseWeil/HasseWeil/HasseBound/WeilPairing/DivisorPullback.lean:227:8: `if_neg` has been deprecated: Use `ite_eq_right` instead

Hint: Replace the deprecated name:
  i̵f̵_̵n̵e̵g̵i̲t̲e̲_̲e̲q̲_̲r̲i̲g̲h̲t̲
⚠ [10803/11590] Replayed HasseWeil.HasseBound.WeilPairing.Constancy
warning: projects/HasseWeil/HasseWeil/HasseBound/WeilPairing/Constancy.lean:40:0: automatically included section variable(s) unused in theorem `HasseWeil.WeilPairing.const_of_projectiveDivisorOf_eq_zero`:
  [DecidableEq F]
consider restructuring your `variable` declarations so that the variables are not in scope or explicitly omit them:
  omit [DecidableEq F] in theorem ...

Note: This linter can be disabled with `set_option linter.unusedSectionVars false`
⚠ [10806/11590] Replayed HasseWeil.Isogeny.BaseChange.Basic
warning: projects/HasseWeil/HasseWeil/Isogeny/BaseChange/Basic.lean:76:8: automatically included section variable(s) unused in theorem `HasseWeil.Isogeny.mkBaseChange_pullback`:
  [DecidableEq F]
  [WeierstrassCurve.IsElliptic W₁]
  [WeierstrassCurve.IsElliptic W₂]
consider restructuring your `variable` declarations so that the variables are not in scope or explicitly omit them:
  omit [DecidableEq F] [WeierstrassCurve.IsElliptic W₁] [WeierstrassCurve.IsElliptic W₂] in theorem ...

Note: This linter can be disabled with `set_option linter.unusedSectionVars false`
warning: projects/HasseWeil/HasseWeil/Isogeny/BaseChange/Basic.lean:84:8: automatically included section variable(s) unused in theorem `HasseWeil.Isogeny.mkBaseChange_toAddMonoidHom`:
  [DecidableEq F]
  [WeierstrassCurve.IsElliptic W₁]
  [WeierstrassCurve.IsElliptic W₂]
consider restructuring your `variable` declarations so that the variables are not in scope or explicitly omit them:
  omit [DecidableEq F] [WeierstrassCurve.IsElliptic W₁] [WeierstrassCurve.IsElliptic W₂] in theorem ...

Note: This linter can be disabled with `set_option linter.unusedSectionVars false`
warning: projects/HasseWeil/HasseWeil/Isogeny/BaseChange/Basic.lean:367:0: automatically included section variable(s) unused in theorem `HasseWeil.Isogeny.frobenius_eq_id_of_charP_prime`:
  [DecidableEq k]
consider restructuring your `variable` declarations so that the variables are not in scope or explicitly omit them:
  omit [DecidableEq k] in theorem ...

Note: This linter can be disabled with `set_option linter.unusedSectionVars false`
warning: projects/HasseWeil/HasseWeil/Isogeny/BaseChange/Basic.lean:468:0: automatically included section variable(s) unused in theorem `HasseWeil.Isogeny.iterateFrobenius_eq_id_of_charP_pow`:
  [DecidableEq k]
consider restructuring your `variable` declarations so that the variables are not in scope or explicitly omit them:
  omit [DecidableEq k] in theorem ...

Note: This linter can be disabled with `set_option linter.unusedSectionVars false`
warning: projects/HasseWeil/HasseWeil/Isogeny/BaseChange/Basic.lean:611:2: Try this: 
  haveI̵

The goal is a proposition, so `have` is preferred over `haveI`.
The difference between `have` and `haveI` is that `haveI` inlines the value.
But this is not relevant for proofs because of proof irrelevance.

Note: This linter can be disabled with `set_option linter.style.haveILetI false`
⚠ [10807/11590] Replayed HasseWeil.Foundation.Curves.Divisor.Miller
warning: projects/HasseWeil/HasseWeil/Foundation/Curves/Divisor/Miller.lean:425:10: `if_pos` has been deprecated: Use `ite_eq_left` instead

Hint: Replace the deprecated name:
  i̵f̵_̵p̵o̵s̵i̲t̲e̲_̲e̲q̲_̲l̲e̲f̲t̲
warning: projects/HasseWeil/HasseWeil/Foundation/Curves/Divisor/Miller.lean:426:10: `if_neg` has been deprecated: Use `ite_eq_right` instead

Hint: Replace the deprecated name:
  i̵f̵_̵n̵e̵g̵i̲t̲e̲_̲e̲q̲_̲r̲i̲g̲h̲t̲
warning: projects/HasseWeil/HasseWeil/Foundation/Curves/Divisor/Miller.lean:433:10: `if_pos` has been deprecated: Use `ite_eq_left` instead

Hint: Replace the deprecated name:
  i̵f̵_̵p̵o̵s̵i̲t̲e̲_̲e̲q̲_̲l̲e̲f̲t̲
warning: projects/HasseWeil/HasseWeil/Foundation/Curves/Divisor/Miller.lean:434:10: `if_neg` has been deprecated: Use `ite_eq_right` instead

Hint: Replace the deprecated name:
  i̵f̵_̵n̵e̵g̵i̲t̲e̲_̲e̲q̲_̲r̲i̲g̲h̲t̲
warning: projects/HasseWeil/HasseWeil/Foundation/Curves/Divisor/Miller.lean:915:11: `if_pos` has been deprecated: Use `ite_eq_left` instead

Hint: Replace the deprecated name:
  i̵f̵_̵p̵o̵s̵i̲t̲e̲_̲e̲q̲_̲l̲e̲f̲t̲
warning: projects/HasseWeil/HasseWeil/Foundation/Curves/Divisor/Miller.lean:917:8: `if_neg` has been deprecated: Use `ite_eq_right` instead

Hint: Replace the deprecated name:
  i̵f̵_̵n̵e̵g̵i̲t̲e̲_̲e̲q̲_̲r̲i̲g̲h̲t̲
⚠ [10810/11590] Replayed HasseWeil.HasseBound.WeilPairing.DivisorTranslate
warning: projects/HasseWeil/HasseWeil/HasseBound/WeilPairing/DivisorTranslate.lean:306:2: Try this: 
  letI̵

The goal is a proposition, so `let` is preferred over `letI`.
The difference between `let` and `letI` is that `letI` inlines the value.
But this is not relevant for proofs because of proof irrelevance.

Note: This linter can be disabled with `set_option linter.style.haveILetI false`
warning: projects/HasseWeil/HasseWeil/HasseBound/WeilPairing/DivisorTranslate.lean:321:8: `if_pos` has been deprecated: Use `ite_eq_left` instead

Hint: Replace the deprecated name:
  i̵f̵_̵p̵o̵s̵i̲t̲e̲_̲e̲q̲_̲l̲e̲f̲t̲
warning: projects/HasseWeil/HasseWeil/HasseBound/WeilPairing/DivisorTranslate.lean:323:10: `if_pos` has been deprecated: Use `ite_eq_left` instead

Hint: Replace the deprecated name:
  i̵f̵_̵p̵o̵s̵i̲t̲e̲_̲e̲q̲_̲l̲e̲f̲t̲
warning: projects/HasseWeil/HasseWeil/HasseBound/WeilPairing/DivisorTranslate.lean:325:10: `if_neg` has been deprecated: Use `ite_eq_right` instead

Hint: Replace the deprecated name:
  i̵f̵_̵n̵e̵g̵i̲t̲e̲_̲e̲q̲_̲r̲i̲g̲h̲t̲
warning: projects/HasseWeil/HasseWeil/HasseBound/WeilPairing/DivisorTranslate.lean:330:8: `if_neg` has been deprecated: Use `ite_eq_right` instead

Hint: Replace the deprecated name:
  i̵f̵_̵n̵e̵g̵i̲t̲e̲_̲e̲q̲_̲r̲i̲g̲h̲t̲
warning: projects/HasseWeil/HasseWeil/HasseBound/WeilPairing/DivisorTranslate.lean:333:8: `if_neg` has been deprecated: Use `ite_eq_right` instead

Hint: Replace the deprecated name:
  i̵f̵_̵n̵e̵g̵i̲t̲e̲_̲e̲q̲_̲r̲i̲g̲h̲t̲
⚠ [10812/11590] Replayed HasseWeil.HasseBound.WeilPairing.TorsionModule
warning: projects/HasseWeil/HasseWeil/HasseBound/WeilPairing/TorsionModule.lean:104:2: Try this: 
  haveI̵

The goal is a proposition, so `have` is preferred over `haveI`.
The difference between `have` and `haveI` is that `haveI` inlines the value.
But this is not relevant for proofs because of proof irrelevance.

Note: This linter can be disabled with `set_option linter.style.haveILetI false`
warning: projects/HasseWeil/HasseWeil/HasseBound/WeilPairing/TorsionModule.lean:110:4: Try this: 
  haveI̵

The goal is a proposition, so `have` is preferred over `haveI`.
The difference between `have` and `haveI` is that `haveI` inlines the value.
But this is not relevant for proofs because of proof irrelevance.

Note: This linter can be disabled with `set_option linter.style.haveILetI false`
⚠ [10814/11590] Replayed HasseWeil.HasseBound.WeilPairing.PairingProps
warning: projects/HasseWeil/HasseWeil/HasseBound/WeilPairing/PairingProps.lean:119:2: Try this: 
  haveI̵

The goal is a proposition, so `have` is preferred over `haveI`.
The difference between `have` and `haveI` is that `haveI` inlines the value.
But this is not relevant for proofs because of proof irrelevance.

Note: This linter can be disabled with `set_option linter.style.haveILetI false`
⚠ [10815/11590] Replayed HasseWeil.Pic0.ClassGroupNorm
warning: projects/HasseWeil/HasseWeil/Pic0/ClassGroupNorm.lean:9:0: Use RingTheory.RamificationInertia.Basic
'Mathlib.NumberTheory.RamificationInertia.Basic' has been deprecated: please replace this import by

import Mathlib.LinearAlgebra.Dimension.DivisionRing
import Mathlib.NumberTheory.RamificationInertia.Inertia
import Mathlib.NumberTheory.RamificationInertia.Ramification
import Mathlib.RingTheory.Ideal.Norm.AbsNorm
import Mathlib.RingTheory.SimpleModule.Basic
warning: projects/HasseWeil/HasseWeil/Pic0/ClassGroupNorm.lean:48:18: Overlapping instance parameters in `relNorm0`:

⚠️ `[IsDomain
   R]` and `[IsDedekindDomain
   R]` each imply `[Nontrivial R]`, `[IsLeftCancelMulZero R]`, and `[IsRightCancelMulZero R]`.
💡️ Of these, `[IsDomain R]` may be removed.
⚠️ `[IsDomain
   S]` and `[IsDedekindDomain
   S]` each imply `[Nontrivial S]`, `[IsLeftCancelMulZero S]`, and `[IsRightCancelMulZero S]`.
💡️ Of these, `[IsDomain S]` may be removed.
⚠️ `[IsIntegrallyClosed R]` and `[IsDedekindDomain R]` each imply `[IsIntegralClosure R R (FractionRing R)]`.
💡️ Of these, `[IsIntegrallyClosed R]` may be removed.
⚠️ `[IsIntegrallyClosed S]` and `[IsDedekindDomain S]` each imply `[IsIntegralClosure S S (FractionRing S)]`.
💡️ Of these, `[IsIntegrallyClosed S]` may be removed.

Note: This linter can be disabled with `set_option linter.overlappingInstances false`
warning: projects/HasseWeil/HasseWeil/Pic0/ClassGroupNorm.lean:61:18: Overlapping instance parameters in `mk0CompRelNorm0`:

⚠️ `[IsDomain
   R]` and `[IsDedekindDomain
   R]` each imply `[Nontrivial R]`, `[IsLeftCancelMulZero R]`, and `[IsRightCancelMulZero R]`.
💡️ Of these, `[IsDomain R]` may be removed.
⚠️ `[IsDomain
   S]` and `[IsDedekindDomain
   S]` each imply `[Nontrivial S]`, `[IsLeftCancelMulZero S]`, and `[IsRightCancelMulZero S]`.
💡️ Of these, `[IsDomain S]` may be removed.
⚠️ `[IsIntegrallyClosed R]` and `[IsDedekindDomain R]` each imply `[IsIntegralClosure R R (FractionRing R)]`.
💡️ Of these, `[IsIntegrallyClosed R]` may be removed.
⚠️ `[IsIntegrallyClosed S]` and `[IsDedekindDomain S]` each imply `[IsIntegralClosure S S (FractionRing S)]`.
💡️ Of these, `[IsIntegrallyClosed S]` may be removed.

Note: This linter can be disabled with `set_option linter.overlappingInstances false`
warning: projects/HasseWeil/HasseWeil/Pic0/ClassGroupNorm.lean:65:8: Overlapping instance parameters in `mk0CompRelNorm0_apply`:

⚠️ `[IsDomain
   R]` and `[IsDedekindDomain
   R]` each imply `[Nontrivial R]`, `[IsLeftCancelMulZero R]`, and `[IsRightCancelMulZero R]`.
💡️ Of these, `[IsDomain R]` may be removed.
⚠️ `[IsDomain
   S]` and `[IsDedekindDomain
   S]` each imply `[Nontrivial S]`, `[IsLeftCancelMulZero S]`, and `[IsRightCancelMulZero S]`.
💡️ Of these, `[IsDomain S]` may be removed.
⚠️ `[IsIntegrallyClosed R]` and `[IsDedekindDomain R]` each imply `[IsIntegralClosure R R (FractionRing R)]`.
💡️ Of these, `[IsIntegrallyClosed R]` may be removed.
⚠️ `[IsIntegrallyClosed S]` and `[IsDedekindDomain S]` each imply `[IsIntegralClosure S S (FractionRing S)]`.
💡️ Of these, `[IsIntegrallyClosed S]` may be removed.

Note: This linter can be disabled with `set_option linter.overlappingInstances false`
warning: projects/HasseWeil/HasseWeil/Pic0/ClassGroupNorm.lean:82:2: Try this: 
  letI̵

The goal is a proposition, so `let` is preferred over `letI`.
The difference between `let` and `letI` is that `letI` inlines the value.
But this is not relevant for proofs because of proof irrelevance.

Note: This linter can be disabled with `set_option linter.style.haveILetI false`
warning: projects/HasseWeil/HasseWeil/Pic0/ClassGroupNorm.lean:84:2: Try this: 
  haveI̵

The goal is a proposition, so `have` is preferred over `haveI`.
The difference between `have` and `haveI` is that `haveI` inlines the value.
But this is not relevant for proofs because of proof irrelevance.

Note: This linter can be disabled with `set_option linter.style.haveILetI false`
warning: projects/HasseWeil/HasseWeil/Pic0/ClassGroupNorm.lean:86:2: Try this: 
  haveI̵

The goal is a proposition, so `have` is preferred over `haveI`.
The difference between `have` and `haveI` is that `haveI` inlines the value.
But this is not relevant for proofs because of proof irrelevance.

Note: This linter can be disabled with `set_option linter.style.haveILetI false`
warning: projects/HasseWeil/HasseWeil/Pic0/ClassGroupNorm.lean:88:2: Try this: 
  haveI̵

The goal is a proposition, so `have` is preferred over `haveI`.
The difference between `have` and `haveI` is that `haveI` inlines the value.
But this is not relevant for proofs because of proof irrelevance.

Note: This linter can be disabled with `set_option linter.style.haveILetI false`
warning: projects/HasseWeil/HasseWeil/Pic0/ClassGroupNorm.lean:89:2: Try this: 
  haveI̵

The goal is a proposition, so `have` is preferred over `haveI`.
The difference between `have` and `haveI` is that `haveI` inlines the value.
But this is not relevant for proofs because of proof irrelevance.

Note: This linter can be disabled with `set_option linter.style.haveILetI false`
warning: projects/HasseWeil/HasseWeil/Pic0/ClassGroupNorm.lean:76:8: Overlapping instance parameters in `mk0CompRelNorm0_eq_of_mk0_eq`:

⚠️ `[IsDomain
   R]` and `[IsDedekindDomain
   R]` each imply `[Nontrivial R]`, `[IsLeftCancelMulZero R]`, and `[IsRightCancelMulZero R]`.
💡️ Of these, `[IsDomain R]` may be removed.
⚠️ `[IsDomain
   S]` and `[IsDedekindDomain
   S]` each imply `[Nontrivial S]`, `[IsLeftCancelMulZero S]`, and `[IsRightCancelMulZero S]`.
💡️ Of these, `[IsDomain S]` may be removed.
⚠️ `[IsIntegrallyClosed R]` and `[IsDedekindDomain R]` each imply `[IsIntegralClosure R R (FractionRing R)]`.
💡️ Of these, `[IsIntegrallyClosed R]` may be removed.
⚠️ `[IsIntegrallyClosed S]` and `[IsDedekindDomain S]` each imply `[IsIntegralClosure S S (FractionRing S)]`.
💡️ Of these, `[IsIntegrallyClosed S]` may be removed.

Note: This linter can be disabled with `set_option linter.overlappingInstances false`
warning: projects/HasseWeil/HasseWeil/Pic0/ClassGroupNorm.lean:107:18: Overlapping instance parameters in `ClassGroup.relNorm`:

⚠️ `[IsDomain
   R]` and `[IsDedekindDomain
   R]` each imply `[Nontrivial R]`, `[IsLeftCancelMulZero R]`, and `[IsRightCancelMulZero R]`.
💡️ Of these, `[IsDomain R]` may be removed.
⚠️ `[IsDomain
   S]` and `[IsDedekindDomain
   S]` each imply `[Nontrivial S]`, `[IsLeftCancelMulZero S]`, and `[IsRightCancelMulZero S]`.
💡️ Of these, `[IsDomain S]` may be removed.
⚠️ `[IsIntegrallyClosed R]` and `[IsDedekindDomain R]` each imply `[IsIntegralClosure R R (FractionRing R)]`.
💡️ Of these, `[IsIntegrallyClosed R]` may be removed.
⚠️ `[IsIntegrallyClosed S]` and `[IsDedekindDomain S]` each imply `[IsIntegralClosure S S (FractionRing S)]`.
💡️ Of these, `[IsIntegrallyClosed S]` may be removed.

Note: This linter can be disabled with `set_option linter.overlappingInstances false`
warning: projects/HasseWeil/HasseWeil/Pic0/ClassGroupNorm.lean:124:8: Overlapping instance parameters in `ClassGroup.relNorm_mk0`:

⚠️ `[IsDomain
   R]` and `[IsDedekindDomain
   R]` each imply `[Nontrivial R]`, `[IsLeftCancelMulZero R]`, and `[IsRightCancelMulZero R]`.
💡️ Of these, `[IsDomain R]` may be removed.
⚠️ `[IsDomain
   S]` and `[IsDedekindDomain
   S]` each imply `[Nontrivial S]`, `[IsLeftCancelMulZero S]`, and `[IsRightCancelMulZero S]`.
💡️ Of these, `[IsDomain S]` may be removed.
⚠️ `[IsIntegrallyClosed R]` and `[IsDedekindDomain R]` each imply `[IsIntegralClosure R R (FractionRing R)]`.
💡️ Of these, `[IsIntegrallyClosed R]` may be removed.
⚠️ `[IsIntegrallyClosed S]` and `[IsDedekindDomain S]` each imply `[IsIntegralClosure S S (FractionRing S)]`.
💡️ Of these, `[IsIntegrallyClosed S]` may be removed.

Note: This linter can be disabled with `set_option linter.overlappingInstances false`
warning: projects/HasseWeil/HasseWeil/Pic0/ClassGroupNorm.lean:131:8: Overlapping instance parameters in `ClassGroup.relNorm_mk0'`:

⚠️ `[IsDomain
   R]` and `[IsDedekindDomain
   R]` each imply `[Nontrivial R]`, `[IsLeftCancelMulZero R]`, and `[IsRightCancelMulZero R]`.
💡️ Of these, `[IsDomain R]` may be removed.
⚠️ `[IsDomain
   S]` and `[IsDedekindDomain
   S]` each imply `[Nontrivial S]`, `[IsLeftCancelMulZero S]`, and `[IsRightCancelMulZero S]`.
💡️ Of these, `[IsDomain S]` may be removed.
⚠️ `[IsIntegrallyClosed R]` and `[IsDedekindDomain R]` each imply `[IsIntegralClosure R R (FractionRing R)]`.
💡️ Of these, `[IsIntegrallyClosed R]` may be removed.
⚠️ `[IsIntegrallyClosed S]` and `[IsDedekindDomain S]` each imply `[IsIntegralClosure S S (FractionRing S)]`.
💡️ Of these, `[IsIntegrallyClosed S]` may be removed.

Note: This linter can be disabled with `set_option linter.overlappingInstances false`
warning: projects/HasseWeil/HasseWeil/Pic0/ClassGroupNorm.lean:204:12: `Ideal.inertiaDeg'` has been deprecated: Use `Ideal.inertiaDeg` instead.
warning: projects/HasseWeil/HasseWeil/Pic0/ClassGroupNorm.lean:207:13: `Ideal.inertiaDeg'` has been deprecated: Use `Ideal.inertiaDeg` instead.
warning: projects/HasseWeil/HasseWeil/Pic0/ClassGroupNorm.lean:208:2: Try this: 
  haveI̵

The goal is a proposition, so `have` is preferred over `haveI`.
The difference between `have` and `haveI` is that `haveI` inlines the value.
But this is not relevant for proofs because of proof irrelevance.

Note: This linter can be disabled with `set_option linter.style.haveILetI false`
warning: projects/HasseWeil/HasseWeil/Pic0/ClassGroupNorm.lean:226:2: Try this: 
  letI̵

The goal is a proposition, so `let` is preferred over `letI`.
The difference between `let` and `letI` is that `letI` inlines the value.
But this is not relevant for proofs because of proof irrelevance.

Note: This linter can be disabled with `set_option linter.style.haveILetI false`
warning: projects/HasseWeil/HasseWeil/Pic0/ClassGroupNorm.lean:227:2: Try this: 
  haveI̵

The goal is a proposition, so `have` is preferred over `haveI`.
The difference between `have` and `haveI` is that `haveI` inlines the value.
But this is not relevant for proofs because of proof irrelevance.

Note: This linter can be disabled with `set_option linter.style.haveILetI false`
warning: projects/HasseWeil/HasseWeil/Pic0/ClassGroupNorm.lean:229:2: Try this: 
  haveI̵

The goal is a proposition, so `have` is preferred over `haveI`.
The difference between `have` and `haveI` is that `haveI` inlines the value.
But this is not relevant for proofs because of proof irrelevance.

Note: This linter can be disabled with `set_option linter.style.haveILetI false`
warning: projects/HasseWeil/HasseWeil/Pic0/ClassGroupNorm.lean:232:5: `Ideal.ramificationIdx_mul_inertiaDeg_of_isLocalRing` has been deprecated: Use results of RingTheory.RamificationInertia.Basic
warning: projects/HasseWeil/HasseWeil/Pic0/ClassGroupNorm.lean:241:62: `Prime.not_unit` has been deprecated: Use `Prime.not_isUnit` instead
warning: projects/HasseWeil/HasseWeil/Pic0/ClassGroupNorm.lean:196:8: Overlapping instance parameters in `Ideal.relNorm_maximalIdeal_eq_pow_inertiaDeg_of_isLocalRing`:

⚠️ `[IsDomain
   R]` and `[IsDedekindDomain
   R]` each imply `[Nontrivial R]`, `[IsLeftCancelMulZero R]`, and `[IsRightCancelMulZero R]`.
💡️ Of these, `[IsDomain R]` may be removed.
⚠️ `[IsDomain S]`, `[IsDedekindDomain S]`, and `[IsLocalRing S]` each imply `[Nontrivial S]`.
💡️ Of these, `[IsDomain S]` may be removed.
⚠️ `[IsDomain S]` and `[IsDedekindDomain S]` each imply `[IsLeftCancelMulZero S]` and `[IsRightCancelMulZero S]`.
💡️ Of these, `[IsDomain S]` may be removed.
⚠️ `[IsIntegrallyClosed R]` and `[IsDedekindDomain R]` each imply `[IsIntegralClosure R R (FractionRing R)]`.
💡️ Of these, `[IsIntegrallyClosed R]` may be removed.
⚠️ `[IsIntegrallyClosed S]` and `[IsDedekindDomain S]` each imply `[IsIntegralClosure S S (FractionRing S)]`.
💡️ Of these, `[IsIntegrallyClosed S]` may be removed.

Note: This linter can be disabled with `set_option linter.overlappingInstances false`
warning: projects/HasseWeil/HasseWeil/Pic0/ClassGroupNorm.lean:257:10: `Ideal.inertiaDeg'` has been deprecated: Use `Ideal.inertiaDeg` instead.
warning: projects/HasseWeil/HasseWeil/Pic0/ClassGroupNorm.lean:260:2: Try this: 
  haveI̵

The goal is a proposition, so `have` is preferred over `haveI`.
The difference between `have` and `haveI` is that `haveI` inlines the value.
But this is not relevant for proofs because of proof irrelevance.

Note: This linter can be disabled with `set_option linter.style.haveILetI false`
warning: projects/HasseWeil/HasseWeil/Pic0/ClassGroupNorm.lean:262:2: Try this: 
  haveI̵

The goal is a proposition, so `have` is preferred over `haveI`.
The difference between `have` and `haveI` is that `haveI` inlines the value.
But this is not relevant for proofs because of proof irrelevance.

Note: This linter can be disabled with `set_option linter.style.haveILetI false`
warning: projects/HasseWeil/HasseWeil/Pic0/ClassGroupNorm.lean:251:8: Overlapping instance parameters in `Ideal.relNorm_maximalIdeal_eq_under_of_inertiaDeg_one_of_isLocalRing`:

⚠️ `[IsDomain
   R]` and `[IsDedekindDomain
   R]` each imply `[Nontrivial R]`, `[IsLeftCancelMulZero R]`, and `[IsRightCancelMulZero R]`.
💡️ Of these, `[IsDomain R]` may be removed.
⚠️ `[IsDomain S]`, `[IsDedekindDomain S]`, and `[IsLocalRing S]` each imply `[Nontrivial S]`.
💡️ Of these, `[IsDomain S]` may be removed.
⚠️ `[IsDomain S]` and `[IsDedekindDomain S]` each imply `[IsLeftCancelMulZero S]` and `[IsRightCancelMulZero S]`.
💡️ Of these, `[IsDomain S]` may be removed.
⚠️ `[IsIntegrallyClosed R]` and `[IsDedekindDomain R]` each imply `[IsIntegralClosure R R (FractionRing R)]`.
💡️ Of these, `[IsIntegrallyClosed R]` may be removed.
⚠️ `[IsIntegrallyClosed S]` and `[IsDedekindDomain S]` each imply `[IsIntegralClosure S S (FractionRing S)]`.
💡️ Of these, `[IsIntegrallyClosed S]` may be removed.

Note: This linter can be disabled with `set_option linter.overlappingInstances false`
warning: projects/HasseWeil/HasseWeil/Pic0/ClassGroupNorm.lean:321:8: Overlapping instance parameters in `relNorm_eq_relNorm_localization`:

⚠️ `[IsDomain
   A]` and `[IsDedekindDomain
   A]` each imply `[Nontrivial A]`, `[IsLeftCancelMulZero A]`, and `[IsRightCancelMulZero A]`.
💡️ Of these, `[IsDomain A]` may be removed.
⚠️ `[IsDomain
   B]` and `[IsDedekindDomain
   B]` each imply `[Nontrivial B]`, `[IsLeftCancelMulZero B]`, and `[IsRightCancelMulZero B]`.
💡️ Of these, `[IsDomain B]` and `[IsDedekindDomain B]` may be removed.
⚠️ `[IsDomain
   B']` and `[IsDedekindDomain
   B']` each imply `[Nontrivial B']`, `[IsLeftCancelMulZero B']`, and `[IsRightCancelMulZero B']`.
💡️ Of these, `[IsDomain B']` may be removed.
⚠️ `[IsIntegrallyClosed A]` and `[IsDedekindDomain A]` each imply `[IsIntegralClosure A A (FractionRing A)]`.
💡️ Of these, `[IsIntegrallyClosed A]` may be removed.
⚠️ `[IsIntegrallyClosed B]` and `[IsDedekindDomain B]` each imply `[IsIntegralClosure B B (FractionRing B)]`.
💡️ Of these, `[IsIntegrallyClosed B]` and `[IsDedekindDomain B]` may be removed.
⚠️ `[IsIntegrallyClosed B']` and `[IsDedekindDomain B']` each imply `[IsIntegralClosure B' B' (FractionRing B')]`.
💡️ Of these, `[IsIntegrallyClosed B']` may be removed.

Note: This linter can be disabled with `set_option linter.overlappingInstances false`
warning: projects/HasseWeil/HasseWeil/Pic0/ClassGroupNorm.lean:369:2: Try this: 
  haveI̵

The goal is a proposition, so `have` is preferred over `haveI`.
The difference between `have` and `haveI` is that `haveI` inlines the value.
But this is not relevant for proofs because of proof irrelevance.

Note: This linter can be disabled with `set_option linter.style.haveILetI false`
warning: projects/HasseWeil/HasseWeil/Pic0/ClassGroupNorm.lean:392:8: Overlapping instance parameters in `relNorm_map_localization`:

⚠️ `[IsDomain
   R]` and `[IsDedekindDomain
   R]` each imply `[Nontrivial R]`, `[IsLeftCancelMulZero R]`, and `[IsRightCancelMulZero R]`.
💡️ Of these, `[IsDomain R]` may be removed.
⚠️ `[IsDomain
   S]` and `[IsDedekindDomain
   S]` each imply `[Nontrivial S]`, `[IsLeftCancelMulZero S]`, and `[IsRightCancelMulZero S]`.
💡️ Of these, `[IsDomain S]` may be removed.
⚠️ `[IsIntegrallyClosed R]` and `[IsDedekindDomain R]` each imply `[IsIntegralClosure R R (FractionRing R)]`.
💡️ Of these, `[IsIntegrallyClosed R]` may be removed.
⚠️ `[IsIntegrallyClosed S]` and `[IsDedekindDomain S]` each imply `[IsIntegralClosure S S (FractionRing S)]`.
💡️ Of these, `[IsIntegrallyClosed S]` may be removed.

Note: This linter can be disabled with `set_option linter.overlappingInstances false`
warning: projects/HasseWeil/HasseWeil/Pic0/ClassGroupNorm.lean:425:2: Try this: 
  haveI̵

The goal is a proposition, so `have` is preferred over `haveI`.
The difference between `have` and `haveI` is that `haveI` inlines the value.
But this is not relevant for proofs because of proof irrelevance.

Note: This linter can be disabled with `set_option linter.style.haveILetI false`
warning: projects/HasseWeil/HasseWeil/Pic0/ClassGroupNorm.lean:426:2: Try this: 
  haveI̵

The goal is a proposition, so `have` is preferred over `haveI`.
The difference between `have` and `haveI` is that `haveI` inlines the value.
But this is not relevant for proofs because of proof irrelevance.

Note: This linter can be disabled with `set_option linter.style.haveILetI false`
warning: projects/HasseWeil/HasseWeil/Pic0/ClassGroupNorm.lean:434:4: Try this: 
  haveI̵

The goal is a proposition, so `have` is preferred over `haveI`.
The difference between `have` and `haveI` is that `haveI` inlines the value.
But this is not relevant for proofs because of proof irrelevance.

Note: This linter can be disabled with `set_option linter.style.haveILetI false`
warning: projects/HasseWeil/HasseWeil/Pic0/ClassGroupNorm.lean:418:8: Overlapping instance parameters in `relNorm_eq_under_of_localized`:

⚠️ `[IsDomain
   R]` and `[IsDedekindDomain
   R]` each imply `[Nontrivial R]`, `[IsLeftCancelMulZero R]`, and `[IsRightCancelMulZero R]`.
💡️ Of these, `[IsDomain R]` may be removed.
⚠️ `[IsDomain
   S]` and `[IsDedekindDomain
   S]` each imply `[Nontrivial S]`, `[IsLeftCancelMulZero S]`, and `[IsRightCancelMulZero S]`.
💡️ Of these, `[IsDomain S]` may be removed.
⚠️ `[IsIntegrallyClosed R]` and `[IsDedekindDomain R]` each imply `[IsIntegralClosure R R (FractionRing R)]`.
💡️ Of these, `[IsIntegrallyClosed R]` may be removed.
⚠️ `[IsIntegrallyClosed S]` and `[IsDedekindDomain S]` each imply `[IsIntegralClosure S S (FractionRing S)]`.
💡️ Of these, `[IsIntegrallyClosed S]` may be removed.

Note: This linter can be disabled with `set_option linter.overlappingInstances false`
warning: projects/HasseWeil/HasseWeil/Pic0/ClassGroupNorm.lean:485:8: Overlapping instance parameters in `relNorm_length_eq_span`:

⚠️ `[IsDomain
   Sp]` and `[IsDedekindDomain
   Sp]` each imply `[Nontrivial Sp]`, `[IsLeftCancelMulZero Sp]`, and `[IsRightCancelMulZero Sp]`.
💡️ Of these, `[IsDomain Sp]` may be removed.
⚠️ `[IsIntegrallyClosed Sp]` and `[IsDedekindDomain Sp]` each imply `[IsIntegralClosure Sp Sp (FractionRing Sp)]`.
💡️ Of these, `[IsIntegrallyClosed Sp]` may be removed.

Note: This linter can be disabled with `set_option linter.overlappingInstances false`
warning: projects/HasseWeil/HasseWeil/Pic0/ClassGroupNorm.lean:532:31: `Ideal.inertiaDeg'` has been deprecated: Use `Ideal.inertiaDeg` instead.
warning: projects/HasseWeil/HasseWeil/Pic0/ClassGroupNorm.lean:534:2: Try this: 
  letI̵

The goal is a proposition, so `let` is preferred over `letI`.
The difference between `let` and `letI` is that `letI` inlines the value.
But this is not relevant for proofs because of proof irrelevance.

Note: This linter can be disabled with `set_option linter.style.haveILetI false`
warning: projects/HasseWeil/HasseWeil/Pic0/ClassGroupNorm.lean:535:2: Try this: 
  letI̵

The goal is a proposition, so `let` is preferred over `letI`.
The difference between `let` and `letI` is that `letI` inlines the value.
But this is not relevant for proofs because of proof irrelevance.

Note: This linter can be disabled with `set_option linter.style.haveILetI false`
warning: projects/HasseWeil/HasseWeil/Pic0/ClassGroupNorm.lean:537:2: Try this: 
  haveI̵

The goal is a proposition, so `have` is preferred over `haveI`.
The difference between `have` and `haveI` is that `haveI` inlines the value.
But this is not relevant for proofs because of proof irrelevance.

Note: This linter can be disabled with `set_option linter.style.haveILetI false`
warning: projects/HasseWeil/HasseWeil/Pic0/ClassGroupNorm.lean:539:10: `Ideal.inertiaDeg'_algebraMap` has been deprecated: Use `Ideal.inertiaDeg_eq_of_isMaximal` instead.
warning: projects/HasseWeil/HasseWeil/Pic0/ClassGroupNorm.lean:540:2: Try this: 
  haveI̵

The goal is a proposition, so `have` is preferred over `haveI`.
The difference between `have` and `haveI` is that `haveI` inlines the value.
But this is not relevant for proofs because of proof irrelevance.

Note: This linter can be disabled with `set_option linter.style.haveILetI false`
warning: projects/HasseWeil/HasseWeil/Pic0/ClassGroupNorm.lean:541:2: Try this: 
  haveI̵

The goal is a proposition, so `have` is preferred over `haveI`.
The difference between `have` and `haveI` is that `haveI` inlines the value.
But this is not relevant for proofs because of proof irrelevance.

Note: This linter can be disabled with `set_option linter.style.haveILetI false`
warning: projects/HasseWeil/HasseWeil/Pic0/ClassGroupNorm.lean:585:10: `Ideal.inertiaDeg'` has been deprecated: Use `Ideal.inertiaDeg` instead.
warning: projects/HasseWeil/HasseWeil/Pic0/ClassGroupNorm.lean:588:2: Try this: 
  haveI̵

The goal is a proposition, so `have` is preferred over `haveI`.
The difference between `have` and `haveI` is that `haveI` inlines the value.
But this is not relevant for proofs because of proof irrelevance.

Note: This linter can be disabled with `set_option linter.style.haveILetI false`
warning: projects/HasseWeil/HasseWeil/Pic0/ClassGroupNorm.lean:589:2: Try this: 
  haveI̵

The goal is a proposition, so `have` is preferred over `haveI`.
The difference between `have` and `haveI` is that `haveI` inlines the value.
But this is not relevant for proofs because of proof irrelevance.

Note: This linter can be disabled with `set_option linter.style.haveILetI false`
warning: projects/HasseWeil/HasseWeil/Pic0/ClassGroupNorm.lean:577:8: Overlapping instance parameters in `relNorm_eq_maximalIdeal_of_inertiaDeg_one`:

⚠️ `[IsDomain
   Sp]` and `[IsDedekindDomain
   Sp]` each imply `[Nontrivial Sp]`, `[IsLeftCancelMulZero Sp]`, and `[IsRightCancelMulZero Sp]`.
💡️ Of these, `[IsDomain Sp]` and `[IsDedekindDomain Sp]` may be removed.
⚠️ `[IsIntegrallyClosed Sp]` and `[IsDedekindDomain Sp]` each imply `[IsIntegralClosure Sp Sp (FractionRing Sp)]`.
💡️ Of these, `[IsIntegrallyClosed Sp]` and `[IsDedekindDomain Sp]` may be removed.

Note: This linter can be disabled with `set_option linter.overlappingInstances false`
warning: projects/HasseWeil/HasseWeil/Pic0/ClassGroupNorm.lean:625:10: `Ideal.inertiaDeg'` has been deprecated: Use `Ideal.inertiaDeg` instead.
warning: projects/HasseWeil/HasseWeil/Pic0/ClassGroupNorm.lean:627:2: Try this: 
  haveI̵

The goal is a proposition, so `have` is preferred over `haveI`.
The difference between `have` and `haveI` is that `haveI` inlines the value.
But this is not relevant for proofs because of proof irrelevance.

Note: This linter can be disabled with `set_option linter.style.haveILetI false`
warning: projects/HasseWeil/HasseWeil/Pic0/ClassGroupNorm.lean:629:2: Try this: 
  haveI̵

The goal is a proposition, so `have` is preferred over `haveI`.
The difference between `have` and `haveI` is that `haveI` inlines the value.
But this is not relevant for proofs because of proof irrelevance.

Note: This linter can be disabled with `set_option linter.style.haveILetI false`
warning: projects/HasseWeil/HasseWeil/Pic0/ClassGroupNorm.lean:635:2: Try this: 
  haveI̵

The goal is a proposition, so `have` is preferred over `haveI`.
The difference between `have` and `haveI` is that `haveI` inlines the value.
But this is not relevant for proofs because of proof irrelevance.

Note: This linter can be disabled with `set_option linter.style.haveILetI false`
warning: projects/HasseWeil/HasseWeil/Pic0/ClassGroupNorm.lean:637:6: `Ideal.inertiaDeg'_eq_inertiaDeg` has been deprecated: Use `inertiaDeg_eq_of_isMaximal` instead.
warning: projects/HasseWeil/HasseWeil/Pic0/ClassGroupNorm.lean:638:13: `Ideal.inertiaDeg'` has been deprecated: Use `Ideal.inertiaDeg` instead.
warning: projects/HasseWeil/HasseWeil/Pic0/ClassGroupNorm.lean:639:8: `Ideal.inertiaDeg'_eq_inertiaDeg` has been deprecated: Use `inertiaDeg_eq_of_isMaximal` instead.
warning: projects/HasseWeil/HasseWeil/Pic0/ClassGroupNorm.lean:614:8: Overlapping instance parameters in `relNorm_map_eq_maximalIdeal_general`:

⚠️ `[IsDomain Rp]`, `[IsDedekindDomain Rp]`, and `[IsLocalRing Rp]` each imply `[Nontrivial Rp]`.
💡️ Of these, `[IsDomain Rp]` and `[IsDedekindDomain Rp]` may be removed.
⚠️ `[IsDomain
   Sp]` and `[IsDedekindDomain
   Sp]` each imply `[Nontrivial Sp]`, `[IsLeftCancelMulZero Sp]`, and `[IsRightCancelMulZero Sp]`.
💡️ Of these, `[IsDomain Sp]` and `[IsDedekindDomain Sp]` may be removed.
⚠️ `[IsDomain Rp]` and `[IsDedekindDomain Rp]` each imply `[IsLeftCancelMulZero Rp]` and `[IsRightCancelMulZero Rp]`.
💡️ Of these, `[IsDomain Rp]` and `[IsDedekindDomain Rp]` may be removed.
⚠️ `[IsIntegrallyClosed Rp]` and `[IsDedekindDomain Rp]` each imply `[IsIntegralClosure Rp Rp (FractionRing Rp)]`.
💡️ Of these, `[IsIntegrallyClosed Rp]` and `[IsDedekindDomain Rp]` may be removed.
⚠️ `[IsIntegrallyClosed Sp]` and `[IsDedekindDomain Sp]` each imply `[IsIntegralClosure Sp Sp (FractionRing Sp)]`.
💡️ Of these, `[IsIntegrallyClosed Sp]` and `[IsDedekindDomain Sp]` may be removed.

Note: This linter can be disabled with `set_option linter.overlappingInstances false`
warning: projects/HasseWeil/HasseWeil/Pic0/ClassGroupNorm.lean:672:10: `Ideal.inertiaDeg'` has been deprecated: Use `Ideal.inertiaDeg` instead.
warning: projects/HasseWeil/HasseWeil/Pic0/ClassGroupNorm.lean:674:2: Try this: 
  letI̵

The goal is a proposition, so `let` is preferred over `letI`.
The difference between `let` and `letI` is that `letI` inlines the value.
But this is not relevant for proofs because of proof irrelevance.

Note: This linter can be disabled with `set_option linter.style.haveILetI false`
warning: projects/HasseWeil/HasseWeil/Pic0/ClassGroupNorm.lean:675:2: Try this: 
  haveI̵

The goal is a proposition, so `have` is preferred over `haveI`.
The difference between `have` and `haveI` is that `haveI` inlines the value.
But this is not relevant for proofs because of proof irrelevance.

Note: This linter can be disabled with `set_option linter.style.haveILetI false`
warning: projects/HasseWeil/HasseWeil/Pic0/ClassGroupNorm.lean:676:2: Try this: 
  haveI̵

The goal is a proposition, so `have` is preferred over `haveI`.
The difference between `have` and `haveI` is that `haveI` inlines the value.
But this is not relevant for proofs because of proof irrelevance.

Note: This linter can be disabled with `set_option linter.style.haveILetI false`
warning: projects/HasseWeil/HasseWeil/Pic0/ClassGroupNorm.lean:678:2: Try this: 
  haveI̵

The goal is a proposition, so `have` is preferred over `haveI`.
The difference between `have` and `haveI` is that `haveI` inlines the value.
But this is not relevant for proofs because of proof irrelevance.

Note: This linter can be disabled with `set_option linter.style.haveILetI false`
warning: projects/HasseWeil/HasseWeil/Pic0/ClassGroupNorm.lean:680:2: Try this: 
  haveI̵

The goal is a proposition, so `have` is preferred over `haveI`.
The difference between `have` and `haveI` is that `haveI` inlines the value.
But this is not relevant for proofs because of proof irrelevance.

Note: This linter can be disabled with `set_option linter.style.haveILetI false`
warning: projects/HasseWeil/HasseWeil/Pic0/ClassGroupNorm.lean:682:2: Try this: 
  haveI̵

The goal is a proposition, so `have` is preferred over `haveI`.
The difference between `have` and `haveI` is that `haveI` inlines the value.
But this is not relevant for proofs because of proof irrelevance.

Note: This linter can be disabled with `set_option linter.style.haveILetI false`
warning: projects/HasseWeil/HasseWeil/Pic0/ClassGroupNorm.lean:684:2: Try this: 
  haveI̵

The goal is a proposition, so `have` is preferred over `haveI`.
The difference between `have` and `haveI` is that `haveI` inlines the value.
But this is not relevant for proofs because of proof irrelevance.

Note: This linter can be disabled with `set_option linter.style.haveILetI false`
warning: projects/HasseWeil/HasseWeil/Pic0/ClassGroupNorm.lean:686:2: Try this: 
  haveI̵

The goal is a proposition, so `have` is preferred over `haveI`.
The difference between `have` and `haveI` is that `haveI` inlines the value.
But this is not relevant for proofs because of proof irrelevance.

Note: This linter can be disabled with `set_option linter.style.haveILetI false`
warning: projects/HasseWeil/HasseWeil/Pic0/ClassGroupNorm.lean:688:2: Try this: 
  haveI̵

The goal is a proposition, so `have` is preferred over `haveI`.
The difference between `have` and `haveI` is that `haveI` inlines the value.
But this is not relevant for proofs because of proof irrelevance.

Note: This linter can be disabled with `set_option linter.style.haveILetI false`
warning: projects/HasseWeil/HasseWeil/Pic0/ClassGroupNorm.lean:690:2: Try this: 
  haveI̵

The goal is a proposition, so `have` is preferred over `haveI`.
The difference between `have` and `haveI` is that `haveI` inlines the value.
But this is not relevant for proofs because of proof irrelevance.

Note: This linter can be disabled with `set_option linter.style.haveILetI false`
warning: projects/HasseWeil/HasseWeil/Pic0/ClassGroupNorm.lean:692:2: Try this: 
  haveI̵

The goal is a proposition, so `have` is preferred over `haveI`.
The difference between `have` and `haveI` is that `haveI` inlines the value.
But this is not relevant for proofs because of proof irrelevance.

Note: This linter can be disabled with `set_option linter.style.haveILetI false`
warning: projects/HasseWeil/HasseWeil/Pic0/ClassGroupNorm.lean:670:8: Overlapping instance parameters in `Ideal.relNorm_eq_under_of_inertiaDeg_one`:

⚠️ `[IsDomain
   R]` and `[IsDedekindDomain
   R]` each imply `[Nontrivial R]`, `[IsLeftCancelMulZero R]`, and `[IsRightCancelMulZero R]`.
💡️ Of these, `[IsDomain R]` may be removed.
⚠️ `[IsDomain
   S]` and `[IsDedekindDomain
   S]` each imply `[Nontrivial S]`, `[IsLeftCancelMulZero S]`, and `[IsRightCancelMulZero S]`.
💡️ Of these, `[IsDomain S]` may be removed.
⚠️ `[IsIntegrallyClosed R]` and `[IsDedekindDomain R]` each imply `[IsIntegralClosure R R (FractionRing R)]`.
💡️ Of these, `[IsIntegrallyClosed R]` may be removed.
⚠️ `[IsIntegrallyClosed S]` and `[IsDedekindDomain S]` each imply `[IsIntegralClosure S S (FractionRing S)]`.
💡️ Of these, `[IsIntegrallyClosed S]` may be removed.

Note: This linter can be disabled with `set_option linter.overlappingInstances false`
warning: projects/HasseWeil/HasseWeil/Pic0/ClassGroupNorm.lean:704:10: `Ideal.inertiaDeg'` has been deprecated: Use `Ideal.inertiaDeg` instead.
warning: projects/HasseWeil/HasseWeil/Pic0/ClassGroupNorm.lean:702:8: Overlapping instance parameters in `relNorm0_eq_comap_of_inertiaDeg_one`:

⚠️ `[IsDomain
   R]` and `[IsDedekindDomain
   R]` each imply `[Nontrivial R]`, `[IsLeftCancelMulZero R]`, and `[IsRightCancelMulZero R]`.
💡️ Of these, `[IsDomain R]` may be removed.
⚠️ `[IsDomain
   S]` and `[IsDedekindDomain
   S]` each imply `[Nontrivial S]`, `[IsLeftCancelMulZero S]`, and `[IsRightCancelMulZero S]`.
💡️ Of these, `[IsDomain S]` may be removed.
⚠️ `[IsIntegrallyClosed R]` and `[IsDedekindDomain R]` each imply `[IsIntegralClosure R R (FractionRing R)]`.
💡️ Of these, `[IsIntegrallyClosed R]` may be removed.
⚠️ `[IsIntegrallyClosed S]` and `[IsDedekindDomain S]` each imply `[IsIntegralClosure S S (FractionRing S)]`.
💡️ Of these, `[IsIntegrallyClosed S]` may be removed.

Note: This linter can be disabled with `set_option linter.overlappingInstances false`
warning: projects/HasseWeil/HasseWeil/Pic0/ClassGroupNorm.lean:720:10: `Ideal.inertiaDeg'` has been deprecated: Use `Ideal.inertiaDeg` instead.
warning: projects/HasseWeil/HasseWeil/Pic0/ClassGroupNorm.lean:718:8: Overlapping instance parameters in `ClassGroup.mk0_relNorm0_eq_mk0_comap_of_inertiaDeg_one`:

⚠️ `[IsDomain
   R]` and `[IsDedekindDomain
   R]` each imply `[Nontrivial R]`, `[IsLeftCancelMulZero R]`, and `[IsRightCancelMulZero R]`.
💡️ Of these, `[IsDomain R]` may be removed.
⚠️ `[IsDomain
   S]` and `[IsDedekindDomain
   S]` each imply `[Nontrivial S]`, `[IsLeftCancelMulZero S]`, and `[IsRightCancelMulZero S]`.
💡️ Of these, `[IsDomain S]` may be removed.
⚠️ `[IsIntegrallyClosed R]` and `[IsDedekindDomain R]` each imply `[IsIntegralClosure R R (FractionRing R)]`.
💡️ Of these, `[IsIntegrallyClosed R]` may be removed.
⚠️ `[IsIntegrallyClosed S]` and `[IsDedekindDomain S]` each imply `[IsIntegralClosure S S (FractionRing S)]`.
💡️ Of these, `[IsIntegrallyClosed S]` may be removed.

Note: This linter can be disabled with `set_option linter.overlappingInstances false`
warning: projects/HasseWeil/HasseWeil/Pic0/ClassGroupNorm.lean:763:4: `Ideal.inertiaDeg'` has been deprecated: Use `Ideal.inertiaDeg` instead.
warning: projects/HasseWeil/HasseWeil/Pic0/ClassGroupNorm.lean:764:2: Try this: 
  letI̵

The goal is a proposition, so `let` is preferred over `letI`.
The difference between `let` and `letI` is that `letI` inlines the value.
But this is not relevant for proofs because of proof irrelevance.

Note: This linter can be disabled with `set_option linter.style.haveILetI false`
warning: projects/HasseWeil/HasseWeil/Pic0/ClassGroupNorm.lean:765:2: Try this: 
  haveI̵

The goal is a proposition, so `have` is preferred over `haveI`.
The difference between `have` and `haveI` is that `haveI` inlines the value.
But this is not relevant for proofs because of proof irrelevance.

Note: This linter can be disabled with `set_option linter.style.haveILetI false`
warning: projects/HasseWeil/HasseWeil/Pic0/ClassGroupNorm.lean:766:2: Try this: 
  haveI̵

The goal is a proposition, so `have` is preferred over `haveI`.
The difference between `have` and `haveI` is that `haveI` inlines the value.
But this is not relevant for proofs because of proof irrelevance.

Note: This linter can be disabled with `set_option linter.style.haveILetI false`
warning: projects/HasseWeil/HasseWeil/Pic0/ClassGroupNorm.lean:769:2: Try this: 
  haveI̵

The goal is a proposition, so `have` is preferred over `haveI`.
The difference between `have` and `haveI` is that `haveI` inlines the value.
But this is not relevant for proofs because of proof irrelevance.

Note: This linter can be disabled with `set_option linter.style.haveILetI false`
warning: projects/HasseWeil/HasseWeil/Pic0/ClassGroupNorm.lean:773:2: Try this: 
  haveI̵

The goal is a proposition, so `have` is preferred over `haveI`.
The difference between `have` and `haveI` is that `haveI` inlines the value.
But this is not relevant for proofs because of proof irrelevance.

Note: This linter can be disabled with `set_option linter.style.haveILetI false`
warning: projects/HasseWeil/HasseWeil/Pic0/ClassGroupNorm.lean:774:2: Try this: 
  haveI̵

The goal is a proposition, so `have` is preferred over `haveI`.
The difference between `have` and `haveI` is that `haveI` inlines the value.
But this is not relevant for proofs because of proof irrelevance.

Note: This linter can be disabled with `set_option linter.style.haveILetI false`
warning: projects/HasseWeil/HasseWeil/Pic0/ClassGroupNorm.lean:775:2: Try this: 
  haveI̵

The goal is a proposition, so `have` is preferred over `haveI`.
The difference between `have` and `haveI` is that `haveI` inlines the value.
But this is not relevant for proofs because of proof irrelevance.

Note: This linter can be disabled with `set_option linter.style.haveILetI false`
warning: projects/HasseWeil/HasseWeil/Pic0/ClassGroupNorm.lean:776:6: `Ideal.inertiaDeg'_algebraMap` has been deprecated: Use `Ideal.inertiaDeg_eq_of_isMaximal` instead.
warning: projects/HasseWeil/HasseWeil/Pic0/ClassGroupNorm.lean:777:2: Try this: 
  haveI̵

The goal is a proposition, so `have` is preferred over `haveI`.
The difference between `have` and `haveI` is that `haveI` inlines the value.
But this is not relevant for proofs because of proof irrelevance.

Note: This linter can be disabled with `set_option linter.style.haveILetI false`
warning: projects/HasseWeil/HasseWeil/Pic0/ClassGroupNorm.lean:778:2: Try this: 
  haveI̵

The goal is a proposition, so `have` is preferred over `haveI`.
The difference between `have` and `haveI` is that `haveI` inlines the value.
But this is not relevant for proofs because of proof irrelevance.

Note: This linter can be disabled with `set_option linter.style.haveILetI false`
warning: projects/HasseWeil/HasseWeil/Pic0/ClassGroupNorm.lean:793:2: Try this: 
  haveI̵

The goal is a proposition, so `have` is preferred over `haveI`.
The difference between `have` and `haveI` is that `haveI` inlines the value.
But this is not relevant for proofs because of proof irrelevance.

Note: This linter can be disabled with `set_option linter.style.haveILetI false`
warning: projects/HasseWeil/HasseWeil/Pic0/ClassGroupNorm.lean:804:8: Overlapping instance parameters in `ClassGroup.relNorm_one`:

⚠️ `[IsDomain
   R]` and `[IsDedekindDomain
   R]` each imply `[Nontrivial R]`, `[IsLeftCancelMulZero R]`, and `[IsRightCancelMulZero R]`.
💡️ Of these, `[IsDomain R]` may be removed.
⚠️ `[IsDomain
   S]` and `[IsDedekindDomain
   S]` each imply `[Nontrivial S]`, `[IsLeftCancelMulZero S]`, and `[IsRightCancelMulZero S]`.
💡️ Of these, `[IsDomain S]` may be removed.
⚠️ `[IsIntegrallyClosed R]` and `[IsDedekindDomain R]` each imply `[IsIntegralClosure R R (FractionRing R)]`.
💡️ Of these, `[IsIntegrallyClosed R]` may be removed.
⚠️ `[IsIntegrallyClosed S]` and `[IsDedekindDomain S]` each imply `[IsIntegralClosure S S (FractionRing S)]`.
💡️ Of these, `[IsIntegrallyClosed S]` may be removed.

Note: This linter can be disabled with `set_option linter.overlappingInstances false`
warning: projects/HasseWeil/HasseWeil/Pic0/ClassGroupNorm.lean:808:8: Overlapping instance parameters in `ClassGroup.relNorm_mul`:

⚠️ `[IsDomain
   R]` and `[IsDedekindDomain
   R]` each imply `[Nontrivial R]`, `[IsLeftCancelMulZero R]`, and `[IsRightCancelMulZero R]`.
💡️ Of these, `[IsDomain R]` may be removed.
⚠️ `[IsDomain
   S]` and `[IsDedekindDomain
   S]` each imply `[Nontrivial S]`, `[IsLeftCancelMulZero S]`, and `[IsRightCancelMulZero S]`.
💡️ Of these, `[IsDomain S]` may be removed.
⚠️ `[IsIntegrallyClosed R]` and `[IsDedekindDomain R]` each imply `[IsIntegralClosure R R (FractionRing R)]`.
💡️ Of these, `[IsIntegrallyClosed R]` may be removed.
⚠️ `[IsIntegrallyClosed S]` and `[IsDedekindDomain S]` each imply `[IsIntegralClosure S S (FractionRing S)]`.
💡️ Of these, `[IsIntegrallyClosed S]` may be removed.

Note: This linter can be disabled with `set_option linter.overlappingInstances false`
warning: projects/HasseWeil/HasseWeil/Pic0/ClassGroupNorm.lean:835:18: Overlapping instance parameters in `map0`:

⚠️ `[IsDomain
   R]` and `[IsDedekindDomain
   R]` each imply `[Nontrivial R]`, `[IsLeftCancelMulZero R]`, and `[IsRightCancelMulZero R]`.
💡️ Of these, `[IsDomain R]` may be removed.
⚠️ `[IsDomain
   S]` and `[IsDedekindDomain
   S]` each imply `[Nontrivial S]`, `[IsLeftCancelMulZero S]`, and `[IsRightCancelMulZero S]`.
💡️ Of these, `[IsDomain S]` may be removed.
⚠️ `[IsIntegrallyClosed R]` and `[IsDedekindDomain R]` each imply `[IsIntegralClosure R R (FractionRing R)]`.
💡️ Of these, `[IsIntegrallyClosed R]` may be removed.
⚠️ `[IsIntegrallyClosed S]` and `[IsDedekindDomain S]` each imply `[IsIntegralClosure S S (FractionRing S)]`.
💡️ Of these, `[IsIntegrallyClosed S]` may be removed.

Note: This linter can be disabled with `set_option linter.overlappingInstances false`
warning: projects/HasseWeil/HasseWeil/Pic0/ClassGroupNorm.lean:849:18: Overlapping instance parameters in `mk0CompMap0`:

⚠️ `[IsDomain
   R]` and `[IsDedekindDomain
   R]` each imply `[Nontrivial R]`, `[IsLeftCancelMulZero R]`, and `[IsRightCancelMulZero R]`.
💡️ Of these, `[IsDomain R]` may be removed.
⚠️ `[IsDomain
   S]` and `[IsDedekindDomain
   S]` each imply `[Nontrivial S]`, `[IsLeftCancelMulZero S]`, and `[IsRightCancelMulZero S]`.
💡️ Of these, `[IsDomain S]` may be removed.
⚠️ `[IsIntegrallyClosed R]` and `[IsDedekindDomain R]` each imply `[IsIntegralClosure R R (FractionRing R)]`.
💡️ Of these, `[IsIntegrallyClosed R]` may be removed.
⚠️ `[IsIntegrallyClosed S]` and `[IsDedekindDomain S]` each imply `[IsIntegralClosure S S (FractionRing S)]`.
💡️ Of these, `[IsIntegrallyClosed S]` may be removed.

Note: This linter can be disabled with `set_option linter.overlappingInstances false`
warning: projects/HasseWeil/HasseWeil/Pic0/ClassGroupNorm.lean:854:8: Overlapping instance parameters in `mk0CompMap0_apply`:

⚠️ `[IsDomain
   S]` and `[IsDedekindDomain
   S]` each imply `[Nontrivial S]`, `[IsLeftCancelMulZero S]`, and `[IsRightCancelMulZero S]`.
💡️ Of these, `[IsDomain S]` may be removed.

Note: This linter can be disabled with `set_option linter.overlappingInstances false`
warning: projects/HasseWeil/HasseWeil/Pic0/ClassGroupNorm.lean:866:8: Overlapping instance parameters in `mk0CompMap0_eq_of_mk0_eq`:

⚠️ `[IsDomain
   R]` and `[IsDedekindDomain
   R]` each imply `[Nontrivial R]`, `[IsLeftCancelMulZero R]`, and `[IsRightCancelMulZero R]`.
💡️ Of these, `[IsDomain R]` may be removed.
⚠️ `[IsDomain
   S]` and `[IsDedekindDomain
   S]` each imply `[Nontrivial S]`, `[IsLeftCancelMulZero S]`, and `[IsRightCancelMulZero S]`.
💡️ Of these, `[IsDomain S]` may be removed.

Note: This linter can be disabled with `set_option linter.overlappingInstances false`
warning: projects/HasseWeil/HasseWeil/Pic0/ClassGroupNorm.lean:888:18: Overlapping instance parameters in `ClassGroup.map`:

⚠️ `[IsDomain
   R]` and `[IsDedekindDomain
   R]` each imply `[Nontrivial R]`, `[IsLeftCancelMulZero R]`, and `[IsRightCancelMulZero R]`.
💡️ Of these, `[IsDomain R]` may be removed.
⚠️ `[IsDomain
   S]` and `[IsDedekindDomain
   S]` each imply `[Nontrivial S]`, `[IsLeftCancelMulZero S]`, and `[IsRightCancelMulZero S]`.
💡️ Of these, `[IsDomain S]` may be removed.
⚠️ `[IsIntegrallyClosed R]` and `[IsDedekindDomain R]` each imply `[IsIntegralClosure R R (FractionRing R)]`.
💡️ Of these, `[IsIntegrallyClosed R]` may be removed.
⚠️ `[IsIntegrallyClosed S]` and `[IsDedekindDomain S]` each imply `[IsIntegralClosure S S (FractionRing S)]`.
💡️ Of these, `[IsIntegrallyClosed S]` may be removed.

Note: This linter can be disabled with `set_option linter.overlappingInstances false`
warning: projects/HasseWeil/HasseWeil/Pic0/ClassGroupNorm.lean:906:8: Overlapping instance parameters in `ClassGroup.map_mk0`:

⚠️ `[IsDomain
   R]` and `[IsDedekindDomain
   R]` each imply `[Nontrivial R]`, `[IsLeftCancelMulZero R]`, and `[IsRightCancelMulZero R]`.
💡️ Of these, `[IsDomain R]` may be removed.
⚠️ `[IsDomain
   S]` and `[IsDedekindDomain
   S]` each imply `[Nontrivial S]`, `[IsLeftCancelMulZero S]`, and `[IsRightCancelMulZero S]`.
💡️ Of these, `[IsDomain S]` may be removed.

Note: This linter can be disabled with `set_option linter.overlappingInstances false`
warning: projects/HasseWeil/HasseWeil/Pic0/ClassGroupNorm.lean:913:8: Overlapping instance parameters in `ClassGroup.map_one`:

⚠️ `[IsDomain
   R]` and `[IsDedekindDomain
   R]` each imply `[Nontrivial R]`, `[IsLeftCancelMulZero R]`, and `[IsRightCancelMulZero R]`.
💡️ Of these, `[IsDomain R]` may be removed.
⚠️ `[IsDomain
   S]` and `[IsDedekindDomain
   S]` each imply `[Nontrivial S]`, `[IsLeftCancelMulZero S]`, and `[IsRightCancelMulZero S]`.
💡️ Of these, `[IsDomain S]` may be removed.

Note: This linter can be disabled with `set_option linter.overlappingInstances false`
warning: projects/HasseWeil/HasseWeil/Pic0/ClassGroupNorm.lean:918:8: Overlapping instance parameters in `ClassGroup.map_mul`:

⚠️ `[IsDomain
   R]` and `[IsDedekindDomain
   R]` each imply `[Nontrivial R]`, `[IsLeftCancelMulZero R]`, and `[IsRightCancelMulZero R]`.
💡️ Of these, `[IsDomain R]` may be removed.
⚠️ `[IsDomain
   S]` and `[IsDedekindDomain
   S]` each imply `[Nontrivial S]`, `[IsLeftCancelMulZero S]`, and `[IsRightCancelMulZero S]`.
💡️ Of these, `[IsDomain S]` may be removed.

Note: This linter can be disabled with `set_option linter.overlappingInstances false`
warning: projects/HasseWeil/HasseWeil/Pic0/ClassGroupNorm.lean:930:8: Overlapping instance parameters in `Ideal.relNorm_map_algebraMap`:

⚠️ `[IsDomain
   R]` and `[IsDedekindDomain
   R]` each imply `[Nontrivial R]`, `[IsLeftCancelMulZero R]`, and `[IsRightCancelMulZero R]`.
💡️ Of these, `[IsDomain R]` may be removed.
⚠️ `[IsDomain
   S]` and `[IsDedekindDomain
   S]` each imply `[Nontrivial S]`, `[IsLeftCancelMulZero S]`, and `[IsRightCancelMulZero S]`.
💡️ Of these, `[IsDomain S]` may be removed.
⚠️ `[IsIntegrallyClosed R]` and `[IsDedekindDomain R]` each imply `[IsIntegralClosure R R (FractionRing R)]`.
💡️ Of these, `[IsIntegrallyClosed R]` may be removed.
⚠️ `[IsIntegrallyClosed S]` and `[IsDedekindDomain S]` each imply `[IsIntegralClosure S S (FractionRing S)]`.
💡️ Of these, `[IsIntegrallyClosed S]` may be removed.

Note: This linter can be disabled with `set_option linter.overlappingInstances false`
warning: projects/HasseWeil/HasseWeil/Pic0/ClassGroupNorm.lean:944:8: Overlapping instance parameters in `ClassGroup.relNorm_comp_map`:

⚠️ `[IsDomain
   R]` and `[IsDedekindDomain
   R]` each imply `[Nontrivial R]`, `[IsLeftCancelMulZero R]`, and `[IsRightCancelMulZero R]`.
💡️ Of these, `[IsDomain R]` may be removed.
⚠️ `[IsDomain
   S]` and `[IsDedekindDomain
   S]` each imply `[Nontrivial S]`, `[IsLeftCancelMulZero S]`, and `[IsRightCancelMulZero S]`.
💡️ Of these, `[IsDomain S]` may be removed.
⚠️ `[IsIntegrallyClosed R]` and `[IsDedekindDomain R]` each imply `[IsIntegralClosure R R (FractionRing R)]`.
💡️ Of these, `[IsIntegrallyClosed R]` may be removed.
⚠️ `[IsIntegrallyClosed S]` and `[IsDedekindDomain S]` each imply `[IsIntegralClosure S S (FractionRing S)]`.
💡️ Of these, `[IsIntegrallyClosed S]` may be removed.

Note: This linter can be disabled with `set_option linter.overlappingInstances false`
warning: projects/HasseWeil/HasseWeil/Pic0/ClassGroupNorm.lean:955:8: Overlapping instance parameters in `ClassGroup.relNorm_comp_map_eq`:

⚠️ `[IsDomain
   R]` and `[IsDedekindDomain
   R]` each imply `[Nontrivial R]`, `[IsLeftCancelMulZero R]`, and `[IsRightCancelMulZero R]`.
💡️ Of these, `[IsDomain R]` may be removed.
⚠️ `[IsDomain
   S]` and `[IsDedekindDomain
   S]` each imply `[Nontrivial S]`, `[IsLeftCancelMulZero S]`, and `[IsRightCancelMulZero S]`.
💡️ Of these, `[IsDomain S]` may be removed.
⚠️ `[IsIntegrallyClosed R]` and `[IsDedekindDomain R]` each imply `[IsIntegralClosure R R (FractionRing R)]`.
💡️ Of these, `[IsIntegrallyClosed R]` may be removed.
⚠️ `[IsIntegrallyClosed S]` and `[IsDedekindDomain S]` each imply `[IsIntegralClosure S S (FractionRing S)]`.
💡️ Of these, `[IsIntegrallyClosed S]` may be removed.

Note: This linter can be disabled with `set_option linter.overlappingInstances false`
⚠ [10816/11590] Replayed HasseWeil.Isogeny.ClassGroup
warning: projects/HasseWeil/HasseWeil/Isogeny/ClassGroup.lean:204:8: `Algebra.IsAlgebraic.finrank_of_isFractionRing` has been deprecated: Use `IsFractionRing.finrank_eq` instead

Note: The updated constant is in a different namespace. Dot notation may need to be changed (e.g., from `x.finrank_of_isFractionRing` to `IsFractionRing.finrank_eq x`).

Hint: Replace the deprecated name:
  A̵l̵g̵e̵b̵r̵a̵.̵I̵s̵A̵l̵g̵e̵b̵r̵a̵i̵c̵.̵f̵i̵n̵r̵a̵n̵k̵_̵o̵f̵_̵i̵s̵F̵r̵a̵c̵t̵i̵o̵n̵R̵i̵n̵g̵I̲s̲F̲r̲a̲c̲t̲i̲o̲n̲R̲i̲n̲g̲.̲f̲i̲n̲r̲a̲n̲k̲_̲e̲q̲
warning: projects/HasseWeil/HasseWeil/Isogeny/ClassGroup.lean:222:2: Try this: 
  letI̵

The goal is a proposition, so `let` is preferred over `letI`.
The difference between `let` and `letI` is that `letI` inlines the value.
But this is not relevant for proofs because of proof irrelevance.

Note: This linter can be disabled with `set_option linter.style.haveILetI false`
warning: projects/HasseWeil/HasseWeil/Isogeny/ClassGroup.lean:223:2: Try this: 
  haveI̵

The goal is a proposition, so `have` is preferred over `haveI`.
The difference between `have` and `haveI` is that `haveI` inlines the value.
But this is not relevant for proofs because of proof irrelevance.

Note: This linter can be disabled with `set_option linter.style.haveILetI false`
warning: projects/HasseWeil/HasseWeil/Isogeny/ClassGroup.lean:224:2: Try this: 
  haveI̵

The goal is a proposition, so `have` is preferred over `haveI`.
The difference between `have` and `haveI` is that `haveI` inlines the value.
But this is not relevant for proofs because of proof irrelevance.

Note: This linter can be disabled with `set_option linter.style.haveILetI false`
⚠ [10817/11590] Replayed HasseWeil.Pic0.ToClassSurjective
warning: projects/HasseWeil/HasseWeil/Pic0/ToClassSurjective.lean:337:2: Try this: 
  haveI̵

The goal is a proposition, so `have` is preferred over `haveI`.
The difference between `have` and `haveI` is that `haveI` inlines the value.
But this is not relevant for proofs because of proof irrelevance.

Note: This linter can be disabled with `set_option linter.style.haveILetI false`
warning: projects/HasseWeil/HasseWeil/Pic0/ToClassSurjective.lean:339:2: Try this: 
  haveI̵

The goal is a proposition, so `have` is preferred over `haveI`.
The difference between `have` and `haveI` is that `haveI` inlines the value.
But this is not relevant for proofs because of proof irrelevance.

Note: This linter can be disabled with `set_option linter.style.haveILetI false`
warning: projects/HasseWeil/HasseWeil/Pic0/ToClassSurjective.lean:431:2: Try this: 
  haveI̵

The goal is a proposition, so `have` is preferred over `haveI`.
The difference between `have` and `haveI` is that `haveI` inlines the value.
But this is not relevant for proofs because of proof irrelevance.

Note: This linter can be disabled with `set_option linter.style.haveILetI false`
warning: projects/HasseWeil/HasseWeil/Pic0/ToClassSurjective.lean:434:2: Try this: 
  haveI̵

The goal is a proposition, so `have` is preferred over `haveI`.
The difference between `have` and `haveI` is that `haveI` inlines the value.
But this is not relevant for proofs because of proof irrelevance.

Note: This linter can be disabled with `set_option linter.style.haveILetI false`
warning: projects/HasseWeil/HasseWeil/Pic0/ToClassSurjective.lean:468:2: Try this: 
  haveI̵

The goal is a proposition, so `have` is preferred over `haveI`.
The difference between `have` and `haveI` is that `haveI` inlines the value.
But this is not relevant for proofs because of proof irrelevance.

Note: This linter can be disabled with `set_option linter.style.haveILetI false`
warning: projects/HasseWeil/HasseWeil/Pic0/ToClassSurjective.lean:469:2: Try this: 
  haveI̵

The goal is a proposition, so `have` is preferred over `haveI`.
The difference between `have` and `haveI` is that `haveI` inlines the value.
But this is not relevant for proofs because of proof irrelevance.

Note: This linter can be disabled with `set_option linter.style.haveILetI false`
warning: projects/HasseWeil/HasseWeil/Pic0/ToClassSurjective.lean:471:2: Try this: 
  haveI̵

The goal is a proposition, so `have` is preferred over `haveI`.
The difference between `have` and `haveI` is that `haveI` inlines the value.
But this is not relevant for proofs because of proof irrelevance.

Note: This linter can be disabled with `set_option linter.style.haveILetI false`
warning: projects/HasseWeil/HasseWeil/Pic0/ToClassSurjective.lean:478:20: `ENat.coe_inj` has been deprecated: Use `ENat.natCast_inj` instead

Hint: Replace the deprecated name:
  E̵N̵a̵t̵.̵c̵o̵e̵_̵i̵n̵j̵E̲N̲a̲t̲.̲n̲a̲t̲C̲a̲s̲t̲_̲i̲n̲j̲
warning: projects/HasseWeil/HasseWeil/Pic0/ToClassSurjective.lean:587:9: Private declaration `quotComapEquivCoeIdealQuot_aux` accessed publicly; this is allowed only because the `backward.privateInPublic` option is enabled. 

Disable `backward.privateInPublic.warn` to silence this warning.
warning: projects/HasseWeil/HasseWeil/Pic0/ToClassSurjective.lean:588:16: Private declaration `quotEquivOneCoeIdealQuot_aux` accessed publicly; this is allowed only because the `backward.privateInPublic` option is enabled. 

Disable `backward.privateInPublic.warn` to silence this warning.
warning: projects/HasseWeil/HasseWeil/Pic0/ToClassSurjective.lean:604:2: Try this: 
  haveI̵

The goal is a proposition, so `have` is preferred over `haveI`.
The difference between `have` and `haveI` is that `haveI` inlines the value.
But this is not relevant for proofs because of proof irrelevance.

Note: This linter can be disabled with `set_option linter.style.haveILetI false`
warning: projects/HasseWeil/HasseWeil/Pic0/ToClassSurjective.lean:606:2: Try this: 
  haveI̵

The goal is a proposition, so `have` is preferred over `haveI`.
The difference between `have` and `haveI` is that `haveI` inlines the value.
But this is not relevant for proofs because of proof irrelevance.

Note: This linter can be disabled with `set_option linter.style.haveILetI false`
warning: projects/HasseWeil/HasseWeil/Pic0/ToClassSurjective.lean:607:2: Try this: 
  haveI̵

The goal is a proposition, so `have` is preferred over `haveI`.
The difference between `have` and `haveI` is that `haveI` inlines the value.
But this is not relevant for proofs because of proof irrelevance.

Note: This linter can be disabled with `set_option linter.style.haveILetI false`
warning: projects/HasseWeil/HasseWeil/Pic0/ToClassSurjective.lean:629:2: Try this: 
  haveI̵

The goal is a proposition, so `have` is preferred over `haveI`.
The difference between `have` and `haveI` is that `haveI` inlines the value.
But this is not relevant for proofs because of proof irrelevance.

Note: This linter can be disabled with `set_option linter.style.haveILetI false`
warning: projects/HasseWeil/HasseWeil/Pic0/ToClassSurjective.lean:675:2: Try this: 
  haveI̵

The goal is a proposition, so `have` is preferred over `haveI`.
The difference between `have` and `haveI` is that `haveI` inlines the value.
But this is not relevant for proofs because of proof irrelevance.

Note: This linter can be disabled with `set_option linter.style.haveILetI false`
warning: projects/HasseWeil/HasseWeil/Pic0/ToClassSurjective.lean:801:2: Try this: 
  haveI̵

The goal is a proposition, so `have` is preferred over `haveI`.
The difference between `have` and `haveI` is that `haveI` inlines the value.
But this is not relevant for proofs because of proof irrelevance.

Note: This linter can be disabled with `set_option linter.style.haveILetI false`
warning: projects/HasseWeil/HasseWeil/Pic0/ToClassSurjective.lean:818:2: Try this: 
  haveI̵

The goal is a proposition, so `have` is preferred over `haveI`.
The difference between `have` and `haveI` is that `haveI` inlines the value.
But this is not relevant for proofs because of proof irrelevance.

Note: This linter can be disabled with `set_option linter.style.haveILetI false`
warning: projects/HasseWeil/HasseWeil/Pic0/ToClassSurjective.lean:882:4: Try this: 
  haveI̵

The goal is a proposition, so `have` is preferred over `haveI`.
The difference between `have` and `haveI` is that `haveI` inlines the value.
But this is not relevant for proofs because of proof irrelevance.

Note: This linter can be disabled with `set_option linter.style.haveILetI false`
⚠ [10818/11590] Replayed HasseWeil.Pic0.PicDual
warning: projects/HasseWeil/HasseWeil/Pic0/PicDual.lean:338:2: Try this: 
  letI̵

The goal is a proposition, so `let` is preferred over `letI`.
The difference between `let` and `letI` is that `letI` inlines the value.
But this is not relevant for proofs because of proof irrelevance.

Note: This linter can be disabled with `set_option linter.style.haveILetI false`
warning: projects/HasseWeil/HasseWeil/Pic0/PicDual.lean:339:2: Try this: 
  haveI̵

The goal is a proposition, so `have` is preferred over `haveI`.
The difference between `have` and `haveI` is that `haveI` inlines the value.
But this is not relevant for proofs because of proof irrelevance.

Note: This linter can be disabled with `set_option linter.style.haveILetI false`
warning: projects/HasseWeil/HasseWeil/Pic0/PicDual.lean:340:2: Try this: 
  haveI̵

The goal is a proposition, so `have` is preferred over `haveI`.
The difference between `have` and `haveI` is that `haveI` inlines the value.
But this is not relevant for proofs because of proof irrelevance.

Note: This linter can be disabled with `set_option linter.style.haveILetI false`
warning: projects/HasseWeil/HasseWeil/Pic0/PicDual.lean:378:2: Try this: 
  letI̵

The goal is a proposition, so `let` is preferred over `letI`.
The difference between `let` and `letI` is that `letI` inlines the value.
But this is not relevant for proofs because of proof irrelevance.

Note: This linter can be disabled with `set_option linter.style.haveILetI false`
warning: projects/HasseWeil/HasseWeil/Pic0/PicDual.lean:379:2: Try this: 
  haveI̵

The goal is a proposition, so `have` is preferred over `haveI`.
The difference between `have` and `haveI` is that `haveI` inlines the value.
But this is not relevant for proofs because of proof irrelevance.

Note: This linter can be disabled with `set_option linter.style.haveILetI false`
warning: projects/HasseWeil/HasseWeil/Pic0/PicDual.lean:380:2: Try this: 
  haveI̵

The goal is a proposition, so `have` is preferred over `haveI`.
The difference between `have` and `haveI` is that `haveI` inlines the value.
But this is not relevant for proofs because of proof irrelevance.

Note: This linter can be disabled with `set_option linter.style.haveILetI false`
warning: projects/HasseWeil/HasseWeil/Pic0/PicDual.lean:426:2: Try this: 
  letI̵

The goal is a proposition, so `let` is preferred over `letI`.
The difference between `let` and `letI` is that `letI` inlines the value.
But this is not relevant for proofs because of proof irrelevance.

Note: This linter can be disabled with `set_option linter.style.haveILetI false`
warning: projects/HasseWeil/HasseWeil/Pic0/PicDual.lean:427:2: Try this: 
  haveI̵

The goal is a proposition, so `have` is preferred over `haveI`.
The difference between `have` and `haveI` is that `haveI` inlines the value.
But this is not relevant for proofs because of proof irrelevance.

Note: This linter can be disabled with `set_option linter.style.haveILetI false`
warning: projects/HasseWeil/HasseWeil/Pic0/PicDual.lean:428:2: Try this: 
  haveI̵

The goal is a proposition, so `have` is preferred over `haveI`.
The difference between `have` and `haveI` is that `haveI` inlines the value.
But this is not relevant for proofs because of proof irrelevance.

Note: This linter can be disabled with `set_option linter.style.haveILetI false`
warning: projects/HasseWeil/HasseWeil/Pic0/PicDual.lean:430:2: Try this: 
  haveI̵

The goal is a proposition, so `have` is preferred over `haveI`.
The difference between `have` and `haveI` is that `haveI` inlines the value.
But this is not relevant for proofs because of proof irrelevance.

Note: This linter can be disabled with `set_option linter.style.haveILetI false`
warning: projects/HasseWeil/HasseWeil/Pic0/PicDual.lean:434:12: `Ideal.inertiaDeg'` has been deprecated: Use `Ideal.inertiaDeg` instead.
warning: projects/HasseWeil/HasseWeil/Pic0/PicDual.lean:678:0: automatically included section variable(s) unused in theorem `HasseWeil.Isogeny.eq_of_comp_eq_of_surjective`:
  [WeierstrassCurve.IsElliptic E]
consider restructuring your `variable` declarations so that the variables are not in scope or explicitly omit them:
  omit [WeierstrassCurve.IsElliptic E] in theorem ...

Note: This linter can be disabled with `set_option linter.unusedSectionVars false`
⚠ [10820/11590] Replayed HasseWeil.HasseBound.WeilPairing.PairingNondeg
warning: projects/HasseWeil/HasseWeil/HasseBound/WeilPairing/PairingNondeg.lean:161:2: Try this: 
  letI̵

The goal is a proposition, so `let` is preferred over `letI`.
The difference between `let` and `letI` is that `letI` inlines the value.
But this is not relevant for proofs because of proof irrelevance.

Note: This linter can be disabled with `set_option linter.style.haveILetI false`
warning: projects/HasseWeil/HasseWeil/HasseBound/WeilPairing/PairingNondeg.lean:190:2: Try this: 
  letI̵

The goal is a proposition, so `let` is preferred over `letI`.
The difference between `let` and `letI` is that `letI` inlines the value.
But this is not relevant for proofs because of proof irrelevance.

Note: This linter can be disabled with `set_option linter.style.haveILetI false`
warning: projects/HasseWeil/HasseWeil/HasseBound/WeilPairing/PairingNondeg.lean:191:2: Try this: 
  haveI̵

The goal is a proposition, so `have` is preferred over `haveI`.
The difference between `have` and `haveI` is that `haveI` inlines the value.
But this is not relevant for proofs because of proof irrelevance.

Note: This linter can be disabled with `set_option linter.style.haveILetI false`
warning: projects/HasseWeil/HasseWeil/HasseBound/WeilPairing/PairingNondeg.lean:193:2: Try this: 
  haveI̵

The goal is a proposition, so `have` is preferred over `haveI`.
The difference between `have` and `haveI` is that `haveI` inlines the value.
But this is not relevant for proofs because of proof irrelevance.

Note: This linter can be disabled with `set_option linter.style.haveILetI false`
warning: projects/HasseWeil/HasseWeil/HasseBound/WeilPairing/PairingNondeg.lean:224:2: Try this: 
  haveI̵

The goal is a proposition, so `have` is preferred over `haveI`.
The difference between `have` and `haveI` is that `haveI` inlines the value.
But this is not relevant for proofs because of proof irrelevance.

Note: This linter can be disabled with `set_option linter.style.haveILetI false`
⚠ [10825/11590] Replayed HasseWeil.FormalGroup.FormalGroupLawSpec
warning: projects/HasseWeil/HasseWeil/FormalGroup/FormalGroupLawSpec.lean:110:62: `if_neg` has been deprecated: Use `ite_eq_right` instead

Hint: Replace the deprecated name:
  i̵f̵_̵n̵e̵g̵i̲t̲e̲_̲e̲q̲_̲r̲i̲g̲h̲t̲
warning: projects/HasseWeil/HasseWeil/FormalGroup/FormalGroupLawSpec.lean:118:72: `if_pos` has been deprecated: Use `ite_eq_left` instead

Hint: Replace the deprecated name:
  i̵f̵_̵p̵o̵s̵i̲t̲e̲_̲e̲q̲_̲l̲e̲f̲t̲
warning: projects/HasseWeil/HasseWeil/FormalGroup/FormalGroupLawSpec.lean:196:8: `if_neg` has been deprecated: Use `ite_eq_right` instead

Hint: Replace the deprecated name:
  i̵f̵_̵n̵e̵g̵i̲t̲e̲_̲e̲q̲_̲r̲i̲g̲h̲t̲
warning: projects/HasseWeil/HasseWeil/FormalGroup/FormalGroupLawSpec.lean:196:27: `if_neg` has been deprecated: Use `ite_eq_right` instead

Hint: Replace the deprecated name:
  i̵f̵_̵n̵e̵g̵i̲t̲e̲_̲e̲q̲_̲r̲i̲g̲h̲t̲
warning: projects/HasseWeil/HasseWeil/FormalGroup/FormalGroupLawSpec.lean:196:46: `if_pos` has been deprecated: Use `ite_eq_left` instead

Hint: Replace the deprecated name:
  i̵f̵_̵p̵o̵s̵i̲t̲e̲_̲e̲q̲_̲l̲e̲f̲t̲
warning: projects/HasseWeil/HasseWeil/FormalGroup/FormalGroupLawSpec.lean:196:57: `if_pos` has been deprecated: Use `ite_eq_left` instead

Hint: Replace the deprecated name:
  i̵f̵_̵p̵o̵s̵i̲t̲e̲_̲e̲q̲_̲l̲e̲f̲t̲
warning: projects/HasseWeil/HasseWeil/FormalGroup/FormalGroupLawSpec.lean:197:8: `if_pos` has been deprecated: Use `ite_eq_left` instead

Hint: Replace the deprecated name:
  i̵f̵_̵p̵o̵s̵i̲t̲e̲_̲e̲q̲_̲l̲e̲f̲t̲
warning: projects/HasseWeil/HasseWeil/FormalGroup/FormalGroupLawSpec.lean:197:27: `if_neg` has been deprecated: Use `ite_eq_right` instead

Hint: Replace the deprecated name:
  i̵f̵_̵n̵e̵g̵i̲t̲e̲_̲e̲q̲_̲r̲i̲g̲h̲t̲
warning: projects/HasseWeil/HasseWeil/FormalGroup/FormalGroupLawSpec.lean:197:46: `if_pos` has been deprecated: Use `ite_eq_left` instead

Hint: Replace the deprecated name:
  i̵f̵_̵p̵o̵s̵i̲t̲e̲_̲e̲q̲_̲l̲e̲f̲t̲
warning: projects/HasseWeil/HasseWeil/FormalGroup/FormalGroupLawSpec.lean:197:57: `if_neg` has been deprecated: Use `ite_eq_right` instead

Hint: Replace the deprecated name:
  i̵f̵_̵n̵e̵g̵i̲t̲e̲_̲e̲q̲_̲r̲i̲g̲h̲t̲
warning: projects/HasseWeil/HasseWeil/FormalGroup/FormalGroupLawSpec.lean:199:8: `if_neg` has been deprecated: Use `ite_eq_right` instead

Hint: Replace the deprecated name:
  i̵f̵_̵n̵e̵g̵i̲t̲e̲_̲e̲q̲_̲r̲i̲g̲h̲t̲
warning: projects/HasseWeil/HasseWeil/FormalGroup/FormalGroupLawSpec.lean:199:27: `if_pos` has been deprecated: Use `ite_eq_left` instead

Hint: Replace the deprecated name:
  i̵f̵_̵p̵o̵s̵i̲t̲e̲_̲e̲q̲_̲l̲e̲f̲t̲
warning: projects/HasseWeil/HasseWeil/FormalGroup/FormalGroupLawSpec.lean:199:46: `if_neg` has been deprecated: Use `ite_eq_right` instead

Hint: Replace the deprecated name:
  i̵f̵_̵n̵e̵g̵i̲t̲e̲_̲e̲q̲_̲r̲i̲g̲h̲t̲
warning: projects/HasseWeil/HasseWeil/FormalGroup/FormalGroupLawSpec.lean:199:57: `if_pos` has been deprecated: Use `ite_eq_left` instead

Hint: Replace the deprecated name:
  i̵f̵_̵p̵o̵s̵i̲t̲e̲_̲e̲q̲_̲l̲e̲f̲t̲
warning: projects/HasseWeil/HasseWeil/FormalGroup/FormalGroupLawSpec.lean:201:8: `if_pos` has been deprecated: Use `ite_eq_left` instead

Hint: Replace the deprecated name:
  i̵f̵_̵p̵o̵s̵i̲t̲e̲_̲e̲q̲_̲l̲e̲f̲t̲
warning: projects/HasseWeil/HasseWeil/FormalGroup/FormalGroupLawSpec.lean:201:27: `if_pos` has been deprecated: Use `ite_eq_left` instead

Hint: Replace the deprecated name:
  i̵f̵_̵p̵o̵s̵i̲t̲e̲_̲e̲q̲_̲l̲e̲f̲t̲
warning: projects/HasseWeil/HasseWeil/FormalGroup/FormalGroupLawSpec.lean:201:46: `if_neg` has been deprecated: Use `ite_eq_right` instead

Hint: Replace the deprecated name:
  i̵f̵_̵n̵e̵g̵i̲t̲e̲_̲e̲q̲_̲r̲i̲g̲h̲t̲
warning: projects/HasseWeil/HasseWeil/FormalGroup/FormalGroupLawSpec.lean:201:57: `if_neg` has been deprecated: Use `ite_eq_right` instead

Hint: Replace the deprecated name:
  i̵f̵_̵n̵e̵g̵i̲t̲e̲_̲e̲q̲_̲r̲i̲g̲h̲t̲
warning: projects/HasseWeil/HasseWeil/FormalGroup/FormalGroupLawSpec.lean:263:16: `if_neg` has been deprecated: Use `ite_eq_right` instead

Hint: Replace the deprecated name:
  i̵f̵_̵n̵e̵g̵i̲t̲e̲_̲e̲q̲_̲r̲i̲g̲h̲t̲
warning: projects/HasseWeil/HasseWeil/FormalGroup/FormalGroupLawSpec.lean:281:8: `if_pos` has been deprecated: Use `ite_eq_left` instead

Hint: Replace the deprecated name:
  i̵f̵_̵p̵o̵s̵i̲t̲e̲_̲e̲q̲_̲l̲e̲f̲t̲
warning: projects/HasseWeil/HasseWeil/FormalGroup/FormalGroupLawSpec.lean:595:39: `if_false` has been deprecated: Use `ite_false` instead

Hint: Replace the deprecated name:
  i̵f̵_̵f̵a̵l̵s̵e̵i̲t̲e̲_̲f̲a̲l̲s̲e̲
warning: projects/HasseWeil/HasseWeil/FormalGroup/FormalGroupLawSpec.lean:595:49: `if_neg` has been deprecated: Use `ite_eq_right` instead

Hint: Replace the deprecated name:
  i̵f̵_̵n̵e̵g̵i̲t̲e̲_̲e̲q̲_̲r̲i̲g̲h̲t̲
warning: projects/HasseWeil/HasseWeil/FormalGroup/FormalGroupLawSpec.lean:599:8: `if_pos` has been deprecated: Use `ite_eq_left` instead

Hint: Replace the deprecated name:
  i̵f̵_̵p̵o̵s̵i̲t̲e̲_̲e̲q̲_̲l̲e̲f̲t̲
warning: projects/HasseWeil/HasseWeil/FormalGroup/FormalGroupLawSpec.lean:599:18: `if_pos` has been deprecated: Use `ite_eq_left` instead

Hint: Replace the deprecated name:
  i̵f̵_̵p̵o̵s̵i̲t̲e̲_̲e̲q̲_̲l̲e̲f̲t̲
warning: projects/HasseWeil/HasseWeil/FormalGroup/FormalGroupLawSpec.lean:600:8: `if_neg` has been deprecated: Use `ite_eq_right` instead

Hint: Replace the deprecated name:
  i̵f̵_̵n̵e̵g̵i̲t̲e̲_̲e̲q̲_̲r̲i̲g̲h̲t̲
warning: projects/HasseWeil/HasseWeil/FormalGroup/FormalGroupLawSpec.lean:600:18: `if_neg` has been deprecated: Use `ite_eq_right` instead

Hint: Replace the deprecated name:
  i̵f̵_̵n̵e̵g̵i̲t̲e̲_̲e̲q̲_̲r̲i̲g̲h̲t̲
warning: projects/HasseWeil/HasseWeil/FormalGroup/FormalGroupLawSpec.lean:600:28: `if_pos` has been deprecated: Use `ite_eq_left` instead

Hint: Replace the deprecated name:
  i̵f̵_̵p̵o̵s̵i̲t̲e̲_̲e̲q̲_̲l̲e̲f̲t̲
warning: projects/HasseWeil/HasseWeil/FormalGroup/FormalGroupLawSpec.lean:613:10: `if_pos` has been deprecated: Use `ite_eq_left` instead

Hint: Replace the deprecated name:
  i̵f̵_̵p̵o̵s̵i̲t̲e̲_̲e̲q̲_̲l̲e̲f̲t̲
warning: projects/HasseWeil/HasseWeil/FormalGroup/FormalGroupLawSpec.lean:616:8: `if_pos` has been deprecated: Use `ite_eq_left` instead

Hint: Replace the deprecated name:
  i̵f̵_̵p̵o̵s̵i̲t̲e̲_̲e̲q̲_̲l̲e̲f̲t̲
warning: projects/HasseWeil/HasseWeil/FormalGroup/FormalGroupLawSpec.lean:617:10: `if_neg` has been deprecated: Use `ite_eq_right` instead

Hint: Replace the deprecated name:
  i̵f̵_̵n̵e̵g̵i̲t̲e̲_̲e̲q̲_̲r̲i̲g̲h̲t̲
warning: projects/HasseWeil/HasseWeil/FormalGroup/FormalGroupLawSpec.lean:618:41: `if_neg` has been deprecated: Use `ite_eq_right` instead

Hint: Replace the deprecated name:
  i̵f̵_̵n̵e̵g̵i̲t̲e̲_̲e̲q̲_̲r̲i̲g̲h̲t̲
warning: projects/HasseWeil/HasseWeil/FormalGroup/FormalGroupLawSpec.lean:621:4: `if_pos` has been deprecated: Use `ite_eq_left` instead

Hint: Replace the deprecated name:
  i̵f̵_̵p̵o̵s̵i̲t̲e̲_̲e̲q̲_̲l̲e̲f̲t̲
warning: projects/HasseWeil/HasseWeil/FormalGroup/FormalGroupLawSpec.lean:656:8: `if_pos` has been deprecated: Use `ite_eq_left` instead

Hint: Replace the deprecated name:
  i̵f̵_̵p̵o̵s̵i̲t̲e̲_̲e̲q̲_̲l̲e̲f̲t̲
warning: projects/HasseWeil/HasseWeil/FormalGroup/FormalGroupLawSpec.lean:662:8: `if_neg` has been deprecated: Use `ite_eq_right` instead

Hint: Replace the deprecated name:
  i̵f̵_̵n̵e̵g̵i̲t̲e̲_̲e̲q̲_̲r̲i̲g̲h̲t̲
warning: projects/HasseWeil/HasseWeil/FormalGroup/FormalGroupLawSpec.lean:686:8: `if_pos` has been deprecated: Use `ite_eq_left` instead

Hint: Replace the deprecated name:
  i̵f̵_̵p̵o̵s̵i̲t̲e̲_̲e̲q̲_̲l̲e̲f̲t̲
warning: projects/HasseWeil/HasseWeil/FormalGroup/FormalGroupLawSpec.lean:686:20: `if_pos` has been deprecated: Use `ite_eq_left` instead

Hint: Replace the deprecated name:
  i̵f̵_̵p̵o̵s̵i̲t̲e̲_̲e̲q̲_̲l̲e̲f̲t̲
warning: projects/HasseWeil/HasseWeil/FormalGroup/FormalGroupLawSpec.lean:687:8: `if_neg` has been deprecated: Use `ite_eq_right` instead

Hint: Replace the deprecated name:
  i̵f̵_̵n̵e̵g̵i̲t̲e̲_̲e̲q̲_̲r̲i̲g̲h̲t̲
warning: projects/HasseWeil/HasseWeil/FormalGroup/FormalGroupLawSpec.lean:687:20: `if_neg` has been deprecated: Use `ite_eq_right` instead

Hint: Replace the deprecated name:
  i̵f̵_̵n̵e̵g̵i̲t̲e̲_̲e̲q̲_̲r̲i̲g̲h̲t̲
warning: projects/HasseWeil/HasseWeil/FormalGroup/FormalGroupLawSpec.lean:785:35: `if_neg` has been deprecated: Use `ite_eq_right` instead

Hint: Replace the deprecated name:
  i̵f̵_̵n̵e̵g̵i̲t̲e̲_̲e̲q̲_̲r̲i̲g̲h̲t̲
warning: projects/HasseWeil/HasseWeil/FormalGroup/FormalGroupLawSpec.lean:787:37: `if_pos` has been deprecated: Use `ite_eq_left` instead

Hint: Replace the deprecated name:
  i̵f̵_̵p̵o̵s̵i̲t̲e̲_̲e̲q̲_̲l̲e̲f̲t̲
warning: projects/HasseWeil/HasseWeil/FormalGroup/FormalGroupLawSpec.lean:790:10: `if_pos` has been deprecated: Use `ite_eq_left` instead

Hint: Replace the deprecated name:
  i̵f̵_̵p̵o̵s̵i̲t̲e̲_̲e̲q̲_̲l̲e̲f̲t̲
warning: projects/HasseWeil/HasseWeil/FormalGroup/FormalGroupLawSpec.lean:790:21: `if_pos` has been deprecated: Use `ite_eq_left` instead

Hint: Replace the deprecated name:
  i̵f̵_̵p̵o̵s̵i̲t̲e̲_̲e̲q̲_̲l̲e̲f̲t̲
warning: projects/HasseWeil/HasseWeil/FormalGroup/FormalGroupLawSpec.lean:793:51: `if_pos` has been deprecated: Use `ite_eq_left` instead

Hint: Replace the deprecated name:
  i̵f̵_̵p̵o̵s̵i̲t̲e̲_̲e̲q̲_̲l̲e̲f̲t̲
warning: projects/HasseWeil/HasseWeil/FormalGroup/FormalGroupLawSpec.lean:794:10: `if_neg` has been deprecated: Use `ite_eq_right` instead

Hint: Replace the deprecated name:
  i̵f̵_̵n̵e̵g̵i̲t̲e̲_̲e̲q̲_̲r̲i̲g̲h̲t̲
warning: projects/HasseWeil/HasseWeil/FormalGroup/FormalGroupLawSpec.lean:794:21: `if_neg` has been deprecated: Use `ite_eq_right` instead

Hint: Replace the deprecated name:
  i̵f̵_̵n̵e̵g̵i̲t̲e̲_̲e̲q̲_̲r̲i̲g̲h̲t̲
warning: projects/HasseWeil/HasseWeil/FormalGroup/FormalGroupLawSpec.lean:810:8: `if_pos` has been deprecated: Use `ite_eq_left` instead

Hint: Replace the deprecated name:
  i̵f̵_̵p̵o̵s̵i̲t̲e̲_̲e̲q̲_̲l̲e̲f̲t̲
warning: projects/HasseWeil/HasseWeil/FormalGroup/FormalGroupLawSpec.lean:823:8: `if_neg` has been deprecated: Use `ite_eq_right` instead

Hint: Replace the deprecated name:
  i̵f̵_̵n̵e̵g̵i̲t̲e̲_̲e̲q̲_̲r̲i̲g̲h̲t̲
warning: projects/HasseWeil/HasseWeil/FormalGroup/FormalGroupLawSpec.lean:850:33: `if_neg` has been deprecated: Use `ite_eq_right` instead

Hint: Replace the deprecated name:
  i̵f̵_̵n̵e̵g̵i̲t̲e̲_̲e̲q̲_̲r̲i̲g̲h̲t̲
warning: projects/HasseWeil/HasseWeil/FormalGroup/FormalGroupLawSpec.lean:852:14: `if_pos` has been deprecated: Use `ite_eq_left` instead

Hint: Replace the deprecated name:
  i̵f̵_̵p̵o̵s̵i̲t̲e̲_̲e̲q̲_̲l̲e̲f̲t̲
warning: projects/HasseWeil/HasseWeil/FormalGroup/FormalGroupLawSpec.lean:852:25: `if_pos` has been deprecated: Use `ite_eq_left` instead

Hint: Replace the deprecated name:
  i̵f̵_̵p̵o̵s̵i̲t̲e̲_̲e̲q̲_̲l̲e̲f̲t̲
warning: projects/HasseWeil/HasseWeil/FormalGroup/FormalGroupLawSpec.lean:854:14: `if_neg` has been deprecated: Use `ite_eq_right` instead

Hint: Replace the deprecated name:
  i̵f̵_̵n̵e̵g̵i̲t̲e̲_̲e̲q̲_̲r̲i̲g̲h̲t̲
warning: projects/HasseWeil/HasseWeil/FormalGroup/FormalGroupLawSpec.lean:854:25: `if_neg` has been deprecated: Use `ite_eq_right` instead

Hint: Replace the deprecated name:
  i̵f̵_̵n̵e̵g̵i̲t̲e̲_̲e̲q̲_̲r̲i̲g̲h̲t̲
warning: projects/HasseWeil/HasseWeil/FormalGroup/FormalGroupLawSpec.lean:1059:6: `if_neg` has been deprecated: Use `ite_eq_right` instead

Hint: Replace the deprecated name:
  i̵f̵_̵n̵e̵g̵i̲t̲e̲_̲e̲q̲_̲r̲i̲g̲h̲t̲
warning: projects/HasseWeil/HasseWeil/FormalGroup/FormalGroupLawSpec.lean:1059:17: `if_neg` has been deprecated: Use `ite_eq_right` instead

Hint: Replace the deprecated name:
  i̵f̵_̵n̵e̵g̵i̲t̲e̲_̲e̲q̲_̲r̲i̲g̲h̲t̲
warning: projects/HasseWeil/HasseWeil/FormalGroup/FormalGroupLawSpec.lean:1059:28: `if_neg` has been deprecated: Use `ite_eq_right` instead

Hint: Replace the deprecated name:
  i̵f̵_̵n̵e̵g̵i̲t̲e̲_̲e̲q̲_̲r̲i̲g̲h̲t̲
warning: projects/HasseWeil/HasseWeil/FormalGroup/FormalGroupLawSpec.lean:1059:39: `if_neg` has been deprecated: Use `ite_eq_right` instead

Hint: Replace the deprecated name:
  i̵f̵_̵n̵e̵g̵i̲t̲e̲_̲e̲q̲_̲r̲i̲g̲h̲t̲
warning: projects/HasseWeil/HasseWeil/FormalGroup/FormalGroupLawSpec.lean:1059:50: `if_neg` has been deprecated: Use `ite_eq_right` instead

Hint: Replace the deprecated name:
  i̵f̵_̵n̵e̵g̵i̲t̲e̲_̲e̲q̲_̲r̲i̲g̲h̲t̲
warning: projects/HasseWeil/HasseWeil/FormalGroup/FormalGroupLawSpec.lean:1084:59: `if_pos` has been deprecated: Use `ite_eq_left` instead

Hint: Replace the deprecated name:
  i̵f̵_̵p̵o̵s̵i̲t̲e̲_̲e̲q̲_̲l̲e̲f̲t̲
warning: projects/HasseWeil/HasseWeil/FormalGroup/FormalGroupLawSpec.lean:1086:47: `if_neg` has been deprecated: Use `ite_eq_right` instead

Hint: Replace the deprecated name:
  i̵f̵_̵n̵e̵g̵i̲t̲e̲_̲e̲q̲_̲r̲i̲g̲h̲t̲
warning: projects/HasseWeil/HasseWeil/FormalGroup/FormalGroupLawSpec.lean:1100:24: `if_pos` has been deprecated: Use `ite_eq_left` instead

Hint: Replace the deprecated name:
  i̵f̵_̵p̵o̵s̵i̲t̲e̲_̲e̲q̲_̲l̲e̲f̲t̲
warning: projects/HasseWeil/HasseWeil/FormalGroup/FormalGroupLawSpec.lean:1102:10: `if_neg` has been deprecated: Use `ite_eq_right` instead

Hint: Replace the deprecated name:
  i̵f̵_̵n̵e̵g̵i̲t̲e̲_̲e̲q̲_̲r̲i̲g̲h̲t̲
warning: projects/HasseWeil/HasseWeil/FormalGroup/FormalGroupLawSpec.lean:1110:24: `if_pos` has been deprecated: Use `ite_eq_left` instead

Hint: Replace the deprecated name:
  i̵f̵_̵p̵o̵s̵i̲t̲e̲_̲e̲q̲_̲l̲e̲f̲t̲
warning: projects/HasseWeil/HasseWeil/FormalGroup/FormalGroupLawSpec.lean:1112:10: `if_neg` has been deprecated: Use `ite_eq_right` instead

Hint: Replace the deprecated name:
  i̵f̵_̵n̵e̵g̵i̲t̲e̲_̲e̲q̲_̲r̲i̲g̲h̲t̲
warning: projects/HasseWeil/HasseWeil/FormalGroup/FormalGroupLawSpec.lean:1124:8: `if_pos` has been deprecated: Use `ite_eq_left` instead

Hint: Replace the deprecated name:
  i̵f̵_̵p̵o̵s̵i̲t̲e̲_̲e̲q̲_̲l̲e̲f̲t̲
warning: projects/HasseWeil/HasseWeil/FormalGroup/FormalGroupLawSpec.lean:1129:10: `if_pos` has been deprecated: Use `ite_eq_left` instead

Hint: Replace the deprecated name:
  i̵f̵_̵p̵o̵s̵i̲t̲e̲_̲e̲q̲_̲l̲e̲f̲t̲
warning: projects/HasseWeil/HasseWeil/FormalGroup/FormalGroupLawSpec.lean:1129:49: `if_pos` has been deprecated: Use `ite_eq_left` instead

Hint: Replace the deprecated name:
  i̵f̵_̵p̵o̵s̵i̲t̲e̲_̲e̲q̲_̲l̲e̲f̲t̲
warning: projects/HasseWeil/HasseWeil/FormalGroup/FormalGroupLawSpec.lean:1130:10: `if_neg` has been deprecated: Use `ite_eq_right` instead

Hint: Replace the deprecated name:
  i̵f̵_̵n̵e̵g̵i̲t̲e̲_̲e̲q̲_̲r̲i̲g̲h̲t̲
warning: projects/HasseWeil/HasseWeil/FormalGroup/FormalGroupLawSpec.lean:1131:8: `if_neg` has been deprecated: Use `ite_eq_right` instead

Hint: Replace the deprecated name:
  i̵f̵_̵n̵e̵g̵i̲t̲e̲_̲e̲q̲_̲r̲i̲g̲h̲t̲
warning: projects/HasseWeil/HasseWeil/FormalGroup/FormalGroupLawSpec.lean:1132:8: `if_neg` has been deprecated: Use `ite_eq_right` instead

Hint: Replace the deprecated name:
  i̵f̵_̵n̵e̵g̵i̲t̲e̲_̲e̲q̲_̲r̲i̲g̲h̲t̲
warning: projects/HasseWeil/HasseWeil/FormalGroup/FormalGroupLawSpec.lean:1132:20: `if_neg` has been deprecated: Use `ite_eq_right` instead

Hint: Replace the deprecated name:
  i̵f̵_̵n̵e̵g̵i̲t̲e̲_̲e̲q̲_̲r̲i̲g̲h̲t̲
warning: projects/HasseWeil/HasseWeil/FormalGroup/FormalGroupLawSpec.lean:1146:57: `if_neg` has been deprecated: Use `ite_eq_right` instead

Hint: Replace the deprecated name:
  i̵f̵_̵n̵e̵g̵i̲t̲e̲_̲e̲q̲_̲r̲i̲g̲h̲t̲
warning: projects/HasseWeil/HasseWeil/FormalGroup/FormalGroupLawSpec.lean:1146:68: `if_pos` has been deprecated: Use `ite_eq_left` instead

Hint: Replace the deprecated name:
  i̵f̵_̵p̵o̵s̵i̲t̲e̲_̲e̲q̲_̲l̲e̲f̲t̲
warning: projects/HasseWeil/HasseWeil/FormalGroup/FormalGroupLawSpec.lean:1710:6: `if_pos` has been deprecated: Use `ite_eq_left` instead

Hint: Replace the deprecated name:
  i̵f̵_̵p̵o̵s̵i̲t̲e̲_̲e̲q̲_̲l̲e̲f̲t̲
warning: projects/HasseWeil/HasseWeil/FormalGroup/FormalGroupLawSpec.lean:1725:6: `if_neg` has been deprecated: Use `ite_eq_right` instead

Hint: Replace the deprecated name:
  i̵f̵_̵n̵e̵g̵i̲t̲e̲_̲e̲q̲_̲r̲i̲g̲h̲t̲
warning: projects/HasseWeil/HasseWeil/FormalGroup/FormalGroupLawSpec.lean:1725:17: `if_pos` has been deprecated: Use `ite_eq_left` instead

Hint: Replace the deprecated name:
  i̵f̵_̵p̵o̵s̵i̲t̲e̲_̲e̲q̲_̲l̲e̲f̲t̲
warning: projects/HasseWeil/HasseWeil/FormalGroup/FormalGroupLawSpec.lean:1737:8: `if_neg` has been deprecated: Use `ite_eq_right` instead

Hint: Replace the deprecated name:
  i̵f̵_̵n̵e̵g̵i̲t̲e̲_̲e̲q̲_̲r̲i̲g̲h̲t̲
warning: projects/HasseWeil/HasseWeil/FormalGroup/FormalGroupLawSpec.lean:1737:19: `if_neg` has been deprecated: Use `ite_eq_right` instead

Hint: Replace the deprecated name:
  i̵f̵_̵n̵e̵g̵i̲t̲e̲_̲e̲q̲_̲r̲i̲g̲h̲t̲
warning: projects/HasseWeil/HasseWeil/FormalGroup/FormalGroupLawSpec.lean:1737:30: `if_pos` has been deprecated: Use `ite_eq_left` instead

Hint: Replace the deprecated name:
  i̵f̵_̵p̵o̵s̵i̲t̲e̲_̲e̲q̲_̲l̲e̲f̲t̲
warning: projects/HasseWeil/HasseWeil/FormalGroup/FormalGroupLawSpec.lean:1741:12: `if_neg` has been deprecated: Use `ite_eq_right` instead

Hint: Replace the deprecated name:
  i̵f̵_̵n̵e̵g̵i̲t̲e̲_̲e̲q̲_̲r̲i̲g̲h̲t̲
warning: projects/HasseWeil/HasseWeil/FormalGroup/FormalGroupLawSpec.lean:1741:23: `if_neg` has been deprecated: Use `ite_eq_right` instead

Hint: Replace the deprecated name:
  i̵f̵_̵n̵e̵g̵i̲t̲e̲_̲e̲q̲_̲r̲i̲g̲h̲t̲
warning: projects/HasseWeil/HasseWeil/FormalGroup/FormalGroupLawSpec.lean:1741:34: `if_neg` has been deprecated: Use `ite_eq_right` instead

Hint: Replace the deprecated name:
  i̵f̵_̵n̵e̵g̵i̲t̲e̲_̲e̲q̲_̲r̲i̲g̲h̲t̲
warning: projects/HasseWeil/HasseWeil/FormalGroup/FormalGroupLawSpec.lean:1741:45: `if_pos` has been deprecated: Use `ite_eq_left` instead

Hint: Replace the deprecated name:
  i̵f̵_̵p̵o̵s̵i̲t̲e̲_̲e̲q̲_̲l̲e̲f̲t̲
warning: projects/HasseWeil/HasseWeil/FormalGroup/FormalGroupLawSpec.lean:1743:12: `if_neg` has been deprecated: Use `ite_eq_right` instead

Hint: Replace the deprecated name:
  i̵f̵_̵n̵e̵g̵i̲t̲e̲_̲e̲q̲_̲r̲i̲g̲h̲t̲
warning: projects/HasseWeil/HasseWeil/FormalGroup/FormalGroupLawSpec.lean:1743:23: `if_neg` has been deprecated: Use `ite_eq_right` instead

Hint: Replace the deprecated name:
  i̵f̵_̵n̵e̵g̵i̲t̲e̲_̲e̲q̲_̲r̲i̲g̲h̲t̲
warning: projects/HasseWeil/HasseWeil/FormalGroup/FormalGroupLawSpec.lean:1743:34: `if_neg` has been deprecated: Use `ite_eq_right` instead

Hint: Replace the deprecated name:
  i̵f̵_̵n̵e̵g̵i̲t̲e̲_̲e̲q̲_̲r̲i̲g̲h̲t̲
warning: projects/HasseWeil/HasseWeil/FormalGroup/FormalGroupLawSpec.lean:1743:45: `if_pos` has been deprecated: Use `ite_eq_left` instead

Hint: Replace the deprecated name:
  i̵f̵_̵p̵o̵s̵i̲t̲e̲_̲e̲q̲_̲l̲e̲f̲t̲
warning: projects/HasseWeil/HasseWeil/FormalGroup/FormalGroupLawSpec.lean:1748:14: `if_neg` has been deprecated: Use `ite_eq_right` instead

Hint: Replace the deprecated name:
  i̵f̵_̵n̵e̵g̵i̲t̲e̲_̲e̲q̲_̲r̲i̲g̲h̲t̲
warning: projects/HasseWeil/HasseWeil/FormalGroup/FormalGroupLawSpec.lean:1748:25: `if_neg` has been deprecated: Use `ite_eq_right` instead

Hint: Replace the deprecated name:
  i̵f̵_̵n̵e̵g̵i̲t̲e̲_̲e̲q̲_̲r̲i̲g̲h̲t̲
warning: projects/HasseWeil/HasseWeil/FormalGroup/FormalGroupLawSpec.lean:1748:36: `if_neg` has been deprecated: Use `ite_eq_right` instead

Hint: Replace the deprecated name:
  i̵f̵_̵n̵e̵g̵i̲t̲e̲_̲e̲q̲_̲r̲i̲g̲h̲t̲
warning: projects/HasseWeil/HasseWeil/FormalGroup/FormalGroupLawSpec.lean:1748:47: `if_neg` has been deprecated: Use `ite_eq_right` instead

Hint: Replace the deprecated name:
  i̵f̵_̵n̵e̵g̵i̲t̲e̲_̲e̲q̲_̲r̲i̲g̲h̲t̲
warning: projects/HasseWeil/HasseWeil/FormalGroup/FormalGroupLawSpec.lean:1748:58: `if_pos` has been deprecated: Use `ite_eq_left` instead

Hint: Replace the deprecated name:
  i̵f̵_̵p̵o̵s̵i̲t̲e̲_̲e̲q̲_̲l̲e̲f̲t̲
warning: projects/HasseWeil/HasseWeil/FormalGroup/FormalGroupLawSpec.lean:1749:12: `if_neg` has been deprecated: Use `ite_eq_right` instead

Hint: Replace the deprecated name:
  i̵f̵_̵n̵e̵g̵i̲t̲e̲_̲e̲q̲_̲r̲i̲g̲h̲t̲
warning: projects/HasseWeil/HasseWeil/FormalGroup/FormalGroupLawSpec.lean:1751:14: `if_neg` has been deprecated: Use `ite_eq_right` instead

Hint: Replace the deprecated name:
  i̵f̵_̵n̵e̵g̵i̲t̲e̲_̲e̲q̲_̲r̲i̲g̲h̲t̲
warning: projects/HasseWeil/HasseWeil/FormalGroup/FormalGroupLawSpec.lean:1751:25: `if_neg` has been deprecated: Use `ite_eq_right` instead

Hint: Replace the deprecated name:
  i̵f̵_̵n̵e̵g̵i̲t̲e̲_̲e̲q̲_̲r̲i̲g̲h̲t̲
warning: projects/HasseWeil/HasseWeil/FormalGroup/FormalGroupLawSpec.lean:1751:36: `if_neg` has been deprecated: Use `ite_eq_right` instead

Hint: Replace the deprecated name:
  i̵f̵_̵n̵e̵g̵i̲t̲e̲_̲e̲q̲_̲r̲i̲g̲h̲t̲
warning: projects/HasseWeil/HasseWeil/FormalGroup/FormalGroupLawSpec.lean:1751:47: `if_neg` has been deprecated: Use `ite_eq_right` instead

Hint: Replace the deprecated name:
  i̵f̵_̵n̵e̵g̵i̲t̲e̲_̲e̲q̲_̲r̲i̲g̲h̲t̲
warning: projects/HasseWeil/HasseWeil/FormalGroup/FormalGroupLawSpec.lean:1751:58: `if_pos` has been deprecated: Use `ite_eq_left` instead

Hint: Replace the deprecated name:
  i̵f̵_̵p̵o̵s̵i̲t̲e̲_̲e̲q̲_̲l̲e̲f̲t̲
warning: projects/HasseWeil/HasseWeil/FormalGroup/FormalGroupLawSpec.lean:1752:12: `if_pos` has been deprecated: Use `ite_eq_left` instead

Hint: Replace the deprecated name:
  i̵f̵_̵p̵o̵s̵i̲t̲e̲_̲e̲q̲_̲l̲e̲f̲t̲
warning: projects/HasseWeil/HasseWeil/FormalGroup/FormalGroupLawSpec.lean:1754:14: `if_neg` has been deprecated: Use `ite_eq_right` instead

Hint: Replace the deprecated name:
  i̵f̵_̵n̵e̵g̵i̲t̲e̲_̲e̲q̲_̲r̲i̲g̲h̲t̲
warning: projects/HasseWeil/HasseWeil/FormalGroup/FormalGroupLawSpec.lean:1754:25: `if_neg` has been deprecated: Use `ite_eq_right` instead

Hint: Replace the deprecated name:
  i̵f̵_̵n̵e̵g̵i̲t̲e̲_̲e̲q̲_̲r̲i̲g̲h̲t̲
warning: projects/HasseWeil/HasseWeil/FormalGroup/FormalGroupLawSpec.lean:1754:36: `if_neg` has been deprecated: Use `ite_eq_right` instead

Hint: Replace the deprecated name:
  i̵f̵_̵n̵e̵g̵i̲t̲e̲_̲e̲q̲_̲r̲i̲g̲h̲t̲
warning: projects/HasseWeil/HasseWeil/FormalGroup/FormalGroupLawSpec.lean:1754:47: `if_neg` has been deprecated: Use `ite_eq_right` instead

Hint: Replace the deprecated name:
  i̵f̵_̵n̵e̵g̵i̲t̲e̲_̲e̲q̲_̲r̲i̲g̲h̲t̲
warning: projects/HasseWeil/HasseWeil/FormalGroup/FormalGroupLawSpec.lean:1754:58: `if_pos` has been deprecated: Use `ite_eq_left` instead

Hint: Replace the deprecated name:
  i̵f̵_̵p̵o̵s̵i̲t̲e̲_̲e̲q̲_̲l̲e̲f̲t̲
warning: projects/HasseWeil/HasseWeil/FormalGroup/FormalGroupLawSpec.lean:1755:12: `if_neg` has been deprecated: Use `ite_eq_right` instead

Hint: Replace the deprecated name:
  i̵f̵_̵n̵e̵g̵i̲t̲e̲_̲e̲q̲_̲r̲i̲g̲h̲t̲
⚠ [10826/11590] Replayed HasseWeil.Foundation.ChordExpansion
warning: projects/HasseWeil/HasseWeil/Foundation/ChordExpansion.lean:104:12: `HahnSeries.embDomain_notin_range` has been deprecated: Use `HahnSeries.embDomain_of_notMem_range` instead

Hint: Replace the deprecated name:
  H̵a̵h̵n̵S̵e̵r̵i̵e̵s̵.̵e̵m̵b̵D̵o̵m̵a̵i̵n̵_̵n̵o̵t̵i̵n̵_̵r̵a̵n̵g̵e̵H̲a̲h̲n̲S̲e̲r̲i̲e̲s̲.̲e̲m̲b̲D̲o̲m̲a̲i̲n̲_̲o̲f̲_̲n̲o̲t̲M̲e̲m̲_̲r̲a̲n̲g̲e̲
⚠ [10828/11590] Replayed HasseWeil.Foundation.Curves.Map.CurveMapBaseChange
warning: projects/HasseWeil/HasseWeil/Foundation/Curves/Map/CurveMapBaseChange.lean:186:4: Unused tactic linter: `change (cd.baseChangeInnerAlgHom L) (Polynomial.C (algebraMap F L a)) = _` does nothing

Note: This linter can be disabled with `set_option linter.unusedTactic false`
warning: projects/HasseWeil/HasseWeil/Foundation/Curves/Map/CurveMapBaseChange.lean:700:22: `TensorProduct.induction_on` has been deprecated: Use `TensorProduction.inductionOn` instead
warning: projects/HasseWeil/HasseWeil/Foundation/Curves/Map/CurveMapBaseChange.lean:719:2: Try this: 
  letI̵

The goal is a proposition, so `let` is preferred over `letI`.
The difference between `let` and `letI` is that `letI` inlines the value.
But this is not relevant for proofs because of proof irrelevance.

Note: This linter can be disabled with `set_option linter.style.haveILetI false`
warning: projects/HasseWeil/HasseWeil/Foundation/Curves/Map/CurveMapBaseChange.lean:734:2: Try this: 
  haveI̵

The goal is a proposition, so `have` is preferred over `haveI`.
The difference between `have` and `haveI` is that `haveI` inlines the value.
But this is not relevant for proofs because of proof irrelevance.

Note: This linter can be disabled with `set_option linter.style.haveILetI false`
warning: projects/HasseWeil/HasseWeil/Foundation/Curves/Map/CurveMapBaseChange.lean:735:2: Try this: 
  letI̵

The goal is a proposition, so `let` is preferred over `letI`.
The difference between `let` and `letI` is that `letI` inlines the value.
But this is not relevant for proofs because of proof irrelevance.

Note: This linter can be disabled with `set_option linter.style.haveILetI false`
warning: projects/HasseWeil/HasseWeil/Foundation/Curves/Map/CurveMapBaseChange.lean:736:2: Try this: 
  haveI̵

The goal is a proposition, so `have` is preferred over `haveI`.
The difference between `have` and `haveI` is that `haveI` inlines the value.
But this is not relevant for proofs because of proof irrelevance.

Note: This linter can be disabled with `set_option linter.style.haveILetI false`
warning: projects/HasseWeil/HasseWeil/Foundation/Curves/Map/CurveMapBaseChange.lean:765:2: Try this: 
  letI̵

The goal is a proposition, so `let` is preferred over `letI`.
The difference between `let` and `letI` is that `letI` inlines the value.
But this is not relevant for proofs because of proof irrelevance.

Note: This linter can be disabled with `set_option linter.style.haveILetI false`
warning: projects/HasseWeil/HasseWeil/Foundation/Curves/Map/CurveMapBaseChange.lean:769:2: Try this: 
  haveI̵

The goal is a proposition, so `have` is preferred over `haveI`.
The difference between `have` and `haveI` is that `haveI` inlines the value.
But this is not relevant for proofs because of proof irrelevance.

Note: This linter can be disabled with `set_option linter.style.haveILetI false`
warning: projects/HasseWeil/HasseWeil/Foundation/Curves/Map/CurveMapBaseChange.lean:793:2: Try this: 
  letI̵

The goal is a proposition, so `let` is preferred over `letI`.
The difference between `let` and `letI` is that `letI` inlines the value.
But this is not relevant for proofs because of proof irrelevance.

Note: This linter can be disabled with `set_option linter.style.haveILetI false`
warning: projects/HasseWeil/HasseWeil/Foundation/Curves/Map/CurveMapBaseChange.lean:796:2: Try this: 
  letI̵

The goal is a proposition, so `let` is preferred over `letI`.
The difference between `let` and `letI` is that `letI` inlines the value.
But this is not relevant for proofs because of proof irrelevance.

Note: This linter can be disabled with `set_option linter.style.haveILetI false`
warning: projects/HasseWeil/HasseWeil/Foundation/Curves/Map/CurveMapBaseChange.lean:800:2: Try this: 
  haveI̵

The goal is a proposition, so `have` is preferred over `haveI`.
The difference between `have` and `haveI` is that `haveI` inlines the value.
But this is not relevant for proofs because of proof irrelevance.

Note: This linter can be disabled with `set_option linter.style.haveILetI false`
warning: projects/HasseWeil/HasseWeil/Foundation/Curves/Map/CurveMapBaseChange.lean:812:2: Try this: 
  haveI̵

The goal is a proposition, so `have` is preferred over `haveI`.
The difference between `have` and `haveI` is that `haveI` inlines the value.
But this is not relevant for proofs because of proof irrelevance.

Note: This linter can be disabled with `set_option linter.style.haveILetI false`
warning: projects/HasseWeil/HasseWeil/Foundation/Curves/Map/CurveMapBaseChange.lean:849:2: Try this: 
  letI̵

The goal is a proposition, so `let` is preferred over `letI`.
The difference between `let` and `letI` is that `letI` inlines the value.
But this is not relevant for proofs because of proof irrelevance.

Note: This linter can be disabled with `set_option linter.style.haveILetI false`
warning: projects/HasseWeil/HasseWeil/Foundation/Curves/Map/CurveMapBaseChange.lean:868:2: Try this: 
  letI̵

The goal is a proposition, so `let` is preferred over `letI`.
The difference between `let` and `letI` is that `letI` inlines the value.
But this is not relevant for proofs because of proof irrelevance.

Note: This linter can be disabled with `set_option linter.style.haveILetI false`
warning: projects/HasseWeil/HasseWeil/Foundation/Curves/Map/CurveMapBaseChange.lean:869:2: Try this: 
  letI̵

The goal is a proposition, so `let` is preferred over `letI`.
The difference between `let` and `letI` is that `letI` inlines the value.
But this is not relevant for proofs because of proof irrelevance.

Note: This linter can be disabled with `set_option linter.style.haveILetI false`
warning: projects/HasseWeil/HasseWeil/Foundation/Curves/Map/CurveMapBaseChange.lean:870:2: Try this: 
  haveI̵

The goal is a proposition, so `have` is preferred over `haveI`.
The difference between `have` and `haveI` is that `haveI` inlines the value.
But this is not relevant for proofs because of proof irrelevance.

Note: This linter can be disabled with `set_option linter.style.haveILetI false`
warning: projects/HasseWeil/HasseWeil/Foundation/Curves/Map/CurveMapBaseChange.lean:876:20: `TensorProduct.induction_on` has been deprecated: Use `TensorProduction.inductionOn` instead
warning: projects/HasseWeil/HasseWeil/Foundation/Curves/Map/CurveMapBaseChange.lean:902:2: Try this: 
  letI̵

The goal is a proposition, so `let` is preferred over `letI`.
The difference between `let` and `letI` is that `letI` inlines the value.
But this is not relevant for proofs because of proof irrelevance.

Note: This linter can be disabled with `set_option linter.style.haveILetI false`
warning: projects/HasseWeil/HasseWeil/Foundation/Curves/Map/CurveMapBaseChange.lean:903:2: Try this: 
  letI̵

The goal is a proposition, so `let` is preferred over `letI`.
The difference between `let` and `letI` is that `letI` inlines the value.
But this is not relevant for proofs because of proof irrelevance.

Note: This linter can be disabled with `set_option linter.style.haveILetI false`
⚠ [10832/11590] Replayed HasseWeil.HasseBound.Infrastructure
warning: projects/HasseWeil/HasseWeil/HasseBound/Infrastructure.lean:260:2: Try this: 
  haveI̵

The goal is a proposition, so `have` is preferred over `haveI`.
The difference between `have` and `haveI` is that `haveI` inlines the value.
But this is not relevant for proofs because of proof irrelevance.

Note: This linter can be disabled with `set_option linter.style.haveILetI false`
warning: projects/HasseWeil/HasseWeil/HasseBound/Infrastructure.lean:261:2: Try this: 
  haveI̵

The goal is a proposition, so `have` is preferred over `haveI`.
The difference between `have` and `haveI` is that `haveI` inlines the value.
But this is not relevant for proofs because of proof irrelevance.

Note: This linter can be disabled with `set_option linter.style.haveILetI false`
warning: projects/HasseWeil/HasseWeil/HasseBound/Infrastructure.lean:340:2: Try this: 
  haveI̵

The goal is a proposition, so `have` is preferred over `haveI`.
The difference between `have` and `haveI` is that `haveI` inlines the value.
But this is not relevant for proofs because of proof irrelevance.

Note: This linter can be disabled with `set_option linter.style.haveILetI false`
warning: projects/HasseWeil/HasseWeil/HasseBound/Infrastructure.lean:341:2: Try this: 
  haveI̵

The goal is a proposition, so `have` is preferred over `haveI`.
The difference between `have` and `haveI` is that `haveI` inlines the value.
But this is not relevant for proofs because of proof irrelevance.

Note: This linter can be disabled with `set_option linter.style.haveILetI false`
warning: projects/HasseWeil/HasseWeil/HasseBound/Infrastructure.lean:485:2: Try this: 
  haveI̵

The goal is a proposition, so `have` is preferred over `haveI`.
The difference between `have` and `haveI` is that `haveI` inlines the value.
But this is not relevant for proofs because of proof irrelevance.

Note: This linter can be disabled with `set_option linter.style.haveILetI false`
warning: projects/HasseWeil/HasseWeil/HasseBound/Infrastructure.lean:491:2: Try this: 
  haveI̵

The goal is a proposition, so `have` is preferred over `haveI`.
The difference between `have` and `haveI` is that `haveI` inlines the value.
But this is not relevant for proofs because of proof irrelevance.

Note: This linter can be disabled with `set_option linter.style.haveILetI false`
warning: projects/HasseWeil/HasseWeil/HasseBound/Infrastructure.lean:380:0: automatically included section variable(s) unused in theorem `HasseWeil.OpenLemmas.function_field_x_separable`:
  [Fintype K]
  [DecidableEq K]
consider restructuring your `variable` declarations so that the variables are not in scope or explicitly omit them:
  omit [Fintype K] [DecidableEq K] in theorem ...

Note: This linter can be disabled with `set_option linter.unusedSectionVars false`
warning: projects/HasseWeil/HasseWeil/HasseBound/Infrastructure.lean:699:0: automatically included section variable(s) unused in theorem `HasseWeil.OpenLemmas.vertical_principal`:
  [Fintype K]
consider restructuring your `variable` declarations so that the variables are not in scope or explicitly omit them:
  omit [Fintype K] in theorem ...

Note: This linter can be disabled with `set_option linter.unusedSectionVars false`
warning: projects/HasseWeil/HasseWeil/HasseBound/Infrastructure.lean:799:0: automatically included section variable(s) unused in theorem `HasseWeil.OpenLemmas.miller_principal`:
  [Fintype K]
consider restructuring your `variable` declarations so that the variables are not in scope or explicitly omit them:
  omit [Fintype K] in theorem ...

Note: This linter can be disabled with `set_option linter.unusedSectionVars false`
warning: projects/HasseWeil/HasseWeil/HasseBound/Infrastructure.lean:816:0: automatically included section variable(s) unused in theorem `HasseWeil.OpenLemmas.degree_zero_divisor_reduce`:
  [Fintype K]
consider restructuring your `variable` declarations so that the variables are not in scope or explicitly omit them:
  omit [Fintype K] in theorem ...

Note: This linter can be disabled with `set_option linter.unusedSectionVars false`
warning: projects/HasseWeil/HasseWeil/HasseBound/Infrastructure.lean:834:0: automatically included section variable(s) unused in theorem `HasseWeil.OpenLemmas.point_minus_O_principal_eq_zero`:
  [Fintype K]
consider restructuring your `variable` declarations so that the variables are not in scope or explicitly omit them:
  omit [Fintype K] in theorem ...

Note: This linter can be disabled with `set_option linter.unusedSectionVars false`
warning: projects/HasseWeil/HasseWeil/HasseBound/Infrastructure.lean:834:8: Overlapping instance parameters in `point_minus_O_principal_eq_zero`:

⚠️ `[IsDedekindDomain
   {
       toAffine :=
         W.toAffine }.CoordinateRing]` and `[IsIntegrallyClosed
   {
       toAffine :=
         W.toAffine }.CoordinateRing]` each imply `[IsIntegralClosure { toAffine := W.toAffine }.CoordinateRing
   { toAffine := W.toAffine }.CoordinateRing (FractionRing { toAffine := W.toAffine }.CoordinateRing)]`.
💡️ Of these, `[IsDedekindDomain
   {
       toAffine :=
         W.toAffine }.CoordinateRing]` and `[IsIntegrallyClosed
   { toAffine := W.toAffine }.CoordinateRing]` may be removed.

Note: This linter can be disabled with `set_option linter.overlappingInstances false`
warning: projects/HasseWeil/HasseWeil/HasseBound/Infrastructure.lean:857:0: automatically included section variable(s) unused in theorem `HasseWeil.OpenLemmas.coordRingImage_ordAtInfty_ne_neg_one`:
  [Fintype K]
  [DecidableEq K]
  [WeierstrassCurve.IsElliptic W.toAffine]
consider restructuring your `variable` declarations so that the variables are not in scope or explicitly omit them:
  omit [Fintype K] [DecidableEq K] [WeierstrassCurve.IsElliptic W.toAffine] in theorem ...

Note: This linter can be disabled with `set_option linter.unusedSectionVars false`
warning: projects/HasseWeil/HasseWeil/HasseBound/Infrastructure.lean:910:0: automatically included section variable(s) unused in theorem `HasseWeil.OpenLemmas.isogeny_degree_baseChange_eq`:
  [Fintype K]
consider restructuring your `variable` declarations so that the variables are not in scope or explicitly omit them:
  omit [Fintype K] in theorem ...

Note: This linter can be disabled with `set_option linter.unusedSectionVars false`
warning: projects/HasseWeil/HasseWeil/HasseBound/Infrastructure.lean:1065:2: Try this: 
  haveI̵

The goal is a proposition, so `have` is preferred over `haveI`.
The difference between `have` and `haveI` is that `haveI` inlines the value.
But this is not relevant for proofs because of proof irrelevance.

Note: This linter can be disabled with `set_option linter.style.haveILetI false`
warning: projects/HasseWeil/HasseWeil/HasseBound/Infrastructure.lean:1066:2: Try this: 
  haveI̵

The goal is a proposition, so `have` is preferred over `haveI`.
The difference between `have` and `haveI` is that `haveI` inlines the value.
But this is not relevant for proofs because of proof irrelevance.

Note: This linter can be disabled with `set_option linter.style.haveILetI false`
warning: projects/HasseWeil/HasseWeil/HasseBound/Infrastructure.lean:1084:2: Try this: 
  haveI̵

The goal is a proposition, so `have` is preferred over `haveI`.
The difference between `have` and `haveI` is that `haveI` inlines the value.
But this is not relevant for proofs because of proof irrelevance.

Note: This linter can be disabled with `set_option linter.style.haveILetI false`
warning: projects/HasseWeil/HasseWeil/HasseBound/Infrastructure.lean:1085:2: Try this: 
  haveI̵

The goal is a proposition, so `have` is preferred over `haveI`.
The difference between `have` and `haveI` is that `haveI` inlines the value.
But this is not relevant for proofs because of proof irrelevance.

Note: This linter can be disabled with `set_option linter.style.haveILetI false`
⚠ [10833/11590] Replayed HasseWeil.HasseBound.Primitives
warning: projects/HasseWeil/HasseWeil/HasseBound/Primitives.lean:235:10: `Ideal.inertiaDeg'` has been deprecated: Use `Ideal.inertiaDeg` instead.
warning: projects/HasseWeil/HasseWeil/HasseBound/Primitives.lean:241:8: `Ideal.inertiaDeg'` has been deprecated: Use `Ideal.inertiaDeg` instead.
warning: projects/HasseWeil/HasseWeil/HasseBound/Primitives.lean:1145:8: Overlapping instance parameters in `miller_hypothesis_allChar`:

⚠️ `[IsDedekindDomain
   {
       toAffine :=
         W }.CoordinateRing]` and `[IsIntegrallyClosed
   {
       toAffine :=
         W }.CoordinateRing]` each imply `[IsIntegralClosure { toAffine := W }.CoordinateRing
   { toAffine := W }.CoordinateRing (FractionRing { toAffine := W }.CoordinateRing)]`.
💡️ Of these, `[IsDedekindDomain
   { toAffine := W }.CoordinateRing]` and `[IsIntegrallyClosed { toAffine := W }.CoordinateRing]` may be removed.

Note: This linter can be disabled with `set_option linter.overlappingInstances false`
warning: projects/HasseWeil/HasseWeil/HasseBound/Primitives.lean:1164:8: Overlapping instance parameters in `divZeroReduce_allChar`:

⚠️ `[IsDedekindDomain
   {
       toAffine :=
         W }.CoordinateRing]` and `[IsIntegrallyClosed
   {
       toAffine :=
         W }.CoordinateRing]` each imply `[IsIntegralClosure { toAffine := W }.CoordinateRing
   { toAffine := W }.CoordinateRing (FractionRing { toAffine := W }.CoordinateRing)]`.
💡️ Of these, `[IsDedekindDomain
   { toAffine := W }.CoordinateRing]` and `[IsIntegrallyClosed { toAffine := W }.CoordinateRing]` may be removed.

Note: This linter can be disabled with `set_option linter.overlappingInstances false`
warning: projects/HasseWeil/HasseWeil/HasseBound/Primitives.lean:1200:8: Overlapping instance parameters in `h_pdz_principal_mem_degZero_allChar`:

⚠️ `[IsDedekindDomain
   {
       toAffine :=
         W }.CoordinateRing]` and `[IsIntegrallyClosed
   {
       toAffine :=
         W }.CoordinateRing]` each imply `[IsIntegralClosure { toAffine := W }.CoordinateRing
   { toAffine := W }.CoordinateRing (FractionRing { toAffine := W }.CoordinateRing)]`.
💡️ Of these, `[IsDedekindDomain
   { toAffine := W }.CoordinateRing]` and `[IsIntegrallyClosed { toAffine := W }.CoordinateRing]` may be removed.

Note: This linter can be disabled with `set_option linter.overlappingInstances false`
warning: projects/HasseWeil/HasseWeil/HasseBound/Primitives.lean:1210:18: Overlapping instance parameters in `picZeroIsoE_of_AFInputs_allChar`:

⚠️ `[IsDedekindDomain
   {
       toAffine :=
         W }.CoordinateRing]` and `[IsIntegrallyClosed
   {
       toAffine :=
         W }.CoordinateRing]` each imply `[IsIntegralClosure { toAffine := W }.CoordinateRing
   { toAffine := W }.CoordinateRing (FractionRing { toAffine := W }.CoordinateRing)]`.
💡️ Of these, `[IsDedekindDomain
   { toAffine := W }.CoordinateRing]` and `[IsIntegrallyClosed { toAffine := W }.CoordinateRing]` may be removed.

Note: This linter can be disabled with `set_option linter.overlappingInstances false`
⚠ [10835/11590] Replayed HasseWeil.Isogeny.OmegaCoeffViaFormalGroup
warning: projects/HasseWeil/HasseWeil/Isogeny/OmegaCoeffViaFormalGroup.lean:156:10: `dif_pos` has been deprecated: Use `dite_eq_left` instead

Hint: Replace the deprecated name:
  d̵i̵f̵_̵p̵o̵s̵d̲i̲t̲e̲_̲e̲q̲_̲l̲e̲f̲t̲
warning: projects/HasseWeil/HasseWeil/Isogeny/OmegaCoeffViaFormalGroup.lean:162:77: `if_pos` has been deprecated: Use `ite_eq_left` instead

Hint: Replace the deprecated name:
  i̵f̵_̵p̵o̵s̵i̲t̲e̲_̲e̲q̲_̲l̲e̲f̲t̲
warning: projects/HasseWeil/HasseWeil/Isogeny/OmegaCoeffViaFormalGroup.lean:164:43: `if_neg` has been deprecated: Use `ite_eq_right` instead

Hint: Replace the deprecated name:
  i̵f̵_̵n̵e̵g̵i̲t̲e̲_̲e̲q̲_̲r̲i̲g̲h̲t̲
warning: projects/HasseWeil/HasseWeil/Isogeny/OmegaCoeffViaFormalGroup.lean:171:62: `if_pos` has been deprecated: Use `ite_eq_left` instead

Hint: Replace the deprecated name:
  i̵f̵_̵p̵o̵s̵i̲t̲e̲_̲e̲q̲_̲l̲e̲f̲t̲
warning: projects/HasseWeil/HasseWeil/Isogeny/OmegaCoeffViaFormalGroup.lean:520:7: automatically included section variable(s) unused in theorem `HasseWeil.LExp.ext`:
  [DecidableEq F]
consider restructuring your `variable` declarations so that the variables are not in scope or explicitly omit them:
  omit [DecidableEq F] in theorem ...

Note: This linter can be disabled with `set_option linter.unusedSectionVars false`
warning: projects/HasseWeil/HasseWeil/Isogeny/OmegaCoeffViaFormalGroup.lean:526:8: automatically included section variable(s) unused in theorem `HasseWeil.LExp.out_zero`:
  [DecidableEq F]
consider restructuring your `variable` declarations so that the variables are not in scope or explicitly omit them:
  omit [DecidableEq F] in theorem ...

Note: This linter can be disabled with `set_option linter.unusedSectionVars false`
warning: projects/HasseWeil/HasseWeil/Isogeny/OmegaCoeffViaFormalGroup.lean:527:8: automatically included section variable(s) unused in theorem `HasseWeil.LExp.out_add`:
  [DecidableEq F]
consider restructuring your `variable` declarations so that the variables are not in scope or explicitly omit them:
  omit [DecidableEq F] in theorem ...

Note: This linter can be disabled with `set_option linter.unusedSectionVars false`
warning: projects/HasseWeil/HasseWeil/Isogeny/OmegaCoeffViaFormalGroup.lean:528:8: automatically included section variable(s) unused in theorem `HasseWeil.LExp.out_neg`:
  [DecidableEq F]
consider restructuring your `variable` declarations so that the variables are not in scope or explicitly omit them:
  omit [DecidableEq F] in theorem ...

Note: This linter can be disabled with `set_option linter.unusedSectionVars false`
warning: projects/HasseWeil/HasseWeil/Isogeny/OmegaCoeffViaFormalGroup.lean:529:8: automatically included section variable(s) unused in theorem `HasseWeil.LExp.out_sub`:
  [DecidableEq F]
consider restructuring your `variable` declarations so that the variables are not in scope or explicitly omit them:
  omit [DecidableEq F] in theorem ...

Note: This linter can be disabled with `set_option linter.unusedSectionVars false`
warning: projects/HasseWeil/HasseWeil/Isogeny/OmegaCoeffViaFormalGroup.lean:650:8: declaration uses `sorry`
warning: projects/HasseWeil/HasseWeil/Isogeny/OmegaCoeffViaFormalGroup.lean:660:8: declaration uses `sorry`
warning: projects/HasseWeil/HasseWeil/Isogeny/OmegaCoeffViaFormalGroup.lean:1046:8: `HahnSeries.embDomain_notin_range` has been deprecated: Use `HahnSeries.embDomain_of_notMem_range` instead

Hint: Replace the deprecated name:
  H̵a̵h̵n̵S̵e̵r̵i̵e̵s̵.̵e̵m̵b̵D̵o̵m̵a̵i̵n̵_̵n̵o̵t̵i̵n̵_̵r̵a̵n̵g̵e̵H̲a̲h̲n̲S̲e̲r̲i̲e̲s̲.̲e̲m̲b̲D̲o̲m̲a̲i̲n̲_̲o̲f̲_̲n̲o̲t̲M̲e̲m̲_̲r̲a̲n̲g̲e̲
warning: projects/HasseWeil/HasseWeil/Isogeny/OmegaCoeffViaFormalGroup.lean:1450:74: `if_pos` has been deprecated: Use `ite_eq_left` instead

Hint: Replace the deprecated name:
  i̵f̵_̵p̵o̵s̵i̲t̲e̲_̲e̲q̲_̲l̲e̲f̲t̲
warning: projects/HasseWeil/HasseWeil/Isogeny/OmegaCoeffViaFormalGroup.lean:1454:28: `if_neg` has been deprecated: Use `ite_eq_right` instead

Hint: Replace the deprecated name:
  i̵f̵_̵n̵e̵g̵i̲t̲e̲_̲e̲q̲_̲r̲i̲g̲h̲t̲
warning: projects/HasseWeil/HasseWeil/Isogeny/OmegaCoeffViaFormalGroup.lean:1716:2: Try this: 
  haveI̵

The goal is a proposition, so `have` is preferred over `haveI`.
The difference between `have` and `haveI` is that `haveI` inlines the value.
But this is not relevant for proofs because of proof irrelevance.

Note: This linter can be disabled with `set_option linter.style.haveILetI false`
warning: projects/HasseWeil/HasseWeil/Isogeny/OmegaCoeffViaFormalGroup.lean:1741:2: Try this: 
  haveI̵

The goal is a proposition, so `have` is preferred over `haveI`.
The difference between `have` and `haveI` is that `haveI` inlines the value.
But this is not relevant for proofs because of proof irrelevance.

Note: This linter can be disabled with `set_option linter.style.haveILetI false`
warning: projects/HasseWeil/HasseWeil/Isogeny/OmegaCoeffViaFormalGroup.lean:1763:2: Try this: 
  haveI̵

The goal is a proposition, so `have` is preferred over `haveI`.
The difference between `have` and `haveI` is that `haveI` inlines the value.
But this is not relevant for proofs because of proof irrelevance.

Note: This linter can be disabled with `set_option linter.style.haveILetI false`
warning: projects/HasseWeil/HasseWeil/Isogeny/OmegaCoeffViaFormalGroup.lean:1774:2: Try this: 
  haveI̵

The goal is a proposition, so `have` is preferred over `haveI`.
The difference between `have` and `haveI` is that `haveI` inlines the value.
But this is not relevant for proofs because of proof irrelevance.

Note: This linter can be disabled with `set_option linter.style.haveILetI false`
warning: projects/HasseWeil/HasseWeil/Isogeny/OmegaCoeffViaFormalGroup.lean:1775:2: Try this: 
  haveI̵

The goal is a proposition, so `have` is preferred over `haveI`.
The difference between `have` and `haveI` is that `haveI` inlines the value.
But this is not relevant for proofs because of proof irrelevance.

Note: This linter can be disabled with `set_option linter.style.haveILetI false`
warning: projects/HasseWeil/HasseWeil/Isogeny/OmegaCoeffViaFormalGroup.lean:1776:2: Try this: 
  haveI̵

The goal is a proposition, so `have` is preferred over `haveI`.
The difference between `have` and `haveI` is that `haveI` inlines the value.
But this is not relevant for proofs because of proof irrelevance.

Note: This linter can be disabled with `set_option linter.style.haveILetI false`
warning: projects/HasseWeil/HasseWeil/Isogeny/OmegaCoeffViaFormalGroup.lean:1777:2: Try this: 
  haveI̵

The goal is a proposition, so `have` is preferred over `haveI`.
The difference between `have` and `haveI` is that `haveI` inlines the value.
But this is not relevant for proofs because of proof irrelevance.

Note: This linter can be disabled with `set_option linter.style.haveILetI false`
warning: projects/HasseWeil/HasseWeil/Isogeny/OmegaCoeffViaFormalGroup.lean:1780:2: Try this: 
  haveI̵

The goal is a proposition, so `have` is preferred over `haveI`.
The difference between `have` and `haveI` is that `haveI` inlines the value.
But this is not relevant for proofs because of proof irrelevance.

Note: This linter can be disabled with `set_option linter.style.haveILetI false`
warning: projects/HasseWeil/HasseWeil/Isogeny/OmegaCoeffViaFormalGroup.lean:1841:2: Try this: 
  letI̵

The goal is a proposition, so `let` is preferred over `letI`.
The difference between `let` and `letI` is that `letI` inlines the value.
But this is not relevant for proofs because of proof irrelevance.

Note: This linter can be disabled with `set_option linter.style.haveILetI false`
warning: projects/HasseWeil/HasseWeil/Isogeny/OmegaCoeffViaFormalGroup.lean:1842:2: Try this: 
  letI̵

The goal is a proposition, so `let` is preferred over `letI`.
The difference between `let` and `letI` is that `letI` inlines the value.
But this is not relevant for proofs because of proof irrelevance.

Note: This linter can be disabled with `set_option linter.style.haveILetI false`
warning: projects/HasseWeil/HasseWeil/Isogeny/OmegaCoeffViaFormalGroup.lean:1843:2: Try this: 
  haveI̵

The goal is a proposition, so `have` is preferred over `haveI`.
The difference between `have` and `haveI` is that `haveI` inlines the value.
But this is not relevant for proofs because of proof irrelevance.

Note: This linter can be disabled with `set_option linter.style.haveILetI false`
warning: projects/HasseWeil/HasseWeil/Isogeny/OmegaCoeffViaFormalGroup.lean:1844:2: Try this: 
  haveI̵

The goal is a proposition, so `have` is preferred over `haveI`.
The difference between `have` and `haveI` is that `haveI` inlines the value.
But this is not relevant for proofs because of proof irrelevance.

Note: This linter can be disabled with `set_option linter.style.haveILetI false`
warning: projects/HasseWeil/HasseWeil/Isogeny/OmegaCoeffViaFormalGroup.lean:1877:2: Try this: 
  letI̵

The goal is a proposition, so `let` is preferred over `letI`.
The difference between `let` and `letI` is that `letI` inlines the value.
But this is not relevant for proofs because of proof irrelevance.

Note: This linter can be disabled with `set_option linter.style.haveILetI false`
warning: projects/HasseWeil/HasseWeil/Isogeny/OmegaCoeffViaFormalGroup.lean:1880:2: Try this: 
  haveI̵

The goal is a proposition, so `have` is preferred over `haveI`.
The difference between `have` and `haveI` is that `haveI` inlines the value.
But this is not relevant for proofs because of proof irrelevance.

Note: This linter can be disabled with `set_option linter.style.haveILetI false`
warning: projects/HasseWeil/HasseWeil/Isogeny/OmegaCoeffViaFormalGroup.lean:1892:2: Try this: 
  letI̵

The goal is a proposition, so `let` is preferred over `letI`.
The difference between `let` and `letI` is that `letI` inlines the value.
But this is not relevant for proofs because of proof irrelevance.

Note: This linter can be disabled with `set_option linter.style.haveILetI false`
warning: projects/HasseWeil/HasseWeil/Isogeny/OmegaCoeffViaFormalGroup.lean:1893:2: Try this: 
  haveI̵

The goal is a proposition, so `have` is preferred over `haveI`.
The difference between `have` and `haveI` is that `haveI` inlines the value.
But this is not relevant for proofs because of proof irrelevance.

Note: This linter can be disabled with `set_option linter.style.haveILetI false`
warning: projects/HasseWeil/HasseWeil/Isogeny/OmegaCoeffViaFormalGroup.lean:1897:2: Try this: 
  haveI̵

The goal is a proposition, so `have` is preferred over `haveI`.
The difference between `have` and `haveI` is that `haveI` inlines the value.
But this is not relevant for proofs because of proof irrelevance.

Note: This linter can be disabled with `set_option linter.style.haveILetI false`
warning: projects/HasseWeil/HasseWeil/Isogeny/OmegaCoeffViaFormalGroup.lean:1907:2: Try this: 
  haveI̵

The goal is a proposition, so `have` is preferred over `haveI`.
The difference between `have` and `haveI` is that `haveI` inlines the value.
But this is not relevant for proofs because of proof irrelevance.

Note: This linter can be disabled with `set_option linter.style.haveILetI false`
warning: projects/HasseWeil/HasseWeil/Isogeny/OmegaCoeffViaFormalGroup.lean:1927:2: Try this: 
  haveI̵

The goal is a proposition, so `have` is preferred over `haveI`.
The difference between `have` and `haveI` is that `haveI` inlines the value.
But this is not relevant for proofs because of proof irrelevance.

Note: This linter can be disabled with `set_option linter.style.haveILetI false`
warning: projects/HasseWeil/HasseWeil/Isogeny/OmegaCoeffViaFormalGroup.lean:1937:21: `Set.mem_setOf_eq` has been deprecated: Use `Set.mem_ofPred_eq` instead

Hint: Replace the deprecated name:
  S̵e̵t̵.̵m̵e̵m̵_̵s̵e̵t̵O̵f̵_̵e̵q̵S̲e̲t̲.̲m̲e̲m̲_̲o̲f̲P̲r̲e̲d̲_̲e̲q̲
warning: projects/HasseWeil/HasseWeil/Isogeny/OmegaCoeffViaFormalGroup.lean:1940:21: `Set.mem_setOf_eq` has been deprecated: Use `Set.mem_ofPred_eq` instead

Hint: Replace the deprecated name:
  S̵e̵t̵.̵m̵e̵m̵_̵s̵e̵t̵O̵f̵_̵e̵q̵S̲e̲t̲.̲m̲e̲m̲_̲o̲f̲P̲r̲e̲d̲_̲e̲q̲
warning: projects/HasseWeil/HasseWeil/Isogeny/OmegaCoeffViaFormalGroup.lean:1942:21: `Set.mem_setOf_eq` has been deprecated: Use `Set.mem_ofPred_eq` instead

Hint: Replace the deprecated name:
  S̵e̵t̵.̵m̵e̵m̵_̵s̵e̵t̵O̵f̵_̵e̵q̵S̲e̲t̲.̲m̲e̲m̲_̲o̲f̲P̲r̲e̲d̲_̲e̲q̲
warning: projects/HasseWeil/HasseWeil/Isogeny/OmegaCoeffViaFormalGroup.lean:1943:35: `Set.mem_setOf_eq` has been deprecated: Use `Set.mem_ofPred_eq` instead

Hint: Replace the deprecated name:
  S̵e̵t̵.̵m̵e̵m̵_̵s̵e̵t̵O̵f̵_̵e̵q̵S̲e̲t̲.̲m̲e̲m̲_̲o̲f̲P̲r̲e̲d̲_̲e̲q̲
warning: projects/HasseWeil/HasseWeil/Isogeny/OmegaCoeffViaFormalGroup.lean:1945:21: `Set.mem_setOf_eq` has been deprecated: Use `Set.mem_ofPred_eq` instead

Hint: Replace the deprecated name:
  S̵e̵t̵.̵m̵e̵m̵_̵s̵e̵t̵O̵f̵_̵e̵q̵S̲e̲t̲.̲m̲e̲m̲_̲o̲f̲P̲r̲e̲d̲_̲e̲q̲
warning: projects/HasseWeil/HasseWeil/Isogeny/OmegaCoeffViaFormalGroup.lean:1959:6: Try this: 
  haveI̵

The goal is a proposition, so `have` is preferred over `haveI`.
The difference between `have` and `haveI` is that `haveI` inlines the value.
But this is not relevant for proofs because of proof irrelevance.

Note: This linter can be disabled with `set_option linter.style.haveILetI false`
⚠ [10836/11590] Replayed HasseWeil.HasseBound.SepDegreeEqPointCount
warning: projects/HasseWeil/HasseWeil/HasseBound/SepDegreeEqPointCount.lean:193:2: Try this: 
  haveI̵

The goal is a proposition, so `have` is preferred over `haveI`.
The difference between `have` and `haveI` is that `haveI` inlines the value.
But this is not relevant for proofs because of proof irrelevance.

Note: This linter can be disabled with `set_option linter.style.haveILetI false`
warning: projects/HasseWeil/HasseWeil/HasseBound/SepDegreeEqPointCount.lean:194:2: Try this: 
  haveI̵

The goal is a proposition, so `have` is preferred over `haveI`.
The difference between `have` and `haveI` is that `haveI` inlines the value.
But this is not relevant for proofs because of proof irrelevance.

Note: This linter can be disabled with `set_option linter.style.haveILetI false`
warning: projects/HasseWeil/HasseWeil/HasseBound/SepDegreeEqPointCount.lean:292:8: `Ideal.inertiaDeg'` has been deprecated: Use `Ideal.inertiaDeg` instead.
⚠ [10837/11590] Replayed HasseWeil.Foundation.Curves.Valuation.RankOneDomination
warning: projects/HasseWeil/HasseWeil/Foundation/Curves/Valuation/RankOneDomination.lean:84:2: Try this: 
  haveI̵

The goal is a proposition, so `have` is preferred over `haveI`.
The difference between `have` and `haveI` is that `haveI` inlines the value.
But this is not relevant for proofs because of proof irrelevance.

Note: This linter can be disabled with `set_option linter.style.haveILetI false`
warning: projects/HasseWeil/HasseWeil/Foundation/Curves/Valuation/RankOneDomination.lean:87:2: Try this: 
  haveI̵

The goal is a proposition, so `have` is preferred over `haveI`.
The difference between `have` and `haveI` is that `haveI` inlines the value.
But this is not relevant for proofs because of proof irrelevance.

Note: This linter can be disabled with `set_option linter.style.haveILetI false`
warning: projects/HasseWeil/HasseWeil/Foundation/Curves/Valuation/RankOneDomination.lean:89:2: Try this: 
  haveI̵

The goal is a proposition, so `have` is preferred over `haveI`.
The difference between `have` and `haveI` is that `haveI` inlines the value.
But this is not relevant for proofs because of proof irrelevance.

Note: This linter can be disabled with `set_option linter.style.haveILetI false`
warning: projects/HasseWeil/HasseWeil/Foundation/Curves/Valuation/RankOneDomination.lean:93:2: Try this: 
  haveI̵

The goal is a proposition, so `have` is preferred over `haveI`.
The difference between `have` and `haveI` is that `haveI` inlines the value.
But this is not relevant for proofs because of proof irrelevance.

Note: This linter can be disabled with `set_option linter.style.haveILetI false`
⚠ [10838/11590] Replayed HasseWeil.Foundation.Curves.Frobenius.FrobeniusFixedLocus
warning: projects/HasseWeil/HasseWeil/Foundation/Curves/Frobenius/FrobeniusFixedLocus.lean:135:5: Private declaration `baseImageFinset` accessed publicly; this is allowed only because the `backward.privateInPublic` option is enabled. 

Disable `backward.privateInPublic.warn` to silence this warning.
warning: projects/HasseWeil/HasseWeil/Foundation/Curves/Frobenius/FrobeniusFixedLocus.lean:135:34: Private declaration `frobRootsFinset` accessed publicly; this is allowed only because the `backward.privateInPublic` option is enabled. 

Disable `backward.privateInPublic.warn` to silence this warning.
⚠ [10839/11590] Replayed HasseWeil.Foundation.Curves.Frobenius.FrobeniusFixedPoint
warning: projects/HasseWeil/HasseWeil/Foundation/Curves/Frobenius/FrobeniusFixedPoint.lean:330:45: `Set.mem_setOf_eq` has been deprecated: Use `Set.mem_ofPred_eq` instead

Hint: Replace the deprecated name:
  S̵e̵t̵.̵m̵e̵m̵_̵s̵e̵t̵O̵f̵_̵e̵q̵S̲e̲t̲.̲m̲e̲m̲_̲o̲f̲P̲r̲e̲d̲_̲e̲q̲
⚠ [10840/11590] Replayed HasseWeil.HasseBound.SepDegreeWitnesses
warning: projects/HasseWeil/HasseWeil/HasseBound/SepDegreeWitnesses.lean:107:0: automatically included section variable(s) unused in theorem `HasseWeil.Conditional.pointValuation_polyToFieldOfInv_le_one`:
  [Fintype K]
  [DecidableEq K]
consider restructuring your `variable` declarations so that the variables are not in scope or explicitly omit them:
  omit [Fintype K] [DecidableEq K] in theorem ...

Note: This linter can be disabled with `set_option linter.unusedSectionVars false`
warning: projects/HasseWeil/HasseWeil/HasseBound/SepDegreeWitnesses.lean:164:2: Try this: 
  letI̵

The goal is a proposition, so `let` is preferred over `letI`.
The difference between `let` and `letI` is that `letI` inlines the value.
But this is not relevant for proofs because of proof irrelevance.

Note: This linter can be disabled with `set_option linter.style.haveILetI false`
warning: projects/HasseWeil/HasseWeil/HasseBound/SepDegreeWitnesses.lean:165:2: Try this: 
  letI̵

The goal is a proposition, so `let` is preferred over `letI`.
The difference between `let` and `letI` is that `letI` inlines the value.
But this is not relevant for proofs because of proof irrelevance.

Note: This linter can be disabled with `set_option linter.style.haveILetI false`
warning: projects/HasseWeil/HasseWeil/HasseBound/SepDegreeWitnesses.lean:166:2: Try this: 
  letI̵

The goal is a proposition, so `let` is preferred over `letI`.
The difference between `let` and `letI` is that `letI` inlines the value.
But this is not relevant for proofs because of proof irrelevance.

Note: This linter can be disabled with `set_option linter.style.haveILetI false`
warning: projects/HasseWeil/HasseWeil/HasseBound/SepDegreeWitnesses.lean:167:2: Try this: 
  letI̵

The goal is a proposition, so `let` is preferred over `letI`.
The difference between `let` and `letI` is that `letI` inlines the value.
But this is not relevant for proofs because of proof irrelevance.

Note: This linter can be disabled with `set_option linter.style.haveILetI false`
warning: projects/HasseWeil/HasseWeil/HasseBound/SepDegreeWitnesses.lean:168:2: Try this: 
  letI̵

The goal is a proposition, so `let` is preferred over `letI`.
The difference between `let` and `letI` is that `letI` inlines the value.
But this is not relevant for proofs because of proof irrelevance.

Note: This linter can be disabled with `set_option linter.style.haveILetI false`
warning: projects/HasseWeil/HasseWeil/HasseBound/SepDegreeWitnesses.lean:169:2: Try this: 
  haveI̵

The goal is a proposition, so `have` is preferred over `haveI`.
The difference between `have` and `haveI` is that `haveI` inlines the value.
But this is not relevant for proofs because of proof irrelevance.

Note: This linter can be disabled with `set_option linter.style.haveILetI false`
warning: projects/HasseWeil/HasseWeil/HasseBound/SepDegreeWitnesses.lean:207:8: `dif_neg` has been deprecated: Use `dite_eq_right` instead

Hint: Replace the deprecated name:
  d̵i̵f̵_̵n̵e̵g̵d̲i̲t̲e̲_̲e̲q̲_̲r̲i̲g̲h̲t̲
warning: projects/HasseWeil/HasseWeil/HasseBound/SepDegreeWitnesses.lean:290:0: automatically included section variable(s) unused in theorem `HasseWeil.Conditional.ordAtInfty_polyToFieldOfInv_nonneg`:
  [Fintype K]
consider restructuring your `variable` declarations so that the variables are not in scope or explicitly omit them:
  omit [Fintype K] in theorem ...

Note: This linter can be disabled with `set_option linter.unusedSectionVars false`
warning: projects/HasseWeil/HasseWeil/HasseBound/SepDegreeWitnesses.lean:347:0: automatically included section variable(s) unused in theorem `HasseWeil.Conditional.ord_finset_sum_strict_gt`:
  [Fintype K]
  [DecidableEq K]
consider restructuring your `variable` declarations so that the variables are not in scope or explicitly omit them:
  omit [Fintype K] [DecidableEq K] in theorem ...

Note: This linter can be disabled with `set_option linter.unusedSectionVars false`
warning: projects/HasseWeil/HasseWeil/HasseBound/SepDegreeWitnesses.lean:396:2: Try this: 
  letI̵

The goal is a proposition, so `let` is preferred over `letI`.
The difference between `let` and `letI` is that `letI` inlines the value.
But this is not relevant for proofs because of proof irrelevance.

Note: This linter can be disabled with `set_option linter.style.haveILetI false`
warning: projects/HasseWeil/HasseWeil/HasseBound/SepDegreeWitnesses.lean:531:2: Try this: 
  letI̵

The goal is a proposition, so `let` is preferred over `letI`.
The difference between `let` and `letI` is that `letI` inlines the value.
But this is not relevant for proofs because of proof irrelevance.

Note: This linter can be disabled with `set_option linter.style.haveILetI false`
warning: projects/HasseWeil/HasseWeil/HasseBound/SepDegreeWitnesses.lean:532:2: Try this: 
  letI̵

The goal is a proposition, so `let` is preferred over `letI`.
The difference between `let` and `letI` is that `letI` inlines the value.
But this is not relevant for proofs because of proof irrelevance.

Note: This linter can be disabled with `set_option linter.style.haveILetI false`
warning: projects/HasseWeil/HasseWeil/HasseBound/SepDegreeWitnesses.lean:533:2: Try this: 
  letI̵

The goal is a proposition, so `let` is preferred over `letI`.
The difference between `let` and `letI` is that `letI` inlines the value.
But this is not relevant for proofs because of proof irrelevance.

Note: This linter can be disabled with `set_option linter.style.haveILetI false`
warning: projects/HasseWeil/HasseWeil/HasseBound/SepDegreeWitnesses.lean:534:2: Try this: 
  letI̵

The goal is a proposition, so `let` is preferred over `letI`.
The difference between `let` and `letI` is that `letI` inlines the value.
But this is not relevant for proofs because of proof irrelevance.

Note: This linter can be disabled with `set_option linter.style.haveILetI false`
warning: projects/HasseWeil/HasseWeil/HasseBound/SepDegreeWitnesses.lean:535:2: Try this: 
  letI̵

The goal is a proposition, so `let` is preferred over `letI`.
The difference between `let` and `letI` is that `letI` inlines the value.
But this is not relevant for proofs because of proof irrelevance.

Note: This linter can be disabled with `set_option linter.style.haveILetI false`
warning: projects/HasseWeil/HasseWeil/HasseBound/SepDegreeWitnesses.lean:536:2: Try this: 
  haveI̵

The goal is a proposition, so `have` is preferred over `haveI`.
The difference between `have` and `haveI` is that `haveI` inlines the value.
But this is not relevant for proofs because of proof irrelevance.

Note: This linter can be disabled with `set_option linter.style.haveILetI false`
warning: projects/HasseWeil/HasseWeil/HasseBound/SepDegreeWitnesses.lean:597:2: Try this: 
  letI̵

The goal is a proposition, so `let` is preferred over `letI`.
The difference between `let` and `letI` is that `letI` inlines the value.
But this is not relevant for proofs because of proof irrelevance.

Note: This linter can be disabled with `set_option linter.style.haveILetI false`
warning: projects/HasseWeil/HasseWeil/HasseBound/SepDegreeWitnesses.lean:598:2: Try this: 
  letI̵

The goal is a proposition, so `let` is preferred over `letI`.
The difference between `let` and `letI` is that `letI` inlines the value.
But this is not relevant for proofs because of proof irrelevance.

Note: This linter can be disabled with `set_option linter.style.haveILetI false`
warning: projects/HasseWeil/HasseWeil/HasseBound/SepDegreeWitnesses.lean:852:2: Try this: 
  letI̵

The goal is a proposition, so `let` is preferred over `letI`.
The difference between `let` and `letI` is that `letI` inlines the value.
But this is not relevant for proofs because of proof irrelevance.

Note: This linter can be disabled with `set_option linter.style.haveILetI false`
warning: projects/HasseWeil/HasseWeil/HasseBound/SepDegreeWitnesses.lean:1196:2: Try this: 
  letI̵

The goal is a proposition, so `let` is preferred over `letI`.
The difference between `let` and `letI` is that `letI` inlines the value.
But this is not relevant for proofs because of proof irrelevance.

Note: This linter can be disabled with `set_option linter.style.haveILetI false`
warning: projects/HasseWeil/HasseWeil/HasseBound/SepDegreeWitnesses.lean:1197:2: Try this: 
  letI̵

The goal is a proposition, so `let` is preferred over `letI`.
The difference between `let` and `letI` is that `letI` inlines the value.
But this is not relevant for proofs because of proof irrelevance.

Note: This linter can be disabled with `set_option linter.style.haveILetI false`
warning: projects/HasseWeil/HasseWeil/HasseBound/SepDegreeWitnesses.lean:1266:2: Try this: 
  letI̵

The goal is a proposition, so `let` is preferred over `letI`.
The difference between `let` and `letI` is that `letI` inlines the value.
But this is not relevant for proofs because of proof irrelevance.

Note: This linter can be disabled with `set_option linter.style.haveILetI false`
warning: projects/HasseWeil/HasseWeil/HasseBound/SepDegreeWitnesses.lean:1267:2: Try this: 
  letI̵

The goal is a proposition, so `let` is preferred over `letI`.
The difference between `let` and `letI` is that `letI` inlines the value.
But this is not relevant for proofs because of proof irrelevance.

Note: This linter can be disabled with `set_option linter.style.haveILetI false`
warning: projects/HasseWeil/HasseWeil/HasseBound/SepDegreeWitnesses.lean:1268:2: Try this: 
  letI̵

The goal is a proposition, so `let` is preferred over `letI`.
The difference between `let` and `letI` is that `letI` inlines the value.
But this is not relevant for proofs because of proof irrelevance.

Note: This linter can be disabled with `set_option linter.style.haveILetI false`
warning: projects/HasseWeil/HasseWeil/HasseBound/SepDegreeWitnesses.lean:1269:2: Try this: 
  letI̵

The goal is a proposition, so `let` is preferred over `letI`.
The difference between `let` and `letI` is that `letI` inlines the value.
But this is not relevant for proofs because of proof irrelevance.

Note: This linter can be disabled with `set_option linter.style.haveILetI false`
warning: projects/HasseWeil/HasseWeil/HasseBound/SepDegreeWitnesses.lean:1414:2: Try this: 
  letI̵

The goal is a proposition, so `let` is preferred over `letI`.
The difference between `let` and `letI` is that `letI` inlines the value.
But this is not relevant for proofs because of proof irrelevance.

Note: This linter can be disabled with `set_option linter.style.haveILetI false`
warning: projects/HasseWeil/HasseWeil/HasseBound/SepDegreeWitnesses.lean:1415:2: Try this: 
  letI̵

The goal is a proposition, so `let` is preferred over `letI`.
The difference between `let` and `letI` is that `letI` inlines the value.
But this is not relevant for proofs because of proof irrelevance.

Note: This linter can be disabled with `set_option linter.style.haveILetI false`
warning: projects/HasseWeil/HasseWeil/HasseBound/SepDegreeWitnesses.lean:1491:2: Try this: 
  letI̵

The goal is a proposition, so `let` is preferred over `letI`.
The difference between `let` and `letI` is that `letI` inlines the value.
But this is not relevant for proofs because of proof irrelevance.

Note: This linter can be disabled with `set_option linter.style.haveILetI false`
warning: projects/HasseWeil/HasseWeil/HasseBound/SepDegreeWitnesses.lean:1492:2: Try this: 
  letI̵

The goal is a proposition, so `let` is preferred over `letI`.
The difference between `let` and `letI` is that `letI` inlines the value.
But this is not relevant for proofs because of proof irrelevance.

Note: This linter can be disabled with `set_option linter.style.haveILetI false`
warning: projects/HasseWeil/HasseWeil/HasseBound/SepDegreeWitnesses.lean:1493:2: Try this: 
  letI̵

The goal is a proposition, so `let` is preferred over `letI`.
The difference between `let` and `letI` is that `letI` inlines the value.
But this is not relevant for proofs because of proof irrelevance.

Note: This linter can be disabled with `set_option linter.style.haveILetI false`
warning: projects/HasseWeil/HasseWeil/HasseBound/SepDegreeWitnesses.lean:1494:2: Try this: 
  letI̵

The goal is a proposition, so `let` is preferred over `letI`.
The difference between `let` and `letI` is that `letI` inlines the value.
But this is not relevant for proofs because of proof irrelevance.

Note: This linter can be disabled with `set_option linter.style.haveILetI false`
warning: projects/HasseWeil/HasseWeil/HasseBound/SepDegreeWitnesses.lean:1495:2: Try this: 
  letI̵

The goal is a proposition, so `let` is preferred over `letI`.
The difference between `let` and `letI` is that `letI` inlines the value.
But this is not relevant for proofs because of proof irrelevance.

Note: This linter can be disabled with `set_option linter.style.haveILetI false`
warning: projects/HasseWeil/HasseWeil/HasseBound/SepDegreeWitnesses.lean:1572:51: `dif_neg` has been deprecated: Use `dite_eq_right` instead

Hint: Replace the deprecated name:
  d̵i̵f̵_̵n̵e̵g̵d̲i̲t̲e̲_̲e̲q̲_̲r̲i̲g̲h̲t̲
warning: projects/HasseWeil/HasseWeil/HasseBound/SepDegreeWitnesses.lean:1619:2: Try this: 
  letI̵

The goal is a proposition, so `let` is preferred over `letI`.
The difference between `let` and `letI` is that `letI` inlines the value.
But this is not relevant for proofs because of proof irrelevance.

Note: This linter can be disabled with `set_option linter.style.haveILetI false`
warning: projects/HasseWeil/HasseWeil/HasseBound/SepDegreeWitnesses.lean:1620:2: Try this: 
  letI̵

The goal is a proposition, so `let` is preferred over `letI`.
The difference between `let` and `letI` is that `letI` inlines the value.
But this is not relevant for proofs because of proof irrelevance.

Note: This linter can be disabled with `set_option linter.style.haveILetI false`
warning: projects/HasseWeil/HasseWeil/HasseBound/SepDegreeWitnesses.lean:1621:2: Try this: 
  letI̵

The goal is a proposition, so `let` is preferred over `letI`.
The difference between `let` and `letI` is that `letI` inlines the value.
But this is not relevant for proofs because of proof irrelevance.

Note: This linter can be disabled with `set_option linter.style.haveILetI false`
warning: projects/HasseWeil/HasseWeil/HasseBound/SepDegreeWitnesses.lean:1622:2: Try this: 
  letI̵

The goal is a proposition, so `let` is preferred over `letI`.
The difference between `let` and `letI` is that `letI` inlines the value.
But this is not relevant for proofs because of proof irrelevance.

Note: This linter can be disabled with `set_option linter.style.haveILetI false`
warning: projects/HasseWeil/HasseWeil/HasseBound/SepDegreeWitnesses.lean:1623:2: Try this: 
  letI̵

The goal is a proposition, so `let` is preferred over `letI`.
The difference between `let` and `letI` is that `letI` inlines the value.
But this is not relevant for proofs because of proof irrelevance.

Note: This linter can be disabled with `set_option linter.style.haveILetI false`
warning: projects/HasseWeil/HasseWeil/HasseBound/SepDegreeWitnesses.lean:1697:2: Try this: 
  letI̵

The goal is a proposition, so `let` is preferred over `letI`.
The difference between `let` and `letI` is that `letI` inlines the value.
But this is not relevant for proofs because of proof irrelevance.

Note: This linter can be disabled with `set_option linter.style.haveILetI false`
warning: projects/HasseWeil/HasseWeil/HasseBound/SepDegreeWitnesses.lean:1698:2: Try this: 
  letI̵

The goal is a proposition, so `let` is preferred over `letI`.
The difference between `let` and `letI` is that `letI` inlines the value.
But this is not relevant for proofs because of proof irrelevance.

Note: This linter can be disabled with `set_option linter.style.haveILetI false`
warning: projects/HasseWeil/HasseWeil/HasseBound/SepDegreeWitnesses.lean:1699:2: Try this: 
  letI̵

The goal is a proposition, so `let` is preferred over `letI`.
The difference between `let` and `letI` is that `letI` inlines the value.
But this is not relevant for proofs because of proof irrelevance.

Note: This linter can be disabled with `set_option linter.style.haveILetI false`
warning: projects/HasseWeil/HasseWeil/HasseBound/SepDegreeWitnesses.lean:1700:2: Try this: 
  letI̵

The goal is a proposition, so `let` is preferred over `letI`.
The difference between `let` and `letI` is that `letI` inlines the value.
But this is not relevant for proofs because of proof irrelevance.

Note: This linter can be disabled with `set_option linter.style.haveILetI false`
warning: projects/HasseWeil/HasseWeil/HasseBound/SepDegreeWitnesses.lean:1701:2: Try this: 
  letI̵

The goal is a proposition, so `let` is preferred over `letI`.
The difference between `let` and `letI` is that `letI` inlines the value.
But this is not relevant for proofs because of proof irrelevance.

Note: This linter can be disabled with `set_option linter.style.haveILetI false`
warning: projects/HasseWeil/HasseWeil/HasseBound/SepDegreeWitnesses.lean:1715:2: Try this: 
  haveI̵

The goal is a proposition, so `have` is preferred over `haveI`.
The difference between `have` and `haveI` is that `haveI` inlines the value.
But this is not relevant for proofs because of proof irrelevance.

Note: This linter can be disabled with `set_option linter.style.haveILetI false`
warning: projects/HasseWeil/HasseWeil/HasseBound/SepDegreeWitnesses.lean:1718:2: Try this: 
  haveI̵

The goal is a proposition, so `have` is preferred over `haveI`.
The difference between `have` and `haveI` is that `haveI` inlines the value.
But this is not relevant for proofs because of proof irrelevance.

Note: This linter can be disabled with `set_option linter.style.haveILetI false`
warning: projects/HasseWeil/HasseWeil/HasseBound/SepDegreeWitnesses.lean:1721:2: Try this: 
  haveI̵

The goal is a proposition, so `have` is preferred over `haveI`.
The difference between `have` and `haveI` is that `haveI` inlines the value.
But this is not relevant for proofs because of proof irrelevance.

Note: This linter can be disabled with `set_option linter.style.haveILetI false`
warning: projects/HasseWeil/HasseWeil/HasseBound/SepDegreeWitnesses.lean:1725:2: Try this: 
  haveI̵

The goal is a proposition, so `have` is preferred over `haveI`.
The difference between `have` and `haveI` is that `haveI` inlines the value.
But this is not relevant for proofs because of proof irrelevance.

Note: This linter can be disabled with `set_option linter.style.haveILetI false`
warning: projects/HasseWeil/HasseWeil/HasseBound/SepDegreeWitnesses.lean:1773:2: Try this: 
  letI̵

The goal is a proposition, so `let` is preferred over `letI`.
The difference between `let` and `letI` is that `letI` inlines the value.
But this is not relevant for proofs because of proof irrelevance.

Note: This linter can be disabled with `set_option linter.style.haveILetI false`
warning: projects/HasseWeil/HasseWeil/HasseBound/SepDegreeWitnesses.lean:1774:2: Try this: 
  letI̵

The goal is a proposition, so `let` is preferred over `letI`.
The difference between `let` and `letI` is that `letI` inlines the value.
But this is not relevant for proofs because of proof irrelevance.

Note: This linter can be disabled with `set_option linter.style.haveILetI false`
warning: projects/HasseWeil/HasseWeil/HasseBound/SepDegreeWitnesses.lean:1775:2: Try this: 
  letI̵

The goal is a proposition, so `let` is preferred over `letI`.
The difference between `let` and `letI` is that `letI` inlines the value.
But this is not relevant for proofs because of proof irrelevance.

Note: This linter can be disabled with `set_option linter.style.haveILetI false`
warning: projects/HasseWeil/HasseWeil/HasseBound/SepDegreeWitnesses.lean:1776:2: Try this: 
  letI̵

The goal is a proposition, so `let` is preferred over `letI`.
The difference between `let` and `letI` is that `letI` inlines the value.
But this is not relevant for proofs because of proof irrelevance.

Note: This linter can be disabled with `set_option linter.style.haveILetI false`
warning: projects/HasseWeil/HasseWeil/HasseBound/SepDegreeWitnesses.lean:1777:2: Try this: 
  letI̵

The goal is a proposition, so `let` is preferred over `letI`.
The difference between `let` and `letI` is that `letI` inlines the value.
But this is not relevant for proofs because of proof irrelevance.

Note: This linter can be disabled with `set_option linter.style.haveILetI false`
warning: projects/HasseWeil/HasseWeil/HasseBound/SepDegreeWitnesses.lean:1852:2: Try this: 
  letI̵

The goal is a proposition, so `let` is preferred over `letI`.
The difference between `let` and `letI` is that `letI` inlines the value.
But this is not relevant for proofs because of proof irrelevance.

Note: This linter can be disabled with `set_option linter.style.haveILetI false`
warning: projects/HasseWeil/HasseWeil/HasseBound/SepDegreeWitnesses.lean:1853:2: Try this: 
  letI̵

The goal is a proposition, so `let` is preferred over `letI`.
The difference between `let` and `letI` is that `letI` inlines the value.
But this is not relevant for proofs because of proof irrelevance.

Note: This linter can be disabled with `set_option linter.style.haveILetI false`
warning: projects/HasseWeil/HasseWeil/HasseBound/SepDegreeWitnesses.lean:1854:2: Try this: 
  letI̵

The goal is a proposition, so `let` is preferred over `letI`.
The difference between `let` and `letI` is that `letI` inlines the value.
But this is not relevant for proofs because of proof irrelevance.

Note: This linter can be disabled with `set_option linter.style.haveILetI false`
warning: projects/HasseWeil/HasseWeil/HasseBound/SepDegreeWitnesses.lean:1855:2: Try this: 
  letI̵

The goal is a proposition, so `let` is preferred over `letI`.
The difference between `let` and `letI` is that `letI` inlines the value.
But this is not relevant for proofs because of proof irrelevance.

Note: This linter can be disabled with `set_option linter.style.haveILetI false`
warning: projects/HasseWeil/HasseWeil/HasseBound/SepDegreeWitnesses.lean:1856:2: Try this: 
  letI̵

The goal is a proposition, so `let` is preferred over `letI`.
The difference between `let` and `letI` is that `letI` inlines the value.
But this is not relevant for proofs because of proof irrelevance.

Note: This linter can be disabled with `set_option linter.style.haveILetI false`
warning: projects/HasseWeil/HasseWeil/HasseBound/SepDegreeWitnesses.lean:1929:2: Try this: 
  letI̵

The goal is a proposition, so `let` is preferred over `letI`.
The difference between `let` and `letI` is that `letI` inlines the value.
But this is not relevant for proofs because of proof irrelevance.

Note: This linter can be disabled with `set_option linter.style.haveILetI false`
warning: projects/HasseWeil/HasseWeil/HasseBound/SepDegreeWitnesses.lean:1930:2: Try this: 
  letI̵

The goal is a proposition, so `let` is preferred over `letI`.
The difference between `let` and `letI` is that `letI` inlines the value.
But this is not relevant for proofs because of proof irrelevance.

Note: This linter can be disabled with `set_option linter.style.haveILetI false`
warning: projects/HasseWeil/HasseWeil/HasseBound/SepDegreeWitnesses.lean:1931:2: Try this: 
  letI̵

The goal is a proposition, so `let` is preferred over `letI`.
The difference between `let` and `letI` is that `letI` inlines the value.
But this is not relevant for proofs because of proof irrelevance.

Note: This linter can be disabled with `set_option linter.style.haveILetI false`
warning: projects/HasseWeil/HasseWeil/HasseBound/SepDegreeWitnesses.lean:1932:2: Try this: 
  letI̵

The goal is a proposition, so `let` is preferred over `letI`.
The difference between `let` and `letI` is that `letI` inlines the value.
But this is not relevant for proofs because of proof irrelevance.

Note: This linter can be disabled with `set_option linter.style.haveILetI false`
warning: projects/HasseWeil/HasseWeil/HasseBound/SepDegreeWitnesses.lean:1933:2: Try this: 
  letI̵

The goal is a proposition, so `let` is preferred over `letI`.
The difference between `let` and `letI` is that `letI` inlines the value.
But this is not relevant for proofs because of proof irrelevance.

Note: This linter can be disabled with `set_option linter.style.haveILetI false`
warning: projects/HasseWeil/HasseWeil/HasseBound/SepDegreeWitnesses.lean:1944:2: Try this: 
  haveI̵

The goal is a proposition, so `have` is preferred over `haveI`.
The difference between `have` and `haveI` is that `haveI` inlines the value.
But this is not relevant for proofs because of proof irrelevance.

Note: This linter can be disabled with `set_option linter.style.haveILetI false`
warning: projects/HasseWeil/HasseWeil/HasseBound/SepDegreeWitnesses.lean:2010:2: Try this: 
  letI̵

The goal is a proposition, so `let` is preferred over `letI`.
The difference between `let` and `letI` is that `letI` inlines the value.
But this is not relevant for proofs because of proof irrelevance.

Note: This linter can be disabled with `set_option linter.style.haveILetI false`
warning: projects/HasseWeil/HasseWeil/HasseBound/SepDegreeWitnesses.lean:2011:2: Try this: 
  letI̵

The goal is a proposition, so `let` is preferred over `letI`.
The difference between `let` and `letI` is that `letI` inlines the value.
But this is not relevant for proofs because of proof irrelevance.

Note: This linter can be disabled with `set_option linter.style.haveILetI false`
warning: projects/HasseWeil/HasseWeil/HasseBound/SepDegreeWitnesses.lean:2012:2: Try this: 
  letI̵

The goal is a proposition, so `let` is preferred over `letI`.
The difference between `let` and `letI` is that `letI` inlines the value.
But this is not relevant for proofs because of proof irrelevance.

Note: This linter can be disabled with `set_option linter.style.haveILetI false`
warning: projects/HasseWeil/HasseWeil/HasseBound/SepDegreeWitnesses.lean:2013:2: Try this: 
  letI̵

The goal is a proposition, so `let` is preferred over `letI`.
The difference between `let` and `letI` is that `letI` inlines the value.
But this is not relevant for proofs because of proof irrelevance.

Note: This linter can be disabled with `set_option linter.style.haveILetI false`
warning: projects/HasseWeil/HasseWeil/HasseBound/SepDegreeWitnesses.lean:2014:2: Try this: 
  letI̵

The goal is a proposition, so `let` is preferred over `letI`.
The difference between `let` and `letI` is that `letI` inlines the value.
But this is not relevant for proofs because of proof irrelevance.

Note: This linter can be disabled with `set_option linter.style.haveILetI false`
warning: projects/HasseWeil/HasseWeil/HasseBound/SepDegreeWitnesses.lean:2055:2: Try this: 
  letI̵

The goal is a proposition, so `let` is preferred over `letI`.
The difference between `let` and `letI` is that `letI` inlines the value.
But this is not relevant for proofs because of proof irrelevance.

Note: This linter can be disabled with `set_option linter.style.haveILetI false`
warning: projects/HasseWeil/HasseWeil/HasseBound/SepDegreeWitnesses.lean:2056:2: Try this: 
  letI̵

The goal is a proposition, so `let` is preferred over `letI`.
The difference between `let` and `letI` is that `letI` inlines the value.
But this is not relevant for proofs because of proof irrelevance.

Note: This linter can be disabled with `set_option linter.style.haveILetI false`
warning: projects/HasseWeil/HasseWeil/HasseBound/SepDegreeWitnesses.lean:2057:2: Try this: 
  letI̵

The goal is a proposition, so `let` is preferred over `letI`.
The difference between `let` and `letI` is that `letI` inlines the value.
But this is not relevant for proofs because of proof irrelevance.

Note: This linter can be disabled with `set_option linter.style.haveILetI false`
warning: projects/HasseWeil/HasseWeil/HasseBound/SepDegreeWitnesses.lean:2058:2: Try this: 
  letI̵

The goal is a proposition, so `let` is preferred over `letI`.
The difference between `let` and `letI` is that `letI` inlines the value.
But this is not relevant for proofs because of proof irrelevance.

Note: This linter can be disabled with `set_option linter.style.haveILetI false`
warning: projects/HasseWeil/HasseWeil/HasseBound/SepDegreeWitnesses.lean:2059:2: Try this: 
  letI̵

The goal is a proposition, so `let` is preferred over `letI`.
The difference between `let` and `letI` is that `letI` inlines the value.
But this is not relevant for proofs because of proof irrelevance.

Note: This linter can be disabled with `set_option linter.style.haveILetI false`
warning: projects/HasseWeil/HasseWeil/HasseBound/SepDegreeWitnesses.lean:2075:2: Try this: 
  haveI̵

The goal is a proposition, so `have` is preferred over `haveI`.
The difference between `have` and `haveI` is that `haveI` inlines the value.
But this is not relevant for proofs because of proof irrelevance.

Note: This linter can be disabled with `set_option linter.style.haveILetI false`
warning: projects/HasseWeil/HasseWeil/HasseBound/SepDegreeWitnesses.lean:2180:2: Try this: 
  letI̵

The goal is a proposition, so `let` is preferred over `letI`.
The difference between `let` and `letI` is that `letI` inlines the value.
But this is not relevant for proofs because of proof irrelevance.

Note: This linter can be disabled with `set_option linter.style.haveILetI false`
warning: projects/HasseWeil/HasseWeil/HasseBound/SepDegreeWitnesses.lean:2181:2: Try this: 
  letI̵

The goal is a proposition, so `let` is preferred over `letI`.
The difference between `let` and `letI` is that `letI` inlines the value.
But this is not relevant for proofs because of proof irrelevance.

Note: This linter can be disabled with `set_option linter.style.haveILetI false`
warning: projects/HasseWeil/HasseWeil/HasseBound/SepDegreeWitnesses.lean:2182:2: Try this: 
  letI̵

The goal is a proposition, so `let` is preferred over `letI`.
The difference between `let` and `letI` is that `letI` inlines the value.
But this is not relevant for proofs because of proof irrelevance.

Note: This linter can be disabled with `set_option linter.style.haveILetI false`
warning: projects/HasseWeil/HasseWeil/HasseBound/SepDegreeWitnesses.lean:2183:2: Try this: 
  letI̵

The goal is a proposition, so `let` is preferred over `letI`.
The difference between `let` and `letI` is that `letI` inlines the value.
But this is not relevant for proofs because of proof irrelevance.

Note: This linter can be disabled with `set_option linter.style.haveILetI false`
warning: projects/HasseWeil/HasseWeil/HasseBound/SepDegreeWitnesses.lean:2184:2: Try this: 
  letI̵

The goal is a proposition, so `let` is preferred over `letI`.
The difference between `let` and `letI` is that `letI` inlines the value.
But this is not relevant for proofs because of proof irrelevance.

Note: This linter can be disabled with `set_option linter.style.haveILetI false`
warning: projects/HasseWeil/HasseWeil/HasseBound/SepDegreeWitnesses.lean:2253:2: Try this: 
  letI̵

The goal is a proposition, so `let` is preferred over `letI`.
The difference between `let` and `letI` is that `letI` inlines the value.
But this is not relevant for proofs because of proof irrelevance.

Note: This linter can be disabled with `set_option linter.style.haveILetI false`
warning: projects/HasseWeil/HasseWeil/HasseBound/SepDegreeWitnesses.lean:2254:2: Try this: 
  letI̵

The goal is a proposition, so `let` is preferred over `letI`.
The difference between `let` and `letI` is that `letI` inlines the value.
But this is not relevant for proofs because of proof irrelevance.

Note: This linter can be disabled with `set_option linter.style.haveILetI false`
warning: projects/HasseWeil/HasseWeil/HasseBound/SepDegreeWitnesses.lean:2255:2: Try this: 
  letI̵

The goal is a proposition, so `let` is preferred over `letI`.
The difference between `let` and `letI` is that `letI` inlines the value.
But this is not relevant for proofs because of proof irrelevance.

Note: This linter can be disabled with `set_option linter.style.haveILetI false`
warning: projects/HasseWeil/HasseWeil/HasseBound/SepDegreeWitnesses.lean:2256:2: Try this: 
  letI̵

The goal is a proposition, so `let` is preferred over `letI`.
The difference between `let` and `letI` is that `letI` inlines the value.
But this is not relevant for proofs because of proof irrelevance.

Note: This linter can be disabled with `set_option linter.style.haveILetI false`
warning: projects/HasseWeil/HasseWeil/HasseBound/SepDegreeWitnesses.lean:2257:2: Try this: 
  letI̵

The goal is a proposition, so `let` is preferred over `letI`.
The difference between `let` and `letI` is that `letI` inlines the value.
But this is not relevant for proofs because of proof irrelevance.

Note: This linter can be disabled with `set_option linter.style.haveILetI false`
warning: projects/HasseWeil/HasseWeil/HasseBound/SepDegreeWitnesses.lean:2318:2: Try this: 
  letI̵

The goal is a proposition, so `let` is preferred over `letI`.
The difference between `let` and `letI` is that `letI` inlines the value.
But this is not relevant for proofs because of proof irrelevance.

Note: This linter can be disabled with `set_option linter.style.haveILetI false`
warning: projects/HasseWeil/HasseWeil/HasseBound/SepDegreeWitnesses.lean:2319:2: Try this: 
  letI̵

The goal is a proposition, so `let` is preferred over `letI`.
The difference between `let` and `letI` is that `letI` inlines the value.
But this is not relevant for proofs because of proof irrelevance.

Note: This linter can be disabled with `set_option linter.style.haveILetI false`
warning: projects/HasseWeil/HasseWeil/HasseBound/SepDegreeWitnesses.lean:2320:2: Try this: 
  letI̵

The goal is a proposition, so `let` is preferred over `letI`.
The difference between `let` and `letI` is that `letI` inlines the value.
But this is not relevant for proofs because of proof irrelevance.

Note: This linter can be disabled with `set_option linter.style.haveILetI false`
warning: projects/HasseWeil/HasseWeil/HasseBound/SepDegreeWitnesses.lean:2321:2: Try this: 
  letI̵

The goal is a proposition, so `let` is preferred over `letI`.
The difference between `let` and `letI` is that `letI` inlines the value.
But this is not relevant for proofs because of proof irrelevance.

Note: This linter can be disabled with `set_option linter.style.haveILetI false`
warning: projects/HasseWeil/HasseWeil/HasseBound/SepDegreeWitnesses.lean:2375:2: Try this: 
  letI̵

The goal is a proposition, so `let` is preferred over `letI`.
The difference between `let` and `letI` is that `letI` inlines the value.
But this is not relevant for proofs because of proof irrelevance.

Note: This linter can be disabled with `set_option linter.style.haveILetI false`
warning: projects/HasseWeil/HasseWeil/HasseBound/SepDegreeWitnesses.lean:2376:2: Try this: 
  letI̵

The goal is a proposition, so `let` is preferred over `letI`.
The difference between `let` and `letI` is that `letI` inlines the value.
But this is not relevant for proofs because of proof irrelevance.

Note: This linter can be disabled with `set_option linter.style.haveILetI false`
warning: projects/HasseWeil/HasseWeil/HasseBound/SepDegreeWitnesses.lean:2377:2: Try this: 
  letI̵

The goal is a proposition, so `let` is preferred over `letI`.
The difference between `let` and `letI` is that `letI` inlines the value.
But this is not relevant for proofs because of proof irrelevance.

Note: This linter can be disabled with `set_option linter.style.haveILetI false`
warning: projects/HasseWeil/HasseWeil/HasseBound/SepDegreeWitnesses.lean:2378:2: Try this: 
  letI̵

The goal is a proposition, so `let` is preferred over `letI`.
The difference between `let` and `letI` is that `letI` inlines the value.
But this is not relevant for proofs because of proof irrelevance.

Note: This linter can be disabled with `set_option linter.style.haveILetI false`
warning: projects/HasseWeil/HasseWeil/HasseBound/SepDegreeWitnesses.lean:2447:2: Try this: 
  letI̵

The goal is a proposition, so `let` is preferred over `letI`.
The difference between `let` and `letI` is that `letI` inlines the value.
But this is not relevant for proofs because of proof irrelevance.

Note: This linter can be disabled with `set_option linter.style.haveILetI false`
warning: projects/HasseWeil/HasseWeil/HasseBound/SepDegreeWitnesses.lean:2448:2: Try this: 
  letI̵

The goal is a proposition, so `let` is preferred over `letI`.
The difference between `let` and `letI` is that `letI` inlines the value.
But this is not relevant for proofs because of proof irrelevance.

Note: This linter can be disabled with `set_option linter.style.haveILetI false`
warning: projects/HasseWeil/HasseWeil/HasseBound/SepDegreeWitnesses.lean:2496:2: Try this: 
  letI̵

The goal is a proposition, so `let` is preferred over `letI`.
The difference between `let` and `letI` is that `letI` inlines the value.
But this is not relevant for proofs because of proof irrelevance.

Note: This linter can be disabled with `set_option linter.style.haveILetI false`
warning: projects/HasseWeil/HasseWeil/HasseBound/SepDegreeWitnesses.lean:2497:2: Try this: 
  letI̵

The goal is a proposition, so `let` is preferred over `letI`.
The difference between `let` and `letI` is that `letI` inlines the value.
But this is not relevant for proofs because of proof irrelevance.

Note: This linter can be disabled with `set_option linter.style.haveILetI false`
warning: projects/HasseWeil/HasseWeil/HasseBound/SepDegreeWitnesses.lean:2498:2: Try this: 
  letI̵

The goal is a proposition, so `let` is preferred over `letI`.
The difference between `let` and `letI` is that `letI` inlines the value.
But this is not relevant for proofs because of proof irrelevance.

Note: This linter can be disabled with `set_option linter.style.haveILetI false`
warning: projects/HasseWeil/HasseWeil/HasseBound/SepDegreeWitnesses.lean:2499:2: Try this: 
  letI̵

The goal is a proposition, so `let` is preferred over `letI`.
The difference between `let` and `letI` is that `letI` inlines the value.
But this is not relevant for proofs because of proof irrelevance.

Note: This linter can be disabled with `set_option linter.style.haveILetI false`
warning: projects/HasseWeil/HasseWeil/HasseBound/SepDegreeWitnesses.lean:2500:2: Try this: 
  letI̵

The goal is a proposition, so `let` is preferred over `letI`.
The difference between `let` and `letI` is that `letI` inlines the value.
But this is not relevant for proofs because of proof irrelevance.

Note: This linter can be disabled with `set_option linter.style.haveILetI false`
warning: projects/HasseWeil/HasseWeil/HasseBound/SepDegreeWitnesses.lean:2557:2: Try this: 
  letI̵

The goal is a proposition, so `let` is preferred over `letI`.
The difference between `let` and `letI` is that `letI` inlines the value.
But this is not relevant for proofs because of proof irrelevance.

Note: This linter can be disabled with `set_option linter.style.haveILetI false`
warning: projects/HasseWeil/HasseWeil/HasseBound/SepDegreeWitnesses.lean:2558:2: Try this: 
  letI̵

The goal is a proposition, so `let` is preferred over `letI`.
The difference between `let` and `letI` is that `letI` inlines the value.
But this is not relevant for proofs because of proof irrelevance.

Note: This linter can be disabled with `set_option linter.style.haveILetI false`
warning: projects/HasseWeil/HasseWeil/HasseBound/SepDegreeWitnesses.lean:2559:2: Try this: 
  letI̵

The goal is a proposition, so `let` is preferred over `letI`.
The difference between `let` and `letI` is that `letI` inlines the value.
But this is not relevant for proofs because of proof irrelevance.

Note: This linter can be disabled with `set_option linter.style.haveILetI false`
warning: projects/HasseWeil/HasseWeil/HasseBound/SepDegreeWitnesses.lean:2560:2: Try this: 
  letI̵

The goal is a proposition, so `let` is preferred over `letI`.
The difference between `let` and `letI` is that `letI` inlines the value.
But this is not relevant for proofs because of proof irrelevance.

Note: This linter can be disabled with `set_option linter.style.haveILetI false`
warning: projects/HasseWeil/HasseWeil/HasseBound/SepDegreeWitnesses.lean:2561:2: Try this: 
  letI̵

The goal is a proposition, so `let` is preferred over `letI`.
The difference between `let` and `letI` is that `letI` inlines the value.
But this is not relevant for proofs because of proof irrelevance.

Note: This linter can be disabled with `set_option linter.style.haveILetI false`
warning: projects/HasseWeil/HasseWeil/HasseBound/SepDegreeWitnesses.lean:2562:2: Try this: 
  letI̵

The goal is a proposition, so `let` is preferred over `letI`.
The difference between `let` and `letI` is that `letI` inlines the value.
But this is not relevant for proofs because of proof irrelevance.

Note: This linter can be disabled with `set_option linter.style.haveILetI false`
warning: projects/HasseWeil/HasseWeil/HasseBound/SepDegreeWitnesses.lean:2563:2: Try this: 
  letI̵

The goal is a proposition, so `let` is preferred over `letI`.
The difference between `let` and `letI` is that `letI` inlines the value.
But this is not relevant for proofs because of proof irrelevance.

Note: This linter can be disabled with `set_option linter.style.haveILetI false`
warning: projects/HasseWeil/HasseWeil/HasseBound/SepDegreeWitnesses.lean:2641:6: Try this: 
  haveI̵

The goal is a proposition, so `have` is preferred over `haveI`.
The difference between `have` and `haveI` is that `haveI` inlines the value.
But this is not relevant for proofs because of proof irrelevance.

Note: This linter can be disabled with `set_option linter.style.haveILetI false`
warning: projects/HasseWeil/HasseWeil/HasseBound/SepDegreeWitnesses.lean:2680:6: Try this: 
  haveI̵

The goal is a proposition, so `have` is preferred over `haveI`.
The difference between `have` and `haveI` is that `haveI` inlines the value.
But this is not relevant for proofs because of proof irrelevance.

Note: This linter can be disabled with `set_option linter.style.haveILetI false`
warning: projects/HasseWeil/HasseWeil/HasseBound/SepDegreeWitnesses.lean:2749:2: Try this: 
  letI̵

The goal is a proposition, so `let` is preferred over `letI`.
The difference between `let` and `letI` is that `letI` inlines the value.
But this is not relevant for proofs because of proof irrelevance.

Note: This linter can be disabled with `set_option linter.style.haveILetI false`
warning: projects/HasseWeil/HasseWeil/HasseBound/SepDegreeWitnesses.lean:2750:2: Try this: 
  letI̵

The goal is a proposition, so `let` is preferred over `letI`.
The difference between `let` and `letI` is that `letI` inlines the value.
But this is not relevant for proofs because of proof irrelevance.

Note: This linter can be disabled with `set_option linter.style.haveILetI false`
warning: projects/HasseWeil/HasseWeil/HasseBound/SepDegreeWitnesses.lean:2755:2: Try this: 
  haveI̵

The goal is a proposition, so `have` is preferred over `haveI`.
The difference between `have` and `haveI` is that `haveI` inlines the value.
But this is not relevant for proofs because of proof irrelevance.

Note: This linter can be disabled with `set_option linter.style.haveILetI false`
warning: projects/HasseWeil/HasseWeil/HasseBound/SepDegreeWitnesses.lean:2819:2: Try this: 
  letI̵

The goal is a proposition, so `let` is preferred over `letI`.
The difference between `let` and `letI` is that `letI` inlines the value.
But this is not relevant for proofs because of proof irrelevance.

Note: This linter can be disabled with `set_option linter.style.haveILetI false`
warning: projects/HasseWeil/HasseWeil/HasseBound/SepDegreeWitnesses.lean:2820:2: Try this: 
  letI̵

The goal is a proposition, so `let` is preferred over `letI`.
The difference between `let` and `letI` is that `letI` inlines the value.
But this is not relevant for proofs because of proof irrelevance.

Note: This linter can be disabled with `set_option linter.style.haveILetI false`
warning: projects/HasseWeil/HasseWeil/HasseBound/SepDegreeWitnesses.lean:2821:2: Try this: 
  haveI̵

The goal is a proposition, so `have` is preferred over `haveI`.
The difference between `have` and `haveI` is that `haveI` inlines the value.
But this is not relevant for proofs because of proof irrelevance.

Note: This linter can be disabled with `set_option linter.style.haveILetI false`
warning: projects/HasseWeil/HasseWeil/HasseBound/SepDegreeWitnesses.lean:2884:2: Try this: 
  haveI̵

The goal is a proposition, so `have` is preferred over `haveI`.
The difference between `have` and `haveI` is that `haveI` inlines the value.
But this is not relevant for proofs because of proof irrelevance.

Note: This linter can be disabled with `set_option linter.style.haveILetI false`
warning: projects/HasseWeil/HasseWeil/HasseBound/SepDegreeWitnesses.lean:2885:2: Try this: 
  haveI̵

The goal is a proposition, so `have` is preferred over `haveI`.
The difference between `have` and `haveI` is that `haveI` inlines the value.
But this is not relevant for proofs because of proof irrelevance.

Note: This linter can be disabled with `set_option linter.style.haveILetI false`
warning: projects/HasseWeil/HasseWeil/HasseBound/SepDegreeWitnesses.lean:3025:2: Try this: 
  letI̵

The goal is a proposition, so `let` is preferred over `letI`.
The difference between `let` and `letI` is that `letI` inlines the value.
But this is not relevant for proofs because of proof irrelevance.

Note: This linter can be disabled with `set_option linter.style.haveILetI false`
warning: projects/HasseWeil/HasseWeil/HasseBound/SepDegreeWitnesses.lean:3026:2: Try this: 
  letI̵

The goal is a proposition, so `let` is preferred over `letI`.
The difference between `let` and `letI` is that `letI` inlines the value.
But this is not relevant for proofs because of proof irrelevance.

Note: This linter can be disabled with `set_option linter.style.haveILetI false`
warning: projects/HasseWeil/HasseWeil/HasseBound/SepDegreeWitnesses.lean:3027:2: Try this: 
  letI̵

The goal is a proposition, so `let` is preferred over `letI`.
The difference between `let` and `letI` is that `letI` inlines the value.
But this is not relevant for proofs because of proof irrelevance.

Note: This linter can be disabled with `set_option linter.style.haveILetI false`
warning: projects/HasseWeil/HasseWeil/HasseBound/SepDegreeWitnesses.lean:3028:2: Try this: 
  haveI̵

The goal is a proposition, so `have` is preferred over `haveI`.
The difference between `have` and `haveI` is that `haveI` inlines the value.
But this is not relevant for proofs because of proof irrelevance.

Note: This linter can be disabled with `set_option linter.style.haveILetI false`
warning: projects/HasseWeil/HasseWeil/HasseBound/SepDegreeWitnesses.lean:3111:9: `Ideal.inertiaDeg'` has been deprecated: Use `Ideal.inertiaDeg` instead.
warning: projects/HasseWeil/HasseWeil/HasseBound/SepDegreeWitnesses.lean:3120:2: Try this: 
  letI̵

The goal is a proposition, so `let` is preferred over `letI`.
The difference between `let` and `letI` is that `letI` inlines the value.
But this is not relevant for proofs because of proof irrelevance.

Note: This linter can be disabled with `set_option linter.style.haveILetI false`
warning: projects/HasseWeil/HasseWeil/HasseBound/SepDegreeWitnesses.lean:3121:2: Try this: 
  letI̵

The goal is a proposition, so `let` is preferred over `letI`.
The difference between `let` and `letI` is that `letI` inlines the value.
But this is not relevant for proofs because of proof irrelevance.

Note: This linter can be disabled with `set_option linter.style.haveILetI false`
warning: projects/HasseWeil/HasseWeil/HasseBound/SepDegreeWitnesses.lean:3122:2: Try this: 
  letI̵

The goal is a proposition, so `let` is preferred over `letI`.
The difference between `let` and `letI` is that `letI` inlines the value.
But this is not relevant for proofs because of proof irrelevance.

Note: This linter can be disabled with `set_option linter.style.haveILetI false`
warning: projects/HasseWeil/HasseWeil/HasseBound/SepDegreeWitnesses.lean:3123:2: Try this: 
  letI̵

The goal is a proposition, so `let` is preferred over `letI`.
The difference between `let` and `letI` is that `letI` inlines the value.
But this is not relevant for proofs because of proof irrelevance.

Note: This linter can be disabled with `set_option linter.style.haveILetI false`
warning: projects/HasseWeil/HasseWeil/HasseBound/SepDegreeWitnesses.lean:3124:2: Try this: 
  letI̵

The goal is a proposition, so `let` is preferred over `letI`.
The difference between `let` and `letI` is that `letI` inlines the value.
But this is not relevant for proofs because of proof irrelevance.

Note: This linter can be disabled with `set_option linter.style.haveILetI false`
warning: projects/HasseWeil/HasseWeil/HasseBound/SepDegreeWitnesses.lean:3125:2: Try this: 
  letI̵

The goal is a proposition, so `let` is preferred over `letI`.
The difference between `let` and `letI` is that `letI` inlines the value.
But this is not relevant for proofs because of proof irrelevance.

Note: This linter can be disabled with `set_option linter.style.haveILetI false`
warning: projects/HasseWeil/HasseWeil/HasseBound/SepDegreeWitnesses.lean:3126:2: Try this: 
  haveI̵

The goal is a proposition, so `have` is preferred over `haveI`.
The difference between `have` and `haveI` is that `haveI` inlines the value.
But this is not relevant for proofs because of proof irrelevance.

Note: This linter can be disabled with `set_option linter.style.haveILetI false`
warning: projects/HasseWeil/HasseWeil/HasseBound/SepDegreeWitnesses.lean:3127:2: Try this: 
  haveI̵

The goal is a proposition, so `have` is preferred over `haveI`.
The difference between `have` and `haveI` is that `haveI` inlines the value.
But this is not relevant for proofs because of proof irrelevance.

Note: This linter can be disabled with `set_option linter.style.haveILetI false`
warning: projects/HasseWeil/HasseWeil/HasseBound/SepDegreeWitnesses.lean:3128:2: Try this: 
  haveI̵

The goal is a proposition, so `have` is preferred over `haveI`.
The difference between `have` and `haveI` is that `haveI` inlines the value.
But this is not relevant for proofs because of proof irrelevance.

Note: This linter can be disabled with `set_option linter.style.haveILetI false`
warning: projects/HasseWeil/HasseWeil/HasseBound/SepDegreeWitnesses.lean:3129:2: Try this: 
  haveI̵

The goal is a proposition, so `have` is preferred over `haveI`.
The difference between `have` and `haveI` is that `haveI` inlines the value.
But this is not relevant for proofs because of proof irrelevance.

Note: This linter can be disabled with `set_option linter.style.haveILetI false`
warning: projects/HasseWeil/HasseWeil/HasseBound/SepDegreeWitnesses.lean:3130:2: Try this: 
  haveI̵

The goal is a proposition, so `have` is preferred over `haveI`.
The difference between `have` and `haveI` is that `haveI` inlines the value.
But this is not relevant for proofs because of proof irrelevance.

Note: This linter can be disabled with `set_option linter.style.haveILetI false`
warning: projects/HasseWeil/HasseWeil/HasseBound/SepDegreeWitnesses.lean:3160:2: Try this: 
  haveI̵

The goal is a proposition, so `have` is preferred over `haveI`.
The difference between `have` and `haveI` is that `haveI` inlines the value.
But this is not relevant for proofs because of proof irrelevance.

Note: This linter can be disabled with `set_option linter.style.haveILetI false`
warning: projects/HasseWeil/HasseWeil/HasseBound/SepDegreeWitnesses.lean:3171:12: `Ideal.inertiaDeg'` has been deprecated: Use `Ideal.inertiaDeg` instead.
warning: projects/HasseWeil/HasseWeil/HasseBound/SepDegreeWitnesses.lean:3176:6: Try this: 
  haveI̵

The goal is a proposition, so `have` is preferred over `haveI`.
The difference between `have` and `haveI` is that `haveI` inlines the value.
But this is not relevant for proofs because of proof irrelevance.

Note: This linter can be disabled with `set_option linter.style.haveILetI false`
warning: projects/HasseWeil/HasseWeil/HasseBound/SepDegreeWitnesses.lean:3177:6: Try this: 
  haveI̵

The goal is a proposition, so `have` is preferred over `haveI`.
The difference between `have` and `haveI` is that `haveI` inlines the value.
But this is not relevant for proofs because of proof irrelevance.

Note: This linter can be disabled with `set_option linter.style.haveILetI false`
warning: projects/HasseWeil/HasseWeil/HasseBound/SepDegreeWitnesses.lean:3178:12: `Ideal.inertiaDeg'_pos` has been deprecated: Use `Ideal.inertiaDeg_pos` instead.
warning: projects/HasseWeil/HasseWeil/HasseBound/SepDegreeWitnesses.lean:3186:14: `Ideal.inertiaDeg'` has been deprecated: Use `Ideal.inertiaDeg` instead.
warning: projects/HasseWeil/HasseWeil/HasseBound/SepDegreeWitnesses.lean:3231:0: automatically included section variable(s) unused in theorem `HasseWeil.ker_oneSubGeomFrobHom_setOfFixed_card_eq_pointCount`:
  [DecidableEq K]
consider restructuring your `variable` declarations so that the variables are not in scope or explicitly omit them:
  omit [DecidableEq K] in theorem ...

Note: This linter can be disabled with `set_option linter.unusedSectionVars false`
warning: projects/HasseWeil/HasseWeil/HasseBound/SepDegreeWitnesses.lean:3290:0: automatically included section variable(s) unused in theorem `HasseWeil.geomPoles_oneSubFrob_eq_ker_setOfFixed`:
  [DecidableEq K]
consider restructuring your `variable` declarations so that the variables are not in scope or explicitly omit them:
  omit [DecidableEq K] in theorem ...

Note: This linter can be disabled with `set_option linter.unusedSectionVars false`
warning: projects/HasseWeil/HasseWeil/HasseBound/SepDegreeWitnesses.lean:3342:9: `Ideal.inertiaDeg'` has been deprecated: Use `Ideal.inertiaDeg` instead.
warning: projects/HasseWeil/HasseWeil/HasseBound/SepDegreeWitnesses.lean:3350:7: `Ideal.inertiaDeg'` has been deprecated: Use `Ideal.inertiaDeg` instead.
warning: projects/HasseWeil/HasseWeil/HasseBound/SepDegreeWitnesses.lean:3400:2: Try this: 
  letI̵

The goal is a proposition, so `let` is preferred over `letI`.
The difference between `let` and `letI` is that `letI` inlines the value.
But this is not relevant for proofs because of proof irrelevance.

Note: This linter can be disabled with `set_option linter.style.haveILetI false`
warning: projects/HasseWeil/HasseWeil/HasseBound/SepDegreeWitnesses.lean:3401:2: Try this: 
  letI̵

The goal is a proposition, so `let` is preferred over `letI`.
The difference between `let` and `letI` is that `letI` inlines the value.
But this is not relevant for proofs because of proof irrelevance.

Note: This linter can be disabled with `set_option linter.style.haveILetI false`
warning: projects/HasseWeil/HasseWeil/HasseBound/SepDegreeWitnesses.lean:3402:2: Try this: 
  letI̵

The goal is a proposition, so `let` is preferred over `letI`.
The difference between `let` and `letI` is that `letI` inlines the value.
But this is not relevant for proofs because of proof irrelevance.

Note: This linter can be disabled with `set_option linter.style.haveILetI false`
warning: projects/HasseWeil/HasseWeil/HasseBound/SepDegreeWitnesses.lean:3404:2: Try this: 
  letI̵

The goal is a proposition, so `let` is preferred over `letI`.
The difference between `let` and `letI` is that `letI` inlines the value.
But this is not relevant for proofs because of proof irrelevance.

Note: This linter can be disabled with `set_option linter.style.haveILetI false`
warning: projects/HasseWeil/HasseWeil/HasseBound/SepDegreeWitnesses.lean:3469:2: Try this: 
  letI̵

The goal is a proposition, so `let` is preferred over `letI`.
The difference between `let` and `letI` is that `letI` inlines the value.
But this is not relevant for proofs because of proof irrelevance.

Note: This linter can be disabled with `set_option linter.style.haveILetI false`
warning: projects/HasseWeil/HasseWeil/HasseBound/SepDegreeWitnesses.lean:3470:2: Try this: 
  letI̵

The goal is a proposition, so `let` is preferred over `letI`.
The difference between `let` and `letI` is that `letI` inlines the value.
But this is not relevant for proofs because of proof irrelevance.

Note: This linter can be disabled with `set_option linter.style.haveILetI false`
warning: projects/HasseWeil/HasseWeil/HasseBound/SepDegreeWitnesses.lean:3471:2: Try this: 
  letI̵

The goal is a proposition, so `let` is preferred over `letI`.
The difference between `let` and `letI` is that `letI` inlines the value.
But this is not relevant for proofs because of proof irrelevance.

Note: This linter can be disabled with `set_option linter.style.haveILetI false`
warning: projects/HasseWeil/HasseWeil/HasseBound/SepDegreeWitnesses.lean:3472:2: Try this: 
  letI̵

The goal is a proposition, so `let` is preferred over `letI`.
The difference between `let` and `letI` is that `letI` inlines the value.
But this is not relevant for proofs because of proof irrelevance.

Note: This linter can be disabled with `set_option linter.style.haveILetI false`
warning: projects/HasseWeil/HasseWeil/HasseBound/SepDegreeWitnesses.lean:3478:2: Try this: 
  haveI̵

The goal is a proposition, so `have` is preferred over `haveI`.
The difference between `have` and `haveI` is that `haveI` inlines the value.
But this is not relevant for proofs because of proof irrelevance.

Note: This linter can be disabled with `set_option linter.style.haveILetI false`
warning: projects/HasseWeil/HasseWeil/HasseBound/SepDegreeWitnesses.lean:3481:2: Try this: 
  haveI̵

The goal is a proposition, so `have` is preferred over `haveI`.
The difference between `have` and `haveI` is that `haveI` inlines the value.
But this is not relevant for proofs because of proof irrelevance.

Note: This linter can be disabled with `set_option linter.style.haveILetI false`
warning: projects/HasseWeil/HasseWeil/HasseBound/SepDegreeWitnesses.lean:3485:2: Try this: 
  letI̵

The goal is a proposition, so `let` is preferred over `letI`.
The difference between `let` and `letI` is that `letI` inlines the value.
But this is not relevant for proofs because of proof irrelevance.

Note: This linter can be disabled with `set_option linter.style.haveILetI false`
warning: projects/HasseWeil/HasseWeil/HasseBound/SepDegreeWitnesses.lean:3493:17: `Ideal.inertiaDeg'_pos` has been deprecated: Use `Ideal.inertiaDeg_pos` instead.
warning: projects/HasseWeil/HasseWeil/HasseBound/SepDegreeWitnesses.lean:3494:9: `Ideal.inertiaDeg'_algebraMap` has been deprecated: Use `Ideal.inertiaDeg_eq_of_isMaximal` instead.
warning: projects/HasseWeil/HasseWeil/HasseBound/SepDegreeWitnesses.lean:3532:4: `Ideal.inertiaDeg'` has been deprecated: Use `Ideal.inertiaDeg` instead.
warning: projects/HasseWeil/HasseWeil/HasseBound/SepDegreeWitnesses.lean:3534:2: Try this: 
  letI̵

The goal is a proposition, so `let` is preferred over `letI`.
The difference between `let` and `letI` is that `letI` inlines the value.
But this is not relevant for proofs because of proof irrelevance.

Note: This linter can be disabled with `set_option linter.style.haveILetI false`
warning: projects/HasseWeil/HasseWeil/HasseBound/SepDegreeWitnesses.lean:3535:2: Try this: 
  letI̵

The goal is a proposition, so `let` is preferred over `letI`.
The difference between `let` and `letI` is that `letI` inlines the value.
But this is not relevant for proofs because of proof irrelevance.

Note: This linter can be disabled with `set_option linter.style.haveILetI false`
warning: projects/HasseWeil/HasseWeil/HasseBound/SepDegreeWitnesses.lean:3537:2: Try this: 
  haveI̵

The goal is a proposition, so `have` is preferred over `haveI`.
The difference between `have` and `haveI` is that `haveI` inlines the value.
But this is not relevant for proofs because of proof irrelevance.

Note: This linter can be disabled with `set_option linter.style.haveILetI false`
warning: projects/HasseWeil/HasseWeil/HasseBound/SepDegreeWitnesses.lean:3584:7: `Ideal.inertiaDeg'` has been deprecated: Use `Ideal.inertiaDeg` instead.
warning: projects/HasseWeil/HasseWeil/HasseBound/SepDegreeWitnesses.lean:3586:2: Try this: 
  letI̵

The goal is a proposition, so `let` is preferred over `letI`.
The difference between `let` and `letI` is that `letI` inlines the value.
But this is not relevant for proofs because of proof irrelevance.

Note: This linter can be disabled with `set_option linter.style.haveILetI false`
warning: projects/HasseWeil/HasseWeil/HasseBound/SepDegreeWitnesses.lean:3587:2: Try this: 
  letI̵

The goal is a proposition, so `let` is preferred over `letI`.
The difference between `let` and `letI` is that `letI` inlines the value.
But this is not relevant for proofs because of proof irrelevance.

Note: This linter can be disabled with `set_option linter.style.haveILetI false`
warning: projects/HasseWeil/HasseWeil/HasseBound/SepDegreeWitnesses.lean:3588:2: Try this: 
  letI̵

The goal is a proposition, so `let` is preferred over `letI`.
The difference between `let` and `letI` is that `letI` inlines the value.
But this is not relevant for proofs because of proof irrelevance.

Note: This linter can be disabled with `set_option linter.style.haveILetI false`
warning: projects/HasseWeil/HasseWeil/HasseBound/SepDegreeWitnesses.lean:3589:2: Try this: 
  letI̵

The goal is a proposition, so `let` is preferred over `letI`.
The difference between `let` and `letI` is that `letI` inlines the value.
But this is not relevant for proofs because of proof irrelevance.

Note: This linter can be disabled with `set_option linter.style.haveILetI false`
warning: projects/HasseWeil/HasseWeil/HasseBound/SepDegreeWitnesses.lean:3590:2: Try this: 
  letI̵

The goal is a proposition, so `let` is preferred over `letI`.
The difference between `let` and `letI` is that `letI` inlines the value.
But this is not relevant for proofs because of proof irrelevance.

Note: This linter can be disabled with `set_option linter.style.haveILetI false`
warning: projects/HasseWeil/HasseWeil/HasseBound/SepDegreeWitnesses.lean:3591:2: Try this: 
  letI̵

The goal is a proposition, so `let` is preferred over `letI`.
The difference between `let` and `letI` is that `letI` inlines the value.
But this is not relevant for proofs because of proof irrelevance.

Note: This linter can be disabled with `set_option linter.style.haveILetI false`
warning: projects/HasseWeil/HasseWeil/HasseBound/SepDegreeWitnesses.lean:3592:2: Try this: 
  haveI̵

The goal is a proposition, so `have` is preferred over `haveI`.
The difference between `have` and `haveI` is that `haveI` inlines the value.
But this is not relevant for proofs because of proof irrelevance.

Note: This linter can be disabled with `set_option linter.style.haveILetI false`
warning: projects/HasseWeil/HasseWeil/HasseBound/SepDegreeWitnesses.lean:3593:2: Try this: 
  haveI̵

The goal is a proposition, so `have` is preferred over `haveI`.
The difference between `have` and `haveI` is that `haveI` inlines the value.
But this is not relevant for proofs because of proof irrelevance.

Note: This linter can be disabled with `set_option linter.style.haveILetI false`
warning: projects/HasseWeil/HasseWeil/HasseBound/SepDegreeWitnesses.lean:3594:2: Try this: 
  haveI̵

The goal is a proposition, so `have` is preferred over `haveI`.
The difference between `have` and `haveI` is that `haveI` inlines the value.
But this is not relevant for proofs because of proof irrelevance.

Note: This linter can be disabled with `set_option linter.style.haveILetI false`
warning: projects/HasseWeil/HasseWeil/HasseBound/SepDegreeWitnesses.lean:3626:6: `Ideal.inertiaDeg'` has been deprecated: Use `Ideal.inertiaDeg` instead.
warning: projects/HasseWeil/HasseWeil/HasseBound/SepDegreeWitnesses.lean:3684:10: `Ideal.inertiaDeg'` has been deprecated: Use `Ideal.inertiaDeg` instead.
warning: projects/HasseWeil/HasseWeil/HasseBound/SepDegreeWitnesses.lean:3692:7: `Ideal.inertiaDeg'` has been deprecated: Use `Ideal.inertiaDeg` instead.
warning: projects/HasseWeil/HasseWeil/HasseBound/SepDegreeWitnesses.lean:3694:2: Try this: 
  letI̵

The goal is a proposition, so `let` is preferred over `letI`.
The difference between `let` and `letI` is that `letI` inlines the value.
But this is not relevant for proofs because of proof irrelevance.

Note: This linter can be disabled with `set_option linter.style.haveILetI false`
warning: projects/HasseWeil/HasseWeil/HasseBound/SepDegreeWitnesses.lean:3695:2: Try this: 
  letI̵

The goal is a proposition, so `let` is preferred over `letI`.
The difference between `let` and `letI` is that `letI` inlines the value.
But this is not relevant for proofs because of proof irrelevance.

Note: This linter can be disabled with `set_option linter.style.haveILetI false`
warning: projects/HasseWeil/HasseWeil/HasseBound/SepDegreeWitnesses.lean:3696:2: Try this: 
  letI̵

The goal is a proposition, so `let` is preferred over `letI`.
The difference between `let` and `letI` is that `letI` inlines the value.
But this is not relevant for proofs because of proof irrelevance.

Note: This linter can be disabled with `set_option linter.style.haveILetI false`
warning: projects/HasseWeil/HasseWeil/HasseBound/SepDegreeWitnesses.lean:3697:2: Try this: 
  letI̵

The goal is a proposition, so `let` is preferred over `letI`.
The difference between `let` and `letI` is that `letI` inlines the value.
But this is not relevant for proofs because of proof irrelevance.

Note: This linter can be disabled with `set_option linter.style.haveILetI false`
warning: projects/HasseWeil/HasseWeil/HasseBound/SepDegreeWitnesses.lean:3698:2: Try this: 
  letI̵

The goal is a proposition, so `let` is preferred over `letI`.
The difference between `let` and `letI` is that `letI` inlines the value.
But this is not relevant for proofs because of proof irrelevance.

Note: This linter can be disabled with `set_option linter.style.haveILetI false`
warning: projects/HasseWeil/HasseWeil/HasseBound/SepDegreeWitnesses.lean:3699:2: Try this: 
  letI̵

The goal is a proposition, so `let` is preferred over `letI`.
The difference between `let` and `letI` is that `letI` inlines the value.
But this is not relevant for proofs because of proof irrelevance.

Note: This linter can be disabled with `set_option linter.style.haveILetI false`
warning: projects/HasseWeil/HasseWeil/HasseBound/SepDegreeWitnesses.lean:3700:2: Try this: 
  haveI̵

The goal is a proposition, so `have` is preferred over `haveI`.
The difference between `have` and `haveI` is that `haveI` inlines the value.
But this is not relevant for proofs because of proof irrelevance.

Note: This linter can be disabled with `set_option linter.style.haveILetI false`
warning: projects/HasseWeil/HasseWeil/HasseBound/SepDegreeWitnesses.lean:3701:2: Try this: 
  haveI̵

The goal is a proposition, so `have` is preferred over `haveI`.
The difference between `have` and `haveI` is that `haveI` inlines the value.
But this is not relevant for proofs because of proof irrelevance.

Note: This linter can be disabled with `set_option linter.style.haveILetI false`
warning: projects/HasseWeil/HasseWeil/HasseBound/SepDegreeWitnesses.lean:3702:2: Try this: 
  haveI̵

The goal is a proposition, so `have` is preferred over `haveI`.
The difference between `have` and `haveI` is that `haveI` inlines the value.
But this is not relevant for proofs because of proof irrelevance.

Note: This linter can be disabled with `set_option linter.style.haveILetI false`
warning: projects/HasseWeil/HasseWeil/HasseBound/SepDegreeWitnesses.lean:3723:10: `Ideal.inertiaDeg'` has been deprecated: Use `Ideal.inertiaDeg` instead.
warning: projects/HasseWeil/HasseWeil/HasseBound/SepDegreeWitnesses.lean:3731:10: `Ideal.inertiaDeg'` has been deprecated: Use `Ideal.inertiaDeg` instead.
warning: projects/HasseWeil/HasseWeil/HasseBound/SepDegreeWitnesses.lean:3744:2: Try this: 
  haveI̵

The goal is a proposition, so `have` is preferred over `haveI`.
The difference between `have` and `haveI` is that `haveI` inlines the value.
But this is not relevant for proofs because of proof irrelevance.

Note: This linter can be disabled with `set_option linter.style.haveILetI false`
warning: projects/HasseWeil/HasseWeil/HasseBound/SepDegreeWitnesses.lean:3750:8: `Ideal.inertiaDeg'` has been deprecated: Use `Ideal.inertiaDeg` instead.
warning: projects/HasseWeil/HasseWeil/HasseBound/SepDegreeWitnesses.lean:3754:4: Try this: 
  haveI̵

The goal is a proposition, so `have` is preferred over `haveI`.
The difference between `have` and `haveI` is that `haveI` inlines the value.
But this is not relevant for proofs because of proof irrelevance.

Note: This linter can be disabled with `set_option linter.style.haveILetI false`
warning: projects/HasseWeil/HasseWeil/HasseBound/SepDegreeWitnesses.lean:3755:4: Try this: 
  haveI̵

The goal is a proposition, so `have` is preferred over `haveI`.
The difference between `have` and `haveI` is that `haveI` inlines the value.
But this is not relevant for proofs because of proof irrelevance.

Note: This linter can be disabled with `set_option linter.style.haveILetI false`
warning: projects/HasseWeil/HasseWeil/HasseBound/SepDegreeWitnesses.lean:3757:20: `Ideal.inertiaDeg'_pos` has been deprecated: Use `Ideal.inertiaDeg_pos` instead.
warning: projects/HasseWeil/HasseWeil/HasseBound/SepDegreeWitnesses.lean:3763:6: Try this: 
  letI̵

The goal is a proposition, so `let` is preferred over `letI`.
The difference between `let` and `letI` is that `letI` inlines the value.
But this is not relevant for proofs because of proof irrelevance.

Note: This linter can be disabled with `set_option linter.style.haveILetI false`
warning: projects/HasseWeil/HasseWeil/HasseBound/SepDegreeWitnesses.lean:3771:12: `Ideal.inertiaDeg'` has been deprecated: Use `Ideal.inertiaDeg` instead.
warning: projects/HasseWeil/HasseWeil/HasseBound/SepDegreeWitnesses.lean:3784:10: `Ideal.inertiaDeg'` has been deprecated: Use `Ideal.inertiaDeg` instead.
warning: projects/HasseWeil/HasseWeil/HasseBound/SepDegreeWitnesses.lean:3791:12: `Ideal.inertiaDeg'` has been deprecated: Use `Ideal.inertiaDeg` instead.
warning: projects/HasseWeil/HasseWeil/HasseBound/SepDegreeWitnesses.lean:3796:14: `Ideal.inertiaDeg'` has been deprecated: Use `Ideal.inertiaDeg` instead.
warning: projects/HasseWeil/HasseWeil/HasseBound/SepDegreeWitnesses.lean:3798:12: `Ideal.inertiaDeg'` has been deprecated: Use `Ideal.inertiaDeg` instead.
warning: projects/HasseWeil/HasseWeil/HasseBound/SepDegreeWitnesses.lean:3801:14: `Ideal.inertiaDeg'` has been deprecated: Use `Ideal.inertiaDeg` instead.
warning: projects/HasseWeil/HasseWeil/HasseBound/SepDegreeWitnesses.lean:3814:12: `Ideal.inertiaDeg'` has been deprecated: Use `Ideal.inertiaDeg` instead.
warning: projects/HasseWeil/HasseWeil/HasseBound/SepDegreeWitnesses.lean:3819:14: `Ideal.inertiaDeg'` has been deprecated: Use `Ideal.inertiaDeg` instead.
warning: projects/HasseWeil/HasseWeil/HasseBound/SepDegreeWitnesses.lean:3822:14: `Ideal.inertiaDeg'` has been deprecated: Use `Ideal.inertiaDeg` instead.
warning: projects/HasseWeil/HasseWeil/HasseBound/SepDegreeWitnesses.lean:3840:6: `Ideal.inertiaDeg'` has been deprecated: Use `Ideal.inertiaDeg` instead.
⚠ [10841/11590] Replayed HasseWeil.Foundation.Verschiebung.Route2Universal
warning: projects/HasseWeil/HasseWeil/Foundation/Verschiebung/Route2Universal.lean:295:2: Try this: 
  haveI̵

The goal is a proposition, so `have` is preferred over `haveI`.
The difference between `have` and `haveI` is that `haveI` inlines the value.
But this is not relevant for proofs because of proof irrelevance.

Note: This linter can be disabled with `set_option linter.style.haveILetI false`
warning: projects/HasseWeil/HasseWeil/Foundation/Verschiebung/Route2Universal.lean:314:2: Try this: 
  haveI̵

The goal is a proposition, so `have` is preferred over `haveI`.
The difference between `have` and `haveI` is that `haveI` inlines the value.
But this is not relevant for proofs because of proof irrelevance.

Note: This linter can be disabled with `set_option linter.style.haveILetI false`
warning: projects/HasseWeil/HasseWeil/Foundation/Verschiebung/Route2Universal.lean:922:4: Try this: 
  haveI̵

The goal is a proposition, so `have` is preferred over `haveI`.
The difference between `have` and `haveI` is that `haveI` inlines the value.
But this is not relevant for proofs because of proof irrelevance.

Note: This linter can be disabled with `set_option linter.style.haveILetI false`
warning: projects/HasseWeil/HasseWeil/Foundation/Verschiebung/Route2Universal.lean:967:36: `if_neg` has been deprecated: Use `ite_eq_right` instead

Hint: Replace the deprecated name:
  i̵f̵_̵n̵e̵g̵i̲t̲e̲_̲e̲q̲_̲r̲i̲g̲h̲t̲
warning: projects/HasseWeil/HasseWeil/Foundation/Verschiebung/Route2Universal.lean:974:10: `if_pos` has been deprecated: Use `ite_eq_left` instead

Hint: Replace the deprecated name:
  i̵f̵_̵p̵o̵s̵i̲t̲e̲_̲e̲q̲_̲l̲e̲f̲t̲
warning: projects/HasseWeil/HasseWeil/Foundation/Verschiebung/Route2Universal.lean:975:10: `if_neg` has been deprecated: Use `ite_eq_right` instead

Hint: Replace the deprecated name:
  i̵f̵_̵n̵e̵g̵i̲t̲e̲_̲e̲q̲_̲r̲i̲g̲h̲t̲
⚠ [10842/11590] Replayed HasseWeil.Foundation.Verschiebung.UniversalQthRootWitness
warning: projects/HasseWeil/HasseWeil/Foundation/Verschiebung/UniversalQthRootWitness.lean:78:2: Try this: 
  haveI̵

The goal is a proposition, so `have` is preferred over `haveI`.
The difference between `have` and `haveI` is that `haveI` inlines the value.
But this is not relevant for proofs because of proof irrelevance.

Note: This linter can be disabled with `set_option linter.style.haveILetI false`
warning: projects/HasseWeil/HasseWeil/Foundation/Verschiebung/UniversalQthRootWitness.lean:79:2: Try this: 
  haveI̵

The goal is a proposition, so `have` is preferred over `haveI`.
The difference between `have` and `haveI` is that `haveI` inlines the value.
But this is not relevant for proofs because of proof irrelevance.

Note: This linter can be disabled with `set_option linter.style.haveILetI false`
warning: projects/HasseWeil/HasseWeil/Foundation/Verschiebung/UniversalQthRootWitness.lean:80:2: Try this: 
  haveI̵

The goal is a proposition, so `have` is preferred over `haveI`.
The difference between `have` and `haveI` is that `haveI` inlines the value.
But this is not relevant for proofs because of proof irrelevance.

Note: This linter can be disabled with `set_option linter.style.haveILetI false`
warning: projects/HasseWeil/HasseWeil/Foundation/Verschiebung/UniversalQthRootWitness.lean:81:2: Try this: 
  haveI̵

The goal is a proposition, so `have` is preferred over `haveI`.
The difference between `have` and `haveI` is that `haveI` inlines the value.
But this is not relevant for proofs because of proof irrelevance.

Note: This linter can be disabled with `set_option linter.style.haveILetI false`
warning: projects/HasseWeil/HasseWeil/Foundation/Verschiebung/UniversalQthRootWitness.lean:100:2: Try this: 
  haveI̵

The goal is a proposition, so `have` is preferred over `haveI`.
The difference between `have` and `haveI` is that `haveI` inlines the value.
But this is not relevant for proofs because of proof irrelevance.

Note: This linter can be disabled with `set_option linter.style.haveILetI false`
warning: projects/HasseWeil/HasseWeil/Foundation/Verschiebung/UniversalQthRootWitness.lean:165:2: Try this: 
  haveI̵

The goal is a proposition, so `have` is preferred over `haveI`.
The difference between `have` and `haveI` is that `haveI` inlines the value.
But this is not relevant for proofs because of proof irrelevance.

Note: This linter can be disabled with `set_option linter.style.haveILetI false`
warning: projects/HasseWeil/HasseWeil/Foundation/Verschiebung/UniversalQthRootWitness.lean:202:2: Try this: 
  haveI̵

The goal is a proposition, so `have` is preferred over `haveI`.
The difference between `have` and `haveI` is that `haveI` inlines the value.
But this is not relevant for proofs because of proof irrelevance.

Note: This linter can be disabled with `set_option linter.style.haveILetI false`
warning: projects/HasseWeil/HasseWeil/Foundation/Verschiebung/UniversalQthRootWitness.lean:362:2: Try this: 
  haveI̵

The goal is a proposition, so `have` is preferred over `haveI`.
The difference between `have` and `haveI` is that `haveI` inlines the value.
But this is not relevant for proofs because of proof irrelevance.

Note: This linter can be disabled with `set_option linter.style.haveILetI false`
warning: projects/HasseWeil/HasseWeil/Foundation/Verschiebung/UniversalQthRootWitness.lean:376:2: Try this: 
  haveI̵

The goal is a proposition, so `have` is preferred over `haveI`.
The difference between `have` and `haveI` is that `haveI` inlines the value.
But this is not relevant for proofs because of proof irrelevance.

Note: This linter can be disabled with `set_option linter.style.haveILetI false`
warning: projects/HasseWeil/HasseWeil/Foundation/Verschiebung/UniversalQthRootWitness.lean:457:2: Try this: 
  haveI̵

The goal is a proposition, so `have` is preferred over `haveI`.
The difference between `have` and `haveI` is that `haveI` inlines the value.
But this is not relevant for proofs because of proof irrelevance.

Note: This linter can be disabled with `set_option linter.style.haveILetI false`
warning: projects/HasseWeil/HasseWeil/Foundation/Verschiebung/UniversalQthRootWitness.lean:458:2: Try this: 
  haveI̵

The goal is a proposition, so `have` is preferred over `haveI`.
The difference between `have` and `haveI` is that `haveI` inlines the value.
But this is not relevant for proofs because of proof irrelevance.

Note: This linter can be disabled with `set_option linter.style.haveILetI false`
⚠ [10843/11590] Replayed HasseWeil.Isogeny.VerschiebungFactorization
warning: projects/HasseWeil/HasseWeil/Isogeny/VerschiebungFactorization.lean:54:0: automatically included section variable(s) unused in theorem `HasseWeil.mulByInt_q_pullback_qth_root`:
  [Fintype W.toAffine.Point]
consider restructuring your `variable` declarations so that the variables are not in scope or explicitly omit them:
  omit [Fintype W.toAffine.Point] in theorem ...

Note: This linter can be disabled with `set_option linter.unusedSectionVars false`
warning: projects/HasseWeil/HasseWeil/Isogeny/VerschiebungFactorization.lean:111:2: Try this: 
  letI̵

The goal is a proposition, so `let` is preferred over `letI`.
The difference between `let` and `letI` is that `letI` inlines the value.
But this is not relevant for proofs because of proof irrelevance.

Note: This linter can be disabled with `set_option linter.style.haveILetI false`
warning: projects/HasseWeil/HasseWeil/Isogeny/VerschiebungFactorization.lean:223:2: Try this: 
  letI̵

The goal is a proposition, so `let` is preferred over `letI`.
The difference between `let` and `letI` is that `letI` inlines the value.
But this is not relevant for proofs because of proof irrelevance.

Note: This linter can be disabled with `set_option linter.style.haveILetI false`
warning: projects/HasseWeil/HasseWeil/Isogeny/VerschiebungFactorization.lean:226:2: Try this: 
  letI̵

The goal is a proposition, so `let` is preferred over `letI`.
The difference between `let` and `letI` is that `letI` inlines the value.
But this is not relevant for proofs because of proof irrelevance.

Note: This linter can be disabled with `set_option linter.style.haveILetI false`
warning: projects/HasseWeil/HasseWeil/Isogeny/VerschiebungFactorization.lean:231:2: Try this: 
  haveI̵

The goal is a proposition, so `have` is preferred over `haveI`.
The difference between `have` and `haveI` is that `haveI` inlines the value.
But this is not relevant for proofs because of proof irrelevance.

Note: This linter can be disabled with `set_option linter.style.haveILetI false`
warning: projects/HasseWeil/HasseWeil/Isogeny/VerschiebungFactorization.lean:270:2: Try this: 
  haveI̵

The goal is a proposition, so `have` is preferred over `haveI`.
The difference between `have` and `haveI` is that `haveI` inlines the value.
But this is not relevant for proofs because of proof irrelevance.

Note: This linter can be disabled with `set_option linter.style.haveILetI false`
warning: projects/HasseWeil/HasseWeil/Isogeny/VerschiebungFactorization.lean:287:6: Try this: 
  haveI̵

The goal is a proposition, so `have` is preferred over `haveI`.
The difference between `have` and `haveI` is that `haveI` inlines the value.
But this is not relevant for proofs because of proof irrelevance.

Note: This linter can be disabled with `set_option linter.style.haveILetI false`
warning: projects/HasseWeil/HasseWeil/Isogeny/VerschiebungFactorization.lean:288:6: Try this: 
  haveI̵

The goal is a proposition, so `have` is preferred over `haveI`.
The difference between `have` and `haveI` is that `haveI` inlines the value.
But this is not relevant for proofs because of proof irrelevance.

Note: This linter can be disabled with `set_option linter.style.haveILetI false`
warning: projects/HasseWeil/HasseWeil/Isogeny/VerschiebungFactorization.lean:263:0: automatically included section variable(s) unused in theorem `HasseWeil.moduleFinite_linfAt_gamma_pullback_x`:
  [Fintype W.toAffine.Point]
consider restructuring your `variable` declarations so that the variables are not in scope or explicitly omit them:
  omit [Fintype W.toAffine.Point] in theorem ...

Note: This linter can be disabled with `set_option linter.unusedSectionVars false`
warning: projects/HasseWeil/HasseWeil/Isogeny/VerschiebungFactorization.lean:307:0: automatically included section variable(s) unused in theorem `HasseWeil.projectiveDivisorOf_pullback_x_gen_eq_neg_two_of_two_torsion_witness`:
  [Fintype W.toAffine.Point]
consider restructuring your `variable` declarations so that the variables are not in scope or explicitly omit them:
  omit [Fintype W.toAffine.Point] in theorem ...

Note: This linter can be disabled with `set_option linter.unusedSectionVars false`
warning: projects/HasseWeil/HasseWeil/Isogeny/VerschiebungFactorization.lean:438:2: Try this: 
  haveI̵

The goal is a proposition, so `have` is preferred over `haveI`.
The difference between `have` and `haveI` is that `haveI` inlines the value.
But this is not relevant for proofs because of proof irrelevance.

Note: This linter can be disabled with `set_option linter.style.haveILetI false`
warning: projects/HasseWeil/HasseWeil/Isogeny/VerschiebungFactorization.lean:439:2: Try this: 
  haveI̵

The goal is a proposition, so `have` is preferred over `haveI`.
The difference between `have` and `haveI` is that `haveI` inlines the value.
But this is not relevant for proofs because of proof irrelevance.

Note: This linter can be disabled with `set_option linter.style.haveILetI false`
warning: projects/HasseWeil/HasseWeil/Isogeny/VerschiebungFactorization.lean:440:2: Try this: 
  haveI̵

The goal is a proposition, so `have` is preferred over `haveI`.
The difference between `have` and `haveI` is that `haveI` inlines the value.
But this is not relevant for proofs because of proof irrelevance.

Note: This linter can be disabled with `set_option linter.style.haveILetI false`
warning: projects/HasseWeil/HasseWeil/Isogeny/VerschiebungFactorization.lean:441:2: Try this: 
  haveI̵

The goal is a proposition, so `have` is preferred over `haveI`.
The difference between `have` and `haveI` is that `haveI` inlines the value.
But this is not relevant for proofs because of proof irrelevance.

Note: This linter can be disabled with `set_option linter.style.haveILetI false`
warning: projects/HasseWeil/HasseWeil/Isogeny/VerschiebungFactorization.lean:447:2: Try this: 
  letI̵

The goal is a proposition, so `let` is preferred over `letI`.
The difference between `let` and `letI` is that `letI` inlines the value.
But this is not relevant for proofs because of proof irrelevance.

Note: This linter can be disabled with `set_option linter.style.haveILetI false`
warning: projects/HasseWeil/HasseWeil/Isogeny/VerschiebungFactorization.lean:448:2: Try this: 
  letI̵

The goal is a proposition, so `let` is preferred over `letI`.
The difference between `let` and `letI` is that `letI` inlines the value.
But this is not relevant for proofs because of proof irrelevance.

Note: This linter can be disabled with `set_option linter.style.haveILetI false`
warning: projects/HasseWeil/HasseWeil/Isogeny/VerschiebungFactorization.lean:449:2: Try this: 
  letI̵

The goal is a proposition, so `let` is preferred over `letI`.
The difference between `let` and `letI` is that `letI` inlines the value.
But this is not relevant for proofs because of proof irrelevance.

Note: This linter can be disabled with `set_option linter.style.haveILetI false`
warning: projects/HasseWeil/HasseWeil/Isogeny/VerschiebungFactorization.lean:450:2: Try this: 
  letI̵

The goal is a proposition, so `let` is preferred over `letI`.
The difference between `let` and `letI` is that `letI` inlines the value.
But this is not relevant for proofs because of proof irrelevance.

Note: This linter can be disabled with `set_option linter.style.haveILetI false`
warning: projects/HasseWeil/HasseWeil/Isogeny/VerschiebungFactorization.lean:451:2: Try this: 
  letI̵

The goal is a proposition, so `let` is preferred over `letI`.
The difference between `let` and `letI` is that `letI` inlines the value.
But this is not relevant for proofs because of proof irrelevance.

Note: This linter can be disabled with `set_option linter.style.haveILetI false`
warning: projects/HasseWeil/HasseWeil/Isogeny/VerschiebungFactorization.lean:452:2: Try this: 
  letI̵

The goal is a proposition, so `let` is preferred over `letI`.
The difference between `let` and `letI` is that `letI` inlines the value.
But this is not relevant for proofs because of proof irrelevance.

Note: This linter can be disabled with `set_option linter.style.haveILetI false`
warning: projects/HasseWeil/HasseWeil/Isogeny/VerschiebungFactorization.lean:453:2: Try this: 
  haveI̵

The goal is a proposition, so `have` is preferred over `haveI`.
The difference between `have` and `haveI` is that `haveI` inlines the value.
But this is not relevant for proofs because of proof irrelevance.

Note: This linter can be disabled with `set_option linter.style.haveILetI false`
warning: projects/HasseWeil/HasseWeil/Isogeny/VerschiebungFactorization.lean:454:2: Try this: 
  haveI̵

The goal is a proposition, so `have` is preferred over `haveI`.
The difference between `have` and `haveI` is that `haveI` inlines the value.
But this is not relevant for proofs because of proof irrelevance.

Note: This linter can be disabled with `set_option linter.style.haveILetI false`
warning: projects/HasseWeil/HasseWeil/Isogeny/VerschiebungFactorization.lean:455:2: Try this: 
  haveI̵

The goal is a proposition, so `have` is preferred over `haveI`.
The difference between `have` and `haveI` is that `haveI` inlines the value.
But this is not relevant for proofs because of proof irrelevance.

Note: This linter can be disabled with `set_option linter.style.haveILetI false`
warning: projects/HasseWeil/HasseWeil/Isogeny/VerschiebungFactorization.lean:456:2: Try this: 
  haveI̵

The goal is a proposition, so `have` is preferred over `haveI`.
The difference between `have` and `haveI` is that `haveI` inlines the value.
But this is not relevant for proofs because of proof irrelevance.

Note: This linter can be disabled with `set_option linter.style.haveILetI false`
warning: projects/HasseWeil/HasseWeil/Isogeny/VerschiebungFactorization.lean:463:10: `Ideal.inertiaDeg'` has been deprecated: Use `Ideal.inertiaDeg` instead.
warning: projects/HasseWeil/HasseWeil/Isogeny/VerschiebungFactorization.lean:486:10: `Ideal.inertiaDeg'` has been deprecated: Use `Ideal.inertiaDeg` instead.
warning: projects/HasseWeil/HasseWeil/Isogeny/VerschiebungFactorization.lean:493:10: `Ideal.inertiaDeg'` has been deprecated: Use `Ideal.inertiaDeg` instead.
warning: projects/HasseWeil/HasseWeil/Isogeny/VerschiebungFactorization.lean:506:10: `Ideal.inertiaDeg'` has been deprecated: Use `Ideal.inertiaDeg` instead.
warning: projects/HasseWeil/HasseWeil/Isogeny/VerschiebungFactorization.lean:510:12: `Ideal.inertiaDeg'` has been deprecated: Use `Ideal.inertiaDeg` instead.
warning: projects/HasseWeil/HasseWeil/Isogeny/VerschiebungFactorization.lean:658:0: automatically included section variable(s) unused in theorem `HasseWeil.isogOneSub_negFrobenius_sepDegree_eq_card_emb`:
  [Fintype W.toAffine.Point]
consider restructuring your `variable` declarations so that the variables are not in scope or explicitly omit them:
  omit [Fintype W.toAffine.Point] in theorem ...

Note: This linter can be disabled with `set_option linter.unusedSectionVars false`
warning: projects/HasseWeil/HasseWeil/Isogeny/VerschiebungFactorization.lean:680:2: Try this: 
  haveI̵

The goal is a proposition, so `have` is preferred over `haveI`.
The difference between `have` and `haveI` is that `haveI` inlines the value.
But this is not relevant for proofs because of proof irrelevance.

Note: This linter can be disabled with `set_option linter.style.haveILetI false`
warning: projects/HasseWeil/HasseWeil/Isogeny/VerschiebungFactorization.lean:714:8: automatically included section variable(s) unused in theorem `HasseWeil.isogOneSub_negFrobenius_embToPointOmega_eq`:
  [Fintype W.toAffine.Point]
consider restructuring your `variable` declarations so that the variables are not in scope or explicitly omit them:
  omit [Fintype W.toAffine.Point] in theorem ...

Note: This linter can be disabled with `set_option linter.unusedSectionVars false`
warning: projects/HasseWeil/HasseWeil/Isogeny/VerschiebungFactorization.lean:747:0: automatically included section variable(s) unused in theorem `HasseWeil.frobenius_fixedPoint_iff_mem_baseField_gen`:
  [DecidableEq K]
consider restructuring your `variable` declarations so that the variables are not in scope or explicitly omit them:
  omit [DecidableEq K] in theorem ...

Note: This linter can be disabled with `set_option linter.unusedSectionVars false`
warning: projects/HasseWeil/HasseWeil/Isogeny/VerschiebungFactorization.lean:787:0: automatically included section variable(s) unused in theorem `HasseWeil.algHom_ext_x_y_gen_omega`:
  [Fintype K]
  [DecidableEq K]
  [WeierstrassCurve.IsElliptic W.toAffine]
  [Fintype W.toAffine.Point]
consider restructuring your `variable` declarations so that the variables are not in scope or explicitly omit them:
  omit [Fintype K] [DecidableEq K] [WeierstrassCurve.IsElliptic W.toAffine] [Fintype W.toAffine.Point] in theorem ...

Note: This linter can be disabled with `set_option linter.unusedSectionVars false`
warning: projects/HasseWeil/HasseWeil/Isogeny/VerschiebungFactorization.lean:808:0: automatically included section variable(s) unused in theorem `HasseWeil.embCurveBaseChange`:
  [Fintype K]
  [DecidableEq K]
  [WeierstrassCurve.IsElliptic W.toAffine]
  [Fintype W.toAffine.Point]
consider restructuring your `variable` declarations so that the variables are not in scope or explicitly omit them:
  omit [Fintype K] [DecidableEq K] [WeierstrassCurve.IsElliptic W.toAffine] [Fintype W.toAffine.Point] in theorem ...

Note: This linter can be disabled with `set_option linter.unusedSectionVars false`
warning: projects/HasseWeil/HasseWeil/Isogeny/VerschiebungFactorization.lean:835:2: Try this: 
  letI̵

The goal is a proposition, so `let` is preferred over `letI`.
The difference between `let` and `letI` is that `letI` inlines the value.
But this is not relevant for proofs because of proof irrelevance.

Note: This linter can be disabled with `set_option linter.style.haveILetI false`
warning: projects/HasseWeil/HasseWeil/Isogeny/VerschiebungFactorization.lean:827:0: automatically included section variable(s) unused in theorem `HasseWeil.embFixesPullbackRange`:
  [Fintype W.toAffine.Point]
consider restructuring your `variable` declarations so that the variables are not in scope or explicitly omit them:
  omit [Fintype W.toAffine.Point] in theorem ...

Note: This linter can be disabled with `set_option linter.unusedSectionVars false`
warning: projects/HasseWeil/HasseWeil/Isogeny/VerschiebungFactorization.lean:849:2: Try this: 
  letI̵

The goal is a proposition, so `let` is preferred over `letI`.
The difference between `let` and `letI` is that `letI` inlines the value.
But this is not relevant for proofs because of proof irrelevance.

Note: This linter can be disabled with `set_option linter.style.haveILetI false`
warning: projects/HasseWeil/HasseWeil/Isogeny/VerschiebungFactorization.lean:842:0: automatically included section variable(s) unused in theorem `HasseWeil.embAgreeOnPullbackRange`:
  [Fintype W.toAffine.Point]
consider restructuring your `variable` declarations so that the variables are not in scope or explicitly omit them:
  omit [Fintype W.toAffine.Point] in theorem ...

Note: This linter can be disabled with `set_option linter.unusedSectionVars false`
warning: projects/HasseWeil/HasseWeil/Isogeny/VerschiebungFactorization.lean:936:0: automatically included section variable(s) unused in theorem `HasseWeil.includePtOmega_injective`:
  [Fintype K]
  [DecidableEq K]
  [WeierstrassCurve.IsElliptic W.toAffine]
  [Fintype W.toAffine.Point]
consider restructuring your `variable` declarations so that the variables are not in scope or explicitly omit them:
  omit [Fintype K] [DecidableEq K] [WeierstrassCurve.IsElliptic W.toAffine] [Fintype W.toAffine.Point] in theorem ...

Note: This linter can be disabled with `set_option linter.unusedSectionVars false`
warning: projects/HasseWeil/HasseWeil/Isogeny/VerschiebungFactorization.lean:954:8: automatically included section variable(s) unused in theorem `HasseWeil.includePtOmega_some`:
  [Fintype K]
  [DecidableEq K]
  [WeierstrassCurve.IsElliptic W.toAffine]
  [Fintype W.toAffine.Point]
consider restructuring your `variable` declarations so that the variables are not in scope or explicitly omit them:
  omit [Fintype K] [DecidableEq K] [WeierstrassCurve.IsElliptic W.toAffine] [Fintype W.toAffine.Point] in theorem ...

Note: This linter can be disabled with `set_option linter.unusedSectionVars false`
warning: projects/HasseWeil/HasseWeil/Isogeny/VerschiebungFactorization.lean:964:0: automatically included section variable(s) unused in theorem `HasseWeil.geomFrobOmega_some`:
  [DecidableEq K]
  [WeierstrassCurve.IsElliptic W.toAffine]
  [Fintype W.toAffine.Point]
consider restructuring your `variable` declarations so that the variables are not in scope or explicitly omit them:
  omit [DecidableEq K] [WeierstrassCurve.IsElliptic W.toAffine] [Fintype W.toAffine.Point] in theorem ...

Note: This linter can be disabled with `set_option linter.unusedSectionVars false`
warning: projects/HasseWeil/HasseWeil/Isogeny/VerschiebungFactorization.lean:1000:0: automatically included section variable(s) unused in theorem `HasseWeil.map_sigma_frob_comm`:
  [DecidableEq K]
  [WeierstrassCurve.IsElliptic W.toAffine]
  [Fintype W.toAffine.Point]
consider restructuring your `variable` declarations so that the variables are not in scope or explicitly omit them:
  omit [DecidableEq K] [WeierstrassCurve.IsElliptic W.toAffine] [Fintype W.toAffine.Point] in theorem ...

Note: This linter can be disabled with `set_option linter.unusedSectionVars false`
warning: projects/HasseWeil/HasseWeil/Isogeny/VerschiebungFactorization.lean:1034:0: automatically included section variable(s) unused in theorem `HasseWeil.map_emb_generic_sub_frob_eq_of_agree`:
  [Fintype W.toAffine.Point]
consider restructuring your `variable` declarations so that the variables are not in scope or explicitly omit them:
  omit [Fintype W.toAffine.Point] in theorem ...

Note: This linter can be disabled with `set_option linter.unusedSectionVars false`
warning: projects/HasseWeil/HasseWeil/Isogeny/VerschiebungFactorization.lean:1059:0: automatically included section variable(s) unused in theorem `HasseWeil.map_genericPoint_eq_some`:
  [Fintype K]
  [Fintype W.toAffine.Point]
consider restructuring your `variable` declarations so that the variables are not in scope or explicitly omit them:
  omit [Fintype K] [Fintype W.toAffine.Point] in theorem ...

Note: This linter can be disabled with `set_option linter.unusedSectionVars false`
warning: projects/HasseWeil/HasseWeil/Isogeny/VerschiebungFactorization.lean:1079:2: Try this: 
  letI̵

The goal is a proposition, so `let` is preferred over `letI`.
The difference between `let` and `letI` is that `letI` inlines the value.
But this is not relevant for proofs because of proof irrelevance.

Note: This linter can be disabled with `set_option linter.style.haveILetI false`
warning: projects/HasseWeil/HasseWeil/Isogeny/VerschiebungFactorization.lean:1189:2: Try this: 
  haveI̵

The goal is a proposition, so `have` is preferred over `haveI`.
The difference between `have` and `haveI` is that `haveI` inlines the value.
But this is not relevant for proofs because of proof irrelevance.

Note: This linter can be disabled with `set_option linter.style.haveILetI false`
warning: projects/HasseWeil/HasseWeil/Isogeny/VerschiebungFactorization.lean:1214:2: Try this: 
  haveI̵

The goal is a proposition, so `have` is preferred over `haveI`.
The difference between `have` and `haveI` is that `haveI` inlines the value.
But this is not relevant for proofs because of proof irrelevance.

Note: This linter can be disabled with `set_option linter.style.haveILetI false`
warning: projects/HasseWeil/HasseWeil/Isogeny/VerschiebungFactorization.lean:1258:8: `Ideal.inertiaDeg'` has been deprecated: Use `Ideal.inertiaDeg` instead.
warning: projects/HasseWeil/HasseWeil/Isogeny/VerschiebungFactorization.lean:1260:2: Try this: 
  letI̵

The goal is a proposition, so `let` is preferred over `letI`.
The difference between `let` and `letI` is that `letI` inlines the value.
But this is not relevant for proofs because of proof irrelevance.

Note: This linter can be disabled with `set_option linter.style.haveILetI false`
warning: projects/HasseWeil/HasseWeil/Isogeny/VerschiebungFactorization.lean:1261:2: Try this: 
  letI̵

The goal is a proposition, so `let` is preferred over `letI`.
The difference between `let` and `letI` is that `letI` inlines the value.
But this is not relevant for proofs because of proof irrelevance.

Note: This linter can be disabled with `set_option linter.style.haveILetI false`
warning: projects/HasseWeil/HasseWeil/Isogeny/VerschiebungFactorization.lean:1262:2: Try this: 
  letI̵

The goal is a proposition, so `let` is preferred over `letI`.
The difference between `let` and `letI` is that `letI` inlines the value.
But this is not relevant for proofs because of proof irrelevance.

Note: This linter can be disabled with `set_option linter.style.haveILetI false`
warning: projects/HasseWeil/HasseWeil/Isogeny/VerschiebungFactorization.lean:1263:2: Try this: 
  haveI̵

The goal is a proposition, so `have` is preferred over `haveI`.
The difference between `have` and `haveI` is that `haveI` inlines the value.
But this is not relevant for proofs because of proof irrelevance.

Note: This linter can be disabled with `set_option linter.style.haveILetI false`
warning: projects/HasseWeil/HasseWeil/Isogeny/VerschiebungFactorization.lean:1264:2: Try this: 
  haveI̵

The goal is a proposition, so `have` is preferred over `haveI`.
The difference between `have` and `haveI` is that `haveI` inlines the value.
But this is not relevant for proofs because of proof irrelevance.

Note: This linter can be disabled with `set_option linter.style.haveILetI false`
warning: projects/HasseWeil/HasseWeil/Isogeny/VerschiebungFactorization.lean:1290:7: `Ideal.inertiaDeg'` has been deprecated: Use `Ideal.inertiaDeg` instead.
warning: projects/HasseWeil/HasseWeil/Isogeny/VerschiebungFactorization.lean:1305:0: automatically included section variable(s) unused in theorem `HasseWeil.genuine_dual_comp_toAddMonoidHom_eq_mulByInt`:
  [Fintype W.toAffine.Point]
consider restructuring your `variable` declarations so that the variables are not in scope or explicitly omit them:
  omit [Fintype W.toAffine.Point] in theorem ...

Note: This linter can be disabled with `set_option linter.unusedSectionVars false`
warning: projects/HasseWeil/HasseWeil/Isogeny/VerschiebungFactorization.lean:1399:0: automatically included section variable(s) unused in theorem `HasseWeil.genuine_isogeny_ext_pullback`:
  [Fintype K]
  [Fintype W.toAffine.Point]
consider restructuring your `variable` declarations so that the variables are not in scope or explicitly omit them:
  omit [Fintype K] [Fintype W.toAffine.Point] in theorem ...

Note: This linter can be disabled with `set_option linter.unusedSectionVars false`
warning: projects/HasseWeil/HasseWeil/Isogeny/VerschiebungFactorization.lean:1436:0: automatically included section variable(s) unused in theorem `HasseWeil.zsmulPointHom_apply`:
  [Fintype K]
  [DecidableEq K]
  [WeierstrassCurve.IsElliptic W.toAffine]
  [Fintype W.toAffine.Point]
consider restructuring your `variable` declarations so that the variables are not in scope or explicitly omit them:
  omit [Fintype K] [DecidableEq K] [WeierstrassCurve.IsElliptic W.toAffine] [Fintype W.toAffine.Point] in theorem ...

Note: This linter can be disabled with `set_option linter.unusedSectionVars false`
warning: projects/HasseWeil/HasseWeil/Isogeny/VerschiebungFactorization.lean:1443:0: automatically included section variable(s) unused in theorem `HasseWeil.mulByInt_isGenuineWith`:
  [Fintype K]
  [Fintype W.toAffine.Point]
consider restructuring your `variable` declarations so that the variables are not in scope or explicitly omit them:
  omit [Fintype K] [Fintype W.toAffine.Point] in theorem ...

Note: This linter can be disabled with `set_option linter.unusedSectionVars false`
warning: projects/HasseWeil/HasseWeil/Isogeny/VerschiebungFactorization.lean:1466:0: automatically included section variable(s) unused in theorem `HasseWeil.frobeniusIsog_isGenuineWith`:
  [Fintype W.toAffine.Point]
consider restructuring your `variable` declarations so that the variables are not in scope or explicitly omit them:
  omit [Fintype W.toAffine.Point] in theorem ...

Note: This linter can be disabled with `set_option linter.unusedSectionVars false`
warning: projects/HasseWeil/HasseWeil/Isogeny/VerschiebungFactorization.lean:1491:0: automatically included section variable(s) unused in theorem `HasseWeil.zsmul_frobeniusIsog_isGenuineWith`:
  [Fintype W.toAffine.Point]
consider restructuring your `variable` declarations so that the variables are not in scope or explicitly omit them:
  omit [Fintype W.toAffine.Point] in theorem ...

Note: This linter can be disabled with `set_option linter.unusedSectionVars false`
warning: projects/HasseWeil/HasseWeil/Isogeny/VerschiebungFactorization.lean:1539:0: automatically included section variable(s) unused in theorem `HasseWeil.addIsog_isGenuineWith`:
  [Fintype K]
  [Fintype W.toAffine.Point]
consider restructuring your `variable` declarations so that the variables are not in scope or explicitly omit them:
  omit [Fintype K] [Fintype W.toAffine.Point] in theorem ...

Note: This linter can be disabled with `set_option linter.unusedSectionVars false`
warning: projects/HasseWeil/HasseWeil/Isogeny/VerschiebungFactorization.lean:1607:0: automatically included section variable(s) unused in theorem `HasseWeil.genuineIsogSmulSub_omegaPullbackCoeff`:
  [Fintype W.toAffine.Point]
consider restructuring your `variable` declarations so that the variables are not in scope or explicitly omit them:
  omit [Fintype W.toAffine.Point] in theorem ...

Note: This linter can be disabled with `set_option linter.unusedSectionVars false`
warning: projects/HasseWeil/HasseWeil/Isogeny/VerschiebungFactorization.lean:1908:0: automatically included section variable(s) unused in theorem `HasseWeil.genuineIsogSmulSub_degree_pos`:
  [Fintype W.toAffine.Point]
consider restructuring your `variable` declarations so that the variables are not in scope or explicitly omit them:
  omit [Fintype W.toAffine.Point] in theorem ...

Note: This linter can be disabled with `set_option linter.unusedSectionVars false`
warning: projects/HasseWeil/HasseWeil/Isogeny/VerschiebungFactorization.lean:1921:0: automatically included section variable(s) unused in theorem `HasseWeil.genuineIsogSmulSub_degree_eq_signed_of_pivot_witness`:
  [Fintype W.toAffine.Point]
consider restructuring your `variable` declarations so that the variables are not in scope or explicitly omit them:
  omit [Fintype W.toAffine.Point] in theorem ...

Note: This linter can be disabled with `set_option linter.unusedSectionVars false`
warning: projects/HasseWeil/HasseWeil/Isogeny/VerschiebungFactorization.lean:2040:0: automatically included section variable(s) unused in theorem `HasseWeil.degree_quadratic_exists_edge_of_witness`:
  [Fintype W.toAffine.Point]
consider restructuring your `variable` declarations so that the variables are not in scope or explicitly omit them:
  omit [Fintype W.toAffine.Point] in theorem ...

Note: This linter can be disabled with `set_option linter.unusedSectionVars false`
warning: projects/HasseWeil/HasseWeil/Isogeny/VerschiebungFactorization.lean:2100:0: automatically included section variable(s) unused in theorem `HasseWeil.qf_nonneg_skeleton_of_pivot_chain`:
  [Fintype W.toAffine.Point]
consider restructuring your `variable` declarations so that the variables are not in scope or explicitly omit them:
  omit [Fintype W.toAffine.Point] in theorem ...

Note: This linter can be disabled with `set_option linter.unusedSectionVars false`
⚠ [10845/11590] Replayed HasseWeil.HasseBound.WeilPairing.FrobMatrixData
warning: projects/HasseWeil/HasseWeil/HasseBound/WeilPairing/FrobMatrixData.lean:162:2: Try this: 
  letI̵

The goal is a proposition, so `let` is preferred over `letI`.
The difference between `let` and `letI` is that `letI` inlines the value.
But this is not relevant for proofs because of proof irrelevance.

Note: This linter can be disabled with `set_option linter.style.haveILetI false`
warning: projects/HasseWeil/HasseWeil/HasseBound/WeilPairing/FrobMatrixData.lean:200:2: Try this: 
  haveI̵

The goal is a proposition, so `have` is preferred over `haveI`.
The difference between `have` and `haveI` is that `haveI` inlines the value.
But this is not relevant for proofs because of proof irrelevance.

Note: This linter can be disabled with `set_option linter.style.haveILetI false`
warning: projects/HasseWeil/HasseWeil/HasseBound/WeilPairing/FrobMatrixData.lean:225:2: Try this: 
  haveI̵

The goal is a proposition, so `have` is preferred over `haveI`.
The difference between `have` and `haveI` is that `haveI` inlines the value.
But this is not relevant for proofs because of proof irrelevance.

Note: This linter can be disabled with `set_option linter.style.haveILetI false`
warning: projects/HasseWeil/HasseWeil/HasseBound/WeilPairing/FrobMatrixData.lean:245:2: Try this: 
  haveI̵

The goal is a proposition, so `have` is preferred over `haveI`.
The difference between `have` and `haveI` is that `haveI` inlines the value.
But this is not relevant for proofs because of proof irrelevance.

Note: This linter can be disabled with `set_option linter.style.haveILetI false`
warning: projects/HasseWeil/HasseWeil/HasseBound/WeilPairing/FrobMatrixData.lean:246:2: Try this: 
  haveI̵

The goal is a proposition, so `have` is preferred over `haveI`.
The difference between `have` and `haveI` is that `haveI` inlines the value.
But this is not relevant for proofs because of proof irrelevance.

Note: This linter can be disabled with `set_option linter.style.haveILetI false`
warning: projects/HasseWeil/HasseWeil/HasseBound/WeilPairing/FrobMatrixData.lean:247:2: Try this: 
  haveI̵

The goal is a proposition, so `have` is preferred over `haveI`.
The difference between `have` and `haveI` is that `haveI` inlines the value.
But this is not relevant for proofs because of proof irrelevance.

Note: This linter can be disabled with `set_option linter.style.haveILetI false`
warning: projects/HasseWeil/HasseWeil/HasseBound/WeilPairing/FrobMatrixData.lean:249:2: Try this: 
  haveI̵

The goal is a proposition, so `have` is preferred over `haveI`.
The difference between `have` and `haveI` is that `haveI` inlines the value.
But this is not relevant for proofs because of proof irrelevance.

Note: This linter can be disabled with `set_option linter.style.haveILetI false`
warning: projects/HasseWeil/HasseWeil/HasseBound/WeilPairing/FrobMatrixData.lean:254:2: Try this: 
  haveI̵

The goal is a proposition, so `have` is preferred over `haveI`.
The difference between `have` and `haveI` is that `haveI` inlines the value.
But this is not relevant for proofs because of proof irrelevance.

Note: This linter can be disabled with `set_option linter.style.haveILetI false`
warning: projects/HasseWeil/HasseWeil/HasseBound/WeilPairing/FrobMatrixData.lean:268:2: Try this: 
  haveI̵

The goal is a proposition, so `have` is preferred over `haveI`.
The difference between `have` and `haveI` is that `haveI` inlines the value.
But this is not relevant for proofs because of proof irrelevance.

Note: This linter can be disabled with `set_option linter.style.haveILetI false`
warning: projects/HasseWeil/HasseWeil/HasseBound/WeilPairing/FrobMatrixData.lean:269:2: Try this: 
  haveI̵

The goal is a proposition, so `have` is preferred over `haveI`.
The difference between `have` and `haveI` is that `haveI` inlines the value.
But this is not relevant for proofs because of proof irrelevance.

Note: This linter can be disabled with `set_option linter.style.haveILetI false`
warning: projects/HasseWeil/HasseWeil/HasseBound/WeilPairing/FrobMatrixData.lean:270:2: Try this: 
  haveI̵

The goal is a proposition, so `have` is preferred over `haveI`.
The difference between `have` and `haveI` is that `haveI` inlines the value.
But this is not relevant for proofs because of proof irrelevance.

Note: This linter can be disabled with `set_option linter.style.haveILetI false`
warning: projects/HasseWeil/HasseWeil/HasseBound/WeilPairing/FrobMatrixData.lean:272:2: Try this: 
  haveI̵

The goal is a proposition, so `have` is preferred over `haveI`.
The difference between `have` and `haveI` is that `haveI` inlines the value.
But this is not relevant for proofs because of proof irrelevance.

Note: This linter can be disabled with `set_option linter.style.haveILetI false`
warning: projects/HasseWeil/HasseWeil/HasseBound/WeilPairing/FrobMatrixData.lean:277:2: Try this: 
  haveI̵

The goal is a proposition, so `have` is preferred over `haveI`.
The difference between `have` and `haveI` is that `haveI` inlines the value.
But this is not relevant for proofs because of proof irrelevance.

Note: This linter can be disabled with `set_option linter.style.haveILetI false`
⚠ [10847/11590] Replayed HasseWeil.Foundation.Verschiebung.Genuine
warning: projects/HasseWeil/HasseWeil/Foundation/Verschiebung/Genuine.lean:624:4: Try this: 
  haveI̵

The goal is a proposition, so `have` is preferred over `haveI`.
The difference between `have` and `haveI` is that `haveI` inlines the value.
But this is not relevant for proofs because of proof irrelevance.

Note: This linter can be disabled with `set_option linter.style.haveILetI false`
warning: projects/HasseWeil/HasseWeil/Foundation/Verschiebung/Genuine.lean:719:10: This simp argument is unused:
  Set.image_pair

Hint: Omit it from the simp argument list.
  [apply] simp

Note: This linter can be disabled with `set_option linter.unusedSimpArgs false`
warning: projects/HasseWeil/HasseWeil/Foundation/Verschiebung/Genuine.lean:1112:0: automatically included section variable(s) unused in theorem `HasseWeil.ordAtInfty_zsmul_mulByInt_neg_pullback_x_neg`:
  [Fintype K]
consider restructuring your `variable` declarations so that the variables are not in scope or explicitly omit them:
  omit [Fintype K] in theorem ...

Note: This linter can be disabled with `set_option linter.unusedSectionVars false`
warning: projects/HasseWeil/HasseWeil/Foundation/Verschiebung/Genuine.lean:1229:0: automatically included section variable(s) unused in theorem `HasseWeil.addPullback_x_pair_ord_neg_of_sum_reduces_witness`:
  [Fintype K]
consider restructuring your `variable` declarations so that the variables are not in scope or explicitly omit them:
  omit [Fintype K] in theorem ...

Note: This linter can be disabled with `set_option linter.unusedSectionVars false`
warning: projects/HasseWeil/HasseWeil/Foundation/Verschiebung/Genuine.lean:1276:0: automatically included section variable(s) unused in theorem `HasseWeil.addPullback_x_pair_sum_reduces_of_iv14_witness`:
  [Fintype K]
consider restructuring your `variable` declarations so that the variables are not in scope or explicitly omit them:
  omit [Fintype K] in theorem ...

Note: This linter can be disabled with `set_option linter.unusedSectionVars false`
warning: projects/HasseWeil/HasseWeil/Foundation/Verschiebung/Genuine.lean:1349:0: automatically included section variable(s) unused in theorem `HasseWeil.addPullback_x_pair_x_ord_neg`:
  [Fintype K]
consider restructuring your `variable` declarations so that the variables are not in scope or explicitly omit them:
  omit [Fintype K] in theorem ...

Note: This linter can be disabled with `set_option linter.unusedSectionVars false`
⚠ [10850/11590] Replayed HasseWeil.HasseBound.WeilPairing.HfactLemma
warning: projects/HasseWeil/HasseWeil/HasseBound/WeilPairing/HfactLemma.lean:142:2: Try this: 
  haveI̵

The goal is a proposition, so `have` is preferred over `haveI`.
The difference between `have` and `haveI` is that `haveI` inlines the value.
But this is not relevant for proofs because of proof irrelevance.

Note: This linter can be disabled with `set_option linter.style.haveILetI false`
warning: projects/HasseWeil/HasseWeil/HasseBound/WeilPairing/HfactLemma.lean:216:2: Try this: 
  haveI̵

The goal is a proposition, so `have` is preferred over `haveI`.
The difference between `have` and `haveI` is that `haveI` inlines the value.
But this is not relevant for proofs because of proof irrelevance.

Note: This linter can be disabled with `set_option linter.style.haveILetI false`
warning: projects/HasseWeil/HasseWeil/HasseBound/WeilPairing/HfactLemma.lean:281:2: Try this: 
  haveI̵

The goal is a proposition, so `have` is preferred over `haveI`.
The difference between `have` and `haveI` is that `haveI` inlines the value.
But this is not relevant for proofs because of proof irrelevance.

Note: This linter can be disabled with `set_option linter.style.haveILetI false`
⚠ [10852/11590] Replayed HasseWeil.HasseBound.WeilPairing.Scaling.Separable
warning: projects/HasseWeil/HasseWeil/HasseBound/WeilPairing/Scaling/Separable.lean:196:2: Try this: 
  haveI̵

The goal is a proposition, so `have` is preferred over `haveI`.
The difference between `have` and `haveI` is that `haveI` inlines the value.
But this is not relevant for proofs because of proof irrelevance.

Note: This linter can be disabled with `set_option linter.style.haveILetI false`
warning: projects/HasseWeil/HasseWeil/HasseBound/WeilPairing/Scaling/Separable.lean:240:2: Try this: 
  haveI̵

The goal is a proposition, so `have` is preferred over `haveI`.
The difference between `have` and `haveI` is that `haveI` inlines the value.
But this is not relevant for proofs because of proof irrelevance.

Note: This linter can be disabled with `set_option linter.style.haveILetI false`
warning: projects/HasseWeil/HasseWeil/HasseBound/WeilPairing/Scaling/Separable.lean:469:2: Try this: 
  haveI̵

The goal is a proposition, so `have` is preferred over `haveI`.
The difference between `have` and `haveI` is that `haveI` inlines the value.
But this is not relevant for proofs because of proof irrelevance.

Note: This linter can be disabled with `set_option linter.style.haveILetI false`
⚠ [10853/11590] Replayed HasseWeil.HasseBound.WeilPairing.Scaling.OneSub
warning: projects/HasseWeil/HasseWeil/HasseBound/WeilPairing/Scaling/OneSub.lean:300:2: Try this: 
  letI̵

The goal is a proposition, so `let` is preferred over `letI`.
The difference between `let` and `letI` is that `letI` inlines the value.
But this is not relevant for proofs because of proof irrelevance.

Note: This linter can be disabled with `set_option linter.style.haveILetI false`
warning: projects/HasseWeil/HasseWeil/HasseBound/WeilPairing/Scaling/OneSub.lean:301:2: Try this: 
  haveI̵

The goal is a proposition, so `have` is preferred over `haveI`.
The difference between `have` and `haveI` is that `haveI` inlines the value.
But this is not relevant for proofs because of proof irrelevance.

Note: This linter can be disabled with `set_option linter.style.haveILetI false`
⚠ [10854/11590] Replayed HasseWeil.Isogeny.BaseChange.Concrete
warning: projects/HasseWeil/HasseWeil/Isogeny/BaseChange/Concrete.lean:223:2: Try this: 
  letI̵

The goal is a proposition, so `let` is preferred over `letI`.
The difference between `let` and `letI` is that `letI` inlines the value.
But this is not relevant for proofs because of proof irrelevance.

Note: This linter can be disabled with `set_option linter.style.haveILetI false`
warning: projects/HasseWeil/HasseWeil/Isogeny/BaseChange/Concrete.lean:225:2: Try this: 
  haveI̵

The goal is a proposition, so `have` is preferred over `haveI`.
The difference between `have` and `haveI` is that `haveI` inlines the value.
But this is not relevant for proofs because of proof irrelevance.

Note: This linter can be disabled with `set_option linter.style.haveILetI false`
warning: projects/HasseWeil/HasseWeil/Isogeny/BaseChange/Concrete.lean:356:2: Try this: 
  letI̵

The goal is a proposition, so `let` is preferred over `letI`.
The difference between `let` and `letI` is that `letI` inlines the value.
But this is not relevant for proofs because of proof irrelevance.

Note: This linter can be disabled with `set_option linter.style.haveILetI false`
warning: projects/HasseWeil/HasseWeil/Isogeny/BaseChange/Concrete.lean:357:2: Try this: 
  letI̵

The goal is a proposition, so `let` is preferred over `letI`.
The difference between `let` and `letI` is that `letI` inlines the value.
But this is not relevant for proofs because of proof irrelevance.

Note: This linter can be disabled with `set_option linter.style.haveILetI false`
warning: projects/HasseWeil/HasseWeil/Isogeny/BaseChange/Concrete.lean:359:2: Try this: 
  letI̵

The goal is a proposition, so `let` is preferred over `letI`.
The difference between `let` and `letI` is that `letI` inlines the value.
But this is not relevant for proofs because of proof irrelevance.

Note: This linter can be disabled with `set_option linter.style.haveILetI false`
⚠ [10855/11590] Replayed HasseWeil.HasseBound.WeilPairing.OneSubFrobeniusBaseChangeWitnesses
warning: projects/HasseWeil/HasseWeil/HasseBound/WeilPairing/OneSubFrobeniusBaseChangeWitnesses.lean:211:2: Try this: 
  haveI̵

The goal is a proposition, so `have` is preferred over `haveI`.
The difference between `have` and `haveI` is that `haveI` inlines the value.
But this is not relevant for proofs because of proof irrelevance.

Note: This linter can be disabled with `set_option linter.style.haveILetI false`
warning: projects/HasseWeil/HasseWeil/HasseBound/WeilPairing/OneSubFrobeniusBaseChangeWitnesses.lean:351:2: syntax 'Lean.Parser.Tactic.rwaAtLegacyLocation' has been deprecated: use `rw [...] at ... <;> assumption` instead

Note: This linter can be disabled with `set_option linter.deprecated.syntax false`
⚠ [10856/11590] Replayed HasseWeil.HasseBound.WeilPairing.OneSubDualDivisor
warning: projects/HasseWeil/HasseWeil/HasseBound/WeilPairing/OneSubDualDivisor.lean:94:8: Overlapping instance parameters in `picZeroIsoE_allChar_mk`:

⚠️ `[IsDedekindDomain
   {
       toAffine :=
         W }.CoordinateRing]` and `[IsIntegrallyClosed
   {
       toAffine :=
         W }.CoordinateRing]` each imply `[IsIntegralClosure { toAffine := W }.CoordinateRing
   { toAffine := W }.CoordinateRing (FractionRing { toAffine := W }.CoordinateRing)]`.
💡️ Of these, `[IsDedekindDomain
   { toAffine := W }.CoordinateRing]` and `[IsIntegrallyClosed { toAffine := W }.CoordinateRing]` may be removed.

Note: This linter can be disabled with `set_option linter.overlappingInstances false`
warning: projects/HasseWeil/HasseWeil/HasseBound/WeilPairing/OneSubDualDivisor.lean:269:18: Overlapping instance parameters in `divisorPushforwardDual`:

⚠️ `[IsDedekindDomain
   {
       toAffine :=
         W.toAffine }.CoordinateRing]` and `[IsIntegrallyClosed
   {
       toAffine :=
         W.toAffine }.CoordinateRing]` each imply `[IsIntegralClosure { toAffine := W.toAffine }.CoordinateRing
   { toAffine := W.toAffine }.CoordinateRing (FractionRing { toAffine := W.toAffine }.CoordinateRing)]`.
💡️ Of these, `[IsDedekindDomain
   {
       toAffine :=
         W.toAffine }.CoordinateRing]` and `[IsIntegrallyClosed
   { toAffine := W.toAffine }.CoordinateRing]` may be removed.

Note: This linter can be disabled with `set_option linter.overlappingInstances false`
warning: projects/HasseWeil/HasseWeil/HasseBound/WeilPairing/OneSubDualDivisor.lean:284:8: Overlapping instance parameters in `divisorPushforwardDual_comp`:

⚠️ `[IsDedekindDomain
   {
       toAffine :=
         W.toAffine }.CoordinateRing]` and `[IsIntegrallyClosed
   {
       toAffine :=
         W.toAffine }.CoordinateRing]` each imply `[IsIntegralClosure { toAffine := W.toAffine }.CoordinateRing
   { toAffine := W.toAffine }.CoordinateRing (FractionRing { toAffine := W.toAffine }.CoordinateRing)]`.
💡️ Of these, `[IsDedekindDomain
   {
       toAffine :=
         W.toAffine }.CoordinateRing]` and `[IsIntegrallyClosed
   { toAffine := W.toAffine }.CoordinateRing]` may be removed.

Note: This linter can be disabled with `set_option linter.overlappingInstances false`
⚠ [10857/11590] Replayed HasseWeil.HasseBound.WeilPairing.PencilDualDivisor
warning: projects/HasseWeil/HasseWeil/HasseBound/WeilPairing/PencilDualDivisor.lean:239:2: Try this: 
  haveI̵

The goal is a proposition, so `have` is preferred over `haveI`.
The difference between `have` and `haveI` is that `haveI` inlines the value.
But this is not relevant for proofs because of proof irrelevance.

Note: This linter can be disabled with `set_option linter.style.haveILetI false`
warning: projects/HasseWeil/HasseWeil/HasseBound/WeilPairing/PencilDualDivisor.lean:307:2: Try this: 
  letI̵

The goal is a proposition, so `let` is preferred over `letI`.
The difference between `let` and `letI` is that `letI` inlines the value.
But this is not relevant for proofs because of proof irrelevance.

Note: This linter can be disabled with `set_option linter.style.haveILetI false`
warning: projects/HasseWeil/HasseWeil/HasseBound/WeilPairing/PencilDualDivisor.lean:325:2: Try this: 
  letI̵

The goal is a proposition, so `let` is preferred over `letI`.
The difference between `let` and `letI` is that `letI` inlines the value.
But this is not relevant for proofs because of proof irrelevance.

Note: This linter can be disabled with `set_option linter.style.haveILetI false`
⚠ [10858/11590] Replayed HasseWeil.Isogeny.SeparableWitnessReductions
warning: projects/HasseWeil/HasseWeil/Isogeny/SeparableWitnessReductions.lean:445:2: syntax 'Lean.Parser.Tactic.rwaAtLegacyLocation' has been deprecated: use `rw [...] at ... <;> assumption` instead

Note: This linter can be disabled with `set_option linter.deprecated.syntax false`
⚠ [10860/11590] Replayed HasseWeil.HasseBound.WeilPairing.FrobeniusGenericCovariance
warning: projects/HasseWeil/HasseWeil/HasseBound/WeilPairing/FrobeniusGenericCovariance.lean:144:0: automatically included section variable(s) unused in theorem `HasseWeil.WeilPairing.frobeniusGenericCovariance_lift_twist`:
  [DecidableEq K]
  [WeierstrassCurve.IsElliptic (W⁄(AlgebraicClosure K)).toAffine]
consider restructuring your `variable` declarations so that the variables are not in scope or explicitly omit them:
  omit [DecidableEq K] [WeierstrassCurve.IsElliptic (W⁄(AlgebraicClosure K)).toAffine] in theorem ...

Note: This linter can be disabled with `set_option linter.unusedSectionVars false`
⚠ [10861/11590] Replayed HasseWeil.HasseBound.WeilPairing.WallAGenericRealization
warning: projects/HasseWeil/HasseWeil/HasseBound/WeilPairing/WallAGenericRealization.lean:103:2: Try this: 
  letI̵

The goal is a proposition, so `let` is preferred over `letI`.
The difference between `let` and `letI` is that `letI` inlines the value.
But this is not relevant for proofs because of proof irrelevance.

Note: This linter can be disabled with `set_option linter.style.haveILetI false`
warning: projects/HasseWeil/HasseWeil/HasseBound/WeilPairing/WallAGenericRealization.lean:124:4: Try this: 
  letI̵

The goal is a proposition, so `let` is preferred over `letI`.
The difference between `let` and `letI` is that `letI` inlines the value.
But this is not relevant for proofs because of proof irrelevance.

Note: This linter can be disabled with `set_option linter.style.haveILetI false`
warning: projects/HasseWeil/HasseWeil/HasseBound/WeilPairing/WallAGenericRealization.lean:125:4: Try this: 
  letI̵

The goal is a proposition, so `let` is preferred over `letI`.
The difference between `let` and `letI` is that `letI` inlines the value.
But this is not relevant for proofs because of proof irrelevance.

Note: This linter can be disabled with `set_option linter.style.haveILetI false`
warning: projects/HasseWeil/HasseWeil/HasseBound/WeilPairing/WallAGenericRealization.lean:148:6: Try this: 
  haveI̵

The goal is a proposition, so `have` is preferred over `haveI`.
The difference between `have` and `haveI` is that `haveI` inlines the value.
But this is not relevant for proofs because of proof irrelevance.

Note: This linter can be disabled with `set_option linter.style.haveILetI false`
warning: projects/HasseWeil/HasseWeil/HasseBound/WeilPairing/WallAGenericRealization.lean:173:2: Try this: 
  letI̵

The goal is a proposition, so `let` is preferred over `letI`.
The difference between `let` and `letI` is that `letI` inlines the value.
But this is not relevant for proofs because of proof irrelevance.

Note: This linter can be disabled with `set_option linter.style.haveILetI false`
⚠ [10868/11590] Replayed HasseWeil.Foundation.AdditionPullback.SamePlace
warning: projects/HasseWeil/HasseWeil/Foundation/AdditionPullback/SamePlace.lean:569:11: Private declaration `resid` accessed publicly; this is allowed only because the `backward.privateInPublic` option is enabled. 

Disable `backward.privateInPublic.warn` to silence this warning.
warning: projects/HasseWeil/HasseWeil/Foundation/AdditionPullback/SamePlace.lean:569:54: Private declaration `resid` accessed publicly; this is allowed only because the `backward.privateInPublic` option is enabled. 

Disable `backward.privateInPublic.warn` to silence this warning.
warning: projects/HasseWeil/HasseWeil/Foundation/AdditionPullback/SamePlace.lean:570:11: Private declaration `resid` accessed publicly; this is allowed only because the `backward.privateInPublic` option is enabled. 

Disable `backward.privateInPublic.warn` to silence this warning.
warning: projects/HasseWeil/HasseWeil/Foundation/AdditionPullback/SamePlace.lean:570:54: Private declaration `resid` accessed publicly; this is allowed only because the `backward.privateInPublic` option is enabled. 

Disable `backward.privateInPublic.warn` to silence this warning.
warning: projects/HasseWeil/HasseWeil/Foundation/AdditionPullback/SamePlace.lean:573:4: Private declaration `resid` accessed publicly; this is allowed only because the `backward.privateInPublic` option is enabled. 

Disable `backward.privateInPublic.warn` to silence this warning.
warning: projects/HasseWeil/HasseWeil/Foundation/AdditionPullback/SamePlace.lean:573:43: Private declaration `resid` accessed publicly; this is allowed only because the `backward.privateInPublic` option is enabled. 

Disable `backward.privateInPublic.warn` to silence this warning.
warning: projects/HasseWeil/HasseWeil/Foundation/AdditionPullback/SamePlace.lean:722:2: Try this: 
  haveI̵

The goal is a proposition, so `have` is preferred over `haveI`.
The difference between `have` and `haveI` is that `haveI` inlines the value.
But this is not relevant for proofs because of proof irrelevance.

Note: This linter can be disabled with `set_option linter.style.haveILetI false`
warning: projects/HasseWeil/HasseWeil/Foundation/AdditionPullback/SamePlace.lean:756:2: Try this: 
  haveI̵

The goal is a proposition, so `have` is preferred over `haveI`.
The difference between `have` and `haveI` is that `haveI` inlines the value.
But this is not relevant for proofs because of proof irrelevance.

Note: This linter can be disabled with `set_option linter.style.haveILetI false`
warning: projects/HasseWeil/HasseWeil/Foundation/AdditionPullback/SamePlace.lean:805:10: Private declaration `resid` accessed publicly; this is allowed only because the `backward.privateInPublic` option is enabled. 

Disable `backward.privateInPublic.warn` to silence this warning.
warning: projects/HasseWeil/HasseWeil/Foundation/AdditionPullback/SamePlace.lean:805:54: Private declaration `resid` accessed publicly; this is allowed only because the `backward.privateInPublic` option is enabled. 

Disable `backward.privateInPublic.warn` to silence this warning.
warning: projects/HasseWeil/HasseWeil/Foundation/AdditionPullback/SamePlace.lean:847:10: Private declaration `resid` accessed publicly; this is allowed only because the `backward.privateInPublic` option is enabled. 

Disable `backward.privateInPublic.warn` to silence this warning.
warning: projects/HasseWeil/HasseWeil/Foundation/AdditionPullback/SamePlace.lean:847:54: Private declaration `resid` accessed publicly; this is allowed only because the `backward.privateInPublic` option is enabled. 

Disable `backward.privateInPublic.warn` to silence this warning.
warning: projects/HasseWeil/HasseWeil/Foundation/AdditionPullback/SamePlace.lean:875:10: Private declaration `resid` accessed publicly; this is allowed only because the `backward.privateInPublic` option is enabled. 

Disable `backward.privateInPublic.warn` to silence this warning.
warning: projects/HasseWeil/HasseWeil/Foundation/AdditionPullback/SamePlace.lean:875:54: Private declaration `resid` accessed publicly; this is allowed only because the `backward.privateInPublic` option is enabled. 

Disable `backward.privateInPublic.warn` to silence this warning.
warning: projects/HasseWeil/HasseWeil/Foundation/AdditionPullback/SamePlace.lean:929:11: Private declaration `resid` accessed publicly; this is allowed only because the `backward.privateInPublic` option is enabled. 

Disable `backward.privateInPublic.warn` to silence this warning.
warning: projects/HasseWeil/HasseWeil/Foundation/AdditionPullback/SamePlace.lean:929:54: Private declaration `resid` accessed publicly; this is allowed only because the `backward.privateInPublic` option is enabled. 

Disable `backward.privateInPublic.warn` to silence this warning.
warning: projects/HasseWeil/HasseWeil/Foundation/AdditionPullback/SamePlace.lean:930:11: Private declaration `resid` accessed publicly; this is allowed only because the `backward.privateInPublic` option is enabled. 

Disable `backward.privateInPublic.warn` to silence this warning.
warning: projects/HasseWeil/HasseWeil/Foundation/AdditionPullback/SamePlace.lean:930:54: Private declaration `resid` accessed publicly; this is allowed only because the `backward.privateInPublic` option is enabled. 

Disable `backward.privateInPublic.warn` to silence this warning.
warning: projects/HasseWeil/HasseWeil/Foundation/AdditionPullback/SamePlace.lean:935:4: Private declaration `resid` accessed publicly; this is allowed only because the `backward.privateInPublic` option is enabled. 

Disable `backward.privateInPublic.warn` to silence this warning.
warning: projects/HasseWeil/HasseWeil/Foundation/AdditionPullback/SamePlace.lean:935:39: Private declaration `resid` accessed publicly; this is allowed only because the `backward.privateInPublic` option is enabled. 

Disable `backward.privateInPublic.warn` to silence this warning.
warning: projects/HasseWeil/HasseWeil/Foundation/AdditionPullback/SamePlace.lean:963:11: Private declaration `resid` accessed publicly; this is allowed only because the `backward.privateInPublic` option is enabled. 

Disable `backward.privateInPublic.warn` to silence this warning.
warning: projects/HasseWeil/HasseWeil/Foundation/AdditionPullback/SamePlace.lean:963:54: Private declaration `resid` accessed publicly; this is allowed only because the `backward.privateInPublic` option is enabled. 

Disable `backward.privateInPublic.warn` to silence this warning.
warning: projects/HasseWeil/HasseWeil/Foundation/AdditionPullback/SamePlace.lean:964:11: Private declaration `resid` accessed publicly; this is allowed only because the `backward.privateInPublic` option is enabled. 

Disable `backward.privateInPublic.warn` to silence this warning.
warning: projects/HasseWeil/HasseWeil/Foundation/AdditionPullback/SamePlace.lean:965:10: Private declaration `resid` accessed publicly; this is allowed only because the `backward.privateInPublic` option is enabled. 

Disable `backward.privateInPublic.warn` to silence this warning.
warning: projects/HasseWeil/HasseWeil/Foundation/AdditionPullback/SamePlace.lean:970:4: Private declaration `resid` accessed publicly; this is allowed only because the `backward.privateInPublic` option is enabled. 

Disable `backward.privateInPublic.warn` to silence this warning.
warning: projects/HasseWeil/HasseWeil/Foundation/AdditionPullback/SamePlace.lean:970:39: Private declaration `resid` accessed publicly; this is allowed only because the `backward.privateInPublic` option is enabled. 

Disable `backward.privateInPublic.warn` to silence this warning.
warning: projects/HasseWeil/HasseWeil/Foundation/AdditionPullback/SamePlace.lean:1087:2: Try this: 
  haveI̵

The goal is a proposition, so `have` is preferred over `haveI`.
The difference between `have` and `haveI` is that `haveI` inlines the value.
But this is not relevant for proofs because of proof irrelevance.

Note: This linter can be disabled with `set_option linter.style.haveILetI false`
warning: projects/HasseWeil/HasseWeil/Foundation/AdditionPullback/SamePlace.lean:1120:2: Try this: 
  haveI̵

The goal is a proposition, so `have` is preferred over `haveI`.
The difference between `have` and `haveI` is that `haveI` inlines the value.
But this is not relevant for proofs because of proof irrelevance.

Note: This linter can be disabled with `set_option linter.style.haveILetI false`
warning: projects/HasseWeil/HasseWeil/Foundation/AdditionPullback/SamePlace.lean:1162:10: Private declaration `resid` accessed publicly; this is allowed only because the `backward.privateInPublic` option is enabled. 

Disable `backward.privateInPublic.warn` to silence this warning.
warning: projects/HasseWeil/HasseWeil/Foundation/AdditionPullback/SamePlace.lean:1162:50: Private declaration `resid` accessed publicly; this is allowed only because the `backward.privateInPublic` option is enabled. 

Disable `backward.privateInPublic.warn` to silence this warning.
warning: projects/HasseWeil/HasseWeil/Foundation/AdditionPullback/SamePlace.lean:1196:10: Private declaration `resid` accessed publicly; this is allowed only because the `backward.privateInPublic` option is enabled. 

Disable `backward.privateInPublic.warn` to silence this warning.
warning: projects/HasseWeil/HasseWeil/Foundation/AdditionPullback/SamePlace.lean:1196:50: Private declaration `resid` accessed publicly; this is allowed only because the `backward.privateInPublic` option is enabled. 

Disable `backward.privateInPublic.warn` to silence this warning.
warning: projects/HasseWeil/HasseWeil/Foundation/AdditionPullback/SamePlace.lean:1223:10: Private declaration `resid` accessed publicly; this is allowed only because the `backward.privateInPublic` option is enabled. 

Disable `backward.privateInPublic.warn` to silence this warning.
warning: projects/HasseWeil/HasseWeil/Foundation/AdditionPullback/SamePlace.lean:1265:10: Private declaration `resid` accessed publicly; this is allowed only because the `backward.privateInPublic` option is enabled. 

Disable `backward.privateInPublic.warn` to silence this warning.
warning: projects/HasseWeil/HasseWeil/Foundation/AdditionPullback/SamePlace.lean:1265:50: Private declaration `resid` accessed publicly; this is allowed only because the `backward.privateInPublic` option is enabled. 

Disable `backward.privateInPublic.warn` to silence this warning.
warning: projects/HasseWeil/HasseWeil/Foundation/AdditionPullback/SamePlace.lean:1298:10: Private declaration `resid` accessed publicly; this is allowed only because the `backward.privateInPublic` option is enabled. 

Disable `backward.privateInPublic.warn` to silence this warning.
warning: projects/HasseWeil/HasseWeil/Foundation/AdditionPullback/SamePlace.lean:1352:10: Private declaration `resid` accessed publicly; this is allowed only because the `backward.privateInPublic` option is enabled. 

Disable `backward.privateInPublic.warn` to silence this warning.
warning: projects/HasseWeil/HasseWeil/Foundation/AdditionPullback/SamePlace.lean:1352:50: Private declaration `resid` accessed publicly; this is allowed only because the `backward.privateInPublic` option is enabled. 

Disable `backward.privateInPublic.warn` to silence this warning.
⚠ [10872/11590] Replayed HasseWeil.HasseBound.WeilPairing.OneSubAffineResidues
warning: projects/HasseWeil/HasseWeil/HasseBound/WeilPairing/OneSubAffineResidues.lean:531:2: Try this: 
  haveI̵

The goal is a proposition, so `have` is preferred over `haveI`.
The difference between `have` and `haveI` is that `haveI` inlines the value.
But this is not relevant for proofs because of proof irrelevance.

Note: This linter can be disabled with `set_option linter.style.haveILetI false`
warning: projects/HasseWeil/HasseWeil/HasseBound/WeilPairing/OneSubAffineResidues.lean:533:2: Try this: 
  haveI̵

The goal is a proposition, so `have` is preferred over `haveI`.
The difference between `have` and `haveI` is that `haveI` inlines the value.
But this is not relevant for proofs because of proof irrelevance.

Note: This linter can be disabled with `set_option linter.style.haveILetI false`
warning: projects/HasseWeil/HasseWeil/HasseBound/WeilPairing/OneSubAffineResidues.lean:527:8: automatically included section variable(s) unused in theorem `_private.HasseWeil.HasseBound.WeilPairing.OneSubAffineResidues.0.HasseWeil.WeilPairing.natCast_card_eq_zero_functionField`:
  [DecidableEq K]
  [WeierstrassCurve.IsElliptic W.toAffine]
  [WeierstrassCurve.IsElliptic (W⁄(AlgebraicClosure K)).toAffine]
consider restructuring your `variable` declarations so that the variables are not in scope or explicitly omit them:
  omit [DecidableEq
  K] [WeierstrassCurve.IsElliptic
  W.toAffine] [WeierstrassCurve.IsElliptic (W⁄(AlgebraicClosure K)).toAffine] in theorem ...

Note: This linter can be disabled with `set_option linter.unusedSectionVars false`
warning: projects/HasseWeil/HasseWeil/HasseBound/WeilPairing/OneSubAffineResidues.lean:632:8: automatically included section variable(s) unused in theorem `_private.HasseWeil.HasseBound.WeilPairing.OneSubAffineResidues.0.HasseWeil.WeilPairing.ord_P_alpha_star_u_id_eq_zero`:
  [Fintype K]
  [DecidableEq K]
  [WeierstrassCurve.IsElliptic W.toAffine]
consider restructuring your `variable` declarations so that the variables are not in scope or explicitly omit them:
  omit [Fintype K] [DecidableEq K] [WeierstrassCurve.IsElliptic W.toAffine] in theorem ...

Note: This linter can be disabled with `set_option linter.unusedSectionVars false`
warning: projects/HasseWeil/HasseWeil/HasseBound/WeilPairing/OneSubAffineResidues.lean:697:8: automatically included section variable(s) unused in theorem `_private.HasseWeil.HasseBound.WeilPairing.OneSubAffineResidues.0.HasseWeil.WeilPairing.addSlopePair_comm_of_pullback_x_ne`:
  [Fintype K]
  [DecidableEq K]
  [WeierstrassCurve.IsElliptic W.toAffine]
consider restructuring your `variable` declarations so that the variables are not in scope or explicitly omit them:
  omit [Fintype K] [DecidableEq K] [WeierstrassCurve.IsElliptic W.toAffine] in theorem ...

Note: This linter can be disabled with `set_option linter.unusedSectionVars false`
⚠ [10874/11590] Replayed HasseWeil.HasseBound.WeilPairing.PencilComapPointValuation
warning: projects/HasseWeil/HasseWeil/HasseBound/WeilPairing/PencilComapPointValuation.lean:778:2: Try this: 
  haveI̵

The goal is a proposition, so `have` is preferred over `haveI`.
The difference between `have` and `haveI` is that `haveI` inlines the value.
But this is not relevant for proofs because of proof irrelevance.

Note: This linter can be disabled with `set_option linter.style.haveILetI false`
warning: projects/HasseWeil/HasseWeil/HasseBound/WeilPairing/PencilComapPointValuation.lean:780:2: Try this: 
  haveI̵

The goal is a proposition, so `have` is preferred over `haveI`.
The difference between `have` and `haveI` is that `haveI` inlines the value.
But this is not relevant for proofs because of proof irrelevance.

Note: This linter can be disabled with `set_option linter.style.haveILetI false`
warning: projects/HasseWeil/HasseWeil/HasseBound/WeilPairing/PencilComapPointValuation.lean:1763:18: declaration uses `sorry`
warning: projects/HasseWeil/HasseWeil/HasseBound/WeilPairing/PencilComapPointValuation.lean:1819:2: Try this: 
  letI̵

The goal is a proposition, so `let` is preferred over `letI`.
The difference between `let` and `letI` is that `letI` inlines the value.
But this is not relevant for proofs because of proof irrelevance.

Note: This linter can be disabled with `set_option linter.style.haveILetI false`
warning: projects/HasseWeil/HasseWeil/HasseBound/WeilPairing/PencilComapPointValuation.lean:1850:2: Try this: 
  letI̵

The goal is a proposition, so `let` is preferred over `letI`.
The difference between `let` and `letI` is that `letI` inlines the value.
But this is not relevant for proofs because of proof irrelevance.

Note: This linter can be disabled with `set_option linter.style.haveILetI false`
⚠ [10877/11590] Replayed HasseWeil.HasseBound.WeilPairing.FrobeniusDivisorGalois
warning: projects/HasseWeil/HasseWeil/HasseBound/WeilPairing/FrobeniusDivisorGalois.lean:119:2: Try this: 
  haveI̵

The goal is a proposition, so `have` is preferred over `haveI`.
The difference between `have` and `haveI` is that `haveI` inlines the value.
But this is not relevant for proofs because of proof irrelevance.

Note: This linter can be disabled with `set_option linter.style.haveILetI false`
warning: projects/HasseWeil/HasseWeil/HasseBound/WeilPairing/FrobeniusDivisorGalois.lean:123:2: Try this: 
  haveI̵

The goal is a proposition, so `have` is preferred over `haveI`.
The difference between `have` and `haveI` is that `haveI` inlines the value.
But this is not relevant for proofs because of proof irrelevance.

Note: This linter can be disabled with `set_option linter.style.haveILetI false`
warning: projects/HasseWeil/HasseWeil/HasseBound/WeilPairing/FrobeniusDivisorGalois.lean:127:2: Try this: 
  haveI̵

The goal is a proposition, so `have` is preferred over `haveI`.
The difference between `have` and `haveI` is that `haveI` inlines the value.
But this is not relevant for proofs because of proof irrelevance.

Note: This linter can be disabled with `set_option linter.style.haveILetI false`
warning: projects/HasseWeil/HasseWeil/HasseBound/WeilPairing/FrobeniusDivisorGalois.lean:131:2: Try this: 
  haveI̵

The goal is a proposition, so `have` is preferred over `haveI`.
The difference between `have` and `haveI` is that `haveI` inlines the value.
But this is not relevant for proofs because of proof irrelevance.

Note: This linter can be disabled with `set_option linter.style.haveILetI false`
warning: projects/HasseWeil/HasseWeil/HasseBound/WeilPairing/FrobeniusDivisorGalois.lean:300:6: `AlgEquiv.coe_ringEquiv` has been deprecated: Use `AlgEquiv.coe_toRingEquiv` instead

Hint: Replace the deprecated name:
  AlgEquiv.coe_r̵t̲o̲R̲ingEquiv
warning: projects/HasseWeil/HasseWeil/HasseBound/WeilPairing/FrobeniusDivisorGalois.lean:310:6: `AlgEquiv.coe_ringEquiv` has been deprecated: Use `AlgEquiv.coe_toRingEquiv` instead

Hint: Replace the deprecated name:
  AlgEquiv.coe_r̵t̲o̲R̲ingEquiv
warning: projects/HasseWeil/HasseWeil/HasseBound/WeilPairing/FrobeniusDivisorGalois.lean:315:0: automatically included section variable(s) unused in theorem `HasseWeil.WeilPairing.geomFrobeniusPointFun_geomFrobSmoothPointInv`:
  [DecidableEq K]
consider restructuring your `variable` declarations so that the variables are not in scope or explicitly omit them:
  omit [DecidableEq K] in theorem ...

Note: This linter can be disabled with `set_option linter.unusedSectionVars false`
warning: projects/HasseWeil/HasseWeil/HasseBound/WeilPairing/FrobeniusDivisorGalois.lean:392:0: automatically included section variable(s) unused in theorem `HasseWeil.WeilPairing.pullbackDiv_geomFrob_infinity`:
  [DecidableEq K]
consider restructuring your `variable` declarations so that the variables are not in scope or explicitly omit them:
  omit [DecidableEq K] in theorem ...

Note: This linter can be disabled with `set_option linter.unusedSectionVars false`
warning: projects/HasseWeil/HasseWeil/HasseBound/WeilPairing/FrobeniusDivisorGalois.lean:507:2: Try this: 
  haveI̵

The goal is a proposition, so `have` is preferred over `haveI`.
The difference between `have` and `haveI` is that `haveI` inlines the value.
But this is not relevant for proofs because of proof irrelevance.

Note: This linter can be disabled with `set_option linter.style.haveILetI false`
⚠ [10879/11590] Replayed HasseWeil.HasseBound.WeilPairing.Scaling.FrobeniusGalois
warning: projects/HasseWeil/HasseWeil/HasseBound/WeilPairing/Scaling/FrobeniusGalois.lean:225:2: Try this: 
  letI̵

The goal is a proposition, so `let` is preferred over `letI`.
The difference between `let` and `letI` is that `letI` inlines the value.
But this is not relevant for proofs because of proof irrelevance.

Note: This linter can be disabled with `set_option linter.style.haveILetI false`
⚠ [10880/11590] Replayed HasseWeil.HasseBound.WeilPairing.Scaling.OneSubTransport
warning: projects/HasseWeil/HasseWeil/HasseBound/WeilPairing/Scaling/OneSubTransport.lean:257:0: automatically included section variable(s) unused in theorem `HasseWeil.WeilPairing.comapPointValuationWitness_oneSub`:
  [Fintype W.toAffine.Point]
consider restructuring your `variable` declarations so that the variables are not in scope or explicitly omit them:
  omit [Fintype W.toAffine.Point] in theorem ...

Note: This linter can be disabled with `set_option linter.unusedSectionVars false`
✔ [10884/11738] Built HexModular.CrtPlan (1.1s)
✔ [10885/11742] Built HexMvPoly.Query (983ms)
✔ [10886/11742] Built HexModularMatrix.Search (1.6s)
✔ [10887/11742] Built HexRealClosure.Canonical (939ms)
✔ [10888/11742] Built HexGFqRing.PolynomialQuotient (618ms)
✔ [10889/11742] Built HexConway.FactorProofs.S0_0 (577ms)
✔ [10890/11742] Built HexIntFactor.PMinusOne (515ms)
✔ [10892/11742] Built HexIntFactor.Rho (516ms)
✔ [10896/11742] Built HexECPP.Policy (366ms)
✔ [10899/11835] Built HexConway.Power (708ms)
✔ [10900/11835] Built HexECPP.Data (497ms)
✔ [10902/11835] Built HexECPP.CM.ClassPolynomials (472ms)
✔ [10904/11835] Built HexECPP.Policy:c.o (103ms)
✔ [10905/11897] Built HexMvGcd.Coeff (597ms)
✔ [10906/11897] Built HexIntFactor.Cert (707ms)
✔ [10909/11974] Built HexRealClosure.AlgebraicReencodeTests (1.3s)
✔ [10910/11974] Built HexNumberFieldTower.Data (969ms)
✔ [10911/11974] Built HexIntFactor.Ecm (809ms)
✔ [10914/12125] Built HexRealClosure.BaseCatalogTests (1.4s)
✔ [10915/12125] Built HexPolyZGcd.Cert (1.1s)
✔ [10916/12259] Built HexSignDetMathlib (1.6s)
✔ [10918/12259] Built HexGFqField.Basic (557ms)
✔ [10919/12259] Built HexConway.FactorProofs.S0_1 (500ms)
✔ [10920/12574] Built HexECPP.Affine (636ms)
✔ [10922/12574] Built HexGraph.Basic (834ms)
✔ [10923/12630] Built HexRealClosure.QueryReductionTests (1.8s)
✔ [10924/12630] Built HexPrimalityMathlib.Prime (1.3s)
✔ [10925/12630] Built HexPermGroup.Budget (919ms)
✔ [10926/12630] Built HexGraphIso.Nauty.Sparse.Literal.Range (411ms)
✔ [10927/12662] Built HexRealClosure.FrameFormatTests (1.9s)
✔ [10928/12662] Built HexHenselMathlib (1.6s)
✔ [10930/12662] Built HexIntFactor.Partial (761ms)
ℹ [10936/12701] Built HexRealClosure.BasePolynomialTests (2.1s)
info: HexRealClosure/BasePolynomialTests.lean:39:46: Type mismatch
  q
has type
  Polynomial first
but is expected to have type
  Polynomial second

Note: The following definitions were not unfolded because their definition is not exposed:
  Context.real ↦ 2
  Context.infinitesimal ↦ 8
info: HexRealClosure/BasePolynomialTests.lean:39:0: fun q => sorry : (q : Polynomial first) → ?m.12 q
info: HexRealClosure/BasePolynomialTests.lean:40:46: failed to synthesize instance of type class
  HAdd (Polynomial first) (Polynomial first.infinitesimal) ?m.14

Hint: Type class instance resolution failures can be inspected with the `set_option trace.Meta.synthInstance true` command.
info: HexRealClosure/BasePolynomialTests.lean:40:0: fun q => sorry : (q : Polynomial first) → ?m.17 q
info: HexRealClosure/BasePolynomialTests.lean:41:53: Application type mismatch: The argument
  delta
has type
  Element second
but is expected to have type
  Element first
in the application
  q.eval delta

Note: The following definitions were not unfolded because their definition is not exposed:
  Context.real ↦ 2
  Context.infinitesimal ↦ 8
info: HexRealClosure/BasePolynomialTests.lean:41:0: fun q => q.eval sorry : Polynomial first → Element first
info: HexRealClosure/BasePolynomialTests.lean:42:68: Application type mismatch: The argument
  delta
has type
  Element second
but is expected to have type
  Element first
in the application
  List.cons delta

Note: The following definitions were not unfolded because their definition is not exposed:
  Context.real ↦ 2
  Context.infinitesimal ↦ 8
info: HexRealClosure/BasePolynomialTests.lean:42:0: fun b => Polynomial.ofCoeffs #[b, sorry] : Element first → Polynomial first
info: HexRealClosure/BasePolynomialTests.lean:43:45: Type mismatch
  q
has type
  Polynomial base
but is expected to have type
  Polynomial (rational otherRegistry)

Note: The following definitions were not unfolded because their definition is not exposed:
  Context.real ↦ 4
  RealContext.rational ↦ 4
info: HexRealClosure/BasePolynomialTests.lean:43:0: fun q => sorry : (q : Polynomial base) → ?m.12 q
info: HexRealClosure/BasePolynomialTests.lean:44:87: failed to synthesize instance of type class
  HAdd (Polynomial base) (Polynomial (rational otherRegistry)) ?m.13

Hint: Type class instance resolution failures can be inspected with the `set_option trace.Meta.synthInstance true` command.
info: HexRealClosure/BasePolynomialTests.lean:44:0: fun q r => sorry : (q : Polynomial base) → (r : Polynomial (rational otherRegistry)) → ?m.16 q r
info: HexRealClosure/BasePolynomialTests.lean:46:2: Type mismatch
  q
has type
  Polynomial first
but is expected to have type
  Polynomial (rational otherRegistry).infinitesimal

Note: The following definitions were not unfolded because their definition is not exposed:
  Context.real ↦ 4
  RealContext.rational ↦ 4
  Context.infinitesimal ↦ 6
info: HexRealClosure/BasePolynomialTests.lean:45:0: fun q => sorry : (q : Polynomial first) → ?m.17 q
✔ [10937/12701] Built HexRealClosure.RootFrameTests (1.0s)
ℹ [10938/12701] Built HexRealClosure.TowerOrderTests (1.0s)
info: HexRealClosure/TowerOrderTests.lean:61:86: Application type mismatch: The argument
  y
has type
  b.Value
but is expected to have type
  a.Value
in the application
  a.equal x y
info: HexRealClosure/TowerOrderTests.lean:61:0: fun a b x y => a.equal x sorry : (a b : Context registry) → a.Value → b.Value → Bool
info: HexRealClosure/TowerOrderTests.lean:62:88: Application type mismatch: The argument
  y
has type
  b.Value
but is expected to have type
  a.Value
in the application
  a.compare x y
info: HexRealClosure/TowerOrderTests.lean:62:0: fun a b x y => a.compare x sorry : (a b : Context registry) → a.Value → b.Value → Ordering
✔ [10939/12701] Built HexRealClosure.TowerTransport (1.9s)
✔ [10940/12701] Built HexIntFactor.DivisorEnumeration (800ms)
✔ [10943/12701] Built HexGraphIso.Nauty.Sparse.LoopRel (568ms)
✔ [10968/12770] Built HexConway.FactorProofs.S0_2 (635ms)
✔ [10969/12770] Built HexPermGroup.Perm (1.3s)
ℹ [10980/12799] Built HexRealClosure.TowerTests (2.2s)
info: HexRealClosure/TowerTests.lean:185:15: Unknown constant `Hex.RealClosure.Tower.Extension.mk`
info: HexRealClosure/TowerTests.lean:186:76: failed to synthesize instance of type class
  HAdd a.Value b.Value ?m.5

Hint: Type class instance resolution failures can be inspected with the `set_option trace.Meta.synthInstance true` command.
info: HexRealClosure/TowerTests.lean:186:0: fun a b x y => sorry : (a b : Context registry) → (x : a.Value) → (y : b.Value) → ?m.8 a b x y
✔ [10981/12799] Built HexIntFactor.EcmStage2 (904ms)
✔ [10984/12799] Built HexPolySmith.ExactDiv (486ms)
✔ [11002/12842] Built HexModularMatrix.Lift (2.8s)
✔ [11003/12842] Built HexGFqRing.Operations (1.4s)
✔ [11004/12842] Built HexIntFactor.Replay (390ms)
✔ [11007/12842] Built HexIntFactor.Order (1.1s)
✔ [11010/12842] Built HexECPP.Replay (623ms)
⚠ [11013/12842] Replayed HexRCF.RealCoefficients.RadicalBuild
warning: adapters/HexRCF/RealCoefficients/RadicalBuild.lean:181:8: automatically included section variable(s) unused in theorem `_private.HexRCF.RealCoefficients.RadicalBuild.0.Hex.RCF.RealCoefficients.RadicalCert.search_fromIdentities`:
  [NatCast E]
consider restructuring your `variable` declarations so that the variables are not in scope or explicitly omit them:
  omit [NatCast E] in theorem ...

Note: This linter can be disabled with `set_option linter.unusedSectionVars false`
✔ [11014/12874] Built HexRationalFnMathlib (2.3s)
✔ [11016/12874] Built HexPolyFp.NttMul (1.5s)
✔ [11017/12874] Built HexGraphIso.Nauty.Search.Bits (1.5s)
✔ [11018/12874] Built HexGraphIso.Nauty.Equitable.Count (1.4s)
⚠ [11020/12874] Replayed HexSignDetMathlib.SelectedRoot
warning: adapters/HexSignDetMathlib/SelectedRoot.lean:382:32: This simp argument is unused:
  castSignPos

Hint: Omit it from the simp argument list.
  [apply] simp_all [Tarski.inInterval_iff, Endpoint.map, signsAt, RawDescriptor.constraints,
    RawDescriptor.constraintSigns, endpoint_eval f hz h1 hs, castSignNeg]

Note: This linter can be disabled with `set_option linter.unusedSimpArgs false`
warning: adapters/HexSignDetMathlib/SelectedRoot.lean:382:45: This simp argument is unused:
  castSignNeg

Hint: Omit it from the simp argument list.
  [apply] simp_all [Tarski.inInterval_iff, Endpoint.map, signsAt, RawDescriptor.constraints,
    RawDescriptor.constraintSigns, endpoint_eval f hz h1 hs, castSignPos]

Note: This linter can be disabled with `set_option linter.unusedSimpArgs false`
✔ [11021/12928] Built HexMvPoly.Eval (1.6s)
ℹ [11022/12928] Built HexRealClosure.TowerRefinementTests (2.4s)
info: HexRealClosure/TowerRefinementTests.lean:127:15: Unknown constant `Hex.RealClosure.Tower.Refinement.mk`
info: HexRealClosure/TowerRefinementTests.lean:128:15: Unknown constant `Hex.RealClosure.Tower.Later.mk`
✔ [11023/12928] Built HexLatticeEnum.Bounds (681ms)
⚠ [11045/12928] Replayed HexRealClosureMathlib.Ambient
warning: adapters/HexRealClosureMathlib/Ambient.lean:51:2: Try this: 
  letI̵

The goal is a proposition, so `let` is preferred over `letI`.
The difference between `let` and `letI` is that `letI` inlines the value.
But this is not relevant for proofs because of proof irrelevance.

Note: This linter can be disabled with `set_option linter.style.haveILetI false`
warning: adapters/HexRealClosureMathlib/Ambient.lean:52:2: Try this: 
  letI̵

The goal is a proposition, so `let` is preferred over `letI`.
The difference between `let` and `letI` is that `letI` inlines the value.
But this is not relevant for proofs because of proof irrelevance.

Note: This linter can be disabled with `set_option linter.style.haveILetI false`
warning: adapters/HexRealClosureMathlib/Ambient.lean:340:2: Try this: 
  letI̵

The goal is a proposition, so `let` is preferred over `letI`.
The difference between `let` and `letI` is that `letI` inlines the value.
But this is not relevant for proofs because of proof irrelevance.

Note: This linter can be disabled with `set_option linter.style.haveILetI false`
warning: adapters/HexRealClosureMathlib/Ambient.lean:350:2: Try this: 
  letI̵

The goal is a proposition, so `let` is preferred over `letI`.
The difference between `let` and `letI` is that `letI` inlines the value.
But this is not relevant for proofs because of proof irrelevance.

Note: This linter can be disabled with `set_option linter.style.haveILetI false`
warning: adapters/HexRealClosureMathlib/Ambient.lean:361:2: Try this: 
  letI̵

The goal is a proposition, so `let` is preferred over `letI`.
The difference between `let` and `letI` is that `letI` inlines the value.
But this is not relevant for proofs because of proof irrelevance.

Note: This linter can be disabled with `set_option linter.style.haveILetI false`
✔ [11046/12982] Built HexIntFactor.Small (679ms)
✔ [11049/12982] Built HexPermGroup.Perm.Fast (540ms)
✔ [11050/12982] Built HexGraph.Sparse (884ms)
✔ [11051/12982] Built HexLatticeEnum.Basic (834ms)
✔ [11090/13009] Built HexRankMathlib.Tactic (2.6s)
✔ [11091/13009] Built HexSparsePoly.Basic (2.5s)
✔ [11092/13009] Built HexConway.FactorProofs.S0_3 (656ms)
✔ [11093/13009] Built HexPermGroup.Kernel.Pack (617ms)
✔ [11094/13009] Built HexPolySmith.Contracts (966ms)
✔ [11095/13009] Built HexMinPoly.EvalVec (744ms)
⚠ [11096/13009] Replayed HexRealClosureMathlib.BaseAlgebraicity
warning: adapters/HexRealClosureMathlib/BaseAlgebraicity.lean:30:2: Try this: 
  letI̵

The goal is a proposition, so `let` is preferred over `letI`.
The difference between `let` and `letI` is that `letI` inlines the value.
But this is not relevant for proofs because of proof irrelevance.

Note: This linter can be disabled with `set_option linter.style.haveILetI false`
warning: adapters/HexRealClosureMathlib/BaseAlgebraicity.lean:33:2: Try this: 
  letI̵

The goal is a proposition, so `let` is preferred over `letI`.
The difference between `let` and `letI` is that `letI` inlines the value.
But this is not relevant for proofs because of proof irrelevance.

Note: This linter can be disabled with `set_option linter.style.haveILetI false`
warning: adapters/HexRealClosureMathlib/BaseAlgebraicity.lean:34:2: Try this: 
  letI̵

The goal is a proposition, so `let` is preferred over `letI`.
The difference between `let` and `letI` is that `letI` inlines the value.
But this is not relevant for proofs because of proof irrelevance.

Note: This linter can be disabled with `set_option linter.style.haveILetI false`
warning: adapters/HexRealClosureMathlib/BaseAlgebraicity.lean:39:2: Try this: 
  letI̵

The goal is a proposition, so `let` is preferred over `letI`.
The difference between `let` and `letI` is that `letI` inlines the value.
But this is not relevant for proofs because of proof irrelevance.

Note: This linter can be disabled with `set_option linter.style.haveILetI false`
warning: adapters/HexRealClosureMathlib/BaseAlgebraicity.lean:41:2: Try this: 
  letI̵

The goal is a proposition, so `let` is preferred over `letI`.
The difference between `let` and `letI` is that `letI` inlines the value.
But this is not relevant for proofs because of proof irrelevance.

Note: This linter can be disabled with `set_option linter.style.haveILetI false`
warning: adapters/HexRealClosureMathlib/BaseAlgebraicity.lean:53:2: Try this: 
  letI̵

The goal is a proposition, so `let` is preferred over `letI`.
The difference between `let` and `letI` is that `letI` inlines the value.
But this is not relevant for proofs because of proof irrelevance.

Note: This linter can be disabled with `set_option linter.style.haveILetI false`
warning: adapters/HexRealClosureMathlib/BaseAlgebraicity.lean:54:2: Try this: 
  letI̵

The goal is a proposition, so `let` is preferred over `letI`.
The difference between `let` and `letI` is that `letI` inlines the value.
But this is not relevant for proofs because of proof irrelevance.

Note: This linter can be disabled with `set_option linter.style.haveILetI false`
warning: adapters/HexRealClosureMathlib/BaseAlgebraicity.lean:57:2: Try this: 
  letI̵

The goal is a proposition, so `let` is preferred over `letI`.
The difference between `let` and `letI` is that `letI` inlines the value.
But this is not relevant for proofs because of proof irrelevance.

Note: This linter can be disabled with `set_option linter.style.haveILetI false`
warning: adapters/HexRealClosureMathlib/BaseAlgebraicity.lean:79:2: Try this: 
  letI̵

The goal is a proposition, so `let` is preferred over `letI`.
The difference between `let` and `letI` is that `letI` inlines the value.
But this is not relevant for proofs because of proof irrelevance.

Note: This linter can be disabled with `set_option linter.style.haveILetI false`
warning: adapters/HexRealClosureMathlib/BaseAlgebraicity.lean:80:2: Try this: 
  letI̵

The goal is a proposition, so `let` is preferred over `letI`.
The difference between `let` and `letI` is that `letI` inlines the value.
But this is not relevant for proofs because of proof irrelevance.

Note: This linter can be disabled with `set_option linter.style.haveILetI false`
warning: adapters/HexRealClosureMathlib/BaseAlgebraicity.lean:106:2: Try this: 
  letI̵

The goal is a proposition, so `let` is preferred over `letI`.
The difference between `let` and `letI` is that `letI` inlines the value.
But this is not relevant for proofs because of proof irrelevance.

Note: This linter can be disabled with `set_option linter.style.haveILetI false`
warning: adapters/HexRealClosureMathlib/BaseAlgebraicity.lean:107:2: Try this: 
  letI̵

The goal is a proposition, so `let` is preferred over `letI`.
The difference between `let` and `letI` is that `letI` inlines the value.
But this is not relevant for proofs because of proof irrelevance.

Note: This linter can be disabled with `set_option linter.style.haveILetI false`
warning: adapters/HexRealClosureMathlib/BaseAlgebraicity.lean:108:2: Try this: 
  letI̵

The goal is a proposition, so `let` is preferred over `letI`.
The difference between `let` and `letI` is that `letI` inlines the value.
But this is not relevant for proofs because of proof irrelevance.

Note: This linter can be disabled with `set_option linter.style.haveILetI false`
warning: adapters/HexRealClosureMathlib/BaseAlgebraicity.lean:110:2: Try this: 
  letI̵

The goal is a proposition, so `let` is preferred over `letI`.
The difference between `let` and `letI` is that `letI` inlines the value.
But this is not relevant for proofs because of proof irrelevance.

Note: This linter can be disabled with `set_option linter.style.haveILetI false`
warning: adapters/HexRealClosureMathlib/BaseAlgebraicity.lean:114:2: Try this: 
  letI̵

The goal is a proposition, so `let` is preferred over `letI`.
The difference between `let` and `letI` is that `letI` inlines the value.
But this is not relevant for proofs because of proof irrelevance.

Note: This linter can be disabled with `set_option linter.style.haveILetI false`
warning: adapters/HexRealClosureMathlib/BaseAlgebraicity.lean:116:2: Try this: 
  letI̵

The goal is a proposition, so `let` is preferred over `letI`.
The difference between `let` and `letI` is that `letI` inlines the value.
But this is not relevant for proofs because of proof irrelevance.

Note: This linter can be disabled with `set_option linter.style.haveILetI false`
warning: adapters/HexRealClosureMathlib/BaseAlgebraicity.lean:135:2: Try this: 
  letI̵

The goal is a proposition, so `let` is preferred over `letI`.
The difference between `let` and `letI` is that `letI` inlines the value.
But this is not relevant for proofs because of proof irrelevance.

Note: This linter can be disabled with `set_option linter.style.haveILetI false`
warning: adapters/HexRealClosureMathlib/BaseAlgebraicity.lean:136:2: Try this: 
  letI̵

The goal is a proposition, so `let` is preferred over `letI`.
The difference between `let` and `letI` is that `letI` inlines the value.
But this is not relevant for proofs because of proof irrelevance.

Note: This linter can be disabled with `set_option linter.style.haveILetI false`
warning: adapters/HexRealClosureMathlib/BaseAlgebraicity.lean:152:2: Try this: 
  letI̵

The goal is a proposition, so `let` is preferred over `letI`.
The difference between `let` and `letI` is that `letI` inlines the value.
But this is not relevant for proofs because of proof irrelevance.

Note: This linter can be disabled with `set_option linter.style.haveILetI false`
warning: adapters/HexRealClosureMathlib/BaseAlgebraicity.lean:153:2: Try this: 
  letI̵

The goal is a proposition, so `let` is preferred over `letI`.
The difference between `let` and `letI` is that `letI` inlines the value.
But this is not relevant for proofs because of proof irrelevance.

Note: This linter can be disabled with `set_option linter.style.haveILetI false`
⚠ [11097/13009] Replayed HexRealClosureMathlib.BaseBound
warning: adapters/HexRealClosureMathlib/BaseBound.lean:90:2: Try this: 
  letI̵

The goal is a proposition, so `let` is preferred over `letI`.
The difference between `let` and `letI` is that `letI` inlines the value.
But this is not relevant for proofs because of proof irrelevance.

Note: This linter can be disabled with `set_option linter.style.haveILetI false`
warning: adapters/HexRealClosureMathlib/BaseBound.lean:120:2: Try this: 
  letI̵

The goal is a proposition, so `let` is preferred over `letI`.
The difference between `let` and `letI` is that `letI` inlines the value.
But this is not relevant for proofs because of proof irrelevance.

Note: This linter can be disabled with `set_option linter.style.haveILetI false`
warning: adapters/HexRealClosureMathlib/BaseBound.lean:140:2: Try this: 
  letI̵

The goal is a proposition, so `let` is preferred over `letI`.
The difference between `let` and `letI` is that `letI` inlines the value.
But this is not relevant for proofs because of proof irrelevance.

Note: This linter can be disabled with `set_option linter.style.haveILetI false`
warning: adapters/HexRealClosureMathlib/BaseBound.lean:141:2: Try this: 
  letI̵

The goal is a proposition, so `let` is preferred over `letI`.
The difference between `let` and `letI` is that `letI` inlines the value.
But this is not relevant for proofs because of proof irrelevance.

Note: This linter can be disabled with `set_option linter.style.haveILetI false`
✔ [11098/13043] Built HexMvGcd.Divide (1.7s)
✔ [11099/13043] Built HexIntFactor.Construction (653ms)
✔ [11102/13043] Built HexGraphIso.Perm (699ms)
⚠ [11103/13043] Replayed HexRealClosureMathlib.EnlargementTests
warning: adapters/HexRealClosureMathlib/EnlargementTests.lean:28:2: Try this: 
  letI̵

The goal is a proposition, so `let` is preferred over `letI`.
The difference between `let` and `letI` is that `letI` inlines the value.
But this is not relevant for proofs because of proof irrelevance.

Note: This linter can be disabled with `set_option linter.style.haveILetI false`
warning: adapters/HexRealClosureMathlib/EnlargementTests.lean:29:2: Try this: 
  letI̵

The goal is a proposition, so `let` is preferred over `letI`.
The difference between `let` and `letI` is that `letI` inlines the value.
But this is not relevant for proofs because of proof irrelevance.

Note: This linter can be disabled with `set_option linter.style.haveILetI false`
warning: adapters/HexRealClosureMathlib/EnlargementTests.lean:48:2: Try this: 
  letI̵

The goal is a proposition, so `let` is preferred over `letI`.
The difference between `let` and `letI` is that `letI` inlines the value.
But this is not relevant for proofs because of proof irrelevance.

Note: This linter can be disabled with `set_option linter.style.haveILetI false`
warning: adapters/HexRealClosureMathlib/EnlargementTests.lean:64:2: Try this: 
  letI̵

The goal is a proposition, so `let` is preferred over `letI`.
The difference between `let` and `letI` is that `letI` inlines the value.
But this is not relevant for proofs because of proof irrelevance.

Note: This linter can be disabled with `set_option linter.style.haveILetI false`
✔ [11104/13045] Built HexECPP.Cert (576ms)
✔ [11106/13045] Built HexRCF.SturmCheck (725ms)
✔ [11109/13058] Built HexModularMatrix.Algebra (780ms)
✔ [11110/13058] Built HexPrimalityMathlib.Segment (1.3s)
⚠ [11113/13058] Replayed HexIntervalMathlib.Interval
warning: HexIntervalMathlib/Interval.lean:10:0: 'Mathlib.Data.Real.Basic' has been deprecated: please replace this import by

import Mathlib.Basic.Real.Basic
✔ [11124/13120] Built HexRealClosure.Element (2.1s)
✔ [11158/13180] Built HexGraph.Sparse.Pack (645ms)
✔ [11160/13184] Built HexPolyZ.KroneckerMulti (3.5s)
✔ [11161/13184] Built HexPrimalityMathlib.NormNum (1.6s)
✔ [11162/13184] Built HexIntFactor.Divisors (1.4s)
✔ [11164/13184] Built HexPermGroup.Cycles (738ms)
✔ [11165/13203] Built HexGF2Mathlib.Basic (3.1s)
✔ [11166/13203] Built HexIntFactor.Divisors:dynlib (195ms)
✔ [11186/13239] Built HexNumberFieldTower.RawArithmetic (2.4s)
✔ [11187/13239] Built HexConway.FactorProofs.S0_4 (847ms)
✔ [11188/13239] Built HexPermGroup.Kernel.Check (890ms)
✔ [11189/13239] Built HexPermGroup.Search.Trials (915ms)
✔ [11190/13239] Built HexGraphIso.LabelArray (757ms)
✔ [11191/13239] Built HexDet.Basic (1.6s)
✔ [11228/13244] Built HexRCF.SturmBuilder (777ms)
✔ [11229/13244] Built HexECPPMathlib.Policy (493ms)
✔ [11235/13304] Built HexRCF.IsolationCheck (886ms)
✔ [11236/13304] Built HexRCF.CommonRootCheck (809ms)
✔ [11286/13335] Built HexGFqField.Operations (1.6s)
✔ [11287/13335] Built HexConway.Bounds (3.0s)
✔ [11288/13335] Built HexRCF.CarrierCheck (959ms)
✔ [11289/13335] Built HexGFqRing (653ms)
✔ [11331/13351] Built HexPermGroup.Word (1.3s)
✔ [11332/13351] Built HexGraphIso.Colored (1.2s)
✔ [11333/13351] Built HexMinPoly.Krylov (1.2s)
✔ [11350/13351] Built HexModularMatrix.Solve (1.1s)
✔ [11351/13351] Built HexIntFactor.Factor (1.5s)
✔ [11353/13351] Built HexIntFactor.Import (1.3s)
✔ [11354/13351] Built HexPermGroup.Search.Budget (591ms)
✔ [11355/13351] Built HexGraph.Sparse.Build (1.6s)
✔ [11356/13351] Built HexMatrixMathlib.Lemmas (2.4s)
✔ [11357/13351] Built HexMatrixMathlib.Gram (2.4s)
✔ [11359/13361] Built HexRealClosure.TowerTransport:c.o (2.2s)
✔ [11368/13374] Built HexECPP.ElabData (1.5s)
✔ [11369/13374] Built HexPermGroup.Cycles.Path (980ms)
✔ [11370/13374] Built HexPolySmith.Step (1.7s)
✔ [11371/13374] Built HexLatticeEnum.GramSchmidt (1.8s)
✔ [11372/13374] Built HexRCF.RealCoefficients.IntervalSign (2.1s)
✔ [11384/13377] Built HexMvPoly.Structural (1.9s)
✔ [11385/13377] Built HexRealClosure.QAdjoin (1.3s)
✔ [11387/13377] Built HexConway.FactorProofs.S0_5 (852ms)
✔ [11388/13377] Built HexECPP.Import (1.6s)
✔ [11395/13378] Built HexRowReduceMathlib.Tactic (3.0s)
✔ [11396/13378] Built HexRealClosure.TowerTransport:dynlib (281ms)
✔ [11397/13378] Built HexSparsePoly.Arith (1.8s)
✔ [11399/13378] Built HexGraphIso.Random (639ms)
✔ [11400/13378] Built HexRankMathlib.Modular (2.5s)
✔ [11401/13378] Built HexRankMathlib.Profile (2.5s)
✔ [11407/13378] Built HexRealClosure.QAdjoin:dynlib (169ms)
✔ [11408/13378] Built HexPermGroup.Word.Codec (708ms)
✔ [11409/13378] Built HexPermGroupMathlib.Perm (1.3s)
✔ [11410/13378] Built HexLLLMathlib (2.7s)
✔ [11411/13378] Built HexRCF.SeparationCheck (793ms)
✔ [11412/13436] Built HexGraphIso.Families (788ms)
✔ [11413/13436] Built HexDet.Int (1.2s)
✔ [11473/13467] Built HexPolyZ.NttMul (1.5s)
✔ [11475/13467] Built HexECPP.ElabData:c.o (526ms)
✔ [11476/13467] Built HexGraphIso.Iso (923ms)
✔ [11477/13467] Built HexGraph.Sparse.Normalize (738ms)
✔ [11478/13467] Built HexDet.Field (1.2s)
✔ [11510/13590] Built HexPrimalityMathlib (1.6s)
✔ [11512/13590] Built HexGramSchmidtMathlib.Basic (2.9s)
✔ [11634/13632] Built HexIntFactor.Cyclotomic (931ms)
✔ [11637/13632] Built HexHermite.Step (1.9s)
✔ [11682/13650] Built HexRealClosure.Yun (2.1s)
✔ [11685/13650] Built HexPermGroup.Orbit (1.2s)
✔ [11686/13650] Built HexHermite.Step:dynlib (184ms)
✔ [11701/13668] Built HexIntFactor.Primality (1.2s)
✔ [11704/13668] Built HexPermGroup.Word.Build (1.3s)
ℹ [11705/13668] Built HexCharPoly.CharPolyElabTests (2.1s)
info: HexCharPoly/CharPolyElabTests.lean:24:0: Matrix.CharPolyResult.ofCheck
  (let d := #v[#v[1, 2], #v[3, 4]];
  Matrix.ofFn fun i j => d[i][j])
  [[1, 2], [3, 4]]
  { bound := 24, width := 12,
    steps :=
      [{ column := [1, -1, -6], vectors := [], coefficients := [1, -5, -2], product := [1, -5, -2, 24] },
        { column := [1, -4], vectors := [], coefficients := [1, -4], product := [1, -4] }] }
  [1, -5, -2] (DensePoly.ofCoeffs #[-2, -5, 1]) ⋯ _check._proof_1 _check._proof_3 : (let d := #v[#v[1, 2], #v[3, 4]];
  Matrix.ofFn fun i j => d[i][j]).CharPolyResult
info: HexCharPoly/CharPolyElabTests.lean:40:15: char_poly declined: unsupported coefficient type
  Nat
Only Int matrices are currently supported
ℹ [11728/13734] Built HexRealClosure.BaseTests (5.5s)
info: HexRealClosure/BaseTests.lean:45:39: Type mismatch
  a
has type
  Element q
but is expected to have type
  Element (rational otherRegistry)

Note: The following definitions were not unfolded because their definition is not exposed:
  Context.real ↦ 4
  RealContext.rational ↦ 4
info: HexRealClosure/BaseTests.lean:45:0: fun a => sorry : (a : Element q) → ?m.12 a
info: HexRealClosure/BaseTests.lean:46:43: Type mismatch
  a
has type
  Element first
but is expected to have type
  Element (rational otherRegistry).infinitesimal

Note: The following definitions were not unfolded because their definition is not exposed:
  Context.real ↦ 4
  RealContext.rational ↦ 4
  Context.infinitesimal ↦ 6
info: HexRealClosure/BaseTests.lean:46:0: fun a => sorry : (a : Element first) → ?m.17 a
info: HexRealClosure/BaseTests.lean:47:43: failed to synthesize instance of type class
  HAdd (Element first) (Element second) ?m.8

Hint: Type class instance resolution failures can be inspected with the `set_option trace.Meta.synthInstance true` command.
info: HexRealClosure/BaseTests.lean:47:0: fun a => sorry : (a : Element first) → ?m.11 a
info: HexRealClosure/BaseTests.lean:48:28: Application type mismatch: The argument
  first
has type
  Context registry (RationalFn Rat) (OrderedFn.Infinitesimal.sign OrderedFn.orderSign)
but is expected to have type
  RealContext ?m.1 ?m.2 ?m.5 ?m.6
in the application
  Context.real first
info: HexRealClosure/BaseTests.lean:48:0: Context.real sorry : Context ?m.1 ?m.2 ?m.6
info: HexRealClosure/BaseTests.lean:49:15: Unknown constant `Hex.RealClosure.BaseContext.Context.mk`
info: HexRealClosure/BaseTests.lean:50:15: Unknown constant `Hex.RealClosure.BaseContext.RealContext.mk`
✔ [11729/13734] Built HexNumberFieldTower.Norm (1.8s)
✔ [11730/13734] Built HexLatticeEnumMathlib.Bounds (2.9s)
✔ [11792/13773] Built HexModularMatrix.Divisor (1.4s)
✔ [11793/13773] Built HexRealClosure.TowerInclusion (914ms)
✔ [11795/13773] Built HexECPP.CM (995ms)
✔ [11797/13773] Built HexGraphIso.Generated (639ms)
✔ [11839/13773] Built HexPermGroup.Cycles.Visit (1.3s)
✔ [11840/13773] Built HexGraph.Sparse.Relabel (748ms)
✔ [11841/13773] Built HexRCF.CellsCheck (1.1s)
✔ [11846/13773] Built HexModularMatrix.SolveMat (1.5s)
✔ [11847/13773] Built HexRealClosure.TowerInclusion:dynlib (211ms)
✔ [11848/13773] Built HexPolyZGcd.Fast (4.4s)
✔ [11849/13773] Built HexConway.FactorProofs.S0_6 (1.2s)
✔ [11850/13773] Built HexLatticeEnum.Enumerate (1.4s)
✔ [11851/13785] Built HexIntFactor.Pari (1.6s)
✔ [11854/13785] Built HexECPPMathlib.Reduction (2.0s)
✔ [11861/13794] Built HexRealClosure.TowerSuffix (1.3s)
✔ [11863/13800] Built HexMvPoly.Recursive (1.5s)
✔ [11864/13800] Built HexGraphIso.Nauty.Search.VSet.Basic (3.7s)
✔ [11865/13800] Built HexRCF.RealCoefficients.IsolationCheck (1.4s)
✔ [11866/13809] Built HexRealClosure.TowerSuffix:dynlib (208ms)
✔ [11867/13815] Built HexSparsePoly.Dense (1.7s)
✔ [11868/13815] Built HexPermGroup.Word.Compose (957ms)
✔ [11869/13815] Built HexPermGroupMathlib.Word (1.6s)
✔ [11870/13815] Built HexGraphIso.Orbit (687ms)
✔ [11871/13815] Built RealClosureConsumer.Sign (3.4s)
✔ [11872/13822] Built HexModularMatrix.Det (823ms)
✔ [11873/13822] Built HexECPP.CM.Roots (819ms)
✔ [11875/13822] Built HexMinPoly.Order (2.4s)
✔ [11876/13824] Built HexECPPMathlib.Order (4.1s)
✔ [11877/13824] Built HexPermGroup.Orbit.Schreier (1.2s)
✔ [11878/13827] Built HexRealClosure.QAdjoinTests (1.9s)
✔ [11879/13827] Built HexIntFactor (1.2s)
✔ [11881/13827] Built HexGraphIso.Sparse.Colored (870ms)
⚠ [11882/13827] Built HexRealClosureMathlib.TransportInventory (3.9s)
warning: adapters/HexRealClosureMathlib/TransportInventory.lean:98:0: automatically included section variable(s) unused in theorem `Hex.RealClosure.Transport.Inventory.chain_data`:
  [DecidableEq K]
consider restructuring your `variable` declarations so that the variables are not in scope or explicitly omit them:
  omit [DecidableEq K] in theorem ...

Note: This linter can be disabled with `set_option linter.unusedSectionVars false`
✔ [11883/13844] Built HexRealClosure.TowerReuse (2.2s)
✔ [11884/13846] Built HexRealClosure.RootFactors (1.7s)
✔ [11885/13846] Built HexPolyZGcd.Heu (1.1s)
✔ [11886/13846] Built HexPermGroup.Cycles.Scan (1.2s)
✔ [11887/13846] Built HexLatticeEnum.Closest (1.1s)
✔ [11888/13846] Built RealClosureConsumer.Ordered (4.0s)
✔ [11889/13846] Built HexECPPMathlib.Pari.Process (1.1s)
ℹ [11890/13848] Built HexRealClosure.TowerConversionTests (2.5s)
info: HexRealClosure/TowerConversionTests.lean:92:61: Application type mismatch: The argument
  Transport.identity ?m.19
has type
  Transport ?m.19 ?m.19 id
but is expected to have type
  Transport (Context.base (BaseContext.rational registry)) (Context.base (BaseContext.rational registry)) fun x => 0
in the application
  { context := Context.base (BaseContext.rational registry), value := fun x => 0, checked := ⋯ }
✔ [11893/13848] Built HexPolyZGcd.Prs (1.2s)
✔ [11894/13848] Built HexRCF.RealCoefficients.FieldIsolate (998ms)
✔ [11895/13863] Built HexConway.FactorProofs.S0_7 (1.4s)
✔ [11896/13863] Built HexGraphIso.Nauty.Search.VSet.Card (1.0s)
✔ [11897/13866] Built HexMinPoly.Lcm (872ms)
✔ [11898/13866] Built HexRCF.SignMatrixCheck (1.5s)
✔ [11899/13878] Built HexRealClosure.TowerEnlarge (1.2s)
✔ [11903/13880] Built HexMatrixMathlib (3.4s)
✔ [11905/13880] Built HexModular (877ms)
✔ [11906/13880] Built HexModularMatrix.Rank (1.3s)
✔ [11907/13880] Built HexMvPoly.Kernel (3.3s)
✔ [11908/13880] Built HexPermGroup.Chain (1.3s)
✔ [11909/13880] Built HexGraphIso.Sparse.Iso (1.2s)
✔ [11910/13880] Built HexLatticeEnum.Shortest (954ms)
✔ [11911/13880] Built HexPolyDetMathlib.Bird.Evaluator (5.7s)
✔ [11912/13880] Built HexPermGroup.Cycles.Order (1.1s)
✔ [11913/13880] Built HexRCF.RealCoefficients.IsolationBuild (1.9s)
⚠ [11914/13880] Built HexRealClosureMathlib.CoefficientMap (5.4s)
warning: adapters/HexRealClosureMathlib/CoefficientMap.lean:41:0: automatically included section variable(s) unused in theorem `Hex.RealClosure.CoefficientMap.comap_domain`:
  [DecidableEq F]
  [DecidableEq G]
consider restructuring your `variable` declarations so that the variables are not in scope or explicitly omit them:
  omit [DecidableEq F] [DecidableEq G] in theorem ...

Note: This linter can be disabled with `set_option linter.unusedSectionVars false`
warning: adapters/HexRealClosureMathlib/CoefficientMap.lean:51:0: automatically included section variable(s) unused in theorem `Hex.RealClosure.CoefficientMap.map_mem`:
  [DecidableEq F]
  [DecidableEq G]
consider restructuring your `variable` declarations so that the variables are not in scope or explicitly omit them:
  omit [DecidableEq F] [DecidableEq G] in theorem ...

Note: This linter can be disabled with `set_option linter.unusedSectionVars false`
warning: adapters/HexRealClosureMathlib/CoefficientMap.lean:56:0: automatically included section variable(s) unused in theorem `Hex.RealClosure.CoefficientMap.comap_map`:
  [DecidableEq F]
  [DecidableEq G]
consider restructuring your `variable` declarations so that the variables are not in scope or explicitly omit them:
  omit [DecidableEq F] [DecidableEq G] in theorem ...

Note: This linter can be disabled with `set_option linter.unusedSectionVars false`
warning: adapters/HexRealClosureMathlib/CoefficientMap.lean:124:0: automatically included section variable(s) unused in theorem `Hex.RealClosure.CoefficientMap.polynomial_lift`:
  [DecidableEq G]
consider restructuring your `variable` declarations so that the variables are not in scope or explicitly omit them:
  omit [DecidableEq G] in theorem ...

Note: This linter can be disabled with `set_option linter.unusedSectionVars false`
✔ [11915/13880] Built HexRealFormula.Syntax (2.1s)
✔ [11916/13880] Built HexMvGcd.View (2.1s)
✔ [11917/13880] Built HexConway.Coefficients (4.2s)
✔ [11918/13880] Built HexIntFactor.Export (2.2s)
✔ [11920/13880] Built HexPermGroup.Cycles.Type (1.2s)
✔ [11921/13880] Built HexBerlekampMathlib.FactorTactic (4.7s)
✔ [11922/13880] Built HexRowReduceMathlib (3.6s)
✔ [11923/13880] Built HexNumberFieldTower.FactorRaw (2.8s)
✔ [11924/13880] Built HexPermGroup.Orbit.Tree (2.0s)
✔ [11925/13880] Built HexGraphIso.Nauty.Search.VSet.Nat (1.0s)
✔ [11927/13880] Built HexPermGroup.Cycles.Canonical (1.5s)
✔ [11928/13880] Built HexRCF.Certificate (1.1s)
✔ [11929/13880] Built HexRealClosure.TowerEnlargement (1.0s)
✔ [11932/13880] Built HexMinPoly.MinPoly (1.3s)
✔ [11933/13880] Built HexPermGroupMathlib.Orbit (2.1s)
✔ [11934/13880] Built HexRCF.Builder (1.4s)
✔ [11935/13880] Built HexModularMatrix.Complete (3.1s)
✔ [11936/13880] Built HexConway.FactorProofs.S0_8 (1.9s)
✔ [11937/13880] Built HexECPP.Search (2.7s)
✔ [11938/13880] Built HexPermGroup.Chain.Bounded (1.3s)
✔ [11939/13880] Built HexGraphIso.Nauty.Search.VSet (889ms)
✔ [11940/13880] Built HexGraphIso.Sparse.Uncolored (1.2s)
✔ [11941/13880] Built HexMvPoly.KernelMap (1.5s)
✔ [11942/13880] Built HexRealClosure.CompleteRoots (2.3s)
✔ [11945/13880] Built HexLatticeEnumMathlib.GramSchmidt (4.9s)
⚠ [11946/13880] Built HexRCF.RealCoefficients.LiteralSign (4.9s)
warning: adapters/HexRCF/RealCoefficients/LiteralSign.lean:272:0: automatically included section variable(s) unused in theorem `Hex.RCF.RealCoefficients.LiteralSign.Table.entry_spec`:
  [DecidableEq D]
consider restructuring your `variable` declarations so that the variables are not in scope or explicitly omit them:
  omit [DecidableEq D] in theorem ...

Note: This linter can be disabled with `set_option linter.unusedSectionVars false`
warning: adapters/HexRCF/RealCoefficients/LiteralSign.lean:489:0: automatically included section variable(s) unused in theorem `Hex.RCF.RealCoefficients.LiteralSign.Table.refine_checked`:
  [DecidableEq D]
consider restructuring your `variable` declarations so that the variables are not in scope or explicitly omit them:
  omit [DecidableEq D] in theorem ...

Note: This linter can be disabled with `set_option linter.unusedSectionVars false`
warning: adapters/HexRCF/RealCoefficients/LiteralSign.lean:505:0: automatically included section variable(s) unused in theorem `Hex.RCF.RealCoefficients.LiteralSign.Table.refine_bindings`:
  [DecidableEq D]
consider restructuring your `variable` declarations so that the variables are not in scope or explicitly omit them:
  omit [DecidableEq D] in theorem ...

Note: This linter can be disabled with `set_option linter.unusedSectionVars false`
✔ [11947/13880] Built HexKronecker.Expr (1.7s)
✔ [11948/13880] Built HexSparsePoly.Eval (3.1s)
✔ [11949/13880] Built HexRankMathlib.RowProfile (4.9s)
✔ [11950/13880] Built HexGramSchmidtMathlib (4.6s)
✔ [11952/13880] Built HexMvGcd.Normalize (1.5s)
✔ [11953/13880] Built HexLatticeEnum.Cert (1.8s)
✔ [11954/13880] Built HexRankMathlib.Polynomial (5.0s)
✔ [11955/13880] Built HexRCF.DecisionCheck (984ms)
ℹ [11956/13880] Built HexRealClosure.AlgebraicTests (9.9s)
info: HexRealClosure/AlgebraicTests.lean:47:0: some #[1, -1, 0, -1, 0, 0, 1, 0, 1, 1, 2]
info: HexRealClosure/AlgebraicTests.lean:49:0: some #[1, -1, 0, -1, 0, 0, 1, 0, 1, 1, 4]
info: HexRealClosure/AlgebraicTests.lean:94:0: some #[1, 1, 0, 0, 1, 1, 1]
info: HexRealClosure/AlgebraicTests.lean:137:0: some #[1, -1, 0, 0, 1, -1, 0, 2, 1, 0]
info: HexRealClosure/AlgebraicTests.lean:139:0: some #[1, -1, 0, 0, 1, -1, 0, 4, 1, 0]
info: HexRealClosure/AlgebraicTests.lean:141:0: some #[1, -1, 0, 0, 1, -1, 0, 4, 1, 0]
info: HexRealClosure/AlgebraicTests.lean:145:15: Unknown constant `Hex.RealClosure.Algebraic.Element.mk`
info: HexRealClosure/AlgebraicTests.lean:145:15: failed to synthesize instance of type class
  Inv Int

Hint: Type class instance resolution failures can be inspected with the `set_option trace.Meta.synthInstance true` command.
info: HexRealClosure/AlgebraicTests.lean:146:15: Unknown constant `Hex.RealClosure.Algebraic.Context.mk`
info: HexRealClosure/AlgebraicTests.lean:149:55: failed to synthesize instance of type class
  HAdd (Element (Context.adjoin d fun x => true)) (Element (Context.adjoin d fun x => false)) ?m.80

Hint: Type class instance resolution failures can be inspected with the `set_option trace.Meta.synthInstance true` command.
info: HexRealClosure/AlgebraicTests.lean:147:0: fun {d} a b =>
  sorry : {d : SignDet.Descriptor Rat Nat Sturm.orderSign 7} →
  (a : Element (Context.adjoin d fun x => true)) → (b : Element (Context.adjoin d fun x => false)) → ?m.83 a b
✔ [11957/13880] Built HexPermGroup.Check (2.1s)
✔ [11958/13880] Built HexRCF.Language (7.7s)
✔ [11959/13880] Built HexRealFormula.Kernel (1.0s)
✔ [11960/13880] Built HexMvPoly.KernelResidue (885ms)
✔ [11961/13880] Built HexDeterminantalIdeal.Kernel (2.4s)
✔ [11962/13880] Built HexRealClosure.TowerYunTests (4.8s)
✔ [11963/13880] Built HexNumberFieldTower.RawEvaluation (1.9s)
✔ [11964/13880] Built HexMinPoly.Small (1.6s)
✔ [11965/13880] Built HexManual.Tutorials.AESField (2.7s)
✔ [11966/13880] Built HexRowReduceMathlib.Tests (5.6s)
✔ [11967/13880] Built HexRealClosure.TowerReuse:c.o (3.4s)
✔ [11968/13880] Built HexRealClosure.TowerReuse:dynlib (233ms)
✔ [11969/13880] Built HexECPP (1.5s)
✔ [11970/13880] Built HexRCF.Regions (4.8s)
✔ [11971/13880] Built HexConway.FactorProofs.S0_9 (1.6s)
✔ [11972/13880] Built HexECPP:c.o (126ms)
✔ [11973/13880] Built HexMinPoly.Cert (2.2s)
✔ [11974/13880] Built HexPermGroup.Orbit.Build (2.6s)
✔ [11975/13880] Built HexSparsePoly.Euclid (1.5s)
✔ [11976/13880] Built HexTruncatedSeriesMathlib.LintTests (7.6s)
✔ [11978/13880] Built HexKronecker.Size (1.6s)
✔ [11979/13880] Built HexPermGroupMathlib.Kernel (4.0s)
✔ [11980/13880] Built HexLatticeEnum.Preprocess (1.6s)
✔ [11981/13880] Built HexPermGroup.Chain.Order (1.5s)
✔ [11982/13880] Built HexPermGroupMathlib.Cycles.Factors (3.0s)
✔ [11983/13880] Built HexLatticeEnum.Decode (1.7s)
✔ [11984/13880] Built HexRealFormula.Prenex (1.4s)
✔ [11985/13880] Built HexECPP.Search:c.o (2.6s)
✔ [11986/13880] Built HexManual.Tutorials.AESModulus (4.1s)
✔ [11987/13880] Built HexMvPoly.KernelResidue.Denote (1.5s)
✔ [11988/13880] Built HexModularMatrix.Kernel (4.0s)
✔ [11989/13880] Built HexConway.FactorProofs.S0_10 (932ms)
✔ [11990/13880] Built HexLatticeEnumMathlib.Order (6.3s)
✔ [11991/13880] Built HexMvGcd.Instances (2.1s)
✔ [11992/13880] Built HexECPP:shared (227ms)
✔ [11993/13880] Built HexSparsePoly (1.1s)
✔ [11994/13880] Built HexConway.Entries.S0_0 (3.9s)
✔ [11995/13880] Built HexConway.Entries.S1_0 (3.9s)
✔ [11996/13880] Built HexConway.Entries.S3_0 (3.0s)
✔ [11997/13880] Built HexPermGroup.Normalize (2.1s)
✔ [11998/13880] Built HexPermGroup.Word.Substitute (2.2s)
✔ [11999/13880] Built HexManual.Chapters.HexGFqRing (6.2s)
✔ [12000/13880] Built HexKronecker.MatrixSize (1.1s)
✔ [12001/13880] Built HexKronecker.Preflight (1.1s)
✔ [12002/13880] Built HexRealClosure.RootPolicy (2.8s)
✔ [12005/13880] Built HexRCF.SturmReplay (9.2s)
✔ [12006/13880] Built HexManual.Chapters.HexBasic (6.3s)
✔ [12007/13880] Built HexConway.Entries.S2_0 (4.1s)
✔ [12008/13880] Built HexLatticeEnum (923ms)
✔ [12009/13880] Built HexRealFormula (887ms)
✔ [12011/13880] Built HexPermGroup.Group (1.1s)
✔ [12012/13880] Built HexMvPoly (950ms)
✔ [12013/13880] Built HexConway.PrimeFactors (832ms)
✔ [12014/13880] Built HexModularMatrix (1.0s)
✔ [12016/13880] Built HexModularMatrixMathlib.Det (6.3s)
✔ [12017/13880] Built HexPolyDetMathlib.Tactic (4.8s)
✔ [12018/13880] Built HexDeterminantalIdeal.Residue (1.2s)
✔ [12019/13880] Built RealClosureConsumer.Query (10s)
✔ [12020/13880] Built HexMinPoly.Producer (2.2s)
✔ [12021/13880] Built HexNumberFieldTower.Basic (2.0s)
✔ [12022/13880] Built HexPolyDet.Basic (1.3s)
✔ [12023/13880] Built HexGenericRank.Basic (1.5s)
✔ [12024/13880] Built HexRealClosure.TowerCache (2.7s)
✔ [12025/13880] Built HexRCF.RealCoefficients.Coefficients (10s)
✔ [12026/13880] Built HexKronecker.Check (1.2s)
✔ [12027/13880] Built HexRealClosure.Trivial (4.2s)
✔ [12030/13880] Built HexPermGroup.Orbit.Words (1.8s)
✔ [12031/13880] Built HexPermGroupMathlib.Check (2.4s)
✔ [12032/13880] Built HexReflect.Convert (1.3s)
✔ [12033/13880] Built HexGraphIso.Nauty.Search.Refine (4.8s)
✔ [12034/13880] Built HexDet.MvPoly (2.2s)
✔ [12035/13880] Built HexIntFactor.Mixed.Cert (2.0s)
✔ [12036/13880] Built HexPolyDet (1.0s)
✔ [12038/13880] Built HexDet.Poly (2.2s)
✔ [12039/13880] Built HexRealClosure.TowerRoots (4.8s)
✔ [12041/13880] Built HexGFqField.Example (10s)
✔ [12042/13880] Built HexHermite.Hermite (8.8s)
✔ [12045/13880] Built HexManual.Chapters.HexArith (8.2s)
✔ [12046/13880] Built HexGenericRank (945ms)
✔ [12048/13880] Built HexDeterminantalIdeal.MvPoly (1.6s)
✔ [12049/13880] Built HexPermGroup.Rank (1.8s)
✔ [12050/13880] Built HexMvGcd.CertData (2.4s)
✔ [12051/13880] Built HexModularMatrixMathlib.Solve (5.5s)
✔ [12052/13880] Built HexPermGroupMathlib.Cycles.Sign (2.0s)
✔ [12053/13880] Built HexPermGroupMathlib.Cycles.Type (2.9s)
⚠ [12054/13880] Built HexMvHensel.Shift (1.7s)
warning: HexMvHensel/Shift.lean:165:16: declaration uses `sorry`
warning: HexMvHensel/Shift.lean:175:8: declaration uses `sorry`
warning: HexMvHensel/Shift.lean:180:8: declaration uses `sorry`
warning: HexMvHensel/Shift.lean:185:8: declaration uses `sorry`
warning: HexMvHensel/Shift.lean:190:8: declaration uses `sorry`
warning: HexMvHensel/Shift.lean:196:8: declaration uses `sorry`
✔ [12055/13880] Built HexRealClosure.TowerRoots:dynlib (282ms)
✔ [12056/13880] Built HexIntFactor.Mixed.Cert:c.o (551ms)
✔ [12057/13880] Built HexMinPoly.Kernel (1.7s)
✔ [12058/13880] Built HexRankMathlib.PolyExpr (5.1s)
✔ [12059/13880] Built HexRCF.RealCoefficients.SignIndex (5.4s)
✔ [12060/13880] Built HexBerlekampMathlib (6.6s)
✔ [12061/13880] Built HexManual.Chapters.HexModular (7.2s)
✔ [12062/13880] Built HexIntFactor.Mixed.Cert:dynlib (324ms)
✔ [12063/13880] Built HexRCF.RealCoefficients.Radical (12s)
✔ [12064/13880] Built HexPolyDetMathlib.Bird.Audit (6.8s)
✔ [12065/13880] Built HexReflect.Kernel (1.1s)
✔ [12066/13880] Built HexKronecker.Kernel (1.6s)
✔ [12067/13880] Built HexECPPMathlib.Soundness (8.5s)
✔ [12068/13880] Built HexGraphIso.Nauty.Sparse.Graph (1.4s)
✔ [12069/13880] Built HexDeterminantalIdeal (1.1s)
✔ [12070/13880] Built HexNumberFieldTower.Arithmetic (2.3s)
✔ [12071/13880] Built HexGFqField (1.2s)
✔ [12072/13880] Built HexHermite.Kernel (1.3s)
✔ [12075/13880] Built HexPermGroup.Enumerate (1.2s)
✔ [12076/13880] Built HexPermGroup.Group.Trivial (1.2s)
✔ [12077/13880] Built HexMinPoly (1.1s)
✔ [12078/13880] Built HexRankMathlib.Quotient (6.0s)
✔ [12079/13880] Built HexConway.Entries.S0_1 (3.7s)
✔ [12080/13880] Built HexDet (1.7s)
⚠ [12081/13880] Built HexManual.Chapters.HexPrimality (9.9s)
warning: HexManual/Chapters/HexPrimality.lean:153:0: Line 153 is too long (106 columns exceeds 60).

Note: Example code is shown on mobile devices and other narrow contexts. Long lines are likely to be truncated in the rendered output.

Hint: The limit of this linter can be changed with the option `verso.code.warnLineLength`. This linter can be disabled by setting this option to 0.
warning: HexManual/Chapters/HexPrimality.lean:155:0: Line 155 is too long (107 columns exceeds 60).

Note: Example code is shown on mobile devices and other narrow contexts. Long lines are likely to be truncated in the rendered output.

Hint: The limit of this linter can be changed with the option `verso.code.warnLineLength`. This linter can be disabled by setting this option to 0.
warning: HexManual/Chapters/HexPrimality.lean:156:0: Line 156 is too long (89 columns exceeds 60).

Note: Example code is shown on mobile devices and other narrow contexts. Long lines are likely to be truncated in the rendered output.

Hint: The limit of this linter can be changed with the option `verso.code.warnLineLength`. This linter can be disabled by setting this option to 0.
warning: HexManual/Chapters/HexPrimality.lean:157:0: Line 157 is too long (86 columns exceeds 60).

Note: Example code is shown on mobile devices and other narrow contexts. Long lines are likely to be truncated in the rendered output.

Hint: The limit of this linter can be changed with the option `verso.code.warnLineLength`. This linter can be disabled by setting this option to 0.
warning: HexManual/Chapters/HexPrimality.lean:160:0: Line 160 is too long (79 columns exceeds 60).

Note: Example code is shown on mobile devices and other narrow contexts. Long lines are likely to be truncated in the rendered output.

Hint: The limit of this linter can be changed with the option `verso.code.warnLineLength`. This linter can be disabled by setting this option to 0.
warning: HexManual/Chapters/HexPrimality.lean:161:0: Line 161 is too long (92 columns exceeds 60).

Note: Example code is shown on mobile devices and other narrow contexts. Long lines are likely to be truncated in the rendered output.

Hint: The limit of this linter can be changed with the option `verso.code.warnLineLength`. This linter can be disabled by setting this option to 0.
warning: HexManual/Chapters/HexPrimality.lean:162:0: Line 162 is too long (64 columns exceeds 60).

Note: Example code is shown on mobile devices and other narrow contexts. Long lines are likely to be truncated in the rendered output.

Hint: The limit of this linter can be changed with the option `verso.code.warnLineLength`. This linter can be disabled by setting this option to 0.
✔ [12082/13880] Built HexConway.Entries.S1_1 (3.8s)
✔ [12083/13880] Built HexIntFactor.Mixed.Replay (1.0s)
⚠ [12084/13880] Built HexRealClosureMathlib.MonicEvaluation (7.8s)
warning: adapters/HexRealClosureMathlib/MonicEvaluation.lean:117:0: automatically included section variable(s) unused in theorem `Hex.RealClosure.CoefficientMap.algebraic_mem`:
  [DecidableEq F]
  [DecidableEq K]
  [DecidableEq G]
consider restructuring your `variable` declarations so that the variables are not in scope or explicitly omit them:
  omit [DecidableEq F] [DecidableEq K] [DecidableEq G] in theorem ...

Note: This linter can be disabled with `set_option linter.unusedSectionVars false`
warning: adapters/HexRealClosureMathlib/MonicEvaluation.lean:150:0: automatically included section variable(s) unused in theorem `Hex.RealClosure.CoefficientMap.algebraic_polynomial`:
  [DecidableEq F]
consider restructuring your `variable` declarations so that the variables are not in scope or explicitly omit them:
  omit [DecidableEq F] in theorem ...

Note: This linter can be disabled with `set_option linter.unusedSectionVars false`
✔ [12085/13880] Built HexIntFactor.Mixed.Replay:c.o (172ms)
✔ [12086/13880] Built HexReflect.Provider (2.2s)
✔ [12087/13880] Built HexReflect.KernelResidue (1.2s)
✔ [12088/13880] Built HexModularMatrixMathlib.Rank (4.4s)
✔ [12089/13880] Built HexConway.Entries.S3_1 (3.0s)
✔ [12090/13880] Built HexPermGroup.Build (2.3s)
✔ [12091/13880] Built HexGraphIso.Nauty.Search.Generic (2.2s)
✔ [12092/13880] Built HexRealClosure.RootList (1.9s)
✔ [12095/13880] Built HexRealClosure.TowerCache:c.o (3.1s)
✔ [12096/13880] Built HexIntFactor.Mixed.Replay:dynlib (267ms)
✔ [12097/13880] Built HexPolySmith.Smith (11s)
✔ [12098/13880] Built HexMvHensel.Modulus (2.0s)
✔ [12099/13880] Built HexManual.Tutorials.PrimeSplitting (8.9s)
✔ [12100/13880] Built HexKronecker.Mixed (1.4s)
✔ [12101/13880] Built HexGraphIso.Nauty.Sparse.Rows (1.2s)
✔ [12102/13880] Built HexGraphIso.Nauty.Sparse.Sort (1.2s)
✔ [12103/13880] Built HexRealClosure.TowerCache:dynlib (301ms)
✔ [12104/13880] Built HexConway.Entries.S2_1 (4.2s)
✔ [12105/13880] Built HexPermGroupMathlib.Cycles (2.1s)
✔ [12106/13880] Built HexPolyDetMathlib.NoFallbackTests (3.9s)
✔ [12107/13880] Built HexRealClosure.TrivialTower (2.2s)
✔ [12110/13880] Built HexRealClosure.TowerPresentation (2.3s)
✔ [12113/13880] Built HexSparsePolyMathlib.Equiv (4.7s)
⚠ [12114/13880] Built HexMvPolyMathlib.Equiv (4.4s)
warning: HexMvPolyMathlib/Equiv.lean:193:4: `MvPolynomial.coeff_add` has been deprecated: Use `AddMonoidAlgebra.coeff_add` instead

Note: The updated constant has a different type:
  ∀ {R : Type u_1} {M : Type u_4} [inst : Semiring R] (x y : AddMonoidAlgebra R M), (x + y).coeff = x.coeff + y.coeff
instead of
  ∀ {R : Type u} {σ : Type u_1} [inst : CommSemiring R] (m : σ →₀ ℕ) (p q : MvPolynomial σ R),
    (p + q).coeff m = p.coeff m + q.coeff m

Note: The updated constant is in a different namespace. Dot notation may need to be changed (e.g., from `x.coeff_add` to `AddMonoidAlgebra.coeff_add x`).
✔ [12115/13880] Built HexIntFactor.Mixed.Frozen.Small (1.0s)
✔ [12116/13880] Built HexRealClosureMathlib.RegularEvaluation (9.2s)
✔ [12117/13880] Built HexKronecker (915ms)
✔ [12119/13880] Built HexRealClosure.RootTransport (2.9s)
✔ [12122/13880] Built HexLatticeEnumMathlib.Distance (8.1s)
✔ [12123/13880] Built HexRealClosureMathlib.CoefficientQuery (9.3s)
⚠ [12124/13880] Built HexMvGcd.Gauss (5.6s)
warning: HexMvGcd/Gauss.lean:1767:0: automatically included section variable(s) unused in theorem `Hex.MvPoly.densePrimPart_descent`:
  [BEq R]
  [LawfulBEq R]
consider restructuring your `variable` declarations so that the variables are not in scope or explicitly omit them:
  omit [BEq R] [LawfulBEq R] in theorem ...

Note: This linter can be disabled with `set_option linter.unusedSectionVars false`
warning: HexMvGcd/Gauss.lean:1788:0: automatically included section variable(s) unused in theorem `Hex.MvPoly.denseGcd_of_fraction`:
  [BEq R]
  [LawfulBEq R]
consider restructuring your `variable` declarations so that the variables are not in scope or explicitly omit them:
  omit [BEq R] [LawfulBEq R] in theorem ...

Note: This linter can be disabled with `set_option linter.unusedSectionVars false`
✔ [12125/13880] Built HexNumberFieldTower.Factor (2.2s)
✔ [12126/13880] Built HexIntFactor.Mixed.Frozen.Small:c.o (132ms)
✔ [12127/13880] Built HexPolySmith.Diagonal (1.2s)
✔ [12128/13880] Built HexPermGroup.Kernel.Certify (1.5s)
✔ [12129/13880] Built HexGraphIso.Nauty.Spec.Equivariance (3.7s)
✔ [12130/13880] Built HexManual.Chapters.HexModArith (11s)
✔ [12131/13880] Built HexGraphIso.Nauty.Sparse.Cells (1.3s)
✔ [12132/13880] Built HexGraphIso.Nauty.Sparse.Literal.Sort (1.3s)
✔ [12133/13880] Built HexManual.Chapters.HexRationalFn (11s)
✔ [12134/13880] Built HexPermGroup.Subgroup (1.8s)
✔ [12135/13880] Built HexGraphIso.Nauty.Policy.Generic.Sound (1.9s)
⚠ [12136/13880] Built HexMvHensel.Uni (1.8s)
warning: HexMvHensel/Uni.lean:395:8: declaration uses `sorry`
warning: HexMvHensel/Uni.lean:404:8: declaration uses `sorry`
warning: HexMvHensel/Uni.lean:420:8: declaration uses `sorry`
✔ [12137/13880] Built HexGraphIso.Nauty.Search.State (2.1s)
✔ [12138/13880] Built HexReflect.Proof (2.4s)
✔ [12139/13880] Built HexIntFactor.Mixed.Import (2.2s)
✔ [12140/13880] Built HexMinPolyMathlib.Polynomial (3.9s)
✔ [12141/13880] Built HexManual.Chapters.HexHensel (12s)
✔ [12142/13880] Built HexPermGroupMathlib.Group (2.7s)
✔ [12143/13880] Built HexReflect.State (2.8s)
✔ [12144/13880] Built HexDeterminantalIdealMathlib.Transport (3.5s)
✔ [12145/13880] Built HexRealClosure.TowerRootPolicy (4.5s)
✔ [12148/13880] Built HexPermGroup.Build.Bounded (2.8s)
✔ [12149/13880] Built HexPolySmith.Structure (1.4s)
✔ [12150/13880] Built HexManual.Chapters.HexBareiss (12s)
✔ [12151/13880] Built HexConway.Entries.S0_2 (3.2s)
✔ [12152/13880] Built HexPermGroup.Conjugate (1.1s)
✔ [12153/13880] Built HexGraphIso.Nauty.Sparse.Refine.State (1.2s)
⚠ [12154/13880] Built HexRealClosure.LiveContext (2.5s)
warning: HexRealClosure/LiveContext.lean:147:20: This simp argument is unused:
  baseEq

Hint: Omit it from the simp argument list.
  [apply] simp

Note: This linter can be disabled with `set_option linter.unusedSimpArgs false`
warning: HexRealClosure/LiveContext.lean:151:22: This simp argument is unused:
  baseEq

Hint: Omit it from the simp argument list.
  [apply] simp [rebuiltEq]

Note: This linter can be disabled with `set_option linter.unusedSimpArgs false`
warning: HexRealClosure/LiveContext.lean:152:30: This simp argument is unused:
  baseEq

Hint: Omit it from the simp argument list.
  [apply] simp [rebuiltEq]

Note: This linter can be disabled with `set_option linter.unusedSimpArgs false`
✔ [12155/13880] Built HexPermGroup.Membership (1.3s)
✔ [12156/13880] Built HexGraphIso.Nauty.Policy.Generic.Short (1.2s)
✔ [12157/13880] Built HexGraphIso.Nauty.Policy.Generic.Calls (1.2s)
✔ [12158/13880] Built HexBerlekampZassenhausMathlib.LatticeTotality (12s)
✔ [12159/13880] Built HexConway.Entries.S1_2 (3.4s)
✔ [12160/13880] Built HexGraphIso.Nauty.Policy.Generic.ExitBound (1.2s)
✔ [12161/13880] Built HexGraphIso.Nauty.Sparse.Key (1.1s)
✔ [12162/13880] Built HexCharPolyMathlib.Basic (11s)
✔ [12163/13880] Built HexMvPolyMathlib.Kernel (2.4s)
✔ [12164/13880] Built HexRealClosure.LiveContext:c.o (311ms)
✔ [12165/13880] Built HexGraphIso.Nauty.Policy.Preserve (1.4s)
✔ [12166/13880] Built HexPermGroup.Action (1.6s)
✔ [12167/13880] Built HexGraphIso.Nauty.Policy.Storage (1.2s)
✔ [12168/13880] Built HexRealClosure.LiveContext:dynlib (277ms)
✔ [12169/13880] Built HexManual.Chapters.HexPolyFast (13s)
✔ [12170/13880] Built HexRealClosure.RootCollection (2.4s)
✔ [12173/13880] Built HexConway.Entries.S3_2 (3.8s)
✔ [12174/13880] Built HexRankMathlib.Quadratic (4.1s)
✔ [12175/13880] Built HexIntFactor.Mixed.Import:c.o (1.3s)
✔ [12176/13880] Built HexDetMathlib.Small (4.1s)
✔ [12177/13880] Built HexECPPMathlib.Elab (4.0s)
✔ [12178/13880] Built HexPermGroup.Product.Perm (1.1s)
✔ [12179/13880] Built HexGraphIso.Nauty.Policy.Generic.Stable (2.0s)
⚠ [12180/13880] Built HexMvHensel.Diophantine (1.9s)
warning: HexMvHensel/Diophantine.lean:189:8: declaration uses `sorry`
✔ [12181/13880] Built HexIntFactor.Mixed.Import:dynlib (329ms)
✔ [12182/13880] Built HexGraphIso.Nauty.Sparse.PrefixKey (887ms)
⚠ [12183/13880] Built HexMvPolyMathlib.Aeval (3.2s)
warning: HexMvPolyMathlib/Aeval.lean:63:0: automatically included section variable(s) unused in theorem `HexMvPolyMathlib.eval₂_toMvPolynomial`:
  [BEq R]
  [LawfulBEq R]
consider restructuring your `variable` declarations so that the variables are not in scope or explicitly omit them:
  omit [BEq R] [LawfulBEq R] in theorem ...

Note: This linter can be disabled with `set_option linter.unusedSectionVars false`
✔ [12184/13880] Built HexMvPolyMathlib.Recursive (3.2s)
✔ [12185/13880] Built HexModularMatrixMathlib (4.0s)
✔ [12187/13880] Built HexGF2Mathlib.Field (4.9s)
✔ [12188/13880] Built HexConway.Entries.S2_2 (3.7s)
✔ [12189/13880] Built HexGraphIso.Nauty.Sparse.Refine.Counts (1.2s)
✔ [12190/13880] Built HexMinPolyMathlib.EvalVec (4.5s)
✔ [12191/13880] Built HexSparsePolyMathlib (3.6s)
✔ [12193/13880] Built HexRCF.Carrier (8.2s)
✔ [12194/13880] Built HexPermGroup.Predicates (1.5s)
✔ [12195/13880] Built HexPermGroup.Search.Node (1.4s)
✔ [12196/13880] Built HexGraphIso.Nauty.Sparse.RowOrder (1.2s)
✔ [12197/13880] Built HexPolySmith.Cert (1.7s)
⚠ [12198/13880] Built HexGraphIso.Nauty.Sparse.SortProps (4.3s)
warning: HexGraphIso/Nauty/Sparse/SortProps.lean:72:2: syntax 'Lean.Parser.Tactic.mvcgen' has been deprecated: use `vcgen` instead

Note: This linter can be disabled with `set_option linter.deprecated.syntax false`
warning: HexGraphIso/Nauty/Sparse/SortProps.lean:88:2: syntax 'Lean.Parser.Tactic.mvcgen' has been deprecated: use `vcgen` instead

Note: This linter can be disabled with `set_option linter.deprecated.syntax false`
warning: HexGraphIso/Nauty/Sparse/SortProps.lean:97:2: syntax 'Lean.Parser.Tactic.mvcgen' has been deprecated: use `vcgen` instead

Note: This linter can be disabled with `set_option linter.deprecated.syntax false`
warning: HexGraphIso/Nauty/Sparse/SortProps.lean:134:2: syntax 'Lean.Parser.Tactic.mvcgen' has been deprecated: use `vcgen` instead

Note: This linter can be disabled with `set_option linter.deprecated.syntax false`
warning: HexGraphIso/Nauty/Sparse/SortProps.lean:148:2: syntax 'Lean.Parser.Tactic.mvcgen' has been deprecated: use `vcgen` instead

Note: This linter can be disabled with `set_option linter.deprecated.syntax false`
warning: HexGraphIso/Nauty/Sparse/SortProps.lean:158:2: syntax 'Lean.Parser.Tactic.mvcgen' has been deprecated: use `vcgen` instead

Note: This linter can be disabled with `set_option linter.deprecated.syntax false`
✔ [12199/13880] Built HexPolySmith.Divisor (3.2s)
✔ [12200/13880] Built HexRealClosure.TrivialChecks (4.2s)
✔ [12201/13880] Built HexPermGroup.Word.Size (1.7s)
✔ [12202/13880] Built HexRCF.Isolations (8.9s)
✔ [12203/13880] Built HexPermGroup.Product.Block (1.1s)
✔ [12204/13880] Built HexGraphIso.Nauty.Search.Search (2.9s)
✔ [12205/13880] Built HexIntFactor.Mixed.Pari (1.0s)
✔ [12206/13880] Built HexPermGroup.Product.Projection (1.2s)
✔ [12207/13880] Built HexGraphIso.Nauty.Policy.Generic.Reference (1.2s)
✔ [12208/13880] Built HexPermGroup.Action.Domain (1.8s)
✔ [12209/13880] Built HexMvGcd.Cert (3.9s)
✔ [12210/13880] Built HexIntFactor.Mixed.Pari:c.o (182ms)
✔ [12211/13880] Built HexIntFactor.Mixed.Pari:dynlib (240ms)
✔ [12212/13880] Built HexManual.Chapters.HexBerlekamp (7.0s)
✔ [12213/13880] Built HexPermGroup.Search.Image (1.3s)
✔ [12214/13880] Built HexRealClosure.SharedPresentation (2.2s)
✔ [12215/13880] Built HexPermGroup.Search.Predicate (1.4s)
✔ [12216/13880] Built HexPermGroup.Search.Transporter (1.4s)
✔ [12217/13880] Built HexRealClosure.SharedPresentation:c.o (156ms)
✔ [12218/13880] Built HexGraphIso.Nauty.Policy.Generic.Bounded (1.0s)
✔ [12219/13880] Built HexGraphIso.Nauty.Sparse.Refine (1.8s)
✔ [12220/13880] Built HexRealClosure.SharedPresentation:dynlib (255ms)
✔ [12221/13880] Built HexPermGroupMathlib.Rank (3.6s)
✔ [12222/13880] Built HexManual.Chapters.HexDeterminant (16s)
✔ [12223/13880] Built HexPermGroup.Product.WreathPerm (1.3s)
✔ [12224/13880] Built HexConway.Entries.S0_3 (3.4s)
✔ [12225/13880] Built HexConway.Entries.S1_3 (3.3s)
✔ [12226/13880] Built HexManual.Chapters.HexTruncatedSeries (16s)
✔ [12227/13880] Built HexPermGroup.Product.Direct (1.4s)
✔ [12228/13880] Built HexLatticeEnumMathlib.Enumerate (5.3s)
✔ [12229/13880] Built HexRootsMathlib.Examples (16s)
✔ [12230/13880] Built HexDeterminantalIdealMathlib.Ideal (3.9s)
✔ [12231/13880] Built HexKroneckerMathlib.Denote (3.3s)
✔ [12232/13880] Built HexManual.Chapters.HexRowReduce (14s)
✔ [12233/13880] Built HexMvPolyMathlib.KernelResidue (3.5s)
✔ [12234/13880] Built HexGraphIso.Nauty.Policy.Generic.Leftmost (1.8s)
✔ [12235/13880] Built HexMvHensel.Seed (2.9s)
✔ [12236/13880] Built HexPermGroup.Action.Orbit (1.8s)
✔ [12237/13880] Built HexPermGroup.Search.NormalizerPredicate (1.2s)
✔ [12238/13880] Built HexGraphIso.Nauty.Sparse.CountParts (1.0s)
✔ [12239/13880] Built HexRCF.RealCoefficients.RootAliases (9.8s)
✔ [12240/13880] Built HexDeterminantalIdealMathlib.Rank (4.4s)
⚠ [12241/13880] Built HexRealClosure.Sample (3.5s)
warning: HexRealClosure/Sample.lean:181:59: This simp argument is unused:
  Nat.add_left_comm

Hint: Omit it from the simp argument list.
  [apply] simp [between, ih, Nat.add_comm]

Note: This linter can be disabled with `set_option linter.unusedSimpArgs false`
warning: HexRealClosure/Sample.lean:412:64: This simp argument is unused:
  Nat.add_left_comm

Hint: Omit it from the simp argument list.
  [apply] simp [afterRegions, ih, Nat.add_comm]

Note: This linter can be disabled with `set_option linter.unusedSimpArgs false`
✔ [12244/13880] Built HexPermGroup.Action.Image (1.0s)
✔ [12245/13880] Built HexPermGroup.Search.Probe (1.3s)
✔ [12246/13880] Built HexPermGroupMathlib.Subgroup (2.8s)
✔ [12247/13880] Built HexManual.Chapters.HexGFqField (7.9s)
✔ [12248/13880] Built HexPermGroup.Partition (2.0s)
✔ [12249/13880] Built HexPermGroup.Product.WreathProjection (939ms)
✔ [12250/13880] Built HexGraphIso.Nauty.Sparse.Target (1.4s)
✔ [12251/13880] Built HexGraphIso.Nauty.Sparse.ActiveScan (1.4s)
⚠ [12252/13880] Built HexRCF.RealCoefficients.Field (10s)
warning: adapters/HexRCF/RealCoefficients/Field.lean:249:2: `simp` already closes the goal

Hint: Use `simp` instead of `simpa`:
  [apply] simp [inputs]

Note: This linter can be disabled with `set_option linter.unnecessarySimpa false`
✔ [12253/13880] Built HexPermGroup.Product.Maps (858ms)
✔ [12254/13880] Built HexCharPolyMathlib.Coeff (4.3s)
✔ [12255/13880] Built HexConway.Entries.S3_3 (3.8s)
✔ [12256/13880] Built HexPermGroup.Search.Check (1.7s)
⚠ [12257/13880] Built HexGraphIso.Nauty.Sparse.SortOrder (2.8s)
warning: HexGraphIso/Nauty/Sparse/SortOrder.lean:103:2: syntax 'Lean.Parser.Tactic.mvcgen' has been deprecated: use `vcgen` instead

Note: This linter can be disabled with `set_option linter.deprecated.syntax false`
warning: HexGraphIso/Nauty/Sparse/SortOrder.lean:158:2: syntax 'Lean.Parser.Tactic.mvcgen' has been deprecated: use `vcgen` instead

Note: This linter can be disabled with `set_option linter.deprecated.syntax false`
✔ [12258/13880] Built HexMvGcd.Content (2.3s)
✔ [12259/13880] Built HexCharPolyMathlib.Invariance (4.4s)
⚠ [12260/13880] Built HexGraphIso.Nauty.Sparse.CountUniform (1.8s)
warning: HexGraphIso/Nauty/Sparse/CountUniform.lean:27:2: syntax 'Lean.Parser.Tactic.mvcgen' has been deprecated: use `vcgen` instead

Note: This linter can be disabled with `set_option linter.deprecated.syntax false`
✔ [12261/13880] Built HexCharPolyMathlib.Kernel (4.6s)
✔ [12262/13880] Built HexMvPolyMathlib.Correspondence (3.7s)
✔ [12263/13880] Built HexCharPolyMathlib.CayleyHamilton (4.6s)
✔ [12264/13880] Built HexManual.Chapters.HexGramSchmidt (14s)
✔ [12265/13880] Built HexReflectMathlib.Kernel (3.8s)
✔ [12266/13880] Built HexConway.Entries.S2_3 (3.9s)
✔ [12267/13880] Built HexGraphIso.Nauty.Policy.Instance (3.0s)
✔ [12268/13880] Built HexRankMathlib.QuadraticTactic (4.4s)
✔ [12269/13880] Built HexPermGroup.Action.Step (1.1s)
✔ [12270/13880] Built HexPermGroup.Normal.Check (1.1s)
✔ [12271/13880] Built HexGraphIso.Nauty.Policy.Generic.FirstBounded (1.2s)
✔ [12272/13880] Built HexDetMathlib.Basic (4.3s)
✔ [12273/13880] Built HexMvHensel.Cert (1.3s)
✔ [12274/13880] Built HexReflect.Session (5.5s)
✔ [12275/13880] Built HexGenericRankMathlib.Transport (4.0s)
✔ [12276/13880] Built HexPermGroup.Product.WreathFactors (968ms)
✔ [12277/13880] Built HexPermGroup.Search.Size (797ms)
✔ [12278/13880] Built HexPermGroup.Product.Order (936ms)
✔ [12279/13880] Built HexPermGroupMathlib.Tactic (6.8s)
✔ [12280/13880] Built HexManual.Chapters.HexMatrix (16s)
✔ [12281/13880] Built HexIntFactor.Mixed.Export (2.9s)
✔ [12282/13880] Built HexPermGroup.Search.Accumulator (916ms)
✔ [12283/13880] Built HexGraphIso.Nauty.Sparse.Search (1.3s)
✔ [12284/13880] Built HexGF2Mathlib.Algebra (4.5s)
✔ [12285/13880] Built HexPermGroup.Partition.Merge (1.4s)
✔ [12286/13880] Built HexMinPolyMathlib.Basic (4.6s)
✔ [12287/13880] Built HexManual.Chapters.HexLLL (18s)
✔ [12288/13880] Built HexKroneckerMathlib.Radix (2.1s)
✔ [12289/13880] Built HexPermGroup.Action.Schreier (1.7s)
✔ [12290/13880] Built HexPermGroup.Search.Failure (1.3s)
✔ [12291/13880] Built HexRealClosure (1.7s)
✔ [12292/13880] Built HexRealClosure:c.o (158ms)
✔ [12293/13880] Built HexECPPMathlib.Compact (5.2s)
✔ [12294/13880] Built HexKroneckerMathlib.Height (2.4s)
✔ [12295/13880] Built HexPermGroup.Product.Wreath (920ms)
✔ [12296/13880] Built HexPermGroupMathlib.Membership (1.9s)
✔ [12297/13880] Built HexRankMathlib.NumberField (9.6s)
✔ [12298/13880] Built HexRealClosureMathlib.CoefficientTarski (7.9s)
✔ [12299/13880] Built HexGraphIso.Nauty.Spec.CellPerm (7.8s)
✔ [12300/13880] Built HexHermite.Unique (11s)
✔ [12303/13880] Built HexRealClosure:shared (368ms)
✔ [12304/13880] Built HexConway.Entries.S1_4 (3.0s)
✔ [12305/13880] Built HexPermGroup.Search.Children (974ms)
⚠ [12306/13880] Built HexMvHensel.Lift (1.4s)
warning: HexMvHensel/Lift.lean:77:8: declaration uses `sorry`
warning: HexMvHensel/Lift.lean:170:8: declaration uses `sorry`
warning: HexMvHensel/Lift.lean:179:8: declaration uses `sorry`
✔ [12307/13880] Built HexNumberFieldTower.Split (8.1s)
✔ [12308/13880] Built HexConway.Entries.S0_4 (3.2s)
✔ [12309/13880] Built HexGraphIso.Sparse.Run (1.1s)
✔ [12310/13880] Built HexReflect (1.5s)
✔ [12311/13880] Built HexPermGroup.Search.BoundedChildren (1.3s)
✔ [12312/13880] Built HexIntFactor.Mixed.Export:c.o (1.9s)
✔ [12313/13880] Built HexPermGroup.Blocks.Check (1.7s)
✔ [12314/13880] Built HexPermGroup.Product.WreathMaps (1.2s)
✔ [12315/13880] Built HexMinPolyMathlib.Krylov (6.2s)
✔ [12316/13880] Built HexPermGroup.Product.Bounded (1.3s)
✔ [12317/13880] Built HexPermGroupMathlib.DirectProduct (2.1s)
✔ [12318/13880] Built HexPermGroup.Action.Queue (2.3s)
✔ [12319/13880] Built HexPermGroup.Search.First (1.6s)
✔ [12320/13880] Built HexMvPolyMathlib (2.7s)
✔ [12322/13880] Built HexIntFactor:shared (221ms)
✔ [12323/13880] Built HexRealFormulaMathlib.Semantics (2.8s)
✔ [12324/13880] Built HexPermGroup.Search.Build (1.4s)
✔ [12325/13880] Built HexGraphIso.Nauty.Sparse.Index (1.5s)
✔ [12326/13880] Built HexConway.Entries.S2_4 (3.1s)
✔ [12327/13880] Built HexConway.Entries.S3_4 (3.5s)
✔ [12328/13880] Built HexRealClosure.BaseInclusionTests (1.7s)
✔ [12329/13880] Built HexGraphIso.Nauty.Sparse.CellCut (1.9s)
✔ [12330/13880] Built HexManual.Chapters.HexPolyFp (21s)
✔ [12331/13880] Built HexPermGroup.Search.BoundedLeaf (1.5s)
✔ [12332/13880] Built HexGraphIso.Nauty.Sparse.Limited (1.6s)
✔ [12333/13880] Built HexPermGroup.Search.Witness (1.3s)
✔ [12334/13880] Built HexPermGroup.Blocks.Queue (1.3s)
✔ [12335/13880] Built HexIntFactor.Frozen.Case5 (1.2s)
✔ [12336/13880] Built HexPermGroup.Product.WreathOrder (1.5s)
✔ [12337/13880] Built HexGraphIso.Nauty.Sparse.IndexWrites (1.3s)
✔ [12338/13880] Built HexLatticeEnumMathlib.Traversal (5.5s)
✔ [12339/13880] Built HexIntFactor.Frozen.Case3 (1.5s)
✔ [12340/13880] Built HexManual.Chapters.FactorTactics (13s)
✔ [12341/13880] Built HexRealClosure.TrivialTowerTests (2.9s)
✔ [12342/13880] Built HexPermGroup.Search.Intersection (1.2s)
✔ [12343/13880] Built HexDetMathlib.Bareiss (4.3s)
✔ [12344/13880] Built HexRankMathlib (4.3s)
✔ [12345/13880] Built HexKroneckerMathlib.Injectivity (3.4s)
✔ [12346/13880] Built HexPermGroup.Search.Normalizer (1.4s)
✔ [12347/13880] Built HexPermGroup.Search.Sets (1.5s)
✔ [12348/13880] Built HexSparsePolyMathlib.LintTests (8.3s)
✔ [12350/13880] Built HexDetMathlib.Integer (4.6s)
✔ [12351/13880] Built HexGF2Mathlib (4.2s)
ℹ [12353/13880] Built HexRealClosure.RootOrderTests (3.5s)
info: HexRealClosure/RootOrderTests.lean:91:0: root ordering checks passed
✔ [12354/13880] Built HexGraphIso.Nauty.Sparse.LimitBudget (1.2s)
✔ [12355/13880] Built HexReflectMathlib.Carrier (3.3s)
ℹ [12356/13880] Built HexRealClosure.RootPolicyTests (3.7s)
info: HexRealClosure/RootPolicyTests.lean:67:0: native policy roots retain ordered values, labels and exact owners over rational and algebraic parents
✔ [12357/13880] Built HexConway.Entries.S1_5 (3.7s)
✔ [12358/13880] Built HexPermGroup.Action.Build (2.6s)
✔ [12359/13880] Built HexPermGroup.Search.Centralizer (1.9s)
✔ [12360/13880] Built HexGenericRankMathlib.Sound (5.0s)
✔ [12361/13880] Built HexPermGroup.Search.Bounded (1.6s)
✔ [12362/13880] Built HexCharPolyMathlib.CharPolyElab (5.5s)
✔ [12363/13880] Built HexRankMathlib.CarrierTests (5.2s)
✔ [12364/13880] Built HexPermGroup.Blocks.Build (1.3s)
✔ [12365/13880] Built HexGraphIso.Nauty.Sparse.ActiveCells (1.9s)
ℹ [12366/13880] Built HexRealClosure.RootCollectionTests (3.0s)
info: HexRealClosure/RootCollectionTests.lean:91:0: common root contexts, nonlinear transport and mixed arithmetic checks passed
ℹ [12367/13880] Built HexRealClosure.TowerEnlargeOrderTests (4.1s)
info: HexRealClosure/TowerEnlargeOrderTests.lean:83:0: native new parameter is positive and below old nested-root values
ℹ [12368/13880] Built HexRealClosure.TowerTransportTests (4.1s)
info: HexRealClosure/TowerTransportTests.lean:172:31: Application type mismatch: The argument
  Transport.identity ?m.27
has type
  Transport ?m.27 ?m.27 id
but is expected to have type
  Transport (Context.base (BaseContext.rational registry)) (Context.base (BaseContext.rational registry).infinitesimal)
    BaseContext.Element.embed
in the application
  { context := Context.base (BaseContext.rational registry).infinitesimal, value := BaseContext.Element.embed,
    checked := ⋯ }

Note: The following definitions were not unfolded because their definition is not exposed:
  BaseContext.Context.real ↦ 2
  BaseContext.Context.infinitesimal ↦ 5
✔ [12369/13880] Built HexMinPolyMathlib.Order (4.8s)
✔ [12370/13880] Built HexConway.Entries.S0_5 (3.9s)
✔ [12371/13880] Built HexManual.Chapters.HexPoly (23s)
✔ [12372/13880] Built HexManual.Tutorials.FieldPrimes (3.0s)
✔ [12373/13880] Built HexPermGroup.Search.SetTransporter (1.2s)
✔ [12374/13880] Built HexPermGroup.Search.BoundedFirst (1.9s)
✔ [12375/13880] Built HexRealClosureMathlib.ZeroFactor (4.3s)
✔ [12376/13880] Built HexGraphIso.Nauty.Spec.CellPermLoop (4.6s)
✔ [12377/13880] Built HexRCF.Separation (8.0s)
✔ [12378/13880] Built HexIntFactorMathlib.Order (3.5s)
✔ [12379/13880] Built HexPermGroup.Action.Finite (1.1s)
✔ [12380/13880] Built HexPermGroup.Blocks (1.0s)
✔ [12381/13880] Built HexECPPMathlib (5.4s)
✔ [12382/13880] Built HexRealClosure.TowerPresentationTests (5.1s)
✔ [12383/13880] Built HexConway.Entries.S1_6 (1.4s)
✔ [12384/13880] Built HexPermGroup.Action.Kernel (1.5s)
✔ [12385/13880] Built HexGraphIso.Nauty.Sparse.ActiveSpan (1.2s)
✔ [12386/13880] Built HexRealClosureMathlib.Deflation (5.2s)
✔ [12387/13880] Built HexRealClosureMathlib.AlgebraicClean (5.3s)
⚠ [12388/13880] Built HexGraphIso.Nauty.Sparse.SortPartition (7.4s)
warning: HexGraphIso/Nauty/Sparse/SortPartition.lean:176:2: syntax 'Lean.Parser.Tactic.mvcgen' has been deprecated: use `vcgen` instead

Note: This linter can be disabled with `set_option linter.deprecated.syntax false`
✔ [12389/13880] Built HexRealFormulaMathlib.Variables (4.2s)
✔ [12390/13880] Built HexConway.Entries.S0_6 (1.3s)
✔ [12391/13880] Built HexConway.Entries.S3_5 (3.7s)
✔ [12392/13880] Built HexPermGroup.Search.Budgeted (1.2s)
✔ [12393/13880] Built HexPermGroupMathlib.WreathProduct (2.8s)
✔ [12394/13880] Built HexGraphIso.Nauty.Sparse.LimitCount (1.0s)
✔ [12395/13880] Built HexRealClosureMathlib.Bounds (5.6s)
✔ [12396/13880] Built HexConway.Entries.S2_5 (3.6s)
✔ [12397/13880] Built HexECPPMathlib.Pari (6.1s)
✔ [12398/13880] Built HexIntFactorMathlib.Factorization (4.5s)
✔ [12399/13880] Built HexPermGroup.Coset (930ms)
✔ [12400/13880] Built HexECPPMathlib.Native (6.1s)
✔ [12401/13880] Built HexRealFormulaMathlib.Normalization (4.4s)
✔ [12402/13880] Built HexPermGroup.Blocks.Size (1.1s)
✔ [12403/13880] Built HexPermGroup.Blocks.Primitive (1.0s)
✔ [12404/13880] Built HexRealFormulaMathlib.Evaluation (4.7s)
✔ [12405/13880] Built HexKroneckerMathlib.Degree (2.9s)
⚠ [12406/13880] Built HexPolyDetMathlib.Sound (7.6s)
warning: HexPolyDetMathlib/Sound.lean:22:8: Overlapping instance parameters in `check_of_ok`:

⚠️ `[Std.TransCmp cmp]` and `[IsMonomialOrder cmp]` each imply `[Std.OrientedCmp cmp]`.
💡️ Of these, `[Std.TransCmp cmp]` may be removed.
⚠️ `[Std.LawfulEqCmp cmp]` and `[IsMonomialOrder cmp]` each imply `[Std.ReflCmp cmp]`.
💡️ Of these, `[Std.LawfulEqCmp cmp]` may be removed.

Note: This linter can be disabled with `set_option linter.overlappingInstances false`
warning: HexPolyDetMathlib/Sound.lean:31:8: Overlapping instance parameters in `produce_check`:

⚠️ `[Std.TransCmp cmp]` and `[IsMonomialOrder cmp]` each imply `[Std.OrientedCmp cmp]`.
💡️ Of these, `[Std.TransCmp cmp]` may be removed.
⚠️ `[Std.LawfulEqCmp cmp]` and `[IsMonomialOrder cmp]` each imply `[Std.ReflCmp cmp]`.
💡️ Of these, `[Std.LawfulEqCmp cmp]` may be removed.

Note: This linter can be disabled with `set_option linter.overlappingInstances false`
warning: HexPolyDetMathlib/Sound.lean:250:20: This simp argument is unused:
  mul_assoc

Hint: Omit it from the simp argument list.
  [apply] simp [pow_succ]

Note: This linter can be disabled with `set_option linter.unusedSimpArgs false`
warning: HexPolyDetMathlib/Sound.lean:314:5: Variable name `hd` is not explicitly referenced.

Hint: The binding can be removed (if unused) or named `_` (if used implicitly). Alternatively, prefix the name with `_` to silence this warning:
  [apply] _hd

Note: This linter can be disabled with `set_option linter.unusedVariables false`
warning: HexPolyDetMathlib/Sound.lean:391:0: automatically included section variable(s) unused in theorem `HexMatrixMathlib.DetPoly.Decode.valid_row`:
  [CommRing S]
  D
consider restructuring your `variable` declarations so that the variables are not in scope or explicitly omit them:
  omit [CommRing S] D in theorem ...

Note: This linter can be disabled with `set_option linter.unusedSectionVars false`
warning: HexPolyDetMathlib/Sound.lean:400:0: automatically included section variable(s) unused in theorem `HexMatrixMathlib.DetPoly.Decode.valid_replace`:
  [CommRing S]
  D
consider restructuring your `variable` declarations so that the variables are not in scope or explicitly omit them:
  omit [CommRing S] D in theorem ...

Note: This linter can be disabled with `set_option linter.unusedSectionVars false`
warning: HexPolyDetMathlib/Sound.lean:454:20: This simp argument is unused:
  mul_assoc

Hint: Omit it from the simp argument list.
  [apply] simp [pow_succ, mul_left_comm, mul_comm]

Note: This linter can be disabled with `set_option linter.unusedSimpArgs false`
warning: HexPolyDetMathlib/Sound.lean:454:31: This simp argument is unused:
  mul_left_comm

Hint: Omit it from the simp argument list.
  [apply] simp [pow_succ, mul_assoc, mul_comm]

Note: This linter can be disabled with `set_option linter.unusedSimpArgs false`
warning: HexPolyDetMathlib/Sound.lean:621:2: `@[expose]` has no effect; this declaration would be exposed by default
✔ [12407/13880] Built HexRCF.RealCoefficients.RepresentationSpecialize (4.0s)
✔ [12408/13880] Built HexPermGroup.Blocks.Action (1.4s)
✔ [12409/13880] Built HexGraphIso.Nauty.Sparse.Rotate (1.5s)
✔ [12410/13880] Built HexGraphIso.Nauty.Sparse.LimitProjection (1.3s)
✔ [12411/13880] Built HexPermGroupMathlib.Search (2.6s)
✔ [12412/13880] Built HexConway.Entries.S2_6 (1.5s)
✔ [12413/13880] Built HexMinPolyMathlib.Kernel (6.2s)
⚠ [12414/13880] Built HexReflectMathlib.Correspondence (3.6s)
warning: HexReflectMathlib/Correspondence.lean:43:0: automatically included section variable(s) unused in theorem `HexReflectMathlib.eval₂_ringHom_ofIntTerms`:
  [DecidableEq C]
consider restructuring your `variable` declarations so that the variables are not in scope or explicitly omit them:
  omit [DecidableEq C] in theorem ...

Note: This linter can be disabled with `set_option linter.unusedSectionVars false`
warning: HexReflectMathlib/Correspondence.lean:49:0: automatically included section variable(s) unused in theorem `HexReflectMathlib.eval₂_ringHom_ofIntTermsC`:
  [DecidableEq C]
consider restructuring your `variable` declarations so that the variables are not in scope or explicitly omit them:
  omit [DecidableEq C] in theorem ...

Note: This linter can be disabled with `set_option linter.unusedSectionVars false`
✔ [12415/13880] Built HexPermGroup.Coset.Transversal (1.6s)
✔ [12416/13880] Built HexPermGroup.Blocks.Trials (1.4s)
✔ [12417/13880] Built HexReflectMathlib.Residue (3.8s)
✔ [12418/13880] Built HexConway.Entries.S3_6 (1.8s)
✔ [12419/13880] Built HexIntFactorMathlib.Mixed (6.2s)
✔ [12420/13880] Built HexRealClosureMathlib.SelectedRoot (7.4s)
✔ [12421/13880] Built HexDetMathlib.Field (4.6s)
✔ [12422/13880] Built HexPermGroupMathlib.Action (2.5s)
✔ [12423/13880] Built HexPolyZGcd.Brown (27s)
✔ [12424/13880] Built HexGraphIso.Nauty.Sparse.ActiveQueue (892ms)
✔ [12425/13880] Built HexCharPolyMathlib (3.9s)
✔ [12427/13880] Built HexDeterminantalIdealMathlib.Locus (6.7s)
✔ [12428/13880] Built HexRealClosureMathlib.CoefficientReduction (8.1s)
✔ [12429/13880] Built HexGraphIso.Nauty.Sparse.LimitSweep (1.2s)
ℹ [12430/13880] Built HexRealClosure.TrivialTests (8.2s)
info: HexRealClosure/TrivialTests.lean:92:0: generic rational roots and comparisons agree with the real-algebraic backend
✔ [12431/13880] Built HexRCF.RealCoefficients.FieldSignProgress (10s)
✔ [12432/13880] Built HexConway.Table (974ms)
✔ [12433/13880] Built HexPermGroup.Primitivity (1.2s)
✔ [12434/13880] Built HexPermGroup.Coset.Build (1.2s)
✔ [12435/13880] Built HexRealClosureMathlib.BaseClean (3.2s)
✔ [12436/13880] Built HexHermite.Lattice (8.6s)
✔ [12439/13880] Built HexManual.Chapters.HexSparsePoly (13s)
✔ [12440/13880] Built HexRealClosureMathlib.BaseContext (8.7s)
✔ [12441/13880] Built HexIntFactorMathlib (2.9s)
✔ [12443/13880] Built HexGraphIso.Nauty.Sparse.QueueRemove (848ms)
✔ [12444/13880] Built HexLatticeEnumMathlib.Closest (5.9s)
✔ [12445/13880] Built HexRCF.RealCoefficients.SquareRoot (10s)
✔ [12446/13880] Built HexGraphIso.Nauty.Sparse.SortBlocks (3.4s)
✔ [12447/13880] Built HexRCF.RealCoefficients.CommonPresentation (10s)
✔ [12448/13880] Built HexRealClosureMathlib.Bisection (3.6s)
⚠ [12449/13880] Built HexGenericRankMathlib.Kernel (5.2s)
warning: HexGenericRankMathlib/Kernel.lean:143:0: automatically included section variable(s) unused in theorem `HexGenericRankMathlib.PolyLists.sum_canonical`:
  [BEq C]
  [LawfulBEq C]
consider restructuring your `variable` declarations so that the variables are not in scope or explicitly omit them:
  omit [BEq C] [LawfulBEq C] in theorem ...

Note: This linter can be disabled with `set_option linter.unusedSectionVars false`
warning: HexGenericRankMathlib/Kernel.lean:180:0: automatically included section variable(s) unused in theorem `HexGenericRankMathlib.PolyLists.canonical_get`:
  [BEq C]
  [LawfulBEq C]
consider restructuring your `variable` declarations so that the variables are not in scope or explicitly omit them:
  omit [BEq C] [LawfulBEq C] in theorem ...

Note: This linter can be disabled with `set_option linter.unusedSectionVars false`
✔ [12450/13880] Built HexKroneckerMathlib.Saturation (11s)
✔ [12451/13880] Built HexGraphIso.Nauty.Sparse.Minima (2.1s)
✔ [12452/13880] Built HexRealFormulaMathlib.ReifyProof (3.4s)
✔ [12453/13880] Built HexNumberFieldTower.Flatten (9.0s)
✔ [12454/13880] Built HexPolySmith.Correctness.Invariant (14s)
✔ [12455/13880] Built HexPermGroup.Group.Order (900ms)
✔ [12456/13880] Built HexGraphIso.Nauty.Sparse.QueueReplace (916ms)
✔ [12457/13880] Built HexGraphIso.Nauty.Sparse.LimitNode (1.6s)
✔ [12458/13880] Built HexRCF.RealCoefficients.Conversion (21s)
✔ [12459/13880] Built HexHermite (1.0s)
✔ [12461/13880] Built HexPermGroupMathlib.Blocks (1.0s)
✔ [12462/13880] Built HexHermite:shared (126ms)
ℹ [12472/13880] Built HexRealClosure.RootFactorsTests (9.7s)
info: HexRealClosure/RootFactorsTests.lean:118:0: zero, constants and original root multiplicity assembly checks passed
⚠ [12473/13880] Built HexRealClosureMathlib.AmbientTests (4.6s)
warning: adapters/HexRealClosureMathlib/AmbientTests.lean:107:2: Try this: 
  letI̵

The goal is a proposition, so `let` is preferred over `letI`.
The difference between `let` and `letI` is that `letI` inlines the value.
But this is not relevant for proofs because of proof irrelevance.

Note: This linter can be disabled with `set_option linter.style.haveILetI false`
✔ [12474/13880] Built HexPermGroup.Coset.Right (1.5s)
✔ [12475/13880] Built HexGraphIso.Nauty.Spec.CanonSpec (5.6s)
✔ [12476/13880] Built HexPermGroup.Group.Adjoin (942ms)
✔ [12477/13880] Built HexGraphIso.Nauty.Sparse.MinimaBound (1.4s)
✔ [12478/13880] Built HexGraphIso.Nauty.Sparse.CellQueue (960ms)
✔ [12479/13880] Built HexGraphIso.Nauty.Sparse.Literal.Refine (14s)
✔ [12480/13880] Built HexGraphIso.Nauty.Sparse.LimitAgreement (1.1s)
✔ [12481/13880] Built HexReflectMathlib.Display (3.3s)
✔ [12482/13880] Built HexPermGroup.Normal.CoreStep (1.3s)
✔ [12483/13880] Built HexGraphIso.Nauty.Spec.Traced (918ms)
✔ [12484/13880] Built HexReflectMathlib.KernelResidue (3.6s)
✔ [12485/13880] Built HexPolyZGcd.Gcd (3.3s)
✔ [12486/13880] Built HexConway.EntrySource (2.8s)
✔ [12487/13880] Built HexGraphIso.Nauty.Spec.KeyMax (1.1s)
✔ [12488/13880] Built HexManual.Chapters.HexBerlekampZassenhaus (17s)
✔ [12489/13880] Built HexNumberFieldTower (1.0s)
✔ [12490/13880] Built HexMinPolyMathlib.CharPoly (3.5s)
✔ [12491/13880] Built HexKroneckerMathlib.Preflight (2.5s)
✔ [12492/13880] Built HexMinPolyMathlib.Tactic (4.2s)
✔ [12493/13880] Built HexManual.Tutorials.Coppersmith (29s)
✔ [12494/13880] Built HexDetMathlib.Berkowitz (3.9s)
✔ [12495/13880] Built HexGraphIso.Nauty.Invariant.Leaves (1.6s)
⚠ [12496/13880] Built HexGraphIso.Nauty.Sparse.SortStack (6.4s)
warning: HexGraphIso/Nauty/Sparse/SortStack.lean:79:2: syntax 'Lean.Parser.Tactic.mvcgen' has been deprecated: use `vcgen` instead

Note: This linter can be disabled with `set_option linter.deprecated.syntax false`
✔ [12497/13880] Built HexGraphIso.Nauty.Sparse.Literal.Target (1.2s)
✔ [12498/13880] Built HexRankMathlib.Tests (8.1s)
✔ [12499/13880] Built HexPermGroup.Normal.Step (1.6s)
✔ [12500/13880] Built HexPermGroup.Normal.Core (1.3s)
✔ [12501/13880] Built HexRealClosureMathlib.BisectionRoots (3.2s)
✔ [12502/13880] Built HexSmith.Smith (2.3s)
✔ [12503/13880] Built HexPermGroupMathlib.Primitivity (2.4s)
⚠ [12504/13880] Built HexRCF.RealCoefficients.SquareTwo (10s)
warning: adapters/HexRCF/RealCoefficients/SquareTwo.lean:46:17: `if_neg` has been deprecated: Use `ite_eq_right` instead

Hint: Replace the deprecated name:
  i̵f̵_̵n̵e̵g̵i̲t̲e̲_̲e̲q̲_̲r̲i̲g̲h̲t̲
warning: adapters/HexRCF/RealCoefficients/SquareTwo.lean:46:28: `if_neg` has been deprecated: Use `ite_eq_right` instead

Hint: Replace the deprecated name:
  i̵f̵_̵n̵e̵g̵i̲t̲e̲_̲e̲q̲_̲r̲i̲g̲h̲t̲
warning: adapters/HexRCF/RealCoefficients/SquareTwo.lean:73:19: `if_neg` has been deprecated: Use `ite_eq_right` instead

Hint: Replace the deprecated name:
  i̵f̵_̵n̵e̵g̵i̲t̲e̲_̲e̲q̲_̲r̲i̲g̲h̲t̲
warning: adapters/HexRCF/RealCoefficients/SquareTwo.lean:73:30: `if_neg` has been deprecated: Use `ite_eq_right` instead

Hint: Replace the deprecated name:
  i̵f̵_̵n̵e̵g̵i̲t̲e̲_̲e̲q̲_̲r̲i̲g̲h̲t̲
warning: adapters/HexRCF/RealCoefficients/SquareTwo.lean:93:35: `if_neg` has been deprecated: Use `ite_eq_right` instead

Hint: Replace the deprecated name:
  i̵f̵_̵n̵e̵g̵i̲t̲e̲_̲e̲q̲_̲r̲i̲g̲h̲t̲
warning: adapters/HexRCF/RealCoefficients/SquareTwo.lean:93:46: `if_neg` has been deprecated: Use `ite_eq_right` instead

Hint: Replace the deprecated name:
  i̵f̵_̵n̵e̵g̵i̲t̲e̲_̲e̲q̲_̲r̲i̲g̲h̲t̲
warning: adapters/HexRCF/RealCoefficients/SquareTwo.lean:142:2: Try this: 
  letI̵

The goal is a proposition, so `let` is preferred over `letI`.
The difference between `let` and `letI` is that `letI` inlines the value.
But this is not relevant for proofs because of proof irrelevance.

Note: This linter can be disabled with `set_option linter.style.haveILetI false`
✔ [12507/13880] Built HexRCF.RealCoefficients.Selected (10s)
✔ [12508/13880] Built HexManual.Chapters.HexRealRoots (31s)
⚠ [12509/13880] Built HexRealClosureMathlib.CoefficientMoment (4.6s)
warning: adapters/HexRealClosureMathlib/CoefficientMoment.lean:24:8: automatically included section variable(s) unused in theorem `_private.HexRealClosureMathlib.CoefficientMoment.0.Hex.RealClosure.CoefficientMap.regular_coefficients`:
  [DecidableEq G]
consider restructuring your `variable` declarations so that the variables are not in scope or explicitly omit them:
  omit [DecidableEq G] in theorem ...

Note: This linter can be disabled with `set_option linter.unusedSectionVars false`
ℹ [12510/13880] Built HexRealClosure.TowerRootsTests (12s)
info: HexRealClosure/TowerRootsTests.lean:89:0: native root contexts, embeddings, signs and arithmetic checks passed
✔ [12511/13880] Built HexPolyZGcd.Maximal (1.4s)
✔ [12512/13880] Built HexPermGroupMathlib.Coset (2.5s)
✔ [12513/13880] Built HexPolySmith.Correctness (3.3s)
✔ [12514/13880] Built HexRankMathlib.NumberFieldTactic (9.6s)
✔ [12515/13880] Built HexHermiteMathlib.Span (2.9s)
ℹ [12516/13880] Built HexCharPolyMathlib.CharPolyElabTests (4.9s)
info: HexCharPolyMathlib/CharPolyElabTests.lean:24:0: CharPolyResult.ofCheck !![1, 2; 3, 4] [[1, 2], [3, 4]]
  { bound := 24, width := 12,
    steps :=
      [{ column := [1, -1, -6], vectors := [], coefficients := [1, -5, -2], product := [1, -5, -2, 24] },
        { column := [1, -4], vectors := [], coefficients := [1, -4], product := [1, -4] }] }
  [1, -5, -2] (Hex.DensePoly.ofCoeffs #[-2, -5, 1]) _check._proof_2 _check._proof_1
  _check._proof_3 : CharPolyResult !![1, 2; 3, 4]
info: HexCharPolyMathlib/CharPolyElabTests.lean:25:0: Hex.Matrix.CharPolyResult.ofCheck
  (let d := #v[#v[1, 2], #v[3, 4]];
  Hex.Matrix.ofFn fun i j => d[i][j])
  [[1, 2], [3, 4]]
  { bound := 24, width := 12,
    steps :=
      [{ column := [1, -1, -6], vectors := [], coefficients := [1, -5, -2], product := [1, -5, -2, 24] },
        { column := [1, -4], vectors := [], coefficients := [1, -4], product := [1, -4] }] }
  [1, -5, -2] (Hex.DensePoly.ofCoeffs #[-2, -5, 1]) ⋯ _check._proof_3
  _check._proof_5 : (let d := #v[#v[1, 2], #v[3, 4]];
  Hex.Matrix.ofFn fun i j => d[i][j]).CharPolyResult
info: HexCharPolyMathlib/CharPolyElabTests.lean:48:15: unexpected syntax
  char_poly(fun _ _ => (0 : Int) : Matrix Bool Bool Int)
info: HexCharPolyMathlib/CharPolyElabTests.lean:49:15: char_poly declined: unsupported Mathlib matrix coefficient type
  ℕ
Only Int matrices are currently supported
✔ [12518/13880] Built HexRealFormulaMathlib.Reify.Arithmetic (3.6s)
✔ [12519/13880] Built HexLatticeEnumMathlib.Shortest (4.1s)
✔ [12520/13880] Built HexGraphIso.Nauty.Spec.SpecIso (2.8s)
✔ [12521/13880] Built HexPermGroup.Normal.Cosets (913ms)
✔ [12522/13880] Built HexRealClosureMathlib.BaseInterpretation (4.3s)
✔ [12523/13880] Built HexSmith.Kernel (973ms)
✔ [12526/13880] Built HexPermGroup.Normal.Closure (1.3s)
⚠ [12527/13880] Built HexGraphIso.Nauty.Sparse.SortFinal (4.4s)
warning: HexGraphIso/Nauty/Sparse/SortFinal.lean:31:2: syntax 'Lean.Parser.Tactic.mvcgen' has been deprecated: use `vcgen` instead

Note: This linter can be disabled with `set_option linter.deprecated.syntax false`
✔ [12528/13880] Built HexPolySmith (860ms)
✔ [12529/13880] Built HexReflectMathlib (2.6s)
✔ [12531/13880] Built HexKroneckerMathlib.BitPreflight (4.6s)
✔ [12532/13880] Built HexKroneckerMathlib.ExprSound (2.3s)
✔ [12533/13880] Built HexGraphIso.Nauty.Invariant.Codes (3.7s)
✔ [12534/13880] Built HexKroneckerMathlib.Terms (2.4s)
✔ [12535/13880] Built HexPolyZGcd.SquareFree (1.3s)
✔ [12536/13880] Built HexRealClosureMathlib.SpecializeTests (5.2s)
✔ [12537/13880] Built HexPermGroup.Normal.Commutator (829ms)
✔ [12538/13880] Built HexGraphIso.Nauty.Sparse.SortSegments (970ms)
✔ [12539/13880] Built HexRCF.RealCoefficients.FieldSpecialize (12s)
⚠ [12540/13880] Built HexGraphIso.Nauty.Sparse.Initial (1.5s)
warning: HexGraphIso/Nauty/Sparse/Initial.lean:46:2: syntax 'Lean.Parser.Tactic.mvcgen' has been deprecated: use `vcgen` instead

Note: This linter can be disabled with `set_option linter.deprecated.syntax false`
✔ [12541/13880] Built HexMinPolyMathlib (2.9s)
✔ [12543/13880] Built HexPolyDetMathlib.Residue (3.5s)
✔ [12544/13880] Built HexPolyZGcd (873ms)
✔ [12545/13880] Built HexPolyZGcdMathlib.Gcd (2.2s)
✔ [12546/13880] Built HexPermGroup.Normal.Bounded (1.6s)
✔ [12547/13880] Built HexManual.Chapters.HexRoots (17s)
✔ [12548/13880] Built HexPermGroup.Normal.Derived (926ms)
✔ [12549/13880] Built HexGraphIso.Nauty.Sparse.Window (1.0s)
✔ [12550/13880] Built HexRCF.Cells (10s)
✔ [12551/13880] Built HexPermGroupMathlib.Normal (2.0s)
✔ [12552/13880] Built HexDetMathlib.Carriers (3.8s)
⚠ [12553/13880] Built HexRealClosureMathlib.Algebraic (15s)
warning: adapters/HexRealClosureMathlib/Algebraic.lean:134:8: automatically included section variable(s) unused in theorem `_private.HexRealClosureMathlib.Algebraic.0.Hex.RealClosure.Algebraic.linear_eval`:
  [One E]
  [Add E]
  [Neg E]
  [Sub E]
  [Mul E]
  [Inv E]
  [Div E]
  [NatCast E]
  [LinearOrder K]
  [IsStrictOrderedRing K]
  [IsRealClosed K]
consider restructuring your `variable` declarations so that the variables are not in scope or explicitly omit them:
  omit [One
  E] [Add
  E] [Neg
  E] [Sub E] [Mul E] [Inv E] [Div E] [NatCast E] [LinearOrder K] [IsStrictOrderedRing K] [IsRealClosed K] in theorem ...

Note: This linter can be disabled with `set_option linter.unusedSectionVars false`
warning: adapters/HexRealClosureMathlib/Algebraic.lean:150:8: automatically included section variable(s) unused in theorem `_private.HexRealClosureMathlib.Algebraic.0.Hex.RealClosure.Algebraic.linear_pos`:
  [DecidableEq K]
  [IsRealClosed K]
consider restructuring your `variable` declarations so that the variables are not in scope or explicitly omit them:
  omit [DecidableEq K] [IsRealClosed K] in theorem ...

Note: This linter can be disabled with `set_option linter.unusedSectionVars false`
warning: adapters/HexRealClosureMathlib/Algebraic.lean:159:8: automatically included section variable(s) unused in theorem `_private.HexRealClosureMathlib.Algebraic.0.Hex.RealClosure.Algebraic.sign_pos_iff`:
  [DecidableEq K]
  [IsStrictOrderedRing K]
  [IsRealClosed K]
consider restructuring your `variable` declarations so that the variables are not in scope or explicitly omit them:
  omit [DecidableEq K] [IsStrictOrderedRing K] [IsRealClosed K] in theorem ...

Note: This linter can be disabled with `set_option linter.unusedSectionVars false`
warning: adapters/HexRealClosureMathlib/Algebraic.lean:169:8: automatically included section variable(s) unused in theorem `_private.HexRealClosureMathlib.Algebraic.0.Hex.RealClosure.Algebraic.sign_neg_iff`:
  [DecidableEq K]
  [IsStrictOrderedRing K]
  [IsRealClosed K]
consider restructuring your `variable` declarations so that the variables are not in scope or explicitly omit them:
  omit [DecidableEq K] [IsStrictOrderedRing K] [IsRealClosed K] in theorem ...

Note: This linter can be disabled with `set_option linter.unusedSectionVars false`
warning: adapters/HexRealClosureMathlib/Algebraic.lean:179:8: automatically included section variable(s) unused in theorem `_private.HexRealClosureMathlib.Algebraic.0.Hex.RealClosure.Algebraic.sign_zero_iff`:
  [DecidableEq K]
  [IsStrictOrderedRing K]
  [IsRealClosed K]
consider restructuring your `variable` declarations so that the variables are not in scope or explicitly omit them:
  omit [DecidableEq K] [IsStrictOrderedRing K] [IsRealClosed K] in theorem ...

Note: This linter can be disabled with `set_option linter.unusedSectionVars false`
warning: adapters/HexRealClosureMathlib/Algebraic.lean:188:8: automatically included section variable(s) unused in theorem `_private.HexRealClosureMathlib.Algebraic.0.Hex.RealClosure.Algebraic.linear_lower_sign`:
  [DecidableEq K]
  [IsRealClosed K]
consider restructuring your `variable` declarations so that the variables are not in scope or explicitly omit them:
  omit [DecidableEq K] [IsRealClosed K] in theorem ...

Note: This linter can be disabled with `set_option linter.unusedSectionVars false`
warning: adapters/HexRealClosureMathlib/Algebraic.lean:199:8: automatically included section variable(s) unused in theorem `_private.HexRealClosureMathlib.Algebraic.0.Hex.RealClosure.Algebraic.linear_upper_sign`:
  [DecidableEq K]
  [IsRealClosed K]
consider restructuring your `variable` declarations so that the variables are not in scope or explicitly omit them:
  omit [DecidableEq K] [IsRealClosed K] in theorem ...

Note: This linter can be disabled with `set_option linter.unusedSectionVars false`
✔ [12554/13880] Built HexMinPolyMathlib.Tests (3.0s)
✔ [12555/13880] Built HexRealClosureMathlib.Canonical (8.1s)
✔ [12556/13880] Built HexRealClosureMathlib.BisectionFrontier (3.8s)
✔ [12557/13880] Built HexMvGcd.ZPoly (1.2s)
✔ [12558/13880] Built HexRealFormulaMathlib.Reify.Parse (3.2s)
✔ [12559/13880] Built HexKroneckerMathlib.Translate (2.3s)
✔ [12560/13880] Built HexPermGroup.Normal.DerivedCheck (976ms)
✔ [12561/13880] Built HexSmith.Diagonal (3.0s)
✔ [12564/13880] Built HexHermiteMathlib.Rank (3.4s)
✔ [12565/13880] Built HexGraphIso.Nauty.Sparse.SortSorted (1.9s)
✔ [12566/13880] Built HexGraphIso.Nauty.Sparse.Compact (950ms)
✔ [12567/13880] Built HexKroneckerMathlib.Bounds (2.3s)
✔ [12568/13880] Built HexGraphIso.Nauty.Sparse.MinimaPerm (986ms)
✔ [12569/13880] Built HexGraphIso.Nauty.Sparse.SortCongr (1.2s)
✔ [12570/13880] Built HexPolySmithMathlib.Equiv (3.1s)
✔ [12571/13880] Built HexHermiteMathlib.Certificate (3.9s)
✔ [12572/13880] Built HexManual.Chapters.HexPolyZ (36s)
✔ [12573/13880] Built HexManual.Chapters.HexCharPoly (8.9s)
✔ [12574/13880] Built HexPermGroup.Normal.Series (966ms)
✔ [12575/13880] Built HexPermGroup.Normal.DerivedBounded (967ms)
✔ [12576/13880] Built HexGraphIso.Nauty.Cert.Cert (4.1s)
✔ [12577/13880] Built HexPolyZGcdMathlib (2.4s)
✔ [12579/13880] Built HexGraphIso.Nauty.Sparse.Fill (1.0s)
✔ [12580/13880] Built HexGenericRankMathlib.Reify (3.7s)
✔ [12581/13880] Built HexPermGroupMathlib.Derived (2.1s)
✔ [12582/13880] Built HexManual.Chapters.HexECPP (11s)
✔ [12583/13880] Built HexGraphIso.Nauty.Sparse.MinimaSort (1.4s)
✔ [12584/13880] Built HexLatticeEnumMathlib.Cert (4.8s)
✔ [12585/13880] Built HexKroneckerMathlib.Observation (6.1s)
✔ [12586/13880] Built HexRealClosureMathlib.BaseRealization (4.6s)
✔ [12587/13880] Built HexRealClosureMathlib.CoefficientReplay (5.2s)
✔ [12588/13880] Built HexDeterminantalIdealMathlib.Reify (4.0s)
✔ [12589/13880] Built HexGraphIso.Nauty.Invariant.RelCover (915ms)
✔ [12590/13880] Built HexGraphIso.Nauty.Sparse.PartitionCongr (1.4s)
✔ [12591/13880] Built HexPolyDetMathlib (3.2s)
✔ [12593/13880] Built HexPermGroup.Normal.Solvable (966ms)
✔ [12594/13880] Built HexGraphIso.Nauty.Cert.CertAutom (1.1s)
⚠ [12595/13880] Built HexGraphIso.Nauty.Sparse.FillRun (974ms)
warning: HexGraphIso/Nauty/Sparse/FillRun.lean:48:2: syntax 'Lean.Parser.Tactic.mvcgen' has been deprecated: use `vcgen` instead

Note: This linter can be disabled with `set_option linter.deprecated.syntax false`
✔ [12596/13880] Built HexManual.Chapters.HexGF2 (14s)
✔ [12597/13880] Built HexGraphIso.Nauty.Sparse.CompactFinish (1.1s)
✔ [12598/13880] Built HexKroneckerMathlib.TermsSound (2.3s)
✔ [12599/13880] Built HexDetMathlib (3.1s)
✔ [12601/13880] Built HexGraphIso.Nauty.Invariant.Coverage (817ms)
✔ [12602/13880] Built HexRealClosureMathlib.BisectionFactor (2.9s)
✔ [12603/13880] Built HexGraphIso.Nauty.Sparse.CountPartition (1.2s)
⚠ [12604/13880] Built HexRCF.RealCoefficients.CubeTwo (6.6s)
warning: adapters/HexRCF/RealCoefficients/CubeTwo.lean:48:17: `if_neg` has been deprecated: Use `ite_eq_right` instead

Hint: Replace the deprecated name:
  i̵f̵_̵n̵e̵g̵i̲t̲e̲_̲e̲q̲_̲r̲i̲g̲h̲t̲
warning: adapters/HexRCF/RealCoefficients/CubeTwo.lean:48:28: `if_neg` has been deprecated: Use `ite_eq_right` instead

Hint: Replace the deprecated name:
  i̵f̵_̵n̵e̵g̵i̲t̲e̲_̲e̲q̲_̲r̲i̲g̲h̲t̲
warning: adapters/HexRCF/RealCoefficients/CubeTwo.lean:79:35: `if_neg` has been deprecated: Use `ite_eq_right` instead

Hint: Replace the deprecated name:
  i̵f̵_̵n̵e̵g̵i̲t̲e̲_̲e̲q̲_̲r̲i̲g̲h̲t̲
warning: adapters/HexRCF/RealCoefficients/CubeTwo.lean:79:46: `if_neg` has been deprecated: Use `ite_eq_right` instead

Hint: Replace the deprecated name:
  i̵f̵_̵n̵e̵g̵i̲t̲e̲_̲e̲q̲_̲r̲i̲g̲h̲t̲
warning: adapters/HexRCF/RealCoefficients/CubeTwo.lean:114:2: Try this: 
  letI̵

The goal is a proposition, so `let` is preferred over `letI`.
The difference between `let` and `letI` is that `letI` inlines the value.
But this is not relevant for proofs because of proof irrelevance.

Note: This linter can be disabled with `set_option linter.style.haveILetI false`
warning: adapters/HexRCF/RealCoefficients/CubeTwo.lean:169:2: Try this: 
  letI̵

The goal is a proposition, so `let` is preferred over `letI`.
The difference between `let` and `letI` is that `letI` inlines the value.
But this is not relevant for proofs because of proof irrelevance.

Note: This linter can be disabled with `set_option linter.style.haveILetI false`
✔ [12605/13880] Built HexRealClosureMathlib.Isolation (3.0s)
✔ [12606/13880] Built HexPermGroup.Normal.SeriesBounded (988ms)
✔ [12607/13880] Built HexGraphIso.Nauty.Sparse.IndirectCongr (1.2s)
✔ [12608/13880] Built HexRealClosureMathlib.BisectionCounts (3.2s)
⚠ [12609/13880] Built HexGraphIso.Nauty.Sparse.CompactRun (1.1s)
warning: HexGraphIso/Nauty/Sparse/CompactRun.lean:40:2: syntax 'Lean.Parser.Tactic.mvcgen' has been deprecated: use `vcgen` instead

Note: This linter can be disabled with `set_option linter.deprecated.syntax false`
✔ [12610/13880] Built HexGraphIso.Nauty.Cert.CanonForm (1.3s)
✔ [12611/13880] Built HexGraphIso.Nauty.Sparse.CompactKeys (1.1s)
✔ [12612/13880] Built HexRealFormulaMathlib.Reify.Assemble (3.4s)
✔ [12613/13880] Built HexRealClosureMathlib.SignFacts (3.0s)
✔ [12614/13880] Built HexRealClosureMathlib.AlgebraicReencode (3.0s)
✔ [12615/13880] Built HexRealClosureMathlib.AlgebraicTower (3.0s)
✔ [12616/13880] Built HexPermGroup.Normal.SeriesMetered (774ms)
✔ [12617/13880] Built HexPermGroupMathlib.Solvable (1.7s)
✔ [12618/13880] Built HexGraphIso.Nauty.Policy.Generic.Maximum (1.0s)
✔ [12619/13880] Built HexManual.Chapters.HexMvPoly (18s)
✔ [12620/13880] Built HexGraphIso.Nauty.Sparse.CompactTransport (824ms)
✔ [12621/13880] Built HexGraphIso.Nauty.Sparse.MinimaCongr (1.1s)
✔ [12622/13880] Built HexHermiteMathlib.Remainder (3.7s)
✔ [12623/13880] Built HexGraphIso.Nauty.Sparse.FillIndex (851ms)
✔ [12624/13880] Built HexGraphIso.Nauty.Sparse.Inverse (945ms)
✔ [12625/13880] Built HexGraphIso.Nauty.Spec.SpecCanon (1.1s)
✔ [12626/13880] Built HexGraphIso.Kernel.IsoLit (1.2s)
✔ [12627/13880] Built HexPermGroup (848ms)
✔ [12629/13880] Built HexKroneckerMathlib.ModSound (2.2s)
✔ [12630/13880] Built HexRealClosureMathlib.TowerModel (5.3s)
✔ [12631/13880] Built HexGraphIso.Nauty.Sparse.CompactClasses (831ms)
✔ [12632/13880] Built HexPolySmithMathlib.Basis (4.4s)
✔ [12633/13880] Built HexRankMathlib.NumberFieldTests (8.2s)
✔ [12635/13880] Built HexRCF.RealCoefficients.FieldCarrier (6.8s)
✔ [12636/13880] Built HexRCF.RealCoefficients.Specialize (6.7s)
✔ [12637/13880] Built HexRealClosureMathlib.AlgebraicValue (5.5s)
✔ [12638/13880] Built HexGenericRankMathlib.Modular (3.7s)
✔ [12639/13880] Built HexRealClosureMathlib.BaseProvider (3.4s)
✔ [12640/13880] Built HexRealClosureMathlib.AlgebraicTransport (5.5s)
✔ [12641/13880] Built HexRealClosureMathlib.IsolationFactor (2.3s)
✔ [12642/13880] Built HexGraphIso.Sparse.Kernel (756ms)
✔ [12643/13880] Built HexRealClosureMathlib.CoefficientDescriptor (3.6s)
✔ [12644/13880] Built HexManual.Chapters.HexResultant (40s)
✔ [12645/13880] Built HexDeterminantalIdealMathlib.Result (3.8s)
⚠ [12646/13880] Built HexGraphIso.Nauty.Sparse.IndexRun (1.3s)
warning: HexGraphIso/Nauty/Sparse/IndexRun.lean:40:2: syntax 'Lean.Parser.Tactic.mvcgen' has been deprecated: use `vcgen` instead

Note: This linter can be disabled with `set_option linter.deprecated.syntax false`
✔ [12647/13880] Built HexRealClosureMathlib.BaseStagedRealization (4.1s)
✔ [12648/13880] Built HexRCF.CommonRoot (6.4s)
✔ [12649/13880] Built HexGraphIso.Nauty.Cert.Translator (2.4s)
⚠ [12650/13880] Built HexGraphIso.Nauty.Sparse.GraphProps (1.5s)
warning: HexGraphIso/Nauty/Sparse/GraphProps.lean:28:2: syntax 'Lean.Parser.Tactic.mvcgen' has been deprecated: use `vcgen` instead

Note: This linter can be disabled with `set_option linter.deprecated.syntax false`
warning: HexGraphIso/Nauty/Sparse/GraphProps.lean:39:2: syntax 'Lean.Parser.Tactic.mvcgen' has been deprecated: use `vcgen` instead

Note: This linter can be disabled with `set_option linter.deprecated.syntax false`
warning: HexGraphIso/Nauty/Sparse/GraphProps.lean:50:2: syntax 'Lean.Parser.Tactic.mvcgen' has been deprecated: use `vcgen` instead

Note: This linter can be disabled with `set_option linter.deprecated.syntax false`
✔ [12651/13880] Built HexLatticeEnumMathlib.Native (4.5s)
✔ [12652/13880] Built HexManual.Chapters.HexIntFactor (13s)
✔ [12653/13880] Built HexPermGroupMathlib (2.7s)
✔ [12655/13880] Built HexGraphIso.Kernel.Packed (2.1s)
✔ [12656/13880] Built HexRealFormulaMathlib.Reify (3.2s)
✔ [12657/13880] Built HexGraphIso.Nauty.Sparse.IndexProps (1.2s)
✔ [12658/13880] Built HexGraphIso.Nauty.Sparse.Distance (852ms)
✔ [12659/13880] Built HexRCF.RealCoefficients.Interpret (10s)
ℹ [12660/13880] Built HexRealClosure.LocalSampleTests (22s)
info: HexRealClosure/LocalSampleTests.lean:76:0: local section and sector samples passed
✔ [12661/13880] Built HexRealClosureMathlib.Element (7.3s)
✔ [12662/13880] Built HexManual.Chapters.HexPolyZGcd (5.7s)
✔ [12663/13880] Built HexKroneckerMathlib.Residue (2.3s)
✔ [12664/13880] Built HexPolyDetMathlib.Tests (5.4s)
✔ [12665/13880] Built HexKroneckerMathlib.MatrixModel (2.6s)
✔ [12666/13880] Built HexRealClosureMathlib.SignRequests (3.8s)
⚠ [12667/13880] Built HexGraphIso.Nauty.Sparse.Update (1.6s)
warning: HexGraphIso/Nauty/Sparse/Update.lean:142:2: syntax 'Lean.Parser.Tactic.mvcgen' has been deprecated: use `vcgen` instead

Note: This linter can be disabled with `set_option linter.deprecated.syntax false`
warning: HexGraphIso/Nauty/Sparse/Update.lean:288:2: syntax 'Lean.Parser.Tactic.mvcgen' has been deprecated: use `vcgen` instead

Note: This linter can be disabled with `set_option linter.deprecated.syntax false`
✔ [12668/13880] Built HexGraphIso.Nauty.Sparse.IndexVertex (820ms)
✔ [12669/13880] Built HexRCF.RealCoefficients.Isolations (8.4s)
✔ [12670/13880] Built HexGraphIso.Nauty.Sparse.CellList (931ms)
✔ [12671/13880] Built HexPolySmithMathlib.Chain (2.7s)
✔ [12672/13880] Built HexHermiteMathlib.Tactic (3.5s)
✔ [12673/13880] Built HexGraphIso.Nauty.Spec.Achieved (3.3s)
✔ [12674/13880] Built HexRealClosureMathlib.TowerUnion (2.0s)
✔ [12675/13880] Built HexSmith.Correct.Core (7.8s)
⚠ [12678/13880] Built HexGraphIso.Nauty.Sparse.Scratch (1.2s)
warning: HexGraphIso/Nauty/Sparse/Scratch.lean:72:2: syntax 'Lean.Parser.Tactic.mvcgen' has been deprecated: use `vcgen` instead

Note: This linter can be disabled with `set_option linter.deprecated.syntax false`
ℹ [12679/13880] Built HexRealClosure.SampleTests (26s)
info: HexRealClosure/SampleTests.lean:107:0: native section and sector samples passed
✔ [12680/13880] Built HexRealClosureMathlib.BasePrefixModels (3.0s)
✔ [12681/13880] Built HexGraphIso.Nauty.Sparse.Queue (1.3s)
✔ [12682/13880] Built HexGraphIso.Nauty.Sparse.CompareRow (563ms)
✔ [12683/13880] Built HexRealClosureMathlib.TowerAlgebraic (3.4s)
✔ [12684/13880] Built HexRealClosureMathlib.BaseModel (3.1s)
✔ [12685/13880] Built HexGenericRankMathlib.Univariate (3.1s)
⚠ [12686/13880] Built HexGraphIso.Nauty.Sparse.CellClear (642ms)
warning: HexGraphIso/Nauty/Sparse/CellClear.lean:55:2: syntax 'Lean.Parser.Tactic.mvcgen' has been deprecated: use `vcgen` instead

Note: This linter can be disabled with `set_option linter.deprecated.syntax false`
✔ [12687/13880] Built HexRealClosureMathlib.TowerRefinement (3.5s)
✔ [12688/13880] Built HexRealFormulaMathlib (1.7s)
✔ [12690/13880] Built HexDeterminantalIdealMathlib.Residue (2.8s)
✔ [12691/13880] Built HexGraphIso.Nauty.Sparse.TargetProps (602ms)
✔ [12692/13880] Built HexGraphIso.Nauty.Sparse.Marks (444ms)
✔ [12693/13880] Built HexGraphIso.Nauty.Sparse.IndexWitness (437ms)
✔ [12694/13880] Built HexNumberFieldTowerMathlib.Basic (13s)
✔ [12695/13880] Built HexGraphIso.Nauty.Sparse.Bfs (541ms)
✔ [12696/13880] Built HexGraphIso.Nauty.Sparse.JoinCount (576ms)
✔ [12697/13880] Built HexRealClosureMathlib.SignEvidence (5.1s)
✔ [12698/13880] Built HexGraphIso.Nauty.Sparse.CompareMarks (537ms)
⚠ [12699/13880] Built HexManual.Chapters.HexRealAlgebraic (43s)
warning: HexManual/Chapters/HexRealAlgebraic.lean:38:0: Line 38 is too long (77 columns exceeds 60).

Note: Example code is shown on mobile devices and other narrow contexts. Long lines are likely to be truncated in the rendered output.

Hint: The limit of this linter can be changed with the option `verso.code.warnLineLength`. This linter can be disabled by setting this option to 0.
warning: HexManual/Chapters/HexRealAlgebraic.lean:40:0: Line 40 is too long (65 columns exceeds 60).

Note: Example code is shown on mobile devices and other narrow contexts. Long lines are likely to be truncated in the rendered output.

Hint: The limit of this linter can be changed with the option `verso.code.warnLineLength`. This linter can be disabled by setting this option to 0.
warning: HexManual/Chapters/HexRealAlgebraic.lean:62:0: Line 62 is too long (67 columns exceeds 60).

Note: Example code is shown on mobile devices and other narrow contexts. Long lines are likely to be truncated in the rendered output.

Hint: The limit of this linter can be changed with the option `verso.code.warnLineLength`. This linter can be disabled by setting this option to 0.
warning: HexManual/Chapters/HexRealAlgebraic.lean:110:0: Line 110 is too long (66 columns exceeds 60).

Note: Example code is shown on mobile devices and other narrow contexts. Long lines are likely to be truncated in the rendered output.

Hint: The limit of this linter can be changed with the option `verso.code.warnLineLength`. This linter can be disabled by setting this option to 0.
warning: HexManual/Chapters/HexRealAlgebraic.lean:113:0: Line 113 is too long (70 columns exceeds 60).

Note: Example code is shown on mobile devices and other narrow contexts. Long lines are likely to be truncated in the rendered output.

Hint: The limit of this linter can be changed with the option `verso.code.warnLineLength`. This linter can be disabled by setting this option to 0.
warning: HexManual/Chapters/HexRealAlgebraic.lean:133:0: Line 133 is too long (64 columns exceeds 60).

Note: Example code is shown on mobile devices and other narrow contexts. Long lines are likely to be truncated in the rendered output.

Hint: The limit of this linter can be changed with the option `verso.code.warnLineLength`. This linter can be disabled by setting this option to 0.
✔ [12700/13880] Built HexGraphIso.Nauty.Sparse.Counts (834ms)
✔ [12701/13880] Built HexRealClosureMathlib.CoefficientSelected (3.9s)
✔ [12702/13880] Built HexKroneckerMathlib.MatrixBounds (1.9s)
✔ [12703/13880] Built HexGraphIso.Nauty.Sparse.Touched (795ms)
✔ [12704/13880] Built HexGraphIso.Nauty.Sparse.JoinSweep (663ms)
✔ [12705/13880] Built HexManual.Chapters.HexReflect (11s)
✔ [12706/13880] Built HexGraphIso.Nauty.Sparse.BfsScan (911ms)
✔ [12707/13880] Built HexGraphIso.Nauty.Sparse.CompareResult (851ms)
✔ [12708/13880] Built HexManual.Chapters.HexMinPoly (11s)
✔ [12709/13880] Built HexLatticeEnumMathlib.Budget (3.7s)
✔ [12710/13880] Built HexGraphIso.Nauty.Invariant.Orbits (2.1s)
✔ [12711/13880] Built HexGraphIso.Nauty.Sparse.TouchSort (539ms)
✔ [12712/13880] Built HexRCF.RealCoefficients.Carrier (4.0s)
⚠ [12713/13880] Built HexRealClosureMathlib.IsolationRoots (7.1s)
warning: adapters/HexRealClosureMathlib/IsolationRoots.lean:69:0: automatically included section variable(s) unused in theorem `Hex.RealClosure.Isolation.cell_enumeration_present`:
  [IsRealClosed K]
consider restructuring your `variable` declarations so that the variables are not in scope or explicitly omit them:
  omit [IsRealClosed K] in theorem ...

Note: This linter can be disabled with `set_option linter.unusedSectionVars false`
warning: adapters/HexRealClosureMathlib/IsolationRoots.lean:81:0: automatically included section variable(s) unused in theorem `Hex.RealClosure.Isolation.Whole.enumeration_present`:
  [IsRealClosed K]
consider restructuring your `variable` declarations so that the variables are not in scope or explicitly omit them:
  omit [IsRealClosed K] in theorem ...

Note: This linter can be disabled with `set_option linter.unusedSectionVars false`
warning: adapters/HexRealClosureMathlib/IsolationRoots.lean:118:6: `simp` already closes the goal

Hint: Use `simp` instead of `simpa`:
  [apply] simp [noRoots] at member

Note: This linter can be disabled with `set_option linter.unnecessarySimpa false`
⚠ [12714/13880] Built HexGraphIso.Nauty.Sparse.BfsRun (829ms)
warning: HexGraphIso/Nauty/Sparse/BfsRun.lean:25:2: syntax 'Lean.Parser.Tactic.mvcgen' has been deprecated: use `vcgen` instead

Note: This linter can be disabled with `set_option linter.deprecated.syntax false`
⚠ [12715/13880] Built HexGraphIso.Nauty.Sparse.TouchRun (1.2s)
warning: HexGraphIso/Nauty/Sparse/TouchRun.lean:53:2: syntax 'Lean.Parser.Tactic.mvcgen' has been deprecated: use `vcgen` instead

Note: This linter can be disabled with `set_option linter.deprecated.syntax false`
⚠ [12716/13880] Built HexGraphIso.Nauty.Invariant.Refine (2.8s)
warning: HexGraphIso/Nauty/Invariant/Refine.lean:140:6: syntax 'Lean.Parser.Tactic.rwaAtLegacyLocation' has been deprecated: use `rw [...] at ... <;> assumption` instead

Note: This linter can be disabled with `set_option linter.deprecated.syntax false`
warning: HexGraphIso/Nauty/Invariant/Refine.lean:199:4: syntax 'Lean.Parser.Tactic.rwaAtLegacyLocation' has been deprecated: use `rw [...] at ... <;> assumption` instead

Note: This linter can be disabled with `set_option linter.deprecated.syntax false`
✔ [12717/13880] Built HexGraphIso.Nauty.Invariant.Carrier (765ms)
✔ [12718/13880] Built HexGraphIso.Nauty.Sparse.CountScan (989ms)
⚠ [12719/13880] Built HexGraphIso.Nauty.Sparse.Autom (4.9s)
warning: HexGraphIso/Nauty/Sparse/Autom.lean:42:2: syntax 'Lean.Parser.Tactic.mvcgen' has been deprecated: use `vcgen` instead

Note: This linter can be disabled with `set_option linter.deprecated.syntax false`
✔ [12720/13880] Built HexHermiteMathlib.Tests (3.1s)
✔ [12721/13880] Built HexRealClosureMathlib.BaseModels (3.1s)
✔ [12722/13880] Built HexRCF.SignMatrix (5.5s)
✔ [12723/13880] Built HexGraphIso.Nauty.Invariant.OrbitComplete (1.4s)
✔ [12724/13880] Built HexGraphIso.Nauty.Sparse.VertexMarks (741ms)
⚠ [12725/13880] Built HexRealClosureMathlib.UnionTests (3.5s)
warning: adapters/HexRealClosureMathlib/UnionTests.lean:66:2: Try this: 
  letI̵

The goal is a proposition, so `let` is preferred over `letI`.
The difference between `let` and `letI` is that `letI` inlines the value.
But this is not relevant for proofs because of proof irrelevance.

Note: This linter can be disabled with `set_option linter.style.haveILetI false`
✔ [12726/13880] Built HexGraphIso.Nauty.Sparse.Literal.Autom (564ms)
✔ [12727/13880] Built HexGraphIso.Nauty.Sparse.Cuts (749ms)
✔ [12728/13880] Built HexGraphIso.Nauty.Sparse.LabelColors (748ms)
✔ [12729/13880] Built HexPolySmithMathlib.Quotient (3.7s)
✔ [12730/13880] Built HexGraphIso.Nauty.Invariant.Stabilize (1.1s)
✔ [12731/13880] Built HexGraphIso.Nauty.Policy.Generic.Reach (1.2s)
✔ [12732/13880] Built HexGraphIso.Nauty.Invariant.Reach (1.3s)
⚠ [12733/13880] Built HexGraphIso.Nauty.Sparse.TargetBest (2.6s)
warning: HexGraphIso/Nauty/Sparse/TargetBest.lean:73:2: syntax 'Lean.Parser.Tactic.mvcgen' has been deprecated: use `vcgen` instead

Note: This linter can be disabled with `set_option linter.deprecated.syntax false`
✔ [12734/13880] Built HexGraphIso.Nauty.Sparse.SingletonMarks (749ms)
✔ [12735/13880] Built HexKroneckerMathlib.CommonBounds (2.8s)
✔ [12736/13880] Built HexRealClosureMathlib.BaseOrder (3.8s)
✔ [12737/13880] Built HexRealClosureMathlib.QAdjoin (5.1s)
✔ [12738/13880] Built HexPermGroupMathlib.Tests (5.8s)
✔ [12740/13880] Built HexRealClosureMathlib.Polynomial (5.3s)
✔ [12741/13880] Built HexGraphIso.Nauty.Sparse.TargetMaximum (523ms)
✔ [12742/13880] Built HexGraphIso.Nauty.Policy.Generic.Fuel (779ms)
⚠ [12743/13880] Built HexRealClosureMathlib.IsolationTotal (2.7s)
warning: adapters/HexRealClosureMathlib/IsolationTotal.lean:68:48: This simp argument is unused:
  empty

Hint: Omit it from the simp argument list.
  [apply] simp [completeCell, single, built, restored]

Note: This linter can be disabled with `set_option linter.unusedSimpArgs false`
⚠ [12744/13880] Built HexRealClosureMathlib.TowerTransport (4.5s)
warning: adapters/HexRealClosureMathlib/TowerTransport.lean:112:2: Try this: 
  letI̵

The goal is a proposition, so `let` is preferred over `letI`.
The difference between `let` and `letI` is that `letI` inlines the value.
But this is not relevant for proofs because of proof irrelevance.

Note: This linter can be disabled with `set_option linter.style.haveILetI false`
warning: adapters/HexRealClosureMathlib/TowerTransport.lean:113:2: Try this: 
  letI̵

The goal is a proposition, so `let` is preferred over `letI`.
The difference between `let` and `letI` is that `letI` inlines the value.
But this is not relevant for proofs because of proof irrelevance.

Note: This linter can be disabled with `set_option linter.style.haveILetI false`
warning: adapters/HexRealClosureMathlib/TowerTransport.lean:128:2: Try this: 
  letI̵

The goal is a proposition, so `let` is preferred over `letI`.
The difference between `let` and `letI` is that `letI` inlines the value.
But this is not relevant for proofs because of proof irrelevance.

Note: This linter can be disabled with `set_option linter.style.haveILetI false`
warning: adapters/HexRealClosureMathlib/TowerTransport.lean:129:2: Try this: 
  letI̵

The goal is a proposition, so `let` is preferred over `letI`.
The difference between `let` and `letI` is that `letI` inlines the value.
But this is not relevant for proofs because of proof irrelevance.

Note: This linter can be disabled with `set_option linter.style.haveILetI false`
warning: adapters/HexRealClosureMathlib/TowerTransport.lean:591:2: Try this: 
  letI̵

The goal is a proposition, so `let` is preferred over `letI`.
The difference between `let` and `letI` is that `letI` inlines the value.
But this is not relevant for proofs because of proof irrelevance.

Note: This linter can be disabled with `set_option linter.style.haveILetI false`
warning: adapters/HexRealClosureMathlib/TowerTransport.lean:592:2: Try this: 
  letI̵

The goal is a proposition, so `let` is preferred over `letI`.
The difference between `let` and `letI` is that `letI` inlines the value.
But this is not relevant for proofs because of proof irrelevance.

Note: This linter can be disabled with `set_option linter.style.haveILetI false`
warning: adapters/HexRealClosureMathlib/TowerTransport.lean:593:2: Try this: 
  letI̵

The goal is a proposition, so `let` is preferred over `letI`.
The difference between `let` and `letI` is that `letI` inlines the value.
But this is not relevant for proofs because of proof irrelevance.

Note: This linter can be disabled with `set_option linter.style.haveILetI false`
warning: adapters/HexRealClosureMathlib/TowerTransport.lean:784:2: Try this: 
  letI̵

The goal is a proposition, so `let` is preferred over `letI`.
The difference between `let` and `letI` is that `letI` inlines the value.
But this is not relevant for proofs because of proof irrelevance.

Note: This linter can be disabled with `set_option linter.style.haveILetI false`
✔ [12745/13880] Built HexGraphIso.Kernel.CheckKey (6.2s)
✔ [12746/13880] Built HexGraphIso.Nauty.Sparse.TargetCache (449ms)
✔ [12747/13880] Built HexRealClosureMathlib.Yun (5.0s)
⚠ [12748/13880] Built HexGraphIso.Nauty.Sparse.Refine.Minima (11s)
warning: HexGraphIso/Nauty/Sparse/Refine/Minima.lean:25:2: syntax 'Lean.Parser.Tactic.mvcgen' has been deprecated: use `vcgen` instead

Note: This linter can be disabled with `set_option linter.deprecated.syntax false`
warning: HexGraphIso/Nauty/Sparse/Refine/Minima.lean:44:2: syntax 'Lean.Parser.Tactic.mvcgen' has been deprecated: use `vcgen` instead

Note: This linter can be disabled with `set_option linter.deprecated.syntax false`
warning: HexGraphIso/Nauty/Sparse/Refine/Minima.lean:63:2: syntax 'Lean.Parser.Tactic.mvcgen' has been deprecated: use `vcgen` instead

Note: This linter can be disabled with `set_option linter.deprecated.syntax false`
warning: HexGraphIso/Nauty/Sparse/Refine/Minima.lean:102:2: syntax 'Lean.Parser.Tactic.mvcgen' has been deprecated: use `vcgen` instead

Note: This linter can be disabled with `set_option linter.deprecated.syntax false`
⚠ [12749/13880] Built HexGraphIso.Nauty.Sparse.CountNeighbors (1.7s)
warning: HexGraphIso/Nauty/Sparse/CountNeighbors.lean:62:2: syntax 'Lean.Parser.Tactic.mvcgen' has been deprecated: use `vcgen` instead

Note: This linter can be disabled with `set_option linter.deprecated.syntax false`
✔ [12750/13880] Built HexDeterminantalIdealMathlib.Provider (4.7s)
✔ [12751/13880] Built HexLatticeEnumMathlib.OptimizationBudget (3.4s)
⚠ [12752/13880] Built HexRealClosureMathlib.RootOrder (3.1s)
warning: adapters/HexRealClosureMathlib/RootOrder.lean:36:0: automatically included section variable(s) unused in theorem `Hex.RealClosure.Isolation.pointQuery_eval`:
  [Add E]
  [Mul E]
  [NatCast E]
  [Neg E]
  [Inv E]
  [Div E]
  [LinearOrder K]
  [IsStrictOrderedRing K]
  [IsRealClosed K]
consider restructuring your `variable` declarations so that the variables are not in scope or explicitly omit them:
  omit [Add
  E] [Mul E] [NatCast E] [Neg E] [Inv E] [Div E] [LinearOrder K] [IsStrictOrderedRing K] [IsRealClosed K] in theorem ...

Note: This linter can be disabled with `set_option linter.unusedSectionVars false`
warning: adapters/HexRealClosureMathlib/RootOrder.lean:49:0: automatically included section variable(s) unused in theorem `Hex.RealClosure.Isolation.signOrder_sub`:
  [DecidableEq K]
  [IsRealClosed K]
consider restructuring your `variable` declarations so that the variables are not in scope or explicitly omit them:
  omit [DecidableEq K] [IsRealClosed K] in theorem ...

Note: This linter can be disabled with `set_option linter.unusedSectionVars false`
warning: adapters/HexRealClosureMathlib/RootOrder.lean:203:0: automatically included section variable(s) unused in theorem `Hex.RealClosure.Isolation.Output.entries_values`:
  [Neg E]
  [Inv E]
  [Div E]
consider restructuring your `variable` declarations so that the variables are not in scope or explicitly omit them:
  omit [Neg E] [Inv E] [Div E] in theorem ...

Note: This linter can be disabled with `set_option linter.unusedSectionVars false`
✔ [12753/13880] Built HexRealClosureMathlib (2.1s)
✔ [12755/13880] Built HexGraphIso.Nauty.Invariant.Autos (1.5s)
✔ [12756/13880] Built HexGraphIso.Kernel.RootCode (451ms)
✔ [12757/13880] Built HexGraphIso.Nauty.Sparse.TargetRank (449ms)
✔ [12758/13880] Built HexGraphIso.Nauty.Sparse.CountBound (536ms)
⚠ [12759/13880] Built HexRealClosureMathlib.CoefficientEmbedding (4.6s)
warning: adapters/HexRealClosureMathlib/CoefficientEmbedding.lean:213:0: automatically included section variable(s) unused in theorem `Hex.RealClosure.Specialize.Native.nestedFractions_heq`:
  [LinearOrder F]
  [IsStrictOrderedRing F]
consider restructuring your `variable` declarations so that the variables are not in scope or explicitly omit them:
  omit [LinearOrder F] [IsStrictOrderedRing F] in theorem ...

Note: This linter can be disabled with `set_option linter.unusedSectionVars false`
✔ [12760/13880] Built HexSmith.Correct.Complete (5.8s)
✔ [12763/13880] Built HexGenericRankMathlib.Provider (5.6s)
✔ [12764/13880] Built HexKroneckerMathlib.MatrixEval (1.7s)
✔ [12765/13880] Built HexGraphIso.Nauty.Invariant.Cursor (522ms)
✔ [12766/13880] Built HexGraphIso.Nauty.Sparse.TargetEncode (445ms)
✔ [12767/13880] Built HexPolySmithMathlib.Rank (2.4s)
✔ [12768/13880] Built HexGraphIso.Nauty.Sparse.DistanceAdj (441ms)
✔ [12769/13880] Built HexGraphIso.Nauty.Invariant.Cheap (709ms)
✔ [12770/13880] Built HexSmith.Correct (376ms)
✔ [12773/13880] Built HexGraphIso.Nauty.Generation.Counter (540ms)
✔ [12774/13880] Built HexGraphIso.Nauty.Generation.Counted (632ms)
✔ [12775/13880] Built HexGraphIso.Nauty.Generation.Canon (584ms)
✔ [12776/13880] Built HexGraphIso.Nauty.Sparse.TargetMap (633ms)
✔ [12777/13880] Built HexGraphIso.Nauty.Equitable.Basic (4.1s)
✔ [12778/13880] Built HexRealClosureMathlib.TowerReuse (2.1s)
✔ [12779/13880] Built HexNumberFieldTowerMathlib.ArithmeticCore.Basic (6.3s)
✔ [12780/13880] Built HexGraphIso.Nauty.Sparse.TargetPrepare (553ms)
✔ [12781/13880] Built HexSmith.Unique (803ms)
✔ [12784/13880] Built HexRCF.RealCoefficients.IsolationSemantics (5.0s)
⚠ [12785/13880] Built HexGraphIso.Nauty.Sparse.Refine.CountSpec (2.2s)
warning: HexGraphIso/Nauty/Sparse/Refine/CountSpec.lean:31:2: syntax 'Lean.Parser.Tactic.mvcgen' has been deprecated: use `vcgen` instead

Note: This linter can be disabled with `set_option linter.deprecated.syntax false`
✔ [12786/13880] Built HexGraphIso.Nauty.Invariant.TargetCell (610ms)
✔ [12787/13880] Built HexRCF.Soundness (4.2s)
⚠ [12788/13880] Built HexRealClosureMathlib.IsolationPolicy (2.6s)
warning: adapters/HexRealClosureMathlib/IsolationPolicy.lean:30:0: automatically included section variable(s) unused in theorem `Hex.RealClosure.Isolation.Policy.dispatch?_success`:
  [IsRealClosed K]
consider restructuring your `variable` declarations so that the variables are not in scope or explicitly omit them:
  omit [IsRealClosed K] in theorem ...

Note: This linter can be disabled with `set_option linter.unusedSectionVars false`
warning: adapters/HexRealClosureMathlib/IsolationPolicy.lean:49:8: automatically included section variable(s) unused in theorem `_private.HexRealClosureMathlib.IsolationPolicy.0.Hex.RealClosure.Isolation.Policy.standard_roots`:
  [IsRealClosed K]
consider restructuring your `variable` declarations so that the variables are not in scope or explicitly omit them:
  omit [IsRealClosed K] in theorem ...

Note: This linter can be disabled with `set_option linter.unusedSectionVars false`
warning: adapters/HexRealClosureMathlib/IsolationPolicy.lean:62:8: automatically included section variable(s) unused in theorem `_private.HexRealClosureMathlib.IsolationPolicy.0.Hex.RealClosure.Isolation.Policy.whole_roots`:
  [IsStrictOrderedRing K]
  [IsRealClosed K]
consider restructuring your `variable` declarations so that the variables are not in scope or explicitly omit them:
  omit [IsStrictOrderedRing K] [IsRealClosed K] in theorem ...

Note: This linter can be disabled with `set_option linter.unusedSectionVars false`
warning: adapters/HexRealClosureMathlib/IsolationPolicy.lean:155:20: This simp argument is unused:
  Except.map

Hint: Omit it from the simp argument list.
  [apply] simp [complete?, dispatched] at built

Note: This linter can be disabled with `set_option linter.unusedSimpArgs false`
warning: adapters/HexRealClosureMathlib/IsolationPolicy.lean:166:20: This simp argument is unused:
  Except.map

Hint: Omit it from the simp argument list.
  [apply] simp [complete?, dispatched] at built

Note: This linter can be disabled with `set_option linter.unusedSimpArgs false`
warning: adapters/HexRealClosureMathlib/IsolationPolicy.lean:177:8: automatically included section variable(s) unused in theorem `_private.HexRealClosureMathlib.IsolationPolicy.0.Hex.RealClosure.Isolation.Policy.whole_nodup`:
  hn
  hi
consider restructuring your `variable` declarations so that the variables are not in scope or explicitly omit them:
  omit hn hi in theorem ...

Note: This linter can be disabled with `set_option linter.unusedSectionVars false`
✔ [12789/13880] Built HexRealClosureMathlib.TowerNaturality (2.8s)
✔ [12790/13880] Built HexPolySmithMathlib (1.8s)
✔ [12792/13880] Built HexKroneckerMathlib.MulSound (1.9s)
✔ [12793/13880] Built HexLatticeEnumMathlib.Preprocess (2.6s)
✔ [12794/13880] Built HexDeterminantalIdealMathlib.Tactic (2.9s)
ℹ [12795/13880] Built HexRealClosure.Tests (8.2s)
info: HexRealClosure/Tests.lean:66:0: some (1, -1, 0, -1, 0, 0)
info: HexRealClosure/Tests.lean:69:0: true
info: HexRealClosure/Tests.lean:86:0: some (1, 0, 1, -1)
info: HexRealClosure/Tests.lean:95:0: some (true, true)
info: HexRealClosure/Tests.lean:101:0: 1
info: HexRealClosure/Tests.lean:114:0: some (0, 1, 0)
info: HexRealClosure/Tests.lean:133:0: some (1, 1, 1, -1, 2, 8)
info: HexRealClosure/Tests.lean:143:0: some true
info: HexRealClosure/Tests.lean:156:0: some (2, 2, 1)
info: HexRealClosure/Tests.lean:166:0: some (0, 7)
info: HexRealClosure/Tests.lean:181:0: some (3, 1, 0)
info: HexRealClosure/Tests.lean:197:0: some (1, true, true)
info: HexRealClosure/Tests.lean:214:0: some (true, 1, true, -1)
info: HexRealClosure/Tests.lean:226:0: some (true, 1, true)
info: HexRealClosure/Tests.lean:241:0: some (-1, true, -1)
info: HexRealClosure/Tests.lean:258:0: some (true, true, true, 1, -1, true, false, true, true)
info: HexRealClosure/Tests.lean:274:0: some (true, true, 1)
info: HexRealClosure/Tests.lean:287:0: some (false, true, 1, true)
info: HexRealClosure/Tests.lean:299:0: some (true, true, 1)
info: HexRealClosure/Tests.lean:314:0: some (2, 1, true, true)
info: HexRealClosure/Tests.lean:330:0: some (1, true, true)
info: HexRealClosure/Tests.lean:354:0: some (2, true, 3, 2, 3, true, true, true)
info: HexRealClosure/Tests.lean:380:0: some (3, 3, 3, true, true, true, true, true)
info: HexRealClosure/Tests.lean:418:0: some
  (-1, true, true, true, [0, -3, 1], [-3 / 7, -1 / 7], [[0, 1], [], [2], [0, 1]], [[0, 1], [], [2], [0, 1]],
    [[0, 1], [], [2], [0, 1]])
info: HexRealClosure/Tests.lean:443:0: some (3, true, -1)
info: HexRealClosure/Tests.lean:459:0: some (true, 1, true)
info: HexRealClosure/Tests.lean:472:0: some (2, #[(#[-1, 1], 2), (#[-2, 1], 3)])
info: HexRealClosure/Tests.lean:572:0: some (5, #[-1, 1])
info: HexRealClosure/Tests.lean:619:0: some (1, 2, true)
✔ [12796/13880] Built HexGenericRankMathlib.Tactic (2.7s)
⚠ [12797/13880] Built HexGraphIso.Nauty.Sparse.TargetFresh (2.9s)
warning: HexGraphIso/Nauty/Sparse/TargetFresh.lean:103:2: syntax 'Lean.Parser.Tactic.mvcgen' has been deprecated: use `vcgen` instead

Note: This linter can be disabled with `set_option linter.deprecated.syntax false`
✔ [12798/13880] Built HexKroneckerMathlib.MatrixDenote (2.3s)
✔ [12799/13880] Built HexSmith.Structure (3.1s)
⚠ [12802/13880] Built HexGraphIso.Nauty.Sparse.Compare (8.5s)
warning: HexGraphIso/Nauty/Sparse/Compare.lean:99:2: syntax 'Lean.Parser.Tactic.mvcgen' has been deprecated: use `vcgen` instead

Note: This linter can be disabled with `set_option linter.deprecated.syntax false`
⚠ [12803/13880] Built HexRealClosureMathlib.TowerRestriction (2.6s)
warning: adapters/HexRealClosureMathlib/TowerRestriction.lean:32:2: Try this: 
  letI̵

The goal is a proposition, so `let` is preferred over `letI`.
The difference between `let` and `letI` is that `letI` inlines the value.
But this is not relevant for proofs because of proof irrelevance.

Note: This linter can be disabled with `set_option linter.style.haveILetI false`
warning: adapters/HexRealClosureMathlib/TowerRestriction.lean:33:2: Try this: 
  letI̵

The goal is a proposition, so `let` is preferred over `letI`.
The difference between `let` and `letI` is that `letI` inlines the value.
But this is not relevant for proofs because of proof irrelevance.

Note: This linter can be disabled with `set_option linter.style.haveILetI false`
warning: adapters/HexRealClosureMathlib/TowerRestriction.lean:75:2: Try this: 
  letI̵

The goal is a proposition, so `let` is preferred over `letI`.
The difference between `let` and `letI` is that `letI` inlines the value.
But this is not relevant for proofs because of proof irrelevance.

Note: This linter can be disabled with `set_option linter.style.haveILetI false`
warning: adapters/HexRealClosureMathlib/TowerRestriction.lean:76:2: Try this: 
  letI̵

The goal is a proposition, so `let` is preferred over `letI`.
The difference between `let` and `letI` is that `letI` inlines the value.
But this is not relevant for proofs because of proof irrelevance.

Note: This linter can be disabled with `set_option linter.style.haveILetI false`
warning: adapters/HexRealClosureMathlib/TowerRestriction.lean:94:2: Try this: 
  letI̵

The goal is a proposition, so `let` is preferred over `letI`.
The difference between `let` and `letI` is that `letI` inlines the value.
But this is not relevant for proofs because of proof irrelevance.

Note: This linter can be disabled with `set_option linter.style.haveILetI false`
warning: adapters/HexRealClosureMathlib/TowerRestriction.lean:95:2: Try this: 
  letI̵

The goal is a proposition, so `let` is preferred over `letI`.
The difference between `let` and `letI` is that `letI` inlines the value.
But this is not relevant for proofs because of proof irrelevance.

Note: This linter can be disabled with `set_option linter.style.haveILetI false`
✔ [12804/13880] Built HexDeterminantalIdealMathlib (2.3s)
✔ [12806/13880] Built HexSmith (442ms)
✔ [12808/13880] Built HexGenericRankMathlib.RankLocus (2.5s)
✔ [12809/13880] Built HexGraphIso.Nauty.Sparse.TargetSelect (600ms)
✔ [12810/13880] Built HexRCF.RealCoefficients.IsolationAssembly (10s)
✔ [12811/13880] Built HexRealClosureMathlib.TowerInclusion (2.0s)
⚠ [12812/13880] Built HexRealClosureMathlib.TowerEnlarge (2.0s)
warning: adapters/HexRealClosureMathlib/TowerEnlarge.lean:250:2: Try this: 
  letI̵

The goal is a proposition, so `let` is preferred over `letI`.
The difference between `let` and `letI` is that `letI` inlines the value.
But this is not relevant for proofs because of proof irrelevance.

Note: This linter can be disabled with `set_option linter.style.haveILetI false`
✔ [12813/13880] Built HexSmith:shared (92ms)
✔ [12814/13880] Built HexGraphIso.Nauty.Equitable.Step (4.0s)
✔ [12815/13880] Built HexGraphIso.Nauty.Sparse.CompareKey (693ms)
✔ [12816/13880] Built HexGraphIso.Nauty.Sparse.TargetDispatch (464ms)
✔ [12817/13880] Built HexLatticeEnumMathlib.Correspondence (3.1s)
✔ [12818/13880] Built HexLatticeEnumMathlib.TransportCert (3.1s)
⚠ [12819/13880] Built HexGraphIso.Nauty.Sparse.CountFinish (37s)
warning: HexGraphIso/Nauty/Sparse/CountFinish.lean:30:2: syntax 'Lean.Parser.Tactic.mvcgen' has been deprecated: use `vcgen` instead

Note: This linter can be disabled with `set_option linter.deprecated.syntax false`
✔ [12820/13880] Built HexGraphIso.Nauty.Spec.FiniteRenaming (526ms)
✔ [12821/13880] Built HexGraphIso.Nauty.Sparse.ComparePrefix (576ms)
ℹ [12822/13880] Built HexSmith.QuickstartTests (774ms)
info: HexSmith/QuickstartTests.lean:15:0: #v[#v[2, 0], #v[0, 6]]
info: HexSmith/QuickstartTests.lean:16:0: [2, 6]
info: HexSmith/QuickstartTests.lean:17:0: { freeRank := 0, torsionFactors := #[2, 6] }
info: HexSmith/QuickstartTests.lean:18:0: #m[1, 0;
   0, 1]
✔ [12823/13880] Built HexRCF.Decision (4.0s)
✔ [12824/13880] Built HexGraphIso.Nauty.Invariant.Store (768ms)
✔ [12825/13880] Built HexRCF.RealCoefficients.SignInputs (4.2s)
✔ [12826/13880] Built HexGraphIso.Nauty.Sparse.CountPerm (573ms)
✔ [12827/13880] Built HexGraphIso.Nauty.Sparse.CountOrder (600ms)
✔ [12828/13880] Built HexGraphIso.Nauty.Sparse.CountLab (600ms)
✔ [12829/13880] Built HexKroneckerMathlib.MatrixQuotient (2.2s)
✔ [12830/13880] Built HexGraphIso.Nauty.Policy.Scatter (687ms)
✔ [12831/13880] Built HexGraphIso.Nauty.Invariant.Trace (662ms)
✔ [12832/13880] Built HexGraphIso.Nauty.Sparse.CountOutside (542ms)
✔ [12833/13880] Built HexSmithMathlib.Rank (2.0s)
✔ [12834/13880] Built HexGenericRankMathlib (2.2s)
✔ [12836/13880] Built HexGraphIso.Nauty.Policy.State (610ms)
✔ [12837/13880] Built HexGraphIso.Autom (717ms)
✔ [12838/13880] Built HexGraphIso.Nauty.Sparse.CountCells (687ms)
✔ [12839/13880] Built HexNumberFieldTowerMathlib.ArithmeticCore.Field (6.1s)
✔ [12840/13880] Built HexGraphIso.Nauty.Equitable.Fix (2.2s)
⚠ [12841/13880] Built HexGraphIso.Nauty.Sparse.OrderOps (916ms)
warning: HexGraphIso/Nauty/Sparse/OrderOps.lean:39:2: syntax 'Lean.Parser.Tactic.mvcgen' has been deprecated: use `vcgen` instead

Note: This linter can be disabled with `set_option linter.deprecated.syntax false`
✔ [12842/13880] Built HexRealClosureMathlib.BaseMapModel (2.7s)
✔ [12843/13880] Built HexRealClosureMathlib.YunInvariant (8.3s)
✔ [12844/13880] Built HexGraphIso.Nauty.Sparse.WindowCells (439ms)
✔ [12845/13880] Built HexGraphIso.Nauty.Sparse.NativeCounts (558ms)
✔ [12846/13880] Built HexGraphIso.Nauty.Equitable.Root (543ms)
✔ [12847/13880] Built HexGenericRankMathlib.RankLocusTests (3.0s)
✔ [12848/13880] Built HexSmithMathlib.Basis (3.1s)
✔ [12849/13880] Built HexRCF.Reify (6.2s)
✔ [12850/13880] Built HexRealClosureMathlib.TowerTransportTests (3.2s)
✔ [12851/13880] Built HexGraphIso.Nauty.Equitable.Cells (768ms)
✔ [12852/13880] Built HexGraphIso.Nauty.Sparse.ContextMap (449ms)
✔ [12853/13880] Built HexGraphIso.Nauty.Sparse.BinaryCells (567ms)
✔ [12854/13880] Built HexLatticeEnumMathlib.Geometry (2.0s)
⚠ [12855/13880] Built HexRealClosureMathlib.TowerEnlargeOrder (3.4s)
warning: adapters/HexRealClosureMathlib/TowerEnlargeOrder.lean:53:2: Try this: intro initial a

Note: This linter can be disabled with `set_option linter.tacticAnalysis.introMerge false`
warning: adapters/HexRealClosureMathlib/TowerEnlargeOrder.lean:94:2: Try this: 
  letI̵

The goal is a proposition, so `let` is preferred over `letI`.
The difference between `let` and `letI` is that `letI` inlines the value.
But this is not relevant for proofs because of proof irrelevance.

Note: This linter can be disabled with `set_option linter.style.haveILetI false`
warning: adapters/HexRealClosureMathlib/TowerEnlargeOrder.lean:95:2: Try this: 
  letI̵

The goal is a proposition, so `let` is preferred over `letI`.
The difference between `let` and `letI` is that `letI` inlines the value.
But this is not relevant for proofs because of proof irrelevance.

Note: This linter can be disabled with `set_option linter.style.haveILetI false`
warning: adapters/HexRealClosureMathlib/TowerEnlargeOrder.lean:125:2: Try this: 
  letI̵

The goal is a proposition, so `let` is preferred over `letI`.
The difference between `let` and `letI` is that `letI` inlines the value.
But this is not relevant for proofs because of proof irrelevance.

Note: This linter can be disabled with `set_option linter.style.haveILetI false`
warning: adapters/HexRealClosureMathlib/TowerEnlargeOrder.lean:156:8: automatically included section variable(s) unused in theorem `_private.HexRealClosureMathlib.TowerEnlargeOrder.0.Hex.RealClosure.Tower.value_heq`:
  [DecidableEq K]
  [IsStrictOrderedRing K]
  [IsRealClosed K]
consider restructuring your `variable` declarations so that the variables are not in scope or explicitly omit them:
  omit [DecidableEq K] [IsStrictOrderedRing K] [IsRealClosed K] in theorem ...

Note: This linter can be disabled with `set_option linter.unusedSectionVars false`
warning: adapters/HexRealClosureMathlib/TowerEnlargeOrder.lean:204:10: Variable name `model` is not explicitly referenced.

Hint: The binding can be removed (if unused) or named `_` (if used implicitly). Alternatively, prefix the name with `_` to silence this warning:
  [apply] _model

Note: This linter can be disabled with `set_option linter.unusedVariables false`
warning: adapters/HexRealClosureMathlib/TowerEnlargeOrder.lean:323:2: Try this: 
  letI̵

The goal is a proposition, so `let` is preferred over `letI`.
The difference between `let` and `letI` is that `letI` inlines the value.
But this is not relevant for proofs because of proof irrelevance.

Note: This linter can be disabled with `set_option linter.style.haveILetI false`
warning: adapters/HexRealClosureMathlib/TowerEnlargeOrder.lean:324:2: Try this: 
  letI̵

The goal is a proposition, so `let` is preferred over `letI`.
The difference between `let` and `letI` is that `letI` inlines the value.
But this is not relevant for proofs because of proof irrelevance.

Note: This linter can be disabled with `set_option linter.style.haveILetI false`
✔ [12856/13880] Built HexGraphIso.Nauty.Sparse.IndexSet (528ms)
✔ [12857/13880] Built HexKroneckerMathlib.MulModSound (2.1s)
✔ [12858/13880] Built HexConway.Rabin.S3_0 (29s)
✔ [12859/13880] Built HexSmithMathlib.Kernel (3.7s)
✔ [12860/13880] Built HexGraphIso.Nauty.Sparse.IndexTransport (584ms)
✔ [12861/13880] Built HexGraphIso.Nauty.Sparse.DistanceMap (553ms)
✔ [12862/13880] Built HexGraphIso.Nauty.SmallCell.Guard (1.1s)
✔ [12863/13880] Built HexGraphIso.Nauty.Sparse.TargetCounts (914ms)
✔ [12864/13880] Built HexGraphIso.Nauty.Sparse.RowTransport (880ms)
✔ [12865/13880] Built HexConway.Rabin.S0_0 (31s)
✔ [12866/13880] Built HexSmithMathlib.Chain (1.9s)
ℹ [12867/13880] Built HexRealClosureMathlib.BaseTests (12s)
info: HexRealClosureMathlib/BaseTests.lean:333:53: Type mismatch
  a
has type
  Element (realContext 1)
but is expected to have type
  Element (realContext 2)

Note: The following definitions were not unfolded because their definition is not exposed:
  Context.real ↦ 4
  RealContext.constant ↦ 4
info: HexRealClosureMathlib/BaseTests.lean:333:0: fun a => sorry : (a : Element (realContext 1)) → ?m.16 a
info: HexRealClosureMathlib/BaseTests.lean:334:56: Type mismatch
  p
has type
  Polynomial (realContext 1)
but is expected to have type
  Polynomial (realContext 2)

Note: The following definitions were not unfolded because their definition is not exposed:
  Context.real ↦ 4
  RealContext.constant ↦ 4
info: HexRealClosureMathlib/BaseTests.lean:334:0: fun p => sorry : (p : Polynomial (realContext 1)) → ?m.16 p
info: HexRealClosureMathlib/BaseTests.lean:335:89: failed to synthesize instance of type class
  HAdd (Polynomial (realContext 1)) (Polynomial (realContext 2)) ?m.17

Hint: Type class instance resolution failures can be inspected with the `set_option trace.Meta.synthInstance true` command.
info: HexRealClosureMathlib/BaseTests.lean:335:0: fun p q => sorry : (p : Polynomial (realContext 1)) → (q : Polynomial (realContext 2)) → ?m.20 p q
✔ [12869/13880] Built HexRealClosureMathlib.BaseFactory (2.4s)
✔ [12870/13880] Built HexGraphIso.Nauty.Sparse.TargetPerm (844ms)
✔ [12871/13880] Built HexGraphIso.Nauty.Policy.Effect (2.0s)
✔ [12872/13880] Built HexGraphIso.Nauty.Sparse.TouchCompare (599ms)
✔ [12873/13880] Built HexGraphIso.Nauty.Sparse.RowsTransport (602ms)
✔ [12874/13880] Built HexLatticeEnumMathlib (2.3s)
✔ [12876/13880] Built HexRCF.RealFormula (4.7s)
✔ [12878/13880] Built HexRCF.RealCoefficients.IsolationProgress (5.7s)
✔ [12879/13880] Built HexGraphIso.Nauty.Sparse.ScanCompare (814ms)
✔ [12880/13880] Built HexGraphIso.Nauty.Sparse.MarkTransport (895ms)
✔ [12881/13880] Built HexKroneckerMathlib.KernelBounds (2.7s)
✔ [12882/13880] Built HexGraphIso.Nauty.Policy.Partition (1.3s)
✔ [12883/13880] Built HexSmithMathlib.Tactic (3.0s)
✔ [12884/13880] Built HexNumberFieldTowerMathlib.ArithmeticCore (4.4s)
✔ [12885/13880] Built HexGraphIso.Nauty.Sparse.ScanTransport (663ms)
⚠ [12886/13880] Built HexRealClosureMathlib.LiveContext (3.8s)
warning: adapters/HexRealClosureMathlib/LiveContext.lean:93:0: automatically included section variable(s) unused in theorem `Hex.RealClosure.Tower.Inclusions.Models.extend_original`:
  [DecidableEq R]
  [IsStrictOrderedRing R]
consider restructuring your `variable` declarations so that the variables are not in scope or explicitly omit them:
  omit [DecidableEq R] [IsStrictOrderedRing R] in theorem ...

Note: This linter can be disabled with `set_option linter.unusedSectionVars false`
warning: adapters/HexRealClosureMathlib/LiveContext.lean:112:0: automatically included section variable(s) unused in theorem `Hex.RealClosure.Tower.Inclusions.Models.map_original`:
  [DecidableEq R]
  [IsStrictOrderedRing R]
consider restructuring your `variable` declarations so that the variables are not in scope or explicitly omit them:
  omit [DecidableEq R] [IsStrictOrderedRing R] in theorem ...

Note: This linter can be disabled with `set_option linter.unusedSectionVars false`
warning: adapters/HexRealClosureMathlib/LiveContext.lean:130:0: automatically included section variable(s) unused in theorem `Hex.RealClosure.Tower.Inclusions.Models.value`:
  [DecidableEq R]
  [IsStrictOrderedRing R]
consider restructuring your `variable` declarations so that the variables are not in scope or explicitly omit them:
  omit [DecidableEq R] [IsStrictOrderedRing R] in theorem ...

Note: This linter can be disabled with `set_option linter.unusedSectionVars false`
warning: adapters/HexRealClosureMathlib/LiveContext.lean:140:0: automatically included section variable(s) unused in theorem `Hex.RealClosure.Tower.Inclusions.Models.polynomial`:
  [IsStrictOrderedRing R]
consider restructuring your `variable` declarations so that the variables are not in scope or explicitly omit them:
  omit [IsStrictOrderedRing R] in theorem ...

Note: This linter can be disabled with `set_option linter.unusedSectionVars false`
⚠ [12887/13880] Built HexRealClosureMathlib.TowerEnlargeOrderTests (3.8s)
warning: adapters/HexRealClosureMathlib/TowerEnlargeOrderTests.lean:44:2: Try this: 
  letI̵

The goal is a proposition, so `let` is preferred over `letI`.
The difference between `let` and `letI` is that `letI` inlines the value.
But this is not relevant for proofs because of proof irrelevance.

Note: This linter can be disabled with `set_option linter.style.haveILetI false`
warning: adapters/HexRealClosureMathlib/TowerEnlargeOrderTests.lean:45:2: Try this: 
  letI̵

The goal is a proposition, so `let` is preferred over `letI`.
The difference between `let` and `letI` is that `letI` inlines the value.
But this is not relevant for proofs because of proof irrelevance.

Note: This linter can be disabled with `set_option linter.style.haveILetI false`
warning: adapters/HexRealClosureMathlib/TowerEnlargeOrderTests.lean:90:2: Try this: 
  letI̵

The goal is a proposition, so `let` is preferred over `letI`.
The difference between `let` and `letI` is that `letI` inlines the value.
But this is not relevant for proofs because of proof irrelevance.

Note: This linter can be disabled with `set_option linter.style.haveILetI false`
warning: adapters/HexRealClosureMathlib/TowerEnlargeOrderTests.lean:91:2: Try this: 
  letI̵

The goal is a proposition, so `let` is preferred over `letI`.
The difference between `let` and `letI` is that `letI` inlines the value.
But this is not relevant for proofs because of proof irrelevance.

Note: This linter can be disabled with `set_option linter.style.haveILetI false`
✔ [12888/13880] Built HexManual.Chapters.HexPolySmith (10s)
✔ [12889/13880] Built HexConway.Rabin.S1_0 (33s)
⚠ [12890/13880] Built HexDeterminantalIdealMathlib.TacticTests (9.8s)
info: HexDeterminantalIdealMathlib/TacticTests.lean:22:2: rank_locus: using minor 1 at rows [0], columns [1]
info: HexDeterminantalIdealMathlib/TacticTests.lean:28:30: rank_locus: using minor 1 at rows [], columns []
info: HexDeterminantalIdealMathlib/TacticTests.lean:52:55: rank_locus: using minor 1 at rows [0], columns [1]
info: HexDeterminantalIdealMathlib/TacticTests.lean:67:54: rank_locus: using minor x at rows [0], columns [0]
info: HexDeterminantalIdealMathlib/TacticTests.lean:68:54: rank_locus: using minor x at rows [0], columns [0]
info: HexDeterminantalIdealMathlib/TacticTests.lean:77:59: rank_locus: using minor y at rows [0], columns [1]
info: HexDeterminantalIdealMathlib/TacticTests.lean:78:59: rank_locus: using minor y at rows [0], columns [1]
info: HexDeterminantalIdealMathlib/TacticTests.lean:87:71: rank_locus: using minor x ^ 2 - 1 at rows [0, 1], columns [0, 1]
info: HexDeterminantalIdealMathlib/TacticTests.lean:88:71: rank_locus: using minor x ^ 2 - 1 at rows [0, 1], columns [0, 1]
info: HexDeterminantalIdealMathlib/TacticTests.lean:97:69: rank_locus: using minor y - x at rows [0, 1], columns [0, 1]
info: HexDeterminantalIdealMathlib/TacticTests.lean:98:69: rank_locus: using minor y - x at rows [0, 1], columns [0, 1]
info: HexDeterminantalIdealMathlib/TacticTests.lean:107:75: rank_locus: using minor x ^ 3 - x at rows [0], columns [0]
info: HexDeterminantalIdealMathlib/TacticTests.lean:108:75: rank_locus: using minor x ^ 3 - x at rows [0], columns [0]
info: HexDeterminantalIdealMathlib/TacticTests.lean:120:2: rank_locus: using minor x at rows [0], columns [0]
info: HexDeterminantalIdealMathlib/TacticTests.lean:125:58: rank_locus: using minor y at rows [0], columns [1]
info: HexDeterminantalIdealMathlib/TacticTests.lean:147:83: rank_locus: using minor 1 at rows [], columns []
info: HexDeterminantalIdealMathlib/TacticTests.lean:150:59: rank_locus: using minor x at rows [0], columns [0]
warning: HexDeterminantalIdealMathlib/TacticTests.lean:152:9: Variable name `x` is not explicitly referenced.

Hint: The binding can be removed (if unused) or named `_` (if used implicitly). Alternatively, prefix the name with `_` to silence this warning:
  [apply] _x

Note: This linter can be disabled with `set_option linter.unusedVariables false`
warning: HexDeterminantalIdealMathlib/TacticTests.lean:163:9: Variable name `x` is not explicitly referenced.

Hint: The binding can be removed (if unused) or named `_` (if used implicitly). Alternatively, prefix the name with `_` to silence this warning:
  [apply] _x

Note: This linter can be disabled with `set_option linter.unusedVariables false`
warning: HexDeterminantalIdealMathlib/TacticTests.lean:163:17: Variable name `r` is not explicitly referenced.

Hint: The binding can be removed (if unused) or named `_` (if used implicitly). Alternatively, prefix the name with `_` to silence this warning:
  [apply] _r

Note: This linter can be disabled with `set_option linter.unusedVariables false`
info: HexDeterminantalIdealMathlib/TacticTests.lean:191:42: rank_locus: the matrix entries are constant polynomials; its generators are constants
info: HexDeterminantalIdealMathlib/TacticTests.lean:191:42: rank_locus: using minor 2 at rows [0], columns [0]
warning: HexDeterminantalIdealMathlib/TacticTests.lean:193:9: Variable name `x` is not explicitly referenced.

Hint: The binding can be removed (if unused) or named `_` (if used implicitly). Alternatively, prefix the name with `_` to silence this warning:
  [apply] _x

Note: This linter can be disabled with `set_option linter.unusedVariables false`
warning: HexDeterminantalIdealMathlib/TacticTests.lean:202:9: Variable name `x0` is not explicitly referenced.

Hint: The binding can be removed (if unused) or named `_` (if used implicitly). Alternatively, prefix the name with `_` to silence this warning:
  [apply] _x0

Note: This linter can be disabled with `set_option linter.unusedVariables false`
✔ [12891/13880] Built HexSmithMathlib.Quotient (3.2s)
✔ [12892/13880] Built HexGraphIso.Nauty.Equitable.Individualize (5.1s)
✔ [12893/13880] Built HexConway.Rabin.S2_0 (35s)
⚠ [12894/13880] Built HexGraphIso.Nauty.Sparse.Boundary (46s)
warning: HexGraphIso/Nauty/Sparse/Boundary.lean:61:2: syntax 'Lean.Parser.Tactic.mvcgen' has been deprecated: use `vcgen` instead

Note: This linter can be disabled with `set_option linter.deprecated.syntax false`
✔ [12895/13880] Built HexRealClosureMathlib.TowerYun (6.3s)
✔ [12896/13880] Built HexGraphIso.Nauty.Invariant.Singleton (788ms)
✔ [12897/13880] Built HexRealClosureMathlib.AlgebraicYun (6.4s)
✔ [12898/13880] Built HexRealClosureMathlib.ContextModel (3.0s)
✔ [12899/13880] Built HexLatticeEnumMathlib.Tests (3.7s)
✔ [12900/13880] Built HexRCF.RealCoefficients.Registration (6.3s)
✔ [12901/13880] Built HexRealClosureMathlib.RootFactors (6.7s)
✔ [12902/13880] Built HexRCF.Tactic (6.4s)
✔ [12903/13880] Built HexKroneckerMathlib.Kernel (3.2s)
✔ [12904/13880] Built HexRCF.RealCoefficients.RadicalProgress (7.1s)
⚠ [12905/13880] Built HexGraphIso.Nauty.Sparse.RefineBudget (47s)
warning: HexGraphIso/Nauty/Sparse/RefineBudget.lean:44:2: syntax 'Lean.Parser.Tactic.mvcgen' has been deprecated: use `vcgen` instead

Note: This linter can be disabled with `set_option linter.deprecated.syntax false`
✔ [12906/13880] Built HexGraphIso.Nauty.Invariant.PathStab (874ms)
✔ [12907/13880] Built HexSmithMathlib.Tests (3.4s)
✔ [12909/13880] Built HexManual.Chapters.HexLatticeEnum (4.6s)
✔ [12910/13880] Built HexSmithMathlib (2.3s)
✔ [12911/13880] Built HexDeterminantalIdealMathlib.Tests (3.4s)
✔ [12913/13880] Built HexGraphIso.Nauty.Spec.Descent (2.0s)
✔ [12914/13880] Built HexLatticeEnumMathlib.LintTests (6.3s)
⚠ [12916/13880] Built HexGraphIso.Nauty.Sparse.SplitBudget (2.5s)
warning: HexGraphIso/Nauty/Sparse/SplitBudget.lean:25:2: syntax 'Lean.Parser.Tactic.mvcgen' has been deprecated: use `vcgen` instead

Note: This linter can be disabled with `set_option linter.deprecated.syntax false`
warning: HexGraphIso/Nauty/Sparse/SplitBudget.lean:40:2: syntax 'Lean.Parser.Tactic.mvcgen' has been deprecated: use `vcgen` instead

Note: This linter can be disabled with `set_option linter.deprecated.syntax false`
✔ [12917/13880] Built HexRealClosureMathlib.CacheModels (3.5s)
✔ [12918/13880] Built HexKroneckerMathlib.Tactic (3.3s)
✔ [12919/13880] Built HexGenericRankMathlib.Tests (9.0s)
✔ [12921/13880] Built HexKroneckerMathlib.Mixed (3.5s)
ℹ [12922/13880] Built HexSmithMathlib.QuickstartTests (2.0s)
info: HexSmithMathlib/QuickstartTests.lean:13:0: @smithNormalForm : {n m : ℕ} → (A : Hex.Matrix ℤ n m) → Module.Basis.SmithNormalForm (rowSpan A) (Fin m) A.snfRank
info: HexSmithMathlib/QuickstartTests.lean:14:0: @smithNormalForm_chain : ∀ {n m : ℕ} (A : Hex.Matrix ℤ n m) (i : ℕ) (h : i + 1 < A.snfRank),
  (smithNormalForm A).a ⟨i, ⋯⟩ ∣ (smithNormalForm A).a ⟨i + 1, h⟩
info: HexSmithMathlib/QuickstartTests.lean:15:0: @quotientEquiv : {n m : ℕ} →
  (A : Hex.Matrix ℤ n m) →
    ((Fin m → ℤ) ⧸ rowSpan A) ≃ₗ[ℤ]
      (Fin (m - A.snfRank) → ℤ) × DirectSum (Fin A.snfRank) fun i => ℤ ⧸ Ideal.span {A.invariantFactors[i]}
✔ [12923/13880] Built HexManual.Chapters.HexRealFormula (7.0s)
✔ [12924/13880] Built HexRCF (4.5s)
✔ [12926/13880] Built HexSmithMathlib.LintTests (4.0s)
⚠ [12928/13880] Built HexGraphIso.Nauty.Sparse.RefineBoundary (5.7s)
warning: HexGraphIso/Nauty/Sparse/RefineBoundary.lean:24:2: syntax 'Lean.Parser.Tactic.mvcgen' has been deprecated: use `vcgen` instead

Note: This linter can be disabled with `set_option linter.deprecated.syntax false`
warning: HexGraphIso/Nauty/Sparse/RefineBoundary.lean:37:2: syntax 'Lean.Parser.Tactic.mvcgen' has been deprecated: use `vcgen` instead

Note: This linter can be disabled with `set_option linter.deprecated.syntax false`
warning: HexGraphIso/Nauty/Sparse/RefineBoundary.lean:53:2: syntax 'Lean.Parser.Tactic.mvcgen' has been deprecated: use `vcgen` instead

Note: This linter can be disabled with `set_option linter.deprecated.syntax false`
✔ [12929/13880] Built HexNumberFieldTowerMathlib.NormCore.Basic (8.5s)
✔ [12930/13880] Built HexRealClosureMathlib.TowerModelTests (6.3s)
✔ [12931/13880] Built HexKroneckerMathlib (2.3s)
✔ [12933/13880] Built HexRealClosureMathlib.AlgebraicRoots (6.2s)
✔ [12934/13880] Built HexRealClosureMathlib.CacheRebuild (2.0s)
✔ [12935/13880] Built HexRCF.RealCoefficients.Formula (10s)
⚠ [12936/13880] Built HexGraphIso.Nauty.Sparse.RefineFuel (4.4s)
warning: HexGraphIso/Nauty/Sparse/RefineFuel.lean:31:2: syntax 'Lean.Parser.Tactic.mvcgen' has been deprecated: use `vcgen` instead

Note: This linter can be disabled with `set_option linter.deprecated.syntax false`
✔ [12937/13880] Built HexKroneckerMathlib.KernelTests (2.1s)
✔ [12938/13880] Built HexGraphIso.Nauty.Sparse.Root (830ms)
✔ [12939/13880] Built HexManual.Chapters.HexSmith (7.3s)
✔ [12940/13880] Built HexConway.Rabin.S3_1 (14s)
✔ [12941/13880] Built HexRCF.RealCoefficients.Reify (9.1s)
✔ [12942/13880] Built HexConway.Rabin.S0_1 (14s)
✔ [12943/13880] Built HexKroneckerMathlib.Tests (2.3s)
✔ [12945/13880] Built HexRCF.RealCoefficients.CellFormula (4.1s)
⚠ [12946/13880] Built HexRealClosureMathlib.CacheGather (4.9s)
warning: adapters/HexRealClosureMathlib/CacheGather.lean:142:8: automatically included section variable(s) unused in theorem `_private.HexRealClosureMathlib.CacheGather.0.Hex.RealClosure.Tower.castModels_original`:
  [DecidableEq R]
  [IsStrictOrderedRing R]
  [IsRealClosed R]
consider restructuring your `variable` declarations so that the variables are not in scope or explicitly omit them:
  omit [DecidableEq R] [IsStrictOrderedRing R] [IsRealClosed R] in theorem ...

Note: This linter can be disabled with `set_option linter.unusedSectionVars false`
✔ [12947/13880] Built HexNumberFieldTowerMathlib.NormCore.Quadratic (5.8s)
⚠ [12948/13880] Built HexRealClosureMathlib.RootTotal (11s)
warning: adapters/HexRealClosureMathlib/RootTotal.lean:35:0: automatically included section variable(s) unused in theorem `Hex.RealClosure.Roots.factorEntries_success`:
  [Div E]
consider restructuring your `variable` declarations so that the variables are not in scope or explicitly omit them:
  omit [Div E] in theorem ...

Note: This linter can be disabled with `set_option linter.unusedSectionVars false`
✔ [12949/13880] Built HexConway.Rabin.S1_1 (14s)
⚠ [12950/13880] Built HexGraphIso.Nauty.Sparse.CountSize (24s)
warning: HexGraphIso/Nauty/Sparse/CountSize.lean:36:12: syntax 'Lean.Parser.Tactic.mvcgen' has been deprecated: use `vcgen` instead

Note: This linter can be disabled with `set_option linter.deprecated.syntax false`
warning: HexGraphIso/Nauty/Sparse/CountSize.lean:36:12: syntax 'Lean.Parser.Tactic.mvcgen' has been deprecated: use `vcgen` instead

Note: This linter can be disabled with `set_option linter.deprecated.syntax false`
✔ [12951/13880] Built HexGraphIso.Nauty.Sparse.Recover (714ms)
⚠ [12952/13880] Built HexGraphIso.Nauty.Sparse.CountFrame (60s)
warning: HexGraphIso/Nauty/Sparse/CountFrame.lean:40:2: syntax 'Lean.Parser.Tactic.mvcgen' has been deprecated: use `vcgen` instead

Note: This linter can be disabled with `set_option linter.deprecated.syntax false`
✔ [12953/13880] Built HexConway.Rabin.S2_1 (13s)
✔ [12954/13880] Built HexRealClosureMathlib.BaseFactoryTests (2.3s)
✔ [12955/13880] Built HexGraphIso.Nauty.Sparse.ScratchSearch (493ms)
⚠ [12956/13880] Built HexGraphIso.Nauty.Sparse.PolicyScratch (1.1s)
warning: HexGraphIso/Nauty/Sparse/PolicyScratch.lean:55:2: syntax 'Lean.Parser.Tactic.mvcgen' has been deprecated: use `vcgen` instead

Note: This linter can be disabled with `set_option linter.deprecated.syntax false`
warning: HexGraphIso/Nauty/Sparse/PolicyScratch.lean:68:2: syntax 'Lean.Parser.Tactic.mvcgen' has been deprecated: use `vcgen` instead

Note: This linter can be disabled with `set_option linter.deprecated.syntax false`
✔ [12957/13880] Built HexConway.Rabin.S0_2 (5.9s)
⚠ [12958/13880] Built HexGraphIso.Nauty.Sparse.CountQueue (28s)
warning: HexGraphIso/Nauty/Sparse/CountQueue.lean:38:12: syntax 'Lean.Parser.Tactic.mvcgen' has been deprecated: use `vcgen` instead

Note: This linter can be disabled with `set_option linter.deprecated.syntax false`
warning: HexGraphIso/Nauty/Sparse/CountQueue.lean:38:12: syntax 'Lean.Parser.Tactic.mvcgen' has been deprecated: use `vcgen` instead

Note: This linter can be disabled with `set_option linter.deprecated.syntax false`
✔ [12959/13880] Built HexRCF.RealCoefficients.FieldDecision (5.3s)
✔ [12960/13880] Built HexRealClosureMathlib.Trivial (5.1s)
✔ [12961/13880] Built HexConway.Rabin.S3_2 (8.0s)
✔ [12962/13880] Built HexRealClosureMathlib.TowerRoots (5.3s)
⚠ [12963/13880] Built HexGraphIso.Nauty.Sparse.CountActive (30s)
warning: HexGraphIso/Nauty/Sparse/CountActive.lean:37:12: syntax 'Lean.Parser.Tactic.mvcgen' has been deprecated: use `vcgen` instead

Note: This linter can be disabled with `set_option linter.deprecated.syntax false`
warning: HexGraphIso/Nauty/Sparse/CountActive.lean:37:12: syntax 'Lean.Parser.Tactic.mvcgen' has been deprecated: use `vcgen` instead

Note: This linter can be disabled with `set_option linter.deprecated.syntax false`
⚠ [12964/13880] Built HexGraphIso.Nauty.Sparse.SplitBounds (5.3s)
warning: HexGraphIso/Nauty/Sparse/SplitBounds.lean:28:2: syntax 'Lean.Parser.Tactic.mvcgen' has been deprecated: use `vcgen` instead

Note: This linter can be disabled with `set_option linter.deprecated.syntax false`
warning: HexGraphIso/Nauty/Sparse/SplitBounds.lean:49:2: syntax 'Lean.Parser.Tactic.mvcgen' has been deprecated: use `vcgen` instead

Note: This linter can be disabled with `set_option linter.deprecated.syntax false`
✔ [12965/13880] Built HexNumberFieldTowerMathlib.NormCore.Trager (7.4s)
✔ [12966/13880] Built HexConway.Rabin.S0_3 (3.9s)
✔ [12967/13880] Built HexConway.Rabin.S1_2 (7.3s)
✔ [12968/13880] Built HexConway.Rabin.S3_3 (4.1s)
✔ [12969/13880] Built HexConway.Rabin.S0_4 (2.4s)
✔ [12970/13880] Built HexGraphIso.Nauty.SmallCell.Count (19s)
✔ [12971/13880] Built HexConway.Rabin.S2_2 (8.8s)
✔ [12972/13880] Built HexRCF.RealCoefficients.FieldRootSigns (6.9s)
✔ [12973/13880] Built HexConway.Rabin.S0_5 (1.0s)
✔ [12974/13880] Built RealClosureConsumer.Tower (6.5s)
✔ [12976/13880] Built HexRealClosureMathlib.RootTransport (6.8s)
⚠ [12977/13880] Built HexRealClosureMathlib.TowerCoverage (6.0s)
warning: adapters/HexRealClosureMathlib/TowerCoverage.lean:58:0: automatically included section variable(s) unused in theorem `Hex.RealClosure.Tower.Model.representative_value`:
  [DecidableEq K]
  [IsStrictOrderedRing K]
  [IsRealClosed K]
consider restructuring your `variable` declarations so that the variables are not in scope or explicitly omit them:
  omit [DecidableEq K] [IsStrictOrderedRing K] [IsRealClosed K] in theorem ...

Note: This linter can be disabled with `set_option linter.unusedSectionVars false`
✔ [12978/13880] Built HexConway.Rabin.S3_4 (3.1s)
⚠ [12979/13880] Built HexRealClosureMathlib.RootPolicy (12s)
warning: adapters/HexRealClosureMathlib/RootPolicy.lean:40:0: automatically included section variable(s) unused in theorem `Hex.RealClosure.Roots.Policy.factorEntries_success`:
  [Div E]
consider restructuring your `variable` declarations so that the variables are not in scope or explicitly omit them:
  omit [Div E] in theorem ...

Note: This linter can be disabled with `set_option linter.unusedSectionVars false`
✔ [12980/13880] Built HexConway.Rabin.S0_6 (1.0s)
✔ [12981/13880] Built HexRealClosureMathlib.RootList (7.7s)
⚠ [12982/13880] Built HexRealClosureMathlib.TrivialTower (7.8s)
warning: adapters/HexRealClosureMathlib/TrivialTower.lean:51:15: This simp argument is unused:
  h

Hint: Omit it from the simp argument list.
  [apply] simp only [Option.map_none, Option.getD_none, RealAlgebraicNumber.zero_toReal]

Note: This linter can be disabled with `set_option linter.unusedSimpArgs false`
✔ [12983/13880] Built HexConway.Rabin.S1_3 (5.9s)
✔ [12984/13880] Built HexNumberFieldTowerMathlib.NormCore (6.3s)
⚠ [12985/13880] Built HexGraphIso.Nauty.Sparse.RefineBounds (6.5s)
warning: HexGraphIso/Nauty/Sparse/RefineBounds.lean:29:2: syntax 'Lean.Parser.Tactic.mvcgen' has been deprecated: use `vcgen` instead

Note: This linter can be disabled with `set_option linter.deprecated.syntax false`
warning: HexGraphIso/Nauty/Sparse/RefineBounds.lean:45:2: syntax 'Lean.Parser.Tactic.mvcgen' has been deprecated: use `vcgen` instead

Note: This linter can be disabled with `set_option linter.deprecated.syntax false`
✔ [12986/13880] Built HexConway.Rabin.S3_5 (2.3s)
⚠ [12987/13880] Built HexGraphIso.Nauty.Sparse.SearchBounds (1.6s)
warning: HexGraphIso/Nauty/Sparse/SearchBounds.lean:30:2: syntax 'Lean.Parser.Tactic.mvcgen' has been deprecated: use `vcgen` instead

Note: This linter can be disabled with `set_option linter.deprecated.syntax false`
✔ [12988/13880] Built HexConway.Rabin.S2_3 (6.0s)
✔ [12989/13880] Built HexConway.Rabin.S3_6 (1.7s)
✔ [12990/13880] Built HexConway.Rabin.S1_4 (3.6s)
✔ [12991/13880] Built HexConway.Rabin.S1_5 (2.0s)
✔ [12992/13880] Built HexGraphIso.Nauty.SmallCell.Flip (8.0s)
✔ [12993/13880] Built HexConway.Rabin.S2_4 (3.2s)
✔ [12994/13880] Built HexRCF.RealCoefficients.FieldReplay (8.8s)
✔ [12995/13880] Built HexConway.Rabin.S1_6 (1.5s)
⚠ [12996/13880] Built HexRealClosureMathlib.ModelEvaluation (8.9s)
warning: adapters/HexRealClosureMathlib/ModelEvaluation.lean:31:0: automatically included section variable(s) unused in theorem `Hex.RealClosure.Tower.Model.read_apply`:
  [DecidableEq K]
  [DecidableEq G]
consider restructuring your `variable` declarations so that the variables are not in scope or explicitly omit them:
  omit [DecidableEq K] [DecidableEq G] in theorem ...

Note: This linter can be disabled with `set_option linter.unusedSectionVars false`
warning: adapters/HexRealClosureMathlib/ModelEvaluation.lean:36:0: automatically included section variable(s) unused in theorem `Hex.RealClosure.Tower.Model.domain_iff`:
  [DecidableEq K]
  [DecidableEq G]
consider restructuring your `variable` declarations so that the variables are not in scope or explicitly omit them:
  omit [DecidableEq K] [DecidableEq G] in theorem ...

Note: This linter can be disabled with `set_option linter.unusedSectionVars false`
✔ [12997/13880] Built HexRealClosureMathlib.TrivialTowerTests (8.5s)
✔ [12998/13880] Built HexConway.Rabin.S2_5 (2.2s)
✔ [12999/13880] Built HexRealClosureMathlib.TowerRootPolicy (8.9s)
✔ [13000/13880] Built HexRealClosureMathlib.RootCollection (9.7s)
✔ [13001/13880] Built HexRCF.RealCoefficients.FieldRootSignsProgress (10s)
✔ [13002/13880] Built HexConway.Rabin.S2_6 (1.3s)
✔ [13003/13880] Built HexConway.Certificates (965ms)
✔ [13004/13880] Built HexConway.Transport.S0_0 (1.2s)
✔ [13005/13880] Built HexConway.Transport.S1_0 (1.2s)
✔ [13006/13880] Built HexConway.Transport.S2_0 (1.3s)
✔ [13007/13880] Built HexConway.Transport.S3_0 (1.2s)
✔ [13008/13880] Built HexConway.Transport.S0_1 (1.1s)
✔ [13009/13880] Built HexConway.Transport.S1_1 (1.3s)
✔ [13010/13880] Built HexConway.Transport.S2_1 (1.1s)
✔ [13011/13880] Built HexConway.Transport.S3_1 (1.2s)
✔ [13012/13880] Built HexNumberFieldTowerMathlib.FactorGeneric.Trager (13s)
✔ [13013/13880] Built HexConway.Transport.S2_2 (1.0s)
✔ [13014/13880] Built HexConway.Transport.S1_2 (1.1s)
✔ [13015/13880] Built HexConway.Transport.S3_2 (1.1s)
✔ [13016/13880] Built HexConway.Transport.S0_2 (1.2s)
✔ [13017/13880] Built HexRealClosureMathlib.ModelInventory (7.0s)
✔ [13018/13880] Built HexRCF.RealCoefficients.FieldBuild (8.6s)
✔ [13019/13880] Built HexConway.Transport.S2_3 (1.6s)
✔ [13020/13880] Built HexConway.Transport.S0_3 (1.5s)
✔ [13021/13880] Built HexConway.Transport.S1_3 (1.5s)
✔ [13022/13880] Built HexConway.Transport.S3_3 (1.5s)
✔ [13023/13880] Built HexConway.Transport.S2_4 (1.5s)
✔ [13024/13880] Built HexConway.Transport.S0_4 (1.6s)
✔ [13025/13880] Built HexConway.Transport.S1_4 (1.7s)
✔ [13026/13880] Built HexConway.Transport.S3_4 (1.7s)
✔ [13027/13880] Built HexConway.Transport.S2_5 (1.3s)
✔ [13028/13880] Built HexConway.Transport.S0_5 (1.2s)
✔ [13029/13880] Built HexConway.Transport.S1_5 (1.2s)
✔ [13030/13880] Built HexConway.Transport.S3_5 (1.1s)
✔ [13031/13880] Built HexRealClosureMathlib.Sample (10s)
✔ [13032/13880] Built HexConway.Transport.S2_6 (1.1s)
✔ [13033/13880] Built HexConway.Transport.S0_6 (1.1s)
✔ [13034/13880] Built HexConway.Transport.S1_6 (1.2s)
✔ [13035/13880] Built HexConway.Transport.S3_6 (1.2s)
✔ [13036/13880] Built HexConway.Transport.S2_7 (1.3s)
✔ [13037/13880] Built HexConway.Transport.S0_7 (1.3s)
✔ [13038/13880] Built HexConway.Transport.S1_7 (1.3s)
✔ [13039/13880] Built HexConway.Transport.S3_7 (1.3s)
✔ [13040/13880] Built HexRealClosureMathlib.Presentation (12s)
✔ [13041/13880] Built HexConway.Transport.S2_8 (986ms)
✔ [13042/13880] Built HexConway.Transport.S0_8 (1.0s)
✔ [13043/13880] Built HexConway.Transport.S1_8 (987ms)
✔ [13044/13880] Built HexConway.Transport.S3_8 (1.1s)
✔ [13045/13880] Built HexConway.Transport.S2_9 (1.3s)
✔ [13046/13880] Built HexConway.Transport.S0_9 (1.3s)
✔ [13047/13880] Built HexRCF.RealCoefficients.FieldBuildBudget (7.8s)
✔ [13048/13880] Built HexNumberFieldTowerMathlib.FactorGeneric.Product (9.0s)
✔ [13049/13880] Built HexConway.Transport.S1_9 (1.3s)
✔ [13050/13880] Built HexConway.Transport.S3_9 (1.2s)
✔ [13051/13880] Built HexRCF.RealCoefficients.FieldIndex (8.3s)
✔ [13052/13880] Built HexConway.Transport.S0_10 (1.3s)
✔ [13053/13880] Built HexConway.Transport.S2_10 (1.4s)
✔ [13054/13880] Built HexConway.Transport.S3_10 (1.2s)
✔ [13055/13880] Built HexConway.Transport.S1_10 (1.3s)
⚠ [13056/13880] Built HexRealClosureMathlib.AlgebraicEvaluation (10s)
warning: adapters/HexRealClosureMathlib/AlgebraicEvaluation.lean:46:45: This simp argument is unused:
  List.map_nil

Hint: Omit it from the simp argument list.
  [apply] simp only [SignDet.signsAt, List.map_cons, zero, sign_zero] at values

Note: This linter can be disabled with `set_option linter.unusedSimpArgs false`
✔ [13057/13880] Built HexRCF.RealCoefficients.FieldRoots (9.8s)
✔ [13058/13880] Built HexConway.Transport.S0_11 (1.4s)
✔ [13059/13880] Built HexConway.Transport.S2_11 (1.5s)
✔ [13060/13880] Built HexConway.Transport.S3_11 (1.5s)
✔ [13061/13880] Built HexConway.Transport.S1_11 (1.6s)
✔ [13062/13880] Built HexConway.Transport.S1_12 (1.3s)
✔ [13063/13880] Built HexConway.Transport.S2_12 (1.4s)
✔ [13064/13880] Built HexConway.Transport.S3_12 (1.3s)
✔ [13065/13880] Built HexConway.Transport.S0_12 (1.7s)
✔ [13066/13880] Built HexRealClosureMathlib.SampleTests (8.6s)
⚠ [13067/13880] Built HexGraphIso.Nauty.Sparse.CountPattern (67s)
warning: HexGraphIso/Nauty/Sparse/CountPattern.lean:35:12: syntax 'Lean.Parser.Tactic.mvcgen' has been deprecated: use `vcgen` instead

Note: This linter can be disabled with `set_option linter.deprecated.syntax false`
warning: HexGraphIso/Nauty/Sparse/CountPattern.lean:35:12: syntax 'Lean.Parser.Tactic.mvcgen' has been deprecated: use `vcgen` instead

Note: This linter can be disabled with `set_option linter.deprecated.syntax false`
✔ [13068/13880] Built HexRealClosureMathlib.PresentationTests (8.8s)
⚠ [13069/13880] Built HexRealClosureMathlib.LocalSample (11s)
warning: adapters/HexRealClosureMathlib/LocalSample.lean:179:58: `simp` already closes the goal

Hint: Use `simp` instead of `simpa`:
  [apply] simp [boundaries] at member

Note: This linter can be disabled with `set_option linter.unnecessarySimpa false`
warning: adapters/HexRealClosureMathlib/LocalSample.lean:335:29: This simp argument is unused:
  boundaries

Hint: Omit it from the simp argument list.
  [apply] simp only [Family.cells, List.map_nil, List.nil_append, Family.regions, boundaries, List.mem_singleton]

Note: This linter can be disabled with `set_option linter.unusedSimpArgs false`
warning: adapters/HexRealClosureMathlib/LocalSample.lean:343:31: This simp argument is unused:
  boundaries

Hint: Omit it from the simp argument list.
  [apply] simp only [Family.cells, Family.regions, boundaries, List.map_cons, List.mem_append, List.mem_cons,
    afterRootCells]

Note: This linter can be disabled with `set_option linter.unusedSimpArgs false`
warning: adapters/HexRealClosureMathlib/LocalSample.lean:394:29: This simp argument is unused:
  equal

Hint: Omit it from the simp argument list.
  [apply] simp_all [matchesRegion, Region.Mem, Requested]

Note: This linter can be disabled with `set_option linter.unusedSimpArgs false`
warning: adapters/HexRealClosureMathlib/LocalSample.lean:444:83: This simp argument is unused:
  equal

Hint: Omit it from the simp argument list.
  [apply] simp_all [matchesRegion, Endpoint.map]

Note: This linter can be disabled with `set_option linter.unusedSimpArgs false`
✔ [13070/13880] Built HexRCF.RealCoefficients.FieldRefinement (7.9s)
✔ [13071/13880] Built HexGraphIso.Nauty.Sparse.CountActivation (1.2s)
✔ [13072/13880] Built HexNumberFieldTowerMathlib.FactorGeneric.Sound (8.2s)
✔ [13073/13880] Built HexGraphIso.Nauty.Sparse.CountRuns (1.8s)
✔ [13074/13880] Built HexGraphIso.Nauty.Sparse.CountConstant (811ms)
✔ [13075/13880] Built HexNumberFieldTowerMathlib.FactorGeneric.Yun (10s)
✔ [13076/13880] Built HexGraphIso.Nauty.Sparse.RefinePrefix (939ms)
✔ [13077/13880] Built HexGraphIso.Nauty.Sparse.IndexRuns (1.7s)
✔ [13078/13880] Built HexGraphIso.Nauty.Sparse.CountSemantics (844ms)
✔ [13079/13880] Built HexRCF.RealCoefficients.FieldBuildProgress (8.5s)
✔ [13080/13880] Built HexGraphIso.Nauty.Sparse.CountPending (1.0s)
✔ [13081/13880] Built HexGraphIso.Nauty.Sparse.IndexTwo (1.1s)
✔ [13082/13880] Built HexGraphIso.Nauty.Sparse.IndexFinish (1.1s)
✔ [13083/13880] Built HexGraphIso.Nauty.Sparse.IndexFrame (802ms)
✔ [13084/13880] Built HexRealClosureMathlib.SharedPresentation (14s)
✔ [13085/13880] Built HexGraphIso.Nauty.Sparse.IndexReindex (883ms)
✔ [13086/13880] Built HexGraphIso.Nauty.Sparse.IndexBinary (986ms)
✔ [13087/13880] Built HexGraphIso.Nauty.Sparse.IndexTail (1.0s)
✔ [13088/13880] Built HexRealClosureMathlib.LocalSampleTests (6.4s)
✔ [13089/13880] Built HexGraphIso.Nauty.Sparse.SortedKeys (964ms)
✔ [13090/13880] Built HexGraphIso.Nauty.Sparse.IndexCut (1.2s)
✔ [13091/13880] Built HexRCF.RealCoefficients.Samples (7.1s)
✔ [13092/13880] Built HexGraphIso.Nauty.Sparse.CountCache (1.4s)
✔ [13093/13880] Built HexGraphIso.Nauty.Sparse.IndexStart (951ms)
✔ [13094/13880] Built HexGraphIso.Nauty.Sparse.CompactIndex (1.2s)
✔ [13095/13880] Built HexGraphIso.Nauty.Sparse.CountClasses (1.5s)
✔ [13096/13880] Built HexGraphIso.Nauty.Sparse.IndexScan (815ms)
✔ [13097/13880] Built HexGraphIso.Nauty.Sparse.CompactScan (960ms)
✔ [13098/13880] Built HexRCF.RealCoefficients.FieldDecisionProgress (6.3s)
✔ [13099/13880] Built HexGraphIso.Nauty.Sparse.CountCongr (1.4s)
✔ [13100/13880] Built HexNumberFieldTowerMathlib.FactorGeneric.Complete (7.5s)
✔ [13101/13880] Built HexGraphIso.Nauty.Sparse.SingletonPending (1.1s)
✔ [13102/13880] Built HexGraphIso.Nauty.Sparse.CountInvariant (644ms)
⚠ [13103/13880] Built HexRealClosureMathlib.CoefficientEmbeddingTests (80s)
warning: adapters/HexRealClosureMathlib/CoefficientEmbeddingTests.lean:208:2: Try this: 
  letI̵

The goal is a proposition, so `let` is preferred over `letI`.
The difference between `let` and `letI` is that `letI` inlines the value.
But this is not relevant for proofs because of proof irrelevance.

Note: This linter can be disabled with `set_option linter.style.haveILetI false`
✔ [13104/13880] Built HexRealClosureMathlib.GatherTests (6.1s)
⚠ [13105/13880] Built HexRealClosureMathlib.SharedPresentationTests (6.2s)
warning: adapters/HexRealClosureMathlib/SharedPresentationTests.lean:108:8: Variable name `model` is not explicitly referenced.

Hint: The binding can be removed (if unused) or named `_` (if used implicitly). Alternatively, prefix the name with `_` to silence this warning:
  [apply] _model

Note: This linter can be disabled with `set_option linter.unusedVariables false`
warning: adapters/HexRealClosureMathlib/SharedPresentationTests.lean:111:12: Variable name `returned` is not explicitly referenced.

Hint: The binding can be removed (if unused) or named `_` (if used implicitly). Alternatively, prefix the name with `_` to silence this warning:
  [apply] _returned

Note: This linter can be disabled with `set_option linter.unusedVariables false`
✔ [13107/13880] Built HexGraphIso.Nauty.Sparse.CountTransport (1.2s)
✔ [13108/13880] Built HexConway.Irreducible (14s)
✔ [13109/13880] Built HexConway.Monic (14s)
✔ [13110/13880] Built HexGraphIso.Nauty.Sparse.MinimaUnique (1.3s)
✔ [13111/13880] Built HexGraphIso.Nauty.Sparse.CountTrace (648ms)
✔ [13112/13880] Built HexGraphIso.Nauty.Sparse.CountResult (639ms)
✔ [13113/13880] Built HexNumberFieldTowerMathlib.FactorGeneric (4.5s)
✔ [13114/13880] Built HexGraphIso.Nauty.Sparse.CountProgress (730ms)
✔ [13115/13880] Built HexGraphIso.Nauty.Sparse.CountCompare (688ms)
✔ [13116/13880] Built HexRCF.RealCoefficients.FiniteReplay (5.6s)
⚠ [13117/13880] Built HexGraphIso.Nauty.Sparse.BinaryControl (2.8s)
warning: HexGraphIso/Nauty/Sparse/BinaryControl.lean:62:2: syntax 'Lean.Parser.Tactic.mvcgen' has been deprecated: use `vcgen` instead

Note: This linter can be disabled with `set_option linter.deprecated.syntax false`
✔ [13118/13880] Built HexGraphIso.Nauty.Sparse.BinaryIndex (708ms)
✔ [13119/13880] Built HexGraphIso.Nauty.Sparse.BinaryCell (764ms)
⚠ [13120/13880] Built HexGraphIso.Nauty.Sparse.SingletonIndex (8.5s)
warning: HexGraphIso/Nauty/Sparse/SingletonIndex.lean:71:2: syntax 'Lean.Parser.Tactic.mvcgen' has been deprecated: use `vcgen` instead

Note: This linter can be disabled with `set_option linter.deprecated.syntax false`
✔ [13121/13880] Built HexGraphIso.Nauty.Sparse.BinaryEquiv (816ms)
✔ [13122/13880] Built HexGraphIso.Nauty.Sparse.BinaryProps (508ms)
✔ [13123/13880] Built HexGraphIso.Nauty.Sparse.BinaryCongr (567ms)
✔ [13124/13880] Built HexNumberFieldTowerMathlib.Arithmetic (5.1s)
✔ [13125/13880] Built HexGraphIso.Nauty.Sparse.BinaryPass (445ms)
✔ [13126/13880] Built HexGraphIso.Nauty.Sparse.PassEquiv (907ms)
✔ [13127/13880] Built HexGraphIso.Nauty.Sparse.PassCongr (929ms)
✔ [13128/13880] Built HexRCF.RealCoefficients.Replay (6.3s)
⚠ [13129/13880] Built HexGraphIso.Nauty.Sparse.BinaryLoop (1.1s)
warning: HexGraphIso/Nauty/Sparse/BinaryLoop.lean:37:2: syntax 'Lean.Parser.Tactic.mvcgen' has been deprecated: use `vcgen` instead

Note: This linter can be disabled with `set_option linter.deprecated.syntax false`
✔ [13130/13880] Built HexRCF.RealCoefficients.FieldLiteral (7.2s)
✔ [13131/13880] Built HexNumberFieldTowerMathlib.Norm (4.7s)
✔ [13132/13880] Built HexRCF.RealCoefficients.FieldRuntime (4.1s)
✔ [13133/13880] Built HexRCF.RealCoefficients.FieldCompile (4.8s)
✔ [13134/13880] Built HexNumberFieldTowerMathlib.Factor (4.4s)
✔ [13135/13880] Built HexRCF.RealCoefficients.Tactic (5.0s)
✔ [13136/13880] Built HexRCF.RealCoefficients.Preparation (5.5s)
✔ [13137/13880] Built HexNumberFieldTowerMathlib.Adjoin (5.4s)
✔ [13138/13880] Built HexGraphIso.Nauty.SmallCell.Shapes (63s)
✔ [13139/13880] Built HexRCF.RealCoefficients.CommonTactic (7.3s)
✔ [13140/13880] Built HexNumberFieldTowerMathlib.Split (5.3s)
✔ [13141/13880] Built HexGraphIso.Nauty.SmallCell.Transitive (2.1s)
✔ [13142/13880] Built HexGraphIso.Nauty.SmallCell.Prefix (730ms)
✔ [13143/13880] Built HexGraphIso.Nauty.Generation.Reference (862ms)
✔ [13144/13880] Built HexGraphIso.Nauty.Generation.VisitCover (807ms)
✔ [13145/13880] Built HexGraphIso.Nauty.SmallCell.Monotone (1.1s)
✔ [13146/13880] Built HexGraphIso.Nauty.Policy.Admission (683ms)
✔ [13147/13880] Built HexGraphIso.Nauty.Generation.Coverage (817ms)
✔ [13148/13880] Built HexGraphIso.Nauty.Invariant.Domination (1.0s)
✔ [13149/13880] Built HexGraphIso.Nauty.Policy.History (727ms)
✔ [13150/13880] Built HexGraphIso.Nauty.Generation.Tree (659ms)
⚠ [13151/13880] Built HexManual.Chapters.HexNumberField (161s)
warning: HexManual/Chapters/HexNumberField.lean:397:0: Line 397 is too long (78 columns exceeds 60).

Note: Example code is shown on mobile devices and other narrow contexts. Long lines are likely to be truncated in the rendered output.

Hint: The limit of this linter can be changed with the option `verso.code.warnLineLength`. This linter can be disabled by setting this option to 0.
warning: HexManual/Chapters/HexNumberField.lean:420:0: Line 420 is too long (75 columns exceeds 60).

Note: Example code is shown on mobile devices and other narrow contexts. Long lines are likely to be truncated in the rendered output.

Hint: The limit of this linter can be changed with the option `verso.code.warnLineLength`. This linter can be disabled by setting this option to 0.
warning: HexManual/Chapters/HexNumberField.lean:423:0: Line 423 is too long (70 columns exceeds 60).

Note: Example code is shown on mobile devices and other narrow contexts. Long lines are likely to be truncated in the rendered output.

Hint: The limit of this linter can be changed with the option `verso.code.warnLineLength`. This linter can be disabled by setting this option to 0.
warning: HexManual/Chapters/HexNumberField.lean:441:0: Line 441 is too long (61 columns exceeds 60).

Note: Example code is shown on mobile devices and other narrow contexts. Long lines are likely to be truncated in the rendered output.

Hint: The limit of this linter can be changed with the option `verso.code.warnLineLength`. This linter can be disabled by setting this option to 0.
warning: HexManual/Chapters/HexNumberField.lean:442:0: Line 442 is too long (63 columns exceeds 60).

Note: Example code is shown on mobile devices and other narrow contexts. Long lines are likely to be truncated in the rendered output.

Hint: The limit of this linter can be changed with the option `verso.code.warnLineLength`. This linter can be disabled by setting this option to 0.
warning: HexManual/Chapters/HexNumberField.lean:443:0: Line 443 is too long (77 columns exceeds 60).

Note: Example code is shown on mobile devices and other narrow contexts. Long lines are likely to be truncated in the rendered output.

Hint: The limit of this linter can be changed with the option `verso.code.warnLineLength`. This linter can be disabled by setting this option to 0.
warning: HexManual/Chapters/HexNumberField.lean:444:0: Line 444 is too long (76 columns exceeds 60).

Note: Example code is shown on mobile devices and other narrow contexts. Long lines are likely to be truncated in the rendered output.

Hint: The limit of this linter can be changed with the option `verso.code.warnLineLength`. This linter can be disabled by setting this option to 0.
warning: HexManual/Chapters/HexNumberField.lean:447:0: Line 447 is too long (68 columns exceeds 60).

Note: Example code is shown on mobile devices and other narrow contexts. Long lines are likely to be truncated in the rendered output.

Hint: The limit of this linter can be changed with the option `verso.code.warnLineLength`. This linter can be disabled by setting this option to 0.
warning: HexManual/Chapters/HexNumberField.lean:486:0: Line 486 is too long (78 columns exceeds 60).

Note: Example code is shown on mobile devices and other narrow contexts. Long lines are likely to be truncated in the rendered output.

Hint: The limit of this linter can be changed with the option `verso.code.warnLineLength`. This linter can be disabled by setting this option to 0.
warning: HexManual/Chapters/HexNumberField.lean:489:0: Line 489 is too long (72 columns exceeds 60).

Note: Example code is shown on mobile devices and other narrow contexts. Long lines are likely to be truncated in the rendered output.

Hint: The limit of this linter can be changed with the option `verso.code.warnLineLength`. This linter can be disabled by setting this option to 0.
warning: HexManual/Chapters/HexNumberField.lean:505:0: Line 505 is too long (64 columns exceeds 60).

Note: Example code is shown on mobile devices and other narrow contexts. Long lines are likely to be truncated in the rendered output.

Hint: The limit of this linter can be changed with the option `verso.code.warnLineLength`. This linter can be disabled by setting this option to 0.
✔ [13152/13880] Built HexGraphIso.Nauty.Invariant.Shape (701ms)
✔ [13153/13880] Built HexGraphIso.Nauty.Policy.CodeState (817ms)
✔ [13154/13880] Built HexGraphIso.Nauty.Generation.Match (739ms)
✔ [13155/13880] Built HexGraphIso.Nauty.Policy.Generic.Trivial (757ms)
✔ [13156/13880] Built HexRCF.RealCoefficients.AlgebraicBounds (4.3s)
✔ [13157/13880] Built HexGraphIso.Nauty.Policy.Descent (698ms)
✔ [13158/13880] Built HexGraphIso.Nauty.SmallCell.Key (881ms)
✔ [13159/13880] Built HexGraphIso.Nauty.Invariant.Frame (841ms)
✔ [13160/13880] Built HexGraphIso.Nauty.Invariant.Child (922ms)
✔ [13161/13880] Built HexGraphIso.Nauty.Generation.Matching (624ms)
✔ [13162/13880] Built HexGraphIso.Nauty.Generation.Stabilizer (632ms)
✔ [13163/13880] Built HexGraphIso.Nauty.Sparse.CodeRead (674ms)
✔ [13164/13880] Built HexGraphIso.Nauty.SmallCell.Pairs (753ms)
✔ [13165/13880] Built HexGraphIso.Nauty.Policy.Selection (813ms)
✔ [13166/13880] Built HexGraphIso.Nauty.Policy.Generic.Exhaustive (1.1s)
✔ [13167/13880] Built HexGraphIso.Nauty.Generation.Orbit (621ms)
✔ [13168/13880] Built HexGraphIso.Nauty.Generation.Frame (579ms)
✔ [13169/13880] Built HexGraphIso.Nauty.Sparse.CodeOrder (613ms)
✔ [13170/13880] Built HexConway.ApiCore (32s)
✔ [13171/13880] Built HexGraphIso.Nauty.Policy.Target (627ms)
✔ [13172/13880] Built HexGraphIso.Nauty.Policy.Positions (603ms)
✔ [13173/13880] Built HexGraphIso.Nauty.Policy.Cheap.Key (739ms)
✔ [13174/13880] Built HexGraphIso.Nauty.Generation.Uniform (528ms)
✔ [13175/13880] Built HexConway.Supported.S0_0 (574ms)
✔ [13176/13880] Built HexConway.Supported.S1_0 (600ms)
✔ [13177/13880] Built HexConway.Supported.S3_0 (601ms)
✔ [13178/13880] Built HexConway.Supported.S2_0 (705ms)
✔ [13179/13880] Built HexGraphIso.Nauty.Policy.Guided (615ms)
✔ [13180/13880] Built HexGraphIso.Nauty.Generation.Transport (370ms)
✔ [13181/13880] Built HexConway.Supported.S1_1 (502ms)
✔ [13182/13880] Built HexConway.Supported.S0_1 (676ms)
✔ [13183/13880] Built HexConway.Supported.S2_1 (651ms)
✔ [13184/13880] Built HexConway.Supported.S3_1 (694ms)
✔ [13185/13880] Built HexGraphIso.Nauty.Policy.First.State (1.2s)
✔ [13186/13880] Built HexGraphIso.Nauty.Policy.Transport (645ms)
✔ [13187/13880] Built HexConway.Supported.S1_2 (519ms)
✔ [13188/13880] Built HexNumberFieldTowerMathlib.Flatten (6.7s)
✔ [13189/13880] Built HexGraphIso.Nauty.Generation.RefPath (1.0s)
✔ [13190/13880] Built HexConway.Supported.S0_2 (692ms)
✔ [13191/13880] Built HexConway.Supported.S3_2 (646ms)
✔ [13192/13880] Built HexGraphIso.Nauty.Policy.PathFrame (591ms)
✔ [13193/13880] Built HexConway.Supported.S2_2 (667ms)
✔ [13194/13880] Built HexGraphIso.Nauty.Policy.First.Path (738ms)
✔ [13195/13880] Built HexConway.Supported.S1_3 (502ms)
✔ [13196/13880] Built HexGraphIso.Nauty.Generation.Cheap (525ms)
✔ [13197/13880] Built HexGraphIso.Nauty.Generation.Reorder (486ms)
✔ [13198/13880] Built HexConway.Supported.S0_3 (544ms)
✔ [13199/13880] Built HexConway.Supported.S2_3 (557ms)
✔ [13200/13880] Built HexConway.Supported.S3_3 (634ms)
✔ [13201/13880] Built HexGraphIso.Nauty.Policy.Route (562ms)
✔ [13202/13880] Built HexConway.Supported.S1_4 (565ms)
✔ [13203/13880] Built HexGraphIso.Nauty.Generation.PathCover (742ms)
✔ [13204/13880] Built HexConway.Supported.S0_4 (511ms)
✔ [13205/13880] Built HexGraphIso.Nauty.Policy.Scratch (1.0s)
✔ [13206/13880] Built HexGraphIso.Nauty.Policy.Equitable (510ms)
✔ [13207/13880] Built HexConway.Supported.S3_4 (580ms)
✔ [13208/13880] Built HexConway.Supported.S1_5 (584ms)
✔ [13209/13880] Built HexConway.Supported.S2_4 (638ms)
✔ [13210/13880] Built HexConway.Supported.S0_5 (579ms)
✔ [13211/13880] Built HexConway.Supported.S1_6 (522ms)
✔ [13212/13880] Built HexConway.Supported.S3_5 (596ms)
✔ [13213/13880] Built HexGraphIso.Nauty.Policy.First.History (1.7s)
✔ [13214/13880] Built HexConway.Supported.S2_5 (639ms)
⚠ [13215/13880] Built HexGraphIso.Nauty.Sparse.WorkSize (910ms)
warning: HexGraphIso/Nauty/Sparse/WorkSize.lean:30:2: syntax 'Lean.Parser.Tactic.mvcgen' has been deprecated: use `vcgen` instead

Note: This linter can be disabled with `set_option linter.deprecated.syntax false`
✔ [13216/13880] Built HexConway.Supported.S0_6 (611ms)
✔ [13217/13880] Built HexConway.Supported.S3_6 (422ms)
✔ [13218/13880] Built HexRCF.RealCoefficients.Finite (5.6s)
✔ [13219/13880] Built HexConway.Supported.S2_6 (455ms)
✔ [13220/13880] Built HexGraphIso.Nauty.Policy.First.Ref (557ms)
✔ [13221/13880] Built HexGraphIso.Nauty.Sparse.Scatter (444ms)
✔ [13222/13880] Built HexConway.Api (414ms)
✔ [13223/13880] Built HexGraphIso.Nauty.Sparse.Classify (509ms)
✔ [13224/13880] Built HexGFq.Entry (440ms)
✔ [13225/13880] Built HexGraphIso.Nauty.Policy.Depth (837ms)
✔ [13226/13880] Built HexConway.PrimitivityCore (536ms)
✔ [13227/13880] Built HexGraphIso.Nauty.Sparse.CanonAutom (447ms)
✔ [13228/13880] Built HexNumberFieldTowerMathlib.Total (3.8s)
✔ [13229/13880] Built HexConway.CompatibilityCore (995ms)
✔ [13230/13880] Built HexGraphIso.Nauty.Policy.Recovery (540ms)
✔ [13231/13880] Built HexGFq.Entries.S1 (736ms)
✔ [13232/13880] Built HexGFq.Entries.S4 (795ms)
✔ [13233/13880] Built HexGFq.Entries.S2 (933ms)
✔ [13234/13880] Built HexGFq.Entries.S3 (969ms)
✔ [13235/13880] Built HexGraphIso.Nauty.Sparse.LeafAutom (686ms)
✔ [13236/13880] Built HexGFq.Entries.S0 (999ms)
✔ [13237/13880] Built HexGraphIso.Nauty.Sparse.BinaryStep (32s)
✔ [13238/13880] Built HexGraphIso.Nauty.Policy.Classify (1.3s)
✔ [13239/13880] Built HexGraphIso.Nauty.Policy.EquitableState (783ms)
✔ [13240/13880] Built HexGFq.Entries (705ms)
✔ [13241/13880] Built HexGraphIso.Nauty.Policy.Canon.Scatter (835ms)
✔ [13242/13880] Built HexGraphIso.Nauty.Sparse.BinaryExecution (1.0s)
✔ [13243/13880] Built HexGraphIso.Nauty.Policy.Controls (1.6s)
✔ [13244/13880] Built HexGraphIso.Nauty.Policy.Store (918ms)
✔ [13245/13880] Built HexGraphIso.Nauty.Policy.FixedState (1.1s)
✔ [13246/13880] Built HexGraphIso.Nauty.Policy.Canon.Verdict (1.5s)
✔ [13247/13880] Built HexGraphIso.Nauty.Sparse.SingletonTrace (972ms)
✔ [13248/13880] Built HexRCF.RealCoefficients (4.3s)
✔ [13250/13880] Built HexGraphIso.Nauty.Policy.Bounds (1.5s)
✔ [13251/13880] Built HexGraphIso.Nauty.Policy.Fixed (1.2s)
✔ [13252/13880] Built HexGraphIso.Nauty.Sparse.Canonical (871ms)
✔ [13253/13880] Built HexGraphIso.Nauty.Sparse.SingletonEquiv (709ms)
✔ [13254/13880] Built HexGraphIso.Nauty.Policy.Canon.Frame (1.7s)
✔ [13255/13880] Built HexGraphIso.Nauty.Policy.Alignment (1.2s)
✔ [13256/13880] Built HexGraphIso.Nauty.Policy.Boundary (1.5s)
✔ [13257/13880] Built HexGraphIso.Nauty.Policy.Canon.Calls (1.6s)
✔ [13258/13880] Built HexNumberFieldTowerMathlib (5.2s)
✔ [13260/13880] Built HexGraphIso.Nauty.Policy.RouteState (808ms)
✔ [13261/13880] Built HexGraphIso.Nauty.Policy.Trace (1.1s)
✔ [13262/13880] Built HexGraphIso.Nauty.Policy.Cheap.Shape (1.1s)
✔ [13263/13880] Built HexGraphIso.Nauty.Policy.Max.Ancestors (975ms)
✔ [13264/13880] Built HexGraphIso.Nauty.Policy.Colors (982ms)
✔ [13265/13880] Built HexGraphIso.Nauty.Policy.Orbits (1.1s)
✔ [13266/13880] Built HexGraphIso.Nauty.Policy.Tracking (1.6s)
✔ [13267/13880] Built HexGraphIso.Nauty.Policy.TraceContains (1.2s)
✔ [13268/13880] Built HexGraphIso.Nauty.Policy.Pairs (1.1s)
✔ [13269/13880] Built HexGraphIso.Nauty.Policy.Choice (886ms)
✔ [13270/13880] Built HexGraphIso.Nauty.Policy.RouteHistory (868ms)
✔ [13271/13880] Built HexGraphIso.Nauty.Policy.PathState (929ms)
⚠ [13272/13880] Built HexGraphIso.Nauty.Sparse.CountExecution (44s)
warning: HexGraphIso/Nauty/Sparse/CountExecution.lean:39:12: syntax 'Lean.Parser.Tactic.mvcgen' has been deprecated: use `vcgen` instead

Note: This linter can be disabled with `set_option linter.deprecated.syntax false`
warning: HexGraphIso/Nauty/Sparse/CountExecution.lean:39:12: syntax 'Lean.Parser.Tactic.mvcgen' has been deprecated: use `vcgen` instead

Note: This linter can be disabled with `set_option linter.deprecated.syntax false`
✔ [13273/13880] Built HexGraphIso.Nauty.Policy.Filters (2.1s)
✔ [13274/13880] Built HexGraphIso.Nauty.Policy.Workspace (2.3s)
✔ [13275/13880] Built HexGraphIso.Nauty.Sparse.CountControl (795ms)
⚠ [13276/13880] Built HexGraphIso.Nauty.Sparse.Capacity (997ms)
warning: HexGraphIso/Nauty/Sparse/Capacity.lean:30:2: syntax 'Lean.Parser.Tactic.mvcgen' has been deprecated: use `vcgen` instead

Note: This linter can be disabled with `set_option linter.deprecated.syntax false`
✔ [13277/13880] Built HexGraphIso.Nauty.Policy.Invariant (1.4s)
✔ [13278/13880] Built HexGraphIso.Nauty.Policy.Generated.Trace (626ms)
✔ [13279/13880] Built HexGraphIso.Nauty.Policy.Cheap.History (1.3s)
✔ [13280/13880] Built HexGraphIso.Nauty.Policy.Generated.Cover (1.2s)
✔ [13281/13880] Built HexRealClosure.LiveContextTests (162s)
✔ [13283/13880] Built HexGraphIso.Nauty.Policy.HistoryState (1.2s)
✔ [13284/13880] Built HexGraphIso.Nauty.Policy.CallState (1.1s)
✔ [13285/13880] Built HexGraphIso.Nauty.Policy.First.Key (1.2s)
✔ [13286/13880] Built HexGraphIso.Nauty.Policy.ChildFrame (1.3s)
✔ [13287/13880] Built HexGraphIso.Nauty.Policy.RouteKey (1.3s)
✔ [13288/13880] Built HexGraphIso.Nauty.Policy.Canon.Ref (1.5s)
✔ [13289/13880] Built HexGraphIso.Nauty.Policy.Prepared (2.8s)
✔ [13290/13880] Built HexGraphIso.Nauty.Policy.Canon.Pair (1.6s)
✔ [13291/13880] Built HexGraphIso.Nauty.Policy.Comparison (3.3s)
✔ [13292/13880] Built HexGraphIso.Nauty.Policy.ChildKey (1.0s)
✔ [13293/13880] Built HexGraphIso.Nauty.Policy.Safety (2.3s)
✔ [13294/13880] Built HexGraphIso.Nauty.Policy.ReturnOrigin (2.5s)
✔ [13295/13880] Built HexGraphIso.Nauty.Policy.FilterCover (1.3s)
✔ [13296/13880] Built HexGraphIso.Nauty.Policy.FilterPair (1.4s)
✔ [13297/13880] Built HexGraphIso.Nauty.Policy.Prune (2.0s)
✔ [13298/13880] Built HexGraphIso.Nauty.Policy.First.Cheap (2.5s)
✔ [13299/13880] Built HexGraphIso.Nauty.Policy.ShortPair (1.2s)
✔ [13300/13880] Built HexGraphIso.Nauty.Policy.First.Boundary (1.2s)
✔ [13301/13880] Built HexGraphIso.Nauty.Policy.Canon.Witness (1.8s)
✔ [13302/13880] Built HexGraphIso.Nauty.Policy.First.Entry (2.4s)
✔ [13303/13880] Built HexGraphIso.Nauty.Policy.ReturnCodes (4.4s)
✔ [13304/13880] Built HexGraphIso.Nauty.Policy.CodeCalls (3.8s)
✔ [13305/13880] Built HexGraphIso.Nauty.Policy.Coset (15s)
✔ [13306/13880] Built HexGraphIso.Nauty.Policy.First.Return (7.9s)
✔ [13307/13880] Built HexGraphIso.Nauty.Policy.First.Run (4.5s)
⚠ [13308/13880] Built HexMvGcd.Prs (194s)
warning: HexMvGcd/Prs.lean:407:30: This simp argument is unused:
  DensePoly.Fraction.map_add

Hint: Omit it from the simp argument list.
  [apply] simp only [q, DensePoly.Fraction.map_mul, DensePoly.Fraction.map_zero, DensePoly.add_zero_poly]

Note: This linter can be disabled with `set_option linter.unusedSimpArgs false`
warning: HexMvGcd/Prs.lean:408:46: This simp argument is unused:
  DensePoly.Fraction.map_zero

Hint: Omit it from the simp argument list.
  [apply] simp only [q, DensePoly.Fraction.map_add, DensePoly.Fraction.map_mul, DensePoly.add_zero_poly]

Note: This linter can be disabled with `set_option linter.unusedSimpArgs false`
warning: HexMvGcd/Prs.lean:416:51: This simp argument is unused:
  delta

Hint: Omit it from the simp argument list.
  [apply] simp only [DensePoly.subresultantAuxExt, hCurr, qr, q, p, hpzero, ↓reduceIte]

Note: This linter can be disabled with `set_option linter.unusedSimpArgs false`
warning: HexMvGcd/Prs.lean:416:58: This simp argument is unused:
  hCurr

Hint: Omit it from the simp argument list.
  [apply] simp only [DensePoly.subresultantAuxExt, delta, qr, q, p, hpzero, ↓reduceIte]

Note: This linter can be disabled with `set_option linter.unusedSimpArgs false`
warning: HexMvGcd/Prs.lean:416:69: This simp argument is unused:
  q

Hint: Omit it from the simp argument list.
  [apply] simp only [DensePoly.subresultantAuxExt, delta, hCurr, qr, p, hpzero, ↓reduceIte]

Note: This linter can be disabled with `set_option linter.unusedSimpArgs false`
warning: HexMvGcd/Prs.lean:541:53: This simp argument is unused:
  delta

Hint: Omit it from the simp argument list.
  [apply] simp only [DensePoly.subresultantOrderedExt, h₂, qr, q, p, seed, hpzero, ↓reduceIte]

Note: This linter can be disabled with `set_option linter.unusedSimpArgs false`
warning: HexMvGcd/Prs.lean:541:60: This simp argument is unused:
  h₂

Hint: Omit it from the simp argument list.
  [apply] simp only [DensePoly.subresultantOrderedExt, delta, qr, q, p, seed, hpzero, ↓reduceIte]

Note: This linter can be disabled with `set_option linter.unusedSimpArgs false`
warning: HexMvGcd/Prs.lean:541:68: This simp argument is unused:
  q

Hint: Omit it from the simp argument list.
  [apply] simp only [DensePoly.subresultantOrderedExt, delta, h₂, qr, p, seed, hpzero, ↓reduceIte]

Note: This linter can be disabled with `set_option linter.unusedSimpArgs false`
warning: HexMvGcd/Prs.lean:1045:41: `if_pos` has been deprecated: Use `ite_eq_left` instead

Hint: Replace the deprecated name:
  i̵f̵_̵p̵o̵s̵i̲t̲e̲_̲e̲q̲_̲l̲e̲f̲t̲
warning: HexMvGcd/Prs.lean:1089:24: `if_pos` has been deprecated: Use `ite_eq_left` instead

Hint: Replace the deprecated name:
  i̵f̵_̵p̵o̵s̵i̲t̲e̲_̲e̲q̲_̲l̲e̲f̲t̲
warning: HexMvGcd/Prs.lean:1095:24: `if_pos` has been deprecated: Use `ite_eq_left` instead

Hint: Replace the deprecated name:
  i̵f̵_̵p̵o̵s̵i̲t̲e̲_̲e̲q̲_̲l̲e̲f̲t̲
warning: HexMvGcd/Prs.lean:991:16: This simp argument is unused:
  checkOps

Hint: Omit it from the simp argument list.
  [apply] simp only [baseGcd, beq_self_eq_true, Bool.true_and, ↓reduceIte, checkGcd, checkGcdUsing, baseCheckCoprime,
    Cert.baseCheck, Bool.and_eq_true, beq_iff_eq]

Note: This linter can be disabled with `set_option linter.unusedSimpArgs false`
warning: HexMvGcd/Prs.lean:1132:25: This simp argument is unused:
  checkOps

Hint: Omit it from the simp argument list.
  [apply] simp only [checkGcd, checkGcdUsing, baseCheckCoprime, Cert.baseCheck, Bool.and_eq_true, beq_iff_eq]

Note: This linter can be disabled with `set_option linter.unusedSimpArgs false`
warning: HexMvGcd/Prs.lean:1176:27: This simp argument is unused:
  checkOps

Hint: Omit it from the simp argument list.
  [apply] simp only [checkCoprime, baseCheckCoprime, Cert.baseCheck, baseCoprime, beq_iff_eq]

Note: This linter can be disabled with `set_option linter.unusedSimpArgs false`
✔ [13309/13880] Built HexGraphIso.Nauty.Policy.EarlyReturn (22s)
✔ [13310/13880] Built HexGraphIso.Nauty.Policy.First.Compare (4.4s)
✔ [13311/13880] Built HexGraphIso.Nauty.Policy.Result (1.5s)
✔ [13312/13880] Built HexGraphIso.Nauty.Policy.Max.Frame (1.9s)
✔ [13313/13880] Built HexGraphIso.Nauty.Cert.CertTotal (1.5s)
✔ [13314/13880] Built HexGraphIso.Nauty.Policy.Max.Context (1.6s)
✔ [13315/13880] Built HexMvGcd.Fast (3.0s)
✔ [13316/13880] Built HexGraphIso.Nauty.Policy.Max.Carry (1.5s)
✔ [13317/13880] Built HexGraphIso.Nauty.Policy.First.Bounds (5.2s)
✔ [13318/13880] Built HexGraphIso.Nauty.Policy.Max.Prefix (2.4s)
✔ [13319/13880] Built HexMvGcd.Heu (2.4s)
✔ [13320/13880] Built HexGraphIso.Nauty.Policy.Max.Contract (1.7s)
✔ [13321/13880] Built HexGraphIso.Nauty.Policy.Max.Rules (2.4s)
✔ [13322/13880] Built HexGraphIso.Nauty.Policy.Max.Prepare (2.0s)
✔ [13323/13880] Built HexGraphIso.Nauty.Cert.CertReplay (6.6s)
✔ [13324/13880] Built HexGraphIso.Nauty.Policy.Max.Root (1.9s)
✔ [13325/13880] Built HexMvGcd.Brown (4.9s)
✔ [13326/13880] Built HexGraphIso.Nauty.Cert.CertStore (1.9s)
✔ [13327/13880] Built HexGraphIso.Nauty.Policy.Max.Choice (2.0s)
✔ [13328/13880] Built HexGraphIso.Nauty.Policy.Max.Leaf (2.2s)
✔ [13329/13880] Built HexGraphIso.Nauty.Policy.Max.Cheap (1.8s)
✔ [13330/13880] Built HexGraphIso.Nauty.Policy.Max.Suspend (2.7s)
✔ [13331/13880] Built HexGraphIso.Nauty.Policy.Max.Bound (3.3s)
✔ [13332/13880] Built HexGraphIso.Nauty.Policy.Max.Emit (1.3s)
✔ [13333/13880] Built HexGraphIso.Nauty.Policy.Max.Boundary (1.7s)
✔ [13334/13880] Built HexGraphIso.Nauty.Policy.Max.Position (1.9s)
✔ [13335/13880] Built HexMvGcd.Gcd (5.0s)
✔ [13336/13880] Built HexGraphIso.Nauty.Policy.Max.Bad (3.1s)
✔ [13337/13880] Built HexGraphIso.Nauty.Policy.GenerationRef (2.4s)
⚠ [13338/13880] Built HexMvHensel.Complete (4.0s)
warning: HexMvHensel/Complete.lean:44:8: declaration uses `sorry`
warning: HexMvHensel/Complete.lean:54:8: declaration uses `sorry`
warning: HexMvHensel/Complete.lean:284:8: declaration uses `sorry`
warning: HexMvHensel/Complete.lean:326:8: declaration uses `sorry`
✔ [13339/13880] Built HexGraphIso.Nauty.Policy.Max.Push (5.6s)
✔ [13340/13880] Built HexMvHensel (1.6s)
⚠ [13341/13880] Built HexMvGcd.Squarefree.Basic (7.8s)
warning: HexMvGcd/Squarefree/Basic.lean:769:37: This simp argument is unused:
  Lean.Grind.Ring.intCast_one

Hint: Omit it from the simp argument list.
  [apply] simp only [Lean.Grind.Ring.intCast_add, Lean.Grind.Ring.intCast_mul, Lean.Grind.Ring.intCast_natCast, hchar,
    hvalue, Lean.Grind.Semiring.mul_zero, Lean.Grind.AddCommMonoid.add_zero] at hcast

Note: This linter can be disabled with `set_option linter.unusedSimpArgs false`
warning: HexMvGcd/Squarefree/Basic.lean:983:45: Variable name `hprime` is not explicitly referenced.

Hint: The binding can be removed (if unused) or named `_` (if used implicitly). Alternatively, prefix the name with `_` to silence this warning:
  [apply] _hprime

Note: This linter can be disabled with `set_option linter.unusedVariables false`
warning: HexMvGcd/Squarefree/Basic.lean:1074:8: automatically included section variable(s) unused in theorem `_private.HexMvGcd.Squarefree.Basic.0.Hex.MvPoly.fractionMap_monomial`:
  [Dvd R]
  [BezoutOps R]
  [LawfulGcdOps R]
  [LawfulBezoutOps R]
  [GcdProducer R]
consider restructuring your `variable` declarations so that the variables are not in scope or explicitly omit them:
  omit [Dvd R] [BezoutOps R] [LawfulGcdOps R] [LawfulBezoutOps R] [GcdProducer R] in theorem ...

Note: This linter can be disabled with `set_option linter.unusedSectionVars false`
warning: HexMvGcd/Squarefree/Basic.lean:1108:8: automatically included section variable(s) unused in theorem `_private.HexMvGcd.Squarefree.Basic.0.Hex.MvPoly.exponent_dvd_of_derivatives_zero`:
  [LawfulBezoutOps R]
  [GcdProducer R]
consider restructuring your `variable` declarations so that the variables are not in scope or explicitly omit them:
  omit [LawfulBezoutOps R] [GcdProducer R] in theorem ...

Note: This linter can be disabled with `set_option linter.unusedSectionVars false`
warning: HexMvGcd/Squarefree/Basic.lean:1377:8: automatically included section variable(s) unused in theorem `_private.HexMvGcd.Squarefree.Basic.0.Hex.MvPoly.primitive_mul_self`:
  [LawfulBezoutOps R]
  [GcdProducer R]
consider restructuring your `variable` declarations so that the variables are not in scope or explicitly omit them:
  omit [LawfulBezoutOps R] [GcdProducer R] in theorem ...

Note: This linter can be disabled with `set_option linter.unusedSectionVars false`
warning: HexMvGcd/Squarefree/Basic.lean:1385:0: automatically included section variable(s) unused in theorem `Hex.MvPoly.primitive_mul`:
  [LawfulBezoutOps R]
  [GcdProducer R]
consider restructuring your `variable` declarations so that the variables are not in scope or explicitly omit them:
  omit [LawfulBezoutOps R] [GcdProducer R] in theorem ...

Note: This linter can be disabled with `set_option linter.unusedSectionVars false`
warning: HexMvGcd/Squarefree/Basic.lean:1393:8: automatically included section variable(s) unused in theorem `_private.HexMvGcd.Squarefree.Basic.0.Hex.MvPoly.isConst_of_fractionMap_unit`:
  [Dvd R]
  [BezoutOps R]
  [LawfulGcdOps R]
  [LawfulBezoutOps R]
  [GcdProducer R]
consider restructuring your `variable` declarations so that the variables are not in scope or explicitly omit them:
  omit [Dvd R] [BezoutOps R] [LawfulGcdOps R] [LawfulBezoutOps R] [GcdProducer R] in theorem ...

Note: This linter can be disabled with `set_option linter.unusedSectionVars false`
✔ [13342/13880] Built HexGraphIso.Nauty.Policy.Max.Entry (4.1s)
✔ [13343/13880] Built HexGraphIso.Nauty.Policy.Max.Codes (1.3s)
✔ [13344/13880] Built HexGraphIso.Nauty.Policy.Max.Control (2.6s)
✔ [13345/13880] Built HexGraphIso.Nauty.Policy.Generic.MaxExit (2.9s)
✔ [13346/13880] Built HexGraphIso.Nauty.Policy.Max.First (3.5s)
✔ [13347/13880] Built HexGraphIso.Nauty.Policy.Max.Unwind (3.9s)
✔ [13348/13880] Built HexGraphIso.Nauty.Policy.Reference.Leaf (11s)
⚠ [13349/13880] Built HexMvGcd.Squarefree.Core (6.3s)
warning: HexMvGcd/Squarefree/Core.lean:220:8: automatically included section variable(s) unused in theorem `_private.HexMvGcd.Squarefree.Core.0.Hex.MvPoly.eq_constIn_of_dvd`:
  [LawfulBezoutOps R]
  [GcdProducer R]
consider restructuring your `variable` declarations so that the variables are not in scope or explicitly omit them:
  omit [LawfulBezoutOps R] [GcdProducer R] in theorem ...

Note: This linter can be disabled with `set_option linter.unusedSectionVars false`
warning: HexMvGcd/Squarefree/Core.lean:285:8: automatically included section variable(s) unused in theorem `_private.HexMvGcd.Squarefree.Core.0.Hex.MvPoly.coeff_dvd_of_constIn_dvd`:
  [Dvd R]
  [BezoutOps R]
  [LawfulGcdOps R]
  [LawfulBezoutOps R]
  [GcdProducer R]
consider restructuring your `variable` declarations so that the variables are not in scope or explicitly omit them:
  omit [Dvd R] [BezoutOps R] [LawfulGcdOps R] [LawfulBezoutOps R] [GcdProducer R] in theorem ...

Note: This linter can be disabled with `set_option linter.unusedSectionVars false`
warning: HexMvGcd/Squarefree/Core.lean:307:8: automatically included section variable(s) unused in theorem `_private.HexMvGcd.Squarefree.Core.0.Hex.MvPoly.common_coefficient`:
  [LawfulBezoutOps R]
  [GcdProducer R]
consider restructuring your `variable` declarations so that the variables are not in scope or explicitly omit them:
  omit [LawfulBezoutOps R] [GcdProducer R] in theorem ...

Note: This linter can be disabled with `set_option linter.unusedSectionVars false`
warning: HexMvGcd/Squarefree/Core.lean:357:0: automatically included section variable(s) unused in theorem `Hex.MvPoly.isConst_of_constIn`:
  [Dvd R]
consider restructuring your `variable` declarations so that the variables are not in scope or explicitly omit them:
  omit [Dvd R] in theorem ...

Note: This linter can be disabled with `set_option linter.unusedSectionVars false`
warning: HexMvGcd/Squarefree/Core.lean:376:8: automatically included section variable(s) unused in theorem `_private.HexMvGcd.Squarefree.Core.0.Hex.MvPoly.isConst_constIn`:
  [Dvd R]
consider restructuring your `variable` declarations so that the variables are not in scope or explicitly omit them:
  omit [Dvd R] in theorem ...

Note: This linter can be disabled with `set_option linter.unusedSectionVars false`
warning: HexMvGcd/Squarefree/Core.lean:649:8: automatically included section variable(s) unused in theorem `_private.HexMvGcd.Squarefree.Core.0.Hex.MvPoly.nonconstant_mul_left`:
  [LawfulBezoutOps R]
  [GcdProducer R]
consider restructuring your `variable` declarations so that the variables are not in scope or explicitly omit them:
  omit [LawfulBezoutOps R] [GcdProducer R] in theorem ...

Note: This linter can be disabled with `set_option linter.unusedSectionVars false`
warning: HexMvGcd/Squarefree/Core.lean:708:8: automatically included section variable(s) unused in theorem `_private.HexMvGcd.Squarefree.Core.0.Hex.MvPoly.coprimePoly_symm`:
  [DecidableEq R]
  [Dvd R]
  [LawfulGcdOps R]
  [LawfulBezoutOps R]
  [GcdProducer R]
consider restructuring your `variable` declarations so that the variables are not in scope or explicitly omit them:
  omit [DecidableEq R] [Dvd R] [LawfulGcdOps R] [LawfulBezoutOps R] [GcdProducer R] in theorem ...

Note: This linter can be disabled with `set_option linter.unusedSectionVars false`
warning: HexMvGcd/Squarefree/Core.lean:727:0: automatically included section variable(s) unused in theorem `Hex.MvPoly.properties_nil`:
  [LawfulGcdOps R]
  [LawfulBezoutOps R]
  [GcdProducer R]
consider restructuring your `variable` declarations so that the variables are not in scope or explicitly omit them:
  omit [LawfulGcdOps R] [LawfulBezoutOps R] [GcdProducer R] in theorem ...

Note: This linter can be disabled with `set_option linter.unusedSectionVars false`
✔ [13350/13880] Built HexGraphIso.Nauty.Policy.Max.Small (4.0s)
✔ [13351/13880] Built HexGraphIso.Nauty.Policy.Max.Restore (4.6s)
✔ [13352/13880] Built HexGraphIso.Nauty.Policy.Max.Finish (3.0s)
✔ [13353/13880] Built HexGraphIso.Nauty.Policy.Max.Receive (5.4s)
✔ [13354/13880] Built HexGraphIso.Nauty.Policy.Max.Skip (2.8s)
✔ [13355/13880] Built HexGraphIso.Nauty.Policy.Max.Scope (6.5s)
✔ [13356/13880] Built HexGraphIso.Nauty.Policy.Max.Resume (5.9s)
✔ [13357/13880] Built HexGraphIso.Nauty.Policy.Reference.Return (14s)
⚠ [13358/13880] Built HexMvGcd.Squarefree (13s)
warning: HexMvGcd/Squarefree.lean:334:8: automatically included section variable(s) unused in theorem `_private.HexMvGcd.Squarefree.0.Hex.MvPoly.totalDegree_monomial_le`:
  [DecidableEq R]
  [BEq R]
  [LawfulBEq R]
consider restructuring your `variable` declarations so that the variables are not in scope or explicitly omit them:
  omit [DecidableEq R] [BEq R] [LawfulBEq R] in theorem ...

Note: This linter can be disabled with `set_option linter.unusedSectionVars false`
warning: HexMvGcd/Squarefree.lean:370:8: automatically included section variable(s) unused in theorem `_private.HexMvGcd.Squarefree.0.Hex.MvPoly.view_size_le_totalDegree_succ`:
  [Dvd R]
  [BezoutOps R]
  [LawfulGcdOps R]
consider restructuring your `variable` declarations so that the variables are not in scope or explicitly omit them:
  omit [Dvd R] [BezoutOps R] [LawfulGcdOps R] in theorem ...

Note: This linter can be disabled with `set_option linter.unusedSectionVars false`
warning: HexMvGcd/Squarefree.lean:570:12: `if_pos` has been deprecated: Use `ite_eq_left` instead

Hint: Replace the deprecated name:
  i̵f̵_̵p̵o̵s̵i̲t̲e̲_̲e̲q̲_̲l̲e̲f̲t̲
warning: HexMvGcd/Squarefree.lean:572:12: `if_neg` has been deprecated: Use `ite_eq_right` instead

Hint: Replace the deprecated name:
  i̵f̵_̵n̵e̵g̵i̲t̲e̲_̲e̲q̲_̲r̲i̲g̲h̲t̲
warning: HexMvGcd/Squarefree.lean:599:14: `if_pos` has been deprecated: Use `ite_eq_left` instead

Hint: Replace the deprecated name:
  i̵f̵_̵p̵o̵s̵i̲t̲e̲_̲e̲q̲_̲l̲e̲f̲t̲
warning: HexMvGcd/Squarefree.lean:607:14: `if_neg` has been deprecated: Use `ite_eq_right` instead

Hint: Replace the deprecated name:
  i̵f̵_̵n̵e̵g̵i̲t̲e̲_̲e̲q̲_̲r̲i̲g̲h̲t̲
warning: HexMvGcd/Squarefree.lean:644:40: This simp argument is unused:
  List.reverse_nil

Hint: Omit it from the simp argument list.
  [apply] simp only [List.reverse_cons, List.nil_append, List.append_assoc]

Note: This linter can be disabled with `set_option linter.unusedSimpArgs false`
warning: HexMvGcd/Squarefree.lean:644:58: This simp argument is unused:
  List.nil_append

Hint: Omit it from the simp argument list.
  [apply] simp only [List.reverse_cons, List.reverse_nil, List.append_assoc]

Note: This linter can be disabled with `set_option linter.unusedSimpArgs false`
warning: HexMvGcd/Squarefree.lean:775:21: `if_pos` has been deprecated: Use `ite_eq_left` instead

Hint: Replace the deprecated name:
  i̵f̵_̵p̵o̵s̵i̲t̲e̲_̲e̲q̲_̲l̲e̲f̲t̲
warning: HexMvGcd/Squarefree.lean:798:23: `if_neg` has been deprecated: Use `ite_eq_right` instead

Hint: Replace the deprecated name:
  i̵f̵_̵n̵e̵g̵i̲t̲e̲_̲e̲q̲_̲r̲i̲g̲h̲t̲
warning: HexMvGcd/Squarefree.lean:802:14: `if_pos` has been deprecated: Use `ite_eq_left` instead

Hint: Replace the deprecated name:
  i̵f̵_̵p̵o̵s̵i̲t̲e̲_̲e̲q̲_̲l̲e̲f̲t̲
warning: HexMvGcd/Squarefree.lean:817:25: `if_neg` has been deprecated: Use `ite_eq_right` instead

Hint: Replace the deprecated name:
  i̵f̵_̵n̵e̵g̵i̲t̲e̲_̲e̲q̲_̲r̲i̲g̲h̲t̲
warning: HexMvGcd/Squarefree.lean:821:16: `if_neg` has been deprecated: Use `ite_eq_right` instead

Hint: Replace the deprecated name:
  i̵f̵_̵n̵e̵g̵i̲t̲e̲_̲e̲q̲_̲r̲i̲g̲h̲t̲
warning: HexMvGcd/Squarefree.lean:1444:8: automatically included section variable(s) unused in theorem `_private.HexMvGcd.Squarefree.0.Hex.MvPoly.split_content_of_zero`:
  [LawfulBezoutOps R]
  [GcdProducer R]
consider restructuring your `variable` declarations so that the variables are not in scope or explicitly omit them:
  omit [LawfulBezoutOps R] [GcdProducer R] in theorem ...

Note: This linter can be disabled with `set_option linter.unusedSectionVars false`
warning: HexMvGcd/Squarefree.lean:1454:8: automatically included section variable(s) unused in theorem `_private.HexMvGcd.Squarefree.0.Hex.MvPoly.split_content_of_unit`:
  [LawfulBezoutOps R]
  [GcdProducer R]
consider restructuring your `variable` declarations so that the variables are not in scope or explicitly omit them:
  omit [LawfulBezoutOps R] [GcdProducer R] in theorem ...

Note: This linter can be disabled with `set_option linter.unusedSectionVars false`
warning: HexMvGcd/Squarefree.lean:1468:8: automatically included section variable(s) unused in theorem `_private.HexMvGcd.Squarefree.0.Hex.MvPoly.split_content_of_const`:
  [LawfulBezoutOps R]
  [GcdProducer R]
consider restructuring your `variable` declarations so that the variables are not in scope or explicitly omit them:
  omit [LawfulBezoutOps R] [GcdProducer R] in theorem ...

Note: This linter can be disabled with `set_option linter.unusedSectionVars false`
✔ [13359/13880] Built HexManual.Chapters.HexMvHensel (22s)
✔ [13360/13880] Built HexGraphIso.Nauty.Policy.Max.Visit (2.0s)
✔ [13361/13880] Built HexMvGcd (2.4s)
✔ [13362/13880] Built HexMvFactor.Decomp (3.1s)
✔ [13363/13880] Built HexGraphIso.Nauty.Policy.Reference.Sweep (4.3s)
✔ [13364/13880] Built HexGraphIso.Nauty.Policy.Max.ReturnTrace (3.0s)
✔ [13365/13880] Built HexGraphIso.Nauty.Policy.Max.Init (18s)
✔ [13366/13880] Built HexMvFactor.IrredData (1.0s)
✔ [13367/13880] Built HexMvFactor.Leading (2.4s)
✔ [13368/13880] Built HexGraphIso.Nauty.Policy.Generated.Receipt (2.4s)
✔ [13369/13880] Built HexGraphIso.Nauty.Policy.Max.SweepTrace (2.3s)
✔ [13370/13880] Built HexGraphIso.Nauty.Policy.Max.Auto (2.9s)
✔ [13371/13880] Built HexGraphIso.Nauty.Policy.Max.Node (3.9s)
✔ [13372/13880] Built HexMvFactor.Point (3.4s)
✔ [13373/13880] Built HexGraphIso.Nauty.Policy.First.Count (5.2s)
✔ [13374/13880] Built HexGraphIso.Nauty.Policy.Max.Canon (2.3s)
✔ [13375/13880] Built HexMvFactor.Input (2.5s)
✔ [13376/13880] Built HexGraphIso.Nauty.Policy.Max.Stab (2.7s)
✔ [13377/13880] Built HexGraphIso.Nauty.Policy.Max.Trace (3.5s)
✔ [13378/13880] Built HexMvFactor.Eez (5.4s)
✔ [13379/13880] Built HexMvFactor.Kronecker (12s)
✔ [13380/13880] Built HexManual.Chapters.HexMvGcd (16s)
✔ [13381/13880] Built HexGraphIso.Nauty.Policy.Max.NodeTrace (2.9s)
✔ [13382/13880] Built HexGraphIso.Nauty.Policy.Max.Coset (3.9s)
⚠ [13383/13880] Built HexMvFactor.Irred (2.9s)
warning: HexMvFactor/Irred.lean:79:8: declaration uses `sorry`
✔ [13384/13880] Built HexGraphIso.Nauty.Policy.Reference.Descent (12s)
✔ [13385/13880] Built HexGraphIso.Nauty.Policy.Max.FirstLeaf (2.6s)
✔ [13386/13880] Built HexGraphIso.Nauty.Policy.Max.Combine (2.1s)
✔ [13387/13880] Built HexGraphIso.Nauty.Policy.KeyComplete (1.4s)
✔ [13388/13880] Built HexGraphIso.Nauty.Policy.First.Uniform (18s)
✔ [13389/13880] Built HexGraphIso.Nauty.Cert.Certify (2.8s)
✔ [13390/13880] Built HexMvFactor.Factor (8.7s)
✔ [13391/13880] Built HexGraphIso.Ops (1.7s)
✔ [13392/13880] Built HexMvFactor (1.9s)
✔ [13393/13880] Built HexGraphIso.Autos (1.6s)
✔ [13394/13880] Built HexGraphIso.Uncolored (1.4s)
✔ [13395/13880] Built HexGraphIso.AutGroup (1.8s)
✔ [13396/13880] Built HexGraphIso.AutIndiv (1.8s)
⚠ [13397/13880] Built HexGraphIso.Nauty.Sparse.CountIndex (162s)
warning: HexGraphIso/Nauty/Sparse/CountIndex.lean:53:12: syntax 'Lean.Parser.Tactic.mvcgen' has been deprecated: use `vcgen` instead

Note: This linter can be disabled with `set_option linter.deprecated.syntax false`
warning: HexGraphIso/Nauty/Sparse/CountIndex.lean:53:12: syntax 'Lean.Parser.Tactic.mvcgen' has been deprecated: use `vcgen` instead

Note: This linter can be disabled with `set_option linter.deprecated.syntax false`
✔ [13398/13880] Built HexGraphIso.AutTrace (1.7s)
✔ [13399/13880] Built HexGraphIso.Nauty.Sparse.CountValid (2.1s)
✔ [13400/13880] Built HexGraphIso.Nauty.Policy.First.Witness (8.0s)
✔ [13401/13880] Built HexGraphIso.Nauty.Sparse.CountOther (1.5s)
✔ [13402/13880] Built HexGraphIso.Tactic (5.0s)
✔ [13403/13880] Built HexGraphIso.Nauty.Sparse.CountPass (2.7s)
✔ [13404/13880] Built HexGraphIso.Nauty.Sparse.CountPassCongr (1.8s)
✔ [13405/13880] Built HexGraphIso.Nauty.Policy.First.Tail (5.2s)
✔ [13406/13880] Built HexGraphIso.Nauty.Policy.Reference.Loop (5.4s)
✔ [13407/13880] Built HexGraphIso.Nauty.Sparse.CountPassEquiv (2.4s)
✔ [13408/13880] Built HexGraphIso.Nauty.Sparse.CountReady (2.7s)
⚠ [13409/13880] Built HexGraphIso.Nauty.Sparse.NontrivialIndex (7.5s)
warning: HexGraphIso/Nauty/Sparse/NontrivialIndex.lean:66:2: syntax 'Lean.Parser.Tactic.mvcgen' has been deprecated: use `vcgen` instead

Note: This linter can be disabled with `set_option linter.deprecated.syntax false`
⚠ [13410/13880] Built HexGraphIso.Nauty.Sparse.CountLoop (2.2s)
warning: HexGraphIso/Nauty/Sparse/CountLoop.lean:31:2: syntax 'Lean.Parser.Tactic.mvcgen' has been deprecated: use `vcgen` instead

Note: This linter can be disabled with `set_option linter.deprecated.syntax false`
✔ [13411/13880] Built HexGraphIso.Nauty.Sparse.RefineState (1.5s)
✔ [13412/13880] Built HexGraphIso.Nauty.Sparse.NontrivialTrace (1.5s)
✔ [13413/13880] Built HexGraphIso.Nauty.Sparse.DistanceState (1.6s)
✔ [13414/13880] Built HexGraphIso.Nauty.Sparse.SplitterConst (1.7s)
✔ [13415/13880] Built HexGraphIso.Nauty.Sparse.SingletonCongr (1.8s)
✔ [13416/13880] Built HexGraphIso.Nauty.Sparse.NontrivialEquiv (1.8s)
✔ [13417/13880] Built HexGraphIso.Nauty.Policy.Reference.Node (7.2s)
✔ [13418/13880] Built HexGraphIso.Nauty.Sparse.CertState (1.5s)
⚠ [13419/13880] Built HexGraphIso.Nauty.Sparse.DistanceRun (1.9s)
warning: HexGraphIso/Nauty/Sparse/DistanceRun.lean:33:2: syntax 'Lean.Parser.Tactic.mvcgen' has been deprecated: use `vcgen` instead

Note: This linter can be disabled with `set_option linter.deprecated.syntax false`
✔ [13420/13880] Built HexGraphIso.Nauty.Sparse.RefineEquiv (1.6s)
✔ [13421/13880] Built HexManual.Chapters.HexMvFactor (18s)
✔ [13422/13880] Built HexGraphIso.Nauty.Sparse.NontrivialCongr (1.8s)
✔ [13423/13880] Built HexGraphIso.Nauty.Policy.First.Complete (8.2s)
✔ [13424/13880] Built HexGraphIso.Nauty.Sparse.PassCert (1.4s)
⚠ [13425/13880] Built HexGraphIso.Nauty.Sparse.RefineSelect (1.9s)
warning: HexGraphIso/Nauty/Sparse/RefineSelect.lean:34:2: syntax 'Lean.Parser.Tactic.mvcgen' has been deprecated: use `vcgen` instead

Note: This linter can be disabled with `set_option linter.deprecated.syntax false`
✔ [13426/13880] Built HexGraphIso.Nauty.Sparse.DistanceEquiv (1.9s)
✔ [13427/13880] Built HexGraphIso.Nauty.Policy.First.Root (1.5s)
✔ [13428/13880] Built HexGraphIso.Nauty.Sparse.DistanceCert (1.7s)
✔ [13429/13880] Built HexGraphIso.Nauty.Sparse.DistanceTransport (1.4s)
✔ [13430/13880] Built HexGraphIso.Nauty.Sparse.RefineBranches (1.5s)
✔ [13431/13880] Built HexGraphIso.Nauty.Sparse.RefineLoop (1.3s)
✔ [13432/13880] Built HexGraphIso.Nauty.Sparse.RefineParts (1.6s)
✔ [13433/13880] Built HexGraphIso.Nauty.Policy.Reference.Complete (7.4s)
✔ [13434/13880] Built HexGraphIso.Nauty.Sparse.RefineCongr (1.4s)
⚠ [13435/13880] Built HexGraphIso.Nauty.Sparse.RefineInitial (1.6s)
warning: HexGraphIso/Nauty/Sparse/RefineInitial.lean:27:2: syntax 'Lean.Parser.Tactic.mvcgen' has been deprecated: use `vcgen` instead

Note: This linter can be disabled with `set_option linter.deprecated.syntax false`
✔ [13436/13880] Built HexGraphIso.Nauty.Sparse.RefineDistance (1.7s)
✔ [13437/13880] Built HexGraphIso.Nauty.Sparse.RefineTransport (1.3s)
✔ [13438/13880] Built HexGraphIso.Nauty.Sparse.DistanceCongr (2.0s)
✔ [13439/13880] Built HexGraphIso.Nauty.Sparse.RefineLiteral (1.6s)
✔ [13440/13880] Built HexGraphIso.Nauty.Policy.Generated.Tail (6.4s)
✔ [13441/13880] Built HexGraphIso.Nauty.Policy.Generated.Terminal (4.9s)
✔ [13442/13880] Built HexManual.Chapters.HexNumberFieldTower (152s)
✔ [13443/13880] Built HexGraphIso.Nauty.Policy.Generated.Head (23s)
✔ [13444/13880] Built HexGraphIso.Nauty.Policy.Generated.Complete (9.7s)
✔ [13445/13880] Built HexConway.PrimitiveProofs.S3_0 (186s)
✔ [13446/13880] Built HexGraphIso.Nauty.Policy.Generated.Root (1.8s)
✔ [13447/13880] Built HexGraphIso.Nauty.Policy.Complete (1.5s)
✔ [13448/13880] Built HexGraphIso.AutComplete (878ms)
⚠ [13449/13880] Built HexGraphIso.Nauty.Sparse.RefineCert (49s)
warning: HexGraphIso/Nauty/Sparse/RefineCert.lean:87:2: syntax 'Lean.Parser.Tactic.mvcgen' has been deprecated: use `vcgen` instead

Note: This linter can be disabled with `set_option linter.deprecated.syntax false`
✔ [13450/13880] Built HexGraphIso.UncoloredComplete (1.8s)
✔ [13451/13880] Built HexConway.PrimitiveProofs.S1_0 (197s)
✔ [13452/13880] Built HexConway.PrimitiveProofs.S2_0 (197s)
✔ [13453/13880] Built HexConway.PrimitiveProofs.S0_0 (197s)
⚠ [13454/13880] Built HexGraphIso.Nauty.Sparse.RefineIndex (84s)
warning: HexGraphIso/Nauty/Sparse/RefineIndex.lean:109:2: syntax 'Lean.Parser.Tactic.mvcgen' has been deprecated: use `vcgen` instead

Note: This linter can be disabled with `set_option linter.deprecated.syntax false`
✔ [13455/13880] Built HexGraphIso.Nauty.Sparse.RefineVisit (1.3s)
✔ [13456/13880] Built HexGraphIso.Nauty.Sparse.RefineStop (1.6s)
✔ [13457/13880] Built HexGraphIso.Nauty.Sparse.RefineFrame (980ms)
✔ [13458/13880] Built HexGraphIso.Nauty.Sparse.Equitable (1.1s)
✔ [13459/13880] Built HexGraphIso.Nauty.Sparse.ChildEntry (1.0s)
✔ [13460/13880] Built HexGraphIso.Nauty.Sparse.Descent (860ms)
✔ [13461/13880] Built HexGraphIso.Nauty.Sparse.TargetValid (1.0s)
✔ [13462/13880] Built HexGraphIso.Nauty.Sparse.SpecTree (949ms)
✔ [13463/13880] Built HexGraphIso.Nauty.Sparse.TargetInvariant (935ms)
✔ [13464/13880] Built HexGraphIso.Nauty.Sparse.Cert.Rules (1.2s)
✔ [13465/13880] Built HexGraphIso.Nauty.Sparse.SpecFuel (1.4s)
✔ [13466/13880] Built HexGraphIso.Nauty.Sparse.TargetEquiv (1.4s)
✔ [13467/13880] Built HexGraphIso.Nauty.Sparse.Literal.Leaf (939ms)
✔ [13468/13880] Built HexGraphIso.Nauty.Sparse.Cert.Code (942ms)
✔ [13469/13880] Built HexGraphIso.Nauty.Sparse.TargetTransport (807ms)
✔ [13470/13880] Built HexGraphIso.Nauty.Sparse.SpecBound (925ms)
✔ [13471/13880] Built HexGraphIso.Nauty.Sparse.TargetCells (532ms)
✔ [13472/13880] Built HexGraphIso.Nauty.Sparse.SpecMax (662ms)
✔ [13473/13880] Built HexGraphIso.Nauty.Sparse.SpecNode (727ms)
✔ [13474/13880] Built HexGraphIso.Nauty.Sparse.StateFrame (1.0s)
✔ [13475/13880] Built HexGraphIso.Nauty.Sparse.RefinedNode (1.0s)
✔ [13476/13880] Built HexGraphIso.Nauty.Sparse.SubtreeKey (1.2s)
✔ [13477/13880] Built HexGraphIso.Nauty.Sparse.SpecLeafMap (1.2s)
✔ [13478/13880] Built HexGraphIso.Nauty.Sparse.Cert.Check (1.2s)
✔ [13479/13880] Built HexGraphIso.Nauty.Sparse.SpecColors (1.4s)
✔ [13480/13880] Built HexGraphIso.Nauty.Sparse.SpecChildMap (1.2s)
✔ [13481/13880] Built HexGraphIso.Nauty.Sparse.Cert.Siblings (1.2s)
✔ [13482/13880] Built HexGraphIso.Nauty.Sparse.Path (1.3s)
✔ [13483/13880] Built HexGraphIso.Nauty.Sparse.VisitFrame (1.5s)
✔ [13484/13880] Built HexGraphIso.Nauty.Sparse.AncestorStab (1.5s)
✔ [13485/13880] Built HexGraphIso.Nauty.Sparse.Cert.Sound (1.6s)
✔ [13486/13880] Built HexGraphIso.Nauty.Sparse.Cert.Emit (821ms)
✔ [13487/13880] Built HexGraphIso.Nauty.Sparse.PathCodes (1.1s)
✔ [13488/13880] Built HexGraphIso.Nauty.Sparse.PathFrame (1.1s)
✔ [13489/13880] Built HexGraphIso.Nauty.Sparse.ChildTransport (1.2s)
✔ [13490/13880] Built HexGraphIso.Nauty.Sparse.Cert.Produce (937ms)
✔ [13491/13880] Built HexGraphIso.Nauty.Sparse.SpecTransport (1.9s)
✔ [13492/13880] Built HexGraphIso.Nauty.Sparse.PathTransport (928ms)
✔ [13493/13880] Built HexGraphIso.Nauty.Sparse.Positions (1.0s)
✔ [13494/13880] Built HexGraphIso.Nauty.Sparse.ReadyTarget (1.3s)
✔ [13495/13880] Built HexGraphIso.Nauty.Sparse.Cert.Complete (1.2s)
✔ [13496/13880] Built HexGraphIso.Nauty.Sparse.SubtreeMap (840ms)
✔ [13497/13880] Built HexGraphIso.Nauty.Sparse.SpecIso (904ms)
✔ [13498/13880] Built HexGraphIso.Nauty.Sparse.CodeTransport (944ms)
✔ [13499/13880] Built HexGraphIso.Nauty.Sparse.Cert.Root (1.0s)
✔ [13500/13880] Built HexGraphIso.Nauty.Sparse.Cert.Decision (861ms)
✔ [13501/13880] Built HexGraphIso.Nauty.Sparse.Cert.Autom (975ms)
✔ [13502/13880] Built HexGraphIso.Nauty.Sparse.SpecCanon (1.0s)
✔ [13503/13880] Built HexGraphIso.Nauty.Sparse.FrameOps (5.6s)
✔ [13504/13880] Built HexGraphIso.Nauty.Sparse.Cert.Children (1.0s)
✔ [13505/13880] Built HexGraphIso.Nauty.Sparse.Literal.Check (1.4s)
✔ [13506/13880] Built HexGraphIso.Nauty.Sparse.ReadyFrame (1.1s)
✔ [13507/13880] Built HexGraphIso.Nauty.Sparse.Cert.Compact (1.6s)
✔ [13508/13880] Built HexGraphIso.Nauty.Sparse.SmallCell (974ms)
✔ [13509/13880] Built HexGraphIso.Nauty.Sparse.LocalFrame (986ms)
✔ [13510/13880] Built HexGraphIso.Nauty.Sparse.ChildFrame (1.3s)
✔ [13511/13880] Built HexGraphIso.Nauty.Sparse.Cert.Generate (933ms)
✔ [13512/13880] Built HexGraphIso.Nauty.Sparse.Renaming (893ms)
✔ [13513/13880] Built HexGraphIso.Nauty.Sparse.SmallStep (927ms)
⚠ [13514/13880] Built HexGraphIso.Nauty.Sparse.DispatchFrame (1.3s)
warning: HexGraphIso/Nauty/Sparse/DispatchFrame.lean:39:2: syntax 'Lean.Parser.Tactic.mvcgen' has been deprecated: use `vcgen` instead

Note: This linter can be disabled with `set_option linter.deprecated.syntax false`
✔ [13515/13880] Built HexConway.PrimitiveProofs.S3_1 (53s)
✔ [13516/13880] Built HexGraphIso.Nauty.Sparse.Stabilize (837ms)
✔ [13517/13880] Built HexGraphIso.Nauty.Sparse.Cert.GenerateComplete (1.7s)
✔ [13518/13880] Built HexGraphIso.Nauty.Sparse.RefinedSmall (1.7s)
✔ [13519/13880] Built HexGraphIso.Nauty.Sparse.LeafPath (1.7s)
✔ [13520/13880] Built HexGraphIso.Nauty.Sparse.TargetFrame (1.5s)
✔ [13521/13880] Built HexGraphIso.Nauty.Sparse.VertexKey (1.3s)
✔ [13522/13880] Built HexGraphIso.Nauty.Sparse.CanonScatter (1.7s)
✔ [13523/13880] Built HexGraphIso.Nauty.Sparse.CheapChildren (1000ms)
✔ [13524/13880] Built HexGraphIso.Nauty.Sparse.Uniform (1.6s)
✔ [13525/13880] Built HexGraphIso.Nauty.Sparse.FrameReturn (1.6s)
✔ [13526/13880] Built HexGraphIso.Nauty.Sparse.SubtreeSplit (1.5s)
✔ [13527/13880] Built HexGraphIso.Nauty.Sparse.ReturnOrigin (1.6s)
✔ [13528/13880] Built HexGraphIso.Nauty.Sparse.VertexFrame (1.7s)
✔ [13529/13880] Built HexGraphIso.Nauty.Sparse.CheapLeaves (1.4s)
✔ [13530/13880] Built HexGraphIso.Nauty.Sparse.TraceFrame (1.4s)
✔ [13531/13880] Built HexGraphIso.Nauty.Sparse.VisitKey (1.1s)
✔ [13532/13880] Built HexGraphIso.Nauty.Sparse.ReachNode (1.4s)
✔ [13533/13880] Built HexGraphIso.Nauty.Sparse.CheapPrefix (847ms)
✔ [13534/13880] Built HexGraphIso.Nauty.Sparse.RefPath (1.7s)
✔ [13535/13880] Built HexGraphIso.Nauty.Sparse.SmallUniform (1.7s)
✔ [13536/13880] Built HexGraphIso.Nauty.Sparse.VisitTarget (455ms)
✔ [13537/13880] Built HexGraphIso.Nauty.Sparse.ReachSweep (439ms)
✔ [13538/13880] Built HexGraphIso.Nauty.Sparse.CheapTarget (453ms)
✔ [13539/13880] Built HexGraphIso.Nauty.Sparse.Guided (513ms)
✔ [13540/13880] Built HexGraphIso.Nauty.Sparse.Reach (444ms)
✔ [13541/13880] Built HexGraphIso.Nauty.Sparse.VisitSplit (581ms)
⚠ [13542/13880] Built HexGraphIso.Nauty.Sparse.FirstPrepare (557ms)
warning: HexGraphIso/Nauty/Sparse/FirstPrepare.lean:29:2: syntax 'Lean.Parser.Tactic.mvcgen' has been deprecated: use `vcgen` instead

Note: This linter can be disabled with `set_option linter.deprecated.syntax false`
⚠ [13543/13880] Built HexGraphIso.Nauty.Sparse.FixedState (682ms)
warning: HexGraphIso/Nauty/Sparse/FixedState.lean:56:2: syntax 'Lean.Parser.Tactic.mvcgen' has been deprecated: use `vcgen` instead

Note: This linter can be disabled with `set_option linter.deprecated.syntax false`
✔ [13544/13880] Built HexGraphIso.Nauty.Sparse.FuelNode (777ms)
✔ [13545/13880] Built HexConway.PrimitiveProofs.S0_1 (48s)
✔ [13546/13880] Built HexGraphIso.Nauty.Sparse.FirstPath (791ms)
✔ [13547/13880] Built HexGraphIso.Nauty.Sparse.FuelSweep (968ms)
✔ [13548/13880] Built HexGraphIso.Nauty.Sparse.FixedNode (1.1s)
✔ [13549/13880] Built HexGraphIso.Nauty.Sparse.CanonFrame (2.3s)
✔ [13550/13880] Built HexGraphIso.Nauty.Sparse.CanonLabel (952ms)
✔ [13551/13880] Built HexGraphIso.Nauty.Sparse.Fuel (558ms)
✔ [13552/13880] Built HexConway.PrimitiveProofs.S1_1 (49s)
⚠ [13553/13880] Built HexGraphIso.Nauty.Sparse.Reference (1.2s)
warning: HexGraphIso/Nauty/Sparse/Reference.lean:28:2: syntax 'Lean.Parser.Tactic.mvcgen' has been deprecated: use `vcgen` instead

Note: This linter can be disabled with `set_option linter.deprecated.syntax false`
✔ [13554/13880] Built HexGraphIso.Nauty.Sparse.FixedSweep (700ms)
⚠ [13555/13880] Built HexGraphIso.Nauty.Sparse.CanonControl (730ms)
warning: HexGraphIso/Nauty/Sparse/CanonControl.lean:24:2: syntax 'Lean.Parser.Tactic.mvcgen' has been deprecated: use `vcgen` instead

Note: This linter can be disabled with `set_option linter.deprecated.syntax false`
✔ [13556/13880] Built HexConway.PrimitiveProofs.S2_1 (50s)
⚠ [13557/13880] Built HexGraphIso.Nauty.Sparse.FirstFields (750ms)
warning: HexGraphIso/Nauty/Sparse/FirstFields.lean:29:2: syntax 'Lean.Parser.Tactic.mvcgen' has been deprecated: use `vcgen` instead

Note: This linter can be disabled with `set_option linter.deprecated.syntax false`
✔ [13558/13880] Built HexGraphIso.Nauty.Sparse.Fixed (731ms)
✔ [13559/13880] Built HexGraphIso.Nauty.Sparse.CanonNode (834ms)
✔ [13560/13880] Built HexGraphIso.Nauty.Sparse.Preparation (684ms)
⚠ [13561/13880] Built HexGraphIso.Nauty.Sparse.CodeFields (740ms)
warning: HexGraphIso/Nauty/Sparse/CodeFields.lean:33:2: syntax 'Lean.Parser.Tactic.mvcgen' has been deprecated: use `vcgen` instead

Note: This linter can be disabled with `set_option linter.deprecated.syntax false`
✔ [13562/13880] Built HexGraphIso.Nauty.Sparse.PathState (725ms)
⚠ [13563/13880] Built HexGraphIso.Nauty.Sparse.Depth (830ms)
warning: HexGraphIso/Nauty/Sparse/Depth.lean:44:2: syntax 'Lean.Parser.Tactic.mvcgen' has been deprecated: use `vcgen` instead

Note: This linter can be disabled with `set_option linter.deprecated.syntax false`
✔ [13564/13880] Built HexGraphIso.Nauty.Sparse.CanonSweep (635ms)
⚠ [13565/13880] Built HexGraphIso.Nauty.Sparse.ClassifyStore (9.9s)
warning: HexGraphIso/Nauty/Sparse/ClassifyStore.lean:43:2: syntax 'Lean.Parser.Tactic.mvcgen' has been deprecated: use `vcgen` instead

Note: This linter can be disabled with `set_option linter.deprecated.syntax false`
✔ [13566/13880] Built HexGraphIso.Nauty.Sparse.FirstChoice (810ms)
✔ [13567/13880] Built HexGraphIso.Nauty.Sparse.CodeBounds (660ms)
✔ [13568/13880] Built HexGraphIso.Nauty.Sparse.Divergence (710ms)
✔ [13569/13880] Built HexGraphIso.Nauty.Sparse.CanonCalls (640ms)
✔ [13570/13880] Built HexGraphIso.Nauty.Sparse.Store (871ms)
⚠ [13571/13880] Built HexGraphIso.Nauty.Sparse.Controls (879ms)
warning: HexGraphIso/Nauty/Sparse/Controls.lean:29:2: syntax 'Lean.Parser.Tactic.mvcgen' has been deprecated: use `vcgen` instead

Note: This linter can be disabled with `set_option linter.deprecated.syntax false`
✔ [13572/13880] Built HexGraphIso.Nauty.Sparse.CanonSource (739ms)
✔ [13573/13880] Built HexGraphIso.Nauty.Sparse.FirstHistory (1.2s)
✔ [13574/13880] Built HexGraphIso.Nauty.Sparse.FirstCodes (543ms)
✔ [13575/13880] Built HexGraphIso.Nauty.Sparse.BoundaryControl (770ms)
⚠ [13576/13880] Built HexGraphIso.Nauty.Sparse.StoreOps (1.1s)
warning: HexGraphIso/Nauty/Sparse/StoreOps.lean:29:4: syntax 'Lean.Parser.Tactic.mvcgen' has been deprecated: use `vcgen` instead

Note: This linter can be disabled with `set_option linter.deprecated.syntax false`
✔ [13577/13880] Built HexGraphIso.Nauty.Sparse.FirstFrame (628ms)
✔ [13578/13880] Built HexGraphIso.Nauty.Sparse.AncestorOrder (756ms)
✔ [13579/13880] Built HexGraphIso.Nauty.Sparse.FirstRef (730ms)
✔ [13580/13880] Built HexGraphIso.Nauty.Sparse.Comparison (836ms)
✔ [13581/13880] Built HexGraphIso.Nauty.Sparse.CheapBoundary (888ms)
✔ [13582/13880] Built HexGraphIso.Nauty.Sparse.ReferenceLeaf (712ms)
✔ [13583/13880] Built HexGraphIso.Nauty.Sparse.GuidedLeaf (708ms)
✔ [13584/13880] Built HexGraphIso.Nauty.Sparse.CodePrefix (735ms)
✔ [13585/13880] Built HexGraphIso.Nauty.Sparse.StoreNode (1.2s)
✔ [13586/13880] Built HexGraphIso.Nauty.Sparse.FirstResult (5.4s)
✔ [13587/13880] Built HexGraphIso.Nauty.Sparse.Matching (1.0s)
✔ [13588/13880] Built HexGraphIso.Nauty.Sparse.RootHistory (1.0s)
✔ [13589/13880] Built HexGraphIso.Nauty.Sparse.ComparisonOps (702ms)
✔ [13590/13880] Built HexGraphIso.Nauty.Sparse.FollowsPerm (631ms)
✔ [13591/13880] Built HexGraphIso.Nauty.Sparse.StoreSweep (528ms)
✔ [13592/13880] Built HexGraphIso.Nauty.Sparse.Result (505ms)
✔ [13593/13880] Built HexGraphIso.Nauty.Sparse.ReadyPerm (426ms)
✔ [13594/13880] Built HexGraphIso.Nauty.Sparse.ReferenceTarget (495ms)
✔ [13595/13880] Built HexGraphIso.Nauty.Sparse.CheapAdmission (496ms)
✔ [13596/13880] Built HexGraphIso.Nauty.Sparse.ExitBound (649ms)
✔ [13597/13880] Built HexGraphIso.Nauty.Sparse.ReferenceResult (447ms)
✔ [13598/13880] Built HexGraphIso.Nauty.Sparse.StoreSearch (463ms)
✔ [13599/13880] Built HexGraphIso.Sparse.Ops (539ms)
✔ [13600/13880] Built HexGraphIso.Nauty.Sparse.ReturnCodes (763ms)
⚠ [13601/13880] Built HexGraphIso.Nauty.Sparse.Coset (838ms)
warning: HexGraphIso/Nauty/Sparse/Coset.lean:33:2: syntax 'Lean.Parser.Tactic.mvcgen' has been deprecated: use `vcgen` instead

Note: This linter can be disabled with `set_option linter.deprecated.syntax false`
✔ [13602/13880] Built HexGraphIso.Nauty.Sparse.GuidedPerm (474ms)
✔ [13603/13880] Built HexGraphIso.Nauty.Sparse.ChildPath (507ms)
✔ [13604/13880] Built HexGraphIso.Nauty.Sparse.DescentAt (605ms)
✔ [13605/13880] Built HexGraphIso.Nauty.Sparse.TargetHint (475ms)
✔ [13606/13880] Built HexGraphIso.Nauty.Sparse.Coverage (443ms)
⚠ [13607/13880] Built HexGraphIso.Nauty.Sparse.FirstStore (1.0s)
warning: HexGraphIso/Nauty/Sparse/FirstStore.lean:25:2: syntax 'Lean.Parser.Tactic.mvcgen' has been deprecated: use `vcgen` instead

Note: This linter can be disabled with `set_option linter.deprecated.syntax false`
✔ [13608/13880] Built HexGraphIso.Nauty.Sparse.PathCover (787ms)
✔ [13609/13880] Built HexGraphIso.Nauty.Sparse.FilterCover (726ms)
✔ [13610/13880] Built HexGraphIso.Nauty.Sparse.RouteAt (904ms)
✔ [13611/13880] Built HexGraphIso.Nauty.Sparse.Maximum (842ms)
✔ [13612/13880] Built HexGraphIso.Nauty.Sparse.CanonGuide (847ms)
✔ [13613/13880] Built HexGraphIso.Nauty.Sparse.Alignment (1.1s)
✔ [13614/13880] Built HexGraphIso.Nauty.Sparse.StoreResult (408ms)
✔ [13615/13880] Built HexGraphIso.Nauty.Sparse.VisitCover (697ms)
✔ [13616/13880] Built HexGraphIso.Nauty.Sparse.CoverFrame (741ms)
✔ [13617/13880] Built HexGraphIso.Nauty.Sparse.AlignedTarget (802ms)
✔ [13618/13880] Built HexGraphIso.Nauty.Sparse.RouteAlignment (1.0s)
✔ [13619/13880] Built HexGraphIso.Nauty.Sparse.CodeBound (611ms)
✔ [13620/13880] Built HexConway.PrimitiveProofs.S3_2 (16s)
⚠ [13621/13880] Built HexGraphIso.Nauty.Sparse.ReferenceCode (1.0s)
warning: HexGraphIso/Nauty/Sparse/ReferenceCode.lean:53:2: syntax 'Lean.Parser.Tactic.mvcgen' has been deprecated: use `vcgen` instead

Note: This linter can be disabled with `set_option linter.deprecated.syntax false`
✔ [13622/13880] Built HexGraphIso.Nauty.Sparse.RouteTarget (915ms)
⚠ [13623/13880] Built HexGraphIso.Nauty.Sparse.FirstBounds (1.9s)
warning: HexGraphIso/Nauty/Sparse/FirstBounds.lean:33:2: syntax 'Lean.Parser.Tactic.mvcgen' has been deprecated: use `vcgen` instead

Note: This linter can be disabled with `set_option linter.deprecated.syntax false`
warning: HexGraphIso/Nauty/Sparse/FirstBounds.lean:73:4: syntax 'Lean.Parser.Tactic.mvcgen' has been deprecated: use `vcgen` instead

Note: This linter can be disabled with `set_option linter.deprecated.syntax false`
✔ [13624/13880] Built HexGraphIso.Nauty.Sparse.MaxFrame (963ms)
✔ [13625/13880] Built HexGraphIso.Nauty.Sparse.CheapHistory (1.4s)
✔ [13626/13880] Built HexGraphIso.Nauty.Sparse.MatchingTarget (673ms)
✔ [13627/13880] Built HexGraphIso.Nauty.Sparse.MaxCell (773ms)
✔ [13628/13880] Built HexGraphIso.Nauty.Sparse.CodeScope (843ms)
✔ [13629/13880] Built HexGraphIso.Nauty.Sparse.FirstCheap (829ms)
✔ [13630/13880] Built HexGraphIso.Nauty.Sparse.ReferencePrepare (619ms)
✔ [13631/13880] Built HexGraphIso.Nauty.Sparse.SmallKey (709ms)
✔ [13632/13880] Built HexGraphIso.Nauty.Sparse.FirstBoundary (674ms)
✔ [13633/13880] Built HexConway.PrimitiveProofs.S0_2 (12s)
✔ [13634/13880] Built HexGraphIso.Nauty.Sparse.FirstReturn (1.1s)
✔ [13635/13880] Built HexGraphIso.Nauty.Sparse.MaxTarget (820ms)
⚠ [13636/13880] Built HexGraphIso.Nauty.Sparse.Trace (1.0s)
warning: HexGraphIso/Nauty/Sparse/Trace.lean:68:2: syntax 'Lean.Parser.Tactic.mvcgen' has been deprecated: use `vcgen` instead

Note: This linter can be disabled with `set_option linter.deprecated.syntax false`
✔ [13637/13880] Built HexGraphIso.Nauty.Sparse.MaxChoice (878ms)
✔ [13638/13880] Built HexGraphIso.Nauty.Sparse.TraceFrameLeaf (719ms)
✔ [13639/13880] Built HexGraphIso.Nauty.Sparse.Saved (856ms)
✔ [13640/13880] Built HexGraphIso.Nauty.Sparse.MaxParent (977ms)
⚠ [13641/13880] Built HexGraphIso.Nauty.Sparse.TraceContains (1.1s)
warning: HexGraphIso/Nauty/Sparse/TraceContains.lean:28:2: syntax 'Lean.Parser.Tactic.mvcgen' has been deprecated: use `vcgen` instead

Note: This linter can be disabled with `set_option linter.deprecated.syntax false`
⚠ [13642/13880] Built HexGraphIso.Nauty.Sparse.TraceFrameOps (952ms)
warning: HexGraphIso/Nauty/Sparse/TraceFrameOps.lean:25:2: syntax 'Lean.Parser.Tactic.mvcgen' has been deprecated: use `vcgen` instead

Note: This linter can be disabled with `set_option linter.deprecated.syntax false`
✔ [13643/13880] Built HexGraphIso.Nauty.Sparse.EarlyReturn (4.0s)
✔ [13644/13880] Built HexConway.PrimitiveProofs.S1_2 (14s)
✔ [13645/13880] Built HexGraphIso.Nauty.Sparse.TraceState (855ms)
✔ [13646/13880] Built HexGraphIso.Nauty.Sparse.MaxScope (912ms)
✔ [13647/13880] Built HexGraphIso.Nauty.Sparse.RouteKey (512ms)
✔ [13648/13880] Built HexConway.PrimitiveProofs.S2_2 (14s)
✔ [13649/13880] Built HexGraphIso.Nauty.Sparse.MaxPrepare (1.3s)
✔ [13650/13880] Built HexGraphIso.Nauty.Sparse.TraceFrameNode (767ms)
✔ [13651/13880] Built HexGraphIso.Nauty.Sparse.TraceSweep (841ms)
✔ [13652/13880] Built HexConway.PrimitiveProofs.S3_3 (6.5s)
✔ [13653/13880] Built HexGraphIso.Nauty.Sparse.FirstSweep (1.0s)
✔ [13654/13880] Built HexGraphIso.Nauty.Sparse.RouteHistory (781ms)
✔ [13655/13880] Built HexGraphIso.Nauty.Sparse.TraceFrameSweep (577ms)
✔ [13656/13880] Built HexGraphIso.Nauty.Sparse.TraceFrameCalls (570ms)
✔ [13657/13880] Built HexGraphIso.Nauty.Sparse.LeafCodes (710ms)
✔ [13658/13880] Built HexGraphIso.Nauty.Sparse.FirstRoute (877ms)
✔ [13659/13880] Built HexGraphIso.Nauty.Sparse.LeafBound (489ms)
✔ [13660/13880] Built HexConway.PrimitiveProofs.S0_3 (6.0s)
✔ [13661/13880] Built HexConway.PrimitiveProofs.S3_4 (2.3s)
✔ [13662/13880] Built HexConway.PrimitiveProofs.S3_5 (1.3s)
✔ [13663/13880] Built HexConway.PrimitiveProofs.S0_4 (1.9s)
✔ [13664/13880] Built HexConway.PrimitiveProofs.S3_6 (611ms)
✔ [13665/13880] Built HexConway.PrimitiveProofs.S1_3 (5.3s)
✔ [13666/13880] Built HexConway.PrimitiveProofs.S2_3 (5.6s)
✔ [13667/13880] Built HexConway.PrimitiveProofs.S0_5 (1.2s)
✔ [13668/13880] Built HexConway.PrimitiveProofs.S0_6 (671ms)
✔ [13669/13880] Built HexConway.PrimitiveProofs.S1_4 (2.4s)
✔ [13670/13880] Built HexConway.PrimitiveProofs.S2_4 (2.5s)
✔ [13671/13880] Built HexConway.PrimitiveProofs.S1_5 (1.2s)
✔ [13672/13880] Built HexGraphIso.Nauty.Sparse.TraceNode (8.5s)
✔ [13673/13880] Built HexConway.PrimitiveProofs.S1_6 (598ms)
✔ [13674/13880] Built HexConway.PrimitiveProofs.S2_5 (1.1s)
✔ [13675/13880] Built HexGraphIso.Nauty.Sparse.CodeState (516ms)
✔ [13676/13880] Built HexConway.PrimitiveProofs.S2_6 (428ms)
✔ [13677/13880] Built HexGraphIso.Nauty.Sparse.CodePrepare (424ms)
✔ [13678/13880] Built HexGraphIso.Nauty.Sparse.MaxEmit (652ms)
✔ [13679/13880] Built HexConway.Primitivity (551ms)
✔ [13680/13880] Built HexGraphIso.Nauty.Sparse.FirstTrace (1.4s)
✔ [13681/13880] Built HexGraphIso.Nauty.Sparse.SelectedCell (580ms)
✔ [13682/13880] Built HexGraphIso.Nauty.Sparse.CodeSweep (906ms)
✔ [13683/13880] Built HexGraphIso.Nauty.Sparse.MaxReject (787ms)
✔ [13684/13880] Built HexGraphIso.Nauty.Sparse.TraceResult (672ms)
✔ [13685/13880] Built HexGraphIso.Nauty.Sparse.MaxAncestor (875ms)
✔ [13686/13880] Built HexGraphIso.Nauty.Sparse.TraceFrameSeed (708ms)
✔ [13687/13880] Built HexGraphIso.Nauty.Sparse.MaxFirstLeaf (1.2s)
✔ [13688/13880] Built HexGraphIso.Nauty.Sparse.MaxCheap (1.0s)
✔ [13689/13880] Built HexGraphIso.Nauty.Sparse.MaxRetain (1.0s)
⚠ [13690/13880] Built HexGraphIso.Nauty.Sparse.Orbits (1.3s)
warning: HexGraphIso/Nauty/Sparse/Orbits.lean:125:6: syntax 'Lean.Parser.Tactic.mvcgen' has been deprecated: use `vcgen` instead

Note: This linter can be disabled with `set_option linter.deprecated.syntax false`
✔ [13691/13880] Built HexGraphIso.Nauty.Sparse.FirstTraceFrame (1.3s)
✔ [13692/13880] Built HexGraphIso.Nauty.Sparse.MaxFirstEntry (1.4s)
⚠ [13693/13880] Built HexGraphIso.Nauty.Sparse.Pairs (663ms)
warning: HexGraphIso/Nauty/Sparse/Pairs.lean:117:2: syntax 'Lean.Parser.Tactic.mvcgen' has been deprecated: use `vcgen` instead

Note: This linter can be disabled with `set_option linter.deprecated.syntax false`
✔ [13694/13880] Built HexGraphIso.Nauty.Sparse.OrbitCover (884ms)
✔ [13695/13880] Built HexGraphIso.Nauty.Sparse.CanonPair (830ms)
⚠ [13696/13880] Built HexGraphIso.Nauty.Sparse.OrbitReplay (1.6s)
warning: HexGraphIso/Nauty/Sparse/OrbitReplay.lean:96:6: syntax 'Lean.Parser.Tactic.mvcgen' has been deprecated: use `vcgen` instead

Note: This linter can be disabled with `set_option linter.deprecated.syntax false`
✔ [13697/13880] Built HexGraphIso.Nauty.Sparse.PairsState (1.1s)
✔ [13698/13880] Built HexGraphIso.Nauty.Sparse.MaxScatter (1.2s)
✔ [13699/13880] Built HexGraphIso.Nauty.Sparse.TraceOrbit (866ms)
✔ [13700/13880] Built HexGraphIso.Nauty.Sparse.MaxEmitter (934ms)
✔ [13701/13880] Built HexGraphIso.Nauty.Sparse.MaxGuides (1.0s)
✔ [13702/13880] Built HexGraphIso.Nauty.Sparse.PairsSweep (1.1s)
✔ [13703/13880] Built HexGraphIso.Nauty.Sparse.CursorCover (812ms)
✔ [13704/13880] Built HexGraphIso.Nauty.Sparse.MaxLoop (1.7s)
✔ [13705/13880] Built HexGraphIso.Nauty.Sparse.ReferenceReturn (3.0s)
✔ [13706/13880] Built HexGraphIso.Nauty.Sparse.ReferenceEmit (3.1s)
✔ [13707/13880] Built HexGraphIso.Nauty.Sparse.MaxRank (963ms)
✔ [13708/13880] Built HexGraphIso.Nauty.Sparse.ReferenceSweep (958ms)
✔ [13709/13880] Built HexGraphIso.Nauty.Sparse.LoopCover (883ms)
✔ [13710/13880] Built HexGraphIso.Nauty.Sparse.ReferenceStep (1.4s)
✔ [13711/13880] Built HexGraphIso.Nauty.Sparse.UniformStep (1.4s)
✔ [13712/13880] Built HexGraphIso.Nauty.Sparse.ReferenceDescent (2.4s)
✔ [13713/13880] Built HexGraphIso.Nauty.Sparse.UniformReturn (1.8s)
✔ [13714/13880] Built HexGraphIso.Nauty.Sparse.CodeNode (9.9s)
✔ [13715/13880] Built HexGraphIso.Nauty.Sparse.CodeAdvance (664ms)
✔ [13716/13880] Built HexGraphIso.Nauty.Sparse.MaxDescent (809ms)
✔ [13717/13880] Built HexGraphIso.Nauty.Sparse.MaxRecover (463ms)
✔ [13718/13880] Built HexGraphIso.Nauty.Sparse.MaxGuideFrame (674ms)
✔ [13719/13880] Built HexGraphIso.Nauty.Sparse.FirstCompare (1.2s)
✔ [13720/13880] Built HexGraphIso.Nauty.Sparse.MaxResume (601ms)
✔ [13721/13880] Built HexGraphIso.Nauty.Sparse.CodeResult (522ms)
✔ [13722/13880] Built HexGraphIso.Nauty.Sparse.MaxUpperSweep (864ms)
✔ [13723/13880] Built HexGraphIso.Nauty.Sparse.MaxFirstCodes (949ms)
✔ [13724/13880] Built HexGraphIso.Nauty.Sparse.PairsNode (9.0s)
✔ [13725/13880] Built HexGraphIso.Nauty.Sparse.MaxUpperNode (840ms)
✔ [13726/13880] Built HexGraphIso.Nauty.Sparse.MaxFirstResume (1.0s)
✔ [13727/13880] Built HexGraphIso.Nauty.Sparse.ShortPair (722ms)
✔ [13728/13880] Built HexGraphIso.Nauty.Sparse.CanonCover (614ms)
✔ [13729/13880] Built HexGraphIso.Nauty.Sparse.MaxGuideReturn (1.0s)
✔ [13730/13880] Built HexGraphIso.Nauty.Sparse.MaxFirstSweep (1.1s)
✔ [13731/13880] Built HexGraphIso.Nauty.Sparse.FirstPairs (1.9s)
✔ [13732/13880] Built HexGraphIso.Nauty.Sparse.MaxGuideBack (634ms)
✔ [13733/13880] Built HexGraphIso.Nauty.Sparse.MaxAutoFirst (710ms)
✔ [13734/13880] Built HexGraphIso.Nauty.Sparse.PairsResult (544ms)
✔ [13735/13880] Built HexGraphIso.Nauty.Sparse.MaxFirstUpper (1.2s)
✔ [13736/13880] Built HexGraphIso.Nauty.Sparse.MaxGuideFirst (885ms)
✔ [13737/13880] Built HexGraphIso.Nauty.Sparse.Prune (535ms)
✔ [13738/13880] Built HexGraphIso.Nauty.Sparse.MaxAutoCanon (997ms)
✔ [13739/13880] Built HexGraphIso.Nauty.Sparse.MaxUpperResult (511ms)
✔ [13740/13880] Built HexGraphIso.Nauty.Sparse.FilterPrune (402ms)
✔ [13741/13880] Built HexGraphIso.Nauty.Sparse.FrozenPrune (378ms)
✔ [13742/13880] Built HexGraphIso.Nauty.Sparse.MaxControl (1.1s)
✔ [13743/13880] Built HexGraphIso.Nauty.Sparse.ResumeCover (594ms)
✔ [13744/13880] Built HexGraphIso.Nauty.Sparse.MaxCosetState (871ms)
✔ [13745/13880] Built HexGraphIso.Nauty.Sparse.ReceiveCover (795ms)
✔ [13746/13880] Built HexGraphIso.Nauty.Sparse.MaxCoset (1.1s)
✔ [13747/13880] Built HexGraphIso.Nauty.Sparse.MaxTrace (796ms)
✔ [13748/13880] Built HexGraphIso.Nauty.Sparse.MaxContext (1.1s)
✔ [13749/13880] Built HexGraphIso.Nauty.Sparse.ReferenceChild (595ms)
✔ [13750/13880] Built HexGraphIso.Nauty.Sparse.MaxNext (840ms)
✔ [13751/13880] Built HexGraphIso.Nauty.Sparse.MaxTerminal (1.0s)
✔ [13752/13880] Built HexGraphIso.Nauty.Sparse.ReferenceVisit (665ms)
✔ [13753/13880] Built HexGraphIso.Nauty.Sparse.ReferenceFilter (567ms)
✔ [13754/13880] Built HexGraphIso.Nauty.Sparse.MaxSweep (1.2s)
✔ [13755/13880] Built HexConway.CompatibilityProofs.S3_0 (30s)
✔ [13756/13880] Built HexConway.CompatibilityProofs.S2_0 (27s)
✔ [13757/13880] Built HexGraphIso.Nauty.Sparse.MaxStart (7.2s)
✔ [13758/13880] Built HexGraphIso.Nauty.Sparse.MaxNode (900ms)
✔ [13759/13880] Built HexConway.CompatibilityProofs.S1_0 (31s)
✔ [13760/13880] Built HexConway.CompatibilityProofs.S3_1 (5.9s)
✔ [13761/13880] Built HexGraphIso.Nauty.Sparse.ReferenceResume (1.3s)
✔ [13762/13880] Built HexGraphIso.Nauty.Sparse.ReferenceLoop (1.1s)
✔ [13763/13880] Built HexGraphIso.Nauty.Sparse.FirstTail (2.3s)
✔ [13764/13880] Built HexConway.CompatibilityProofs.S2_1 (5.5s)
✔ [13765/13880] Built HexGraphIso.Nauty.Sparse.MaxFirstContext (3.1s)
✔ [13766/13880] Built HexGraphIso.Nauty.Sparse.GenerationFrame (612ms)
✔ [13767/13880] Built HexGraphIso.Nauty.Sparse.MaxFirstPairs (946ms)
✔ [13768/13880] Built HexGraphIso.Nauty.Sparse.GenerationTrace (427ms)
✔ [13769/13880] Built HexGraphIso.Nauty.Sparse.ReferenceOrbit (435ms)
✔ [13770/13880] Built HexGraphIso.Nauty.Sparse.GeneratedReceipt (544ms)
✔ [13771/13880] Built HexGraphIso.Nauty.Sparse.OrbitClosure (586ms)
✔ [13772/13880] Built HexGraphIso.Nauty.Sparse.MaxFirstFilter (839ms)
✔ [13773/13880] Built HexGraphIso.Nauty.Sparse.OrbitMark (438ms)
✔ [13774/13880] Built HexConway.CompatibilityProofs.S3_2 (4.4s)
✔ [13775/13880] Built HexConway.CompatibilityProofs.S2_2 (3.7s)
✔ [13776/13880] Built HexGraphIso.Nauty.Sparse.ReferenceComplete (5.2s)
✔ [13777/13880] Built HexConway.CompatibilityProofs.S3_3 (2.5s)
✔ [13778/13880] Built HexConway.CompatibilityProofs.S1_1 (7.4s)
✔ [13779/13880] Built HexGraphIso.Nauty.Sparse.GeneratedVisit (1.0s)
✔ [13780/13880] Built HexConway.CompatibilityProofs.S2_3 (2.4s)
✔ [13781/13880] Built HexGraphIso.Nauty.Sparse.MaxFirstNext (5.4s)
✔ [13782/13880] Built HexConway.CompatibilityProofs.S0_0 (43s)
✔ [13783/13880] Built HexConway.CompatibilityProofs.S3_4 (1.7s)
✔ [13784/13880] Built HexConway.CompatibilityProofs.S3_5 (755ms)
✔ [13785/13880] Built HexGraphIso.Nauty.Sparse.GeneratedTail (1.7s)
✔ [13786/13880] Built HexConway.CompatibilityProofs.S2_4 (1.6s)
✔ [13787/13880] Built HexGraphIso.Nauty.Sparse.StabilizerTail (1.9s)
✔ [13788/13880] Built HexConway.CompatibilityProofs.S2_5 (1.1s)
✔ [13789/13880] Built HexConway.CompatibilityProofs.S1_2 (4.3s)
✔ [13790/13880] Built HexGraphIso.Nauty.Sparse.MaxFirstLower (3.4s)
✔ [13791/13880] Built HexGraphIso.Nauty.Sparse.MaxFirstNode (4.8s)
✔ [13792/13880] Built HexGraphIso.Nauty.Sparse.MaxResult (1.6s)
✔ [13793/13880] Built HexConway.CompatibilityProofs.S1_3 (8.3s)
✔ [13794/13880] Built HexGraphIso.Sparse.Canonical (2.1s)
✔ [13795/13880] Built HexGraphIso.Nauty.Sparse.Cert.Candidate (2.3s)
✔ [13796/13880] Built HexGraphIso.Nauty.Sparse.Cert.Colors (1.3s)
✔ [13797/13880] Built HexGraphIso.Sparse.UncoloredOps (1.9s)
✔ [13798/13880] Built HexGraphIso.Nauty.Sparse.Cert.CompactRoot (1.8s)
⚠ [13799/13880] Built HexManual.Chapters.HexRCF (322s)
warning: HexManual/Chapters/HexRCF.lean:506:0: Line 506 is too long (68 columns exceeds 60).

Note: Example code is shown on mobile devices and other narrow contexts. Long lines are likely to be truncated in the rendered output.

Hint: The limit of this linter can be changed with the option `verso.code.warnLineLength`. This linter can be disabled by setting this option to 0.
warning: HexManual/Chapters/HexRCF.lean:510:0: Line 510 is too long (90 columns exceeds 60).

Note: Example code is shown on mobile devices and other narrow contexts. Long lines are likely to be truncated in the rendered output.

Hint: The limit of this linter can be changed with the option `verso.code.warnLineLength`. This linter can be disabled by setting this option to 0.
warning: HexManual/Chapters/HexRCF.lean:514:0: Line 514 is too long (72 columns exceeds 60).

Note: Example code is shown on mobile devices and other narrow contexts. Long lines are likely to be truncated in the rendered output.

Hint: The limit of this linter can be changed with the option `verso.code.warnLineLength`. This linter can be disabled by setting this option to 0.
warning: HexManual/Chapters/HexRCF.lean:826:0: Line 826 is too long (70 columns exceeds 60).

Note: Example code is shown on mobile devices and other narrow contexts. Long lines are likely to be truncated in the rendered output.

Hint: The limit of this linter can be changed with the option `verso.code.warnLineLength`. This linter can be disabled by setting this option to 0.
warning: HexManual/Chapters/HexRCF.lean:832:0: Line 832 is too long (68 columns exceeds 60).

Note: Example code is shown on mobile devices and other narrow contexts. Long lines are likely to be truncated in the rendered output.

Hint: The limit of this linter can be changed with the option `verso.code.warnLineLength`. This linter can be disabled by setting this option to 0.
warning: HexManual/Chapters/HexRCF.lean:1046:0: Line 1046 is too long (74 columns exceeds 60).

Note: Example code is shown on mobile devices and other narrow contexts. Long lines are likely to be truncated in the rendered output.

Hint: The limit of this linter can be changed with the option `verso.code.warnLineLength`. This linter can be disabled by setting this option to 0.
warning: HexManual/Chapters/HexRCF.lean:1047:0: Line 1047 is too long (79 columns exceeds 60).

Note: Example code is shown on mobile devices and other narrow contexts. Long lines are likely to be truncated in the rendered output.

Hint: The limit of this linter can be changed with the option `verso.code.warnLineLength`. This linter can be disabled by setting this option to 0.
warning: HexManual/Chapters/HexRCF.lean:1054:0: Line 1054 is too long (65 columns exceeds 60).

Note: Example code is shown on mobile devices and other narrow contexts. Long lines are likely to be truncated in the rendered output.

Hint: The limit of this linter can be changed with the option `verso.code.warnLineLength`. This linter can be disabled by setting this option to 0.
warning: HexManual/Chapters/HexRCF.lean:1124:0: Line 1124 is too long (70 columns exceeds 60).

Note: Example code is shown on mobile devices and other narrow contexts. Long lines are likely to be truncated in the rendered output.

Hint: The limit of this linter can be changed with the option `verso.code.warnLineLength`. This linter can be disabled by setting this option to 0.
warning: HexManual/Chapters/HexRCF.lean:1128:0: Line 1128 is too long (70 columns exceeds 60).

Note: Example code is shown on mobile devices and other narrow contexts. Long lines are likely to be truncated in the rendered output.

Hint: The limit of this linter can be changed with the option `verso.code.warnLineLength`. This linter can be disabled by setting this option to 0.
warning: HexManual/Chapters/HexRCF.lean:1343:0: Line 1343 is too long (66 columns exceeds 60).

Note: Example code is shown on mobile devices and other narrow contexts. Long lines are likely to be truncated in the rendered output.

Hint: The limit of this linter can be changed with the option `verso.code.warnLineLength`. This linter can be disabled by setting this option to 0.
warning: HexManual/Chapters/HexRCF.lean:1370:0: Line 1370 is too long (61 columns exceeds 60).

Note: Example code is shown on mobile devices and other narrow contexts. Long lines are likely to be truncated in the rendered output.

Hint: The limit of this linter can be changed with the option `verso.code.warnLineLength`. This linter can be disabled by setting this option to 0.
warning: HexManual/Chapters/HexRCF.lean:1409:0: Line 1409 is too long (67 columns exceeds 60).

Note: Example code is shown on mobile devices and other narrow contexts. Long lines are likely to be truncated in the rendered output.

Hint: The limit of this linter can be changed with the option `verso.code.warnLineLength`. This linter can be disabled by setting this option to 0.
warning: HexManual/Chapters/HexRCF.lean:1410:0: Line 1410 is too long (66 columns exceeds 60).

Note: Example code is shown on mobile devices and other narrow contexts. Long lines are likely to be truncated in the rendered output.

Hint: The limit of this linter can be changed with the option `verso.code.warnLineLength`. This linter can be disabled by setting this option to 0.
warning: HexManual/Chapters/HexRCF.lean:1414:0: Line 1414 is too long (62 columns exceeds 60).

Note: Example code is shown on mobile devices and other narrow contexts. Long lines are likely to be truncated in the rendered output.

Hint: The limit of this linter can be changed with the option `verso.code.warnLineLength`. This linter can be disabled by setting this option to 0.
warning: HexManual/Chapters/HexRCF.lean:1443:0: Line 1443 is too long (62 columns exceeds 60).

Note: Example code is shown on mobile devices and other narrow contexts. Long lines are likely to be truncated in the rendered output.

Hint: The limit of this linter can be changed with the option `verso.code.warnLineLength`. This linter can be disabled by setting this option to 0.
warning: HexManual/Chapters/HexRCF.lean:1480:0: Line 1480 is too long (73 columns exceeds 60).

Note: Example code is shown on mobile devices and other narrow contexts. Long lines are likely to be truncated in the rendered output.

Hint: The limit of this linter can be changed with the option `verso.code.warnLineLength`. This linter can be disabled by setting this option to 0.
warning: HexManual/Chapters/HexRCF.lean:1485:0: Line 1485 is too long (65 columns exceeds 60).

Note: Example code is shown on mobile devices and other narrow contexts. Long lines are likely to be truncated in the rendered output.

Hint: The limit of this linter can be changed with the option `verso.code.warnLineLength`. This linter can be disabled by setting this option to 0.
warning: HexManual/Chapters/HexRCF.lean:1486:0: Line 1486 is too long (64 columns exceeds 60).

Note: Example code is shown on mobile devices and other narrow contexts. Long lines are likely to be truncated in the rendered output.

Hint: The limit of this linter can be changed with the option `verso.code.warnLineLength`. This linter can be disabled by setting this option to 0.
warning: HexManual/Chapters/HexRCF.lean:1487:0: Line 1487 is too long (76 columns exceeds 60).

Note: Example code is shown on mobile devices and other narrow contexts. Long lines are likely to be truncated in the rendered output.

Hint: The limit of this linter can be changed with the option `verso.code.warnLineLength`. This linter can be disabled by setting this option to 0.
warning: HexManual/Chapters/HexRCF.lean:1516:0: Line 1516 is too long (64 columns exceeds 60).

Note: Example code is shown on mobile devices and other narrow contexts. Long lines are likely to be truncated in the rendered output.

Hint: The limit of this linter can be changed with the option `verso.code.warnLineLength`. This linter can be disabled by setting this option to 0.
warning: HexManual/Chapters/HexRCF.lean:1522:0: Line 1522 is too long (68 columns exceeds 60).

Note: Example code is shown on mobile devices and other narrow contexts. Long lines are likely to be truncated in the rendered output.

Hint: The limit of this linter can be changed with the option `verso.code.warnLineLength`. This linter can be disabled by setting this option to 0.
warning: HexManual/Chapters/HexRCF.lean:1523:0: Line 1523 is too long (65 columns exceeds 60).

Note: Example code is shown on mobile devices and other narrow contexts. Long lines are likely to be truncated in the rendered output.

Hint: The limit of this linter can be changed with the option `verso.code.warnLineLength`. This linter can be disabled by setting this option to 0.
warning: HexManual/Chapters/HexRCF.lean:1524:0: Line 1524 is too long (64 columns exceeds 60).

Note: Example code is shown on mobile devices and other narrow contexts. Long lines are likely to be truncated in the rendered output.

Hint: The limit of this linter can be changed with the option `verso.code.warnLineLength`. This linter can be disabled by setting this option to 0.
warning: HexManual/Chapters/HexRCF.lean:1555:0: Line 1555 is too long (70 columns exceeds 60).

Note: Example code is shown on mobile devices and other narrow contexts. Long lines are likely to be truncated in the rendered output.

Hint: The limit of this linter can be changed with the option `verso.code.warnLineLength`. This linter can be disabled by setting this option to 0.
warning: HexManual/Chapters/HexRCF.lean:1558:0: Line 1558 is too long (62 columns exceeds 60).

Note: Example code is shown on mobile devices and other narrow contexts. Long lines are likely to be truncated in the rendered output.

Hint: The limit of this linter can be changed with the option `verso.code.warnLineLength`. This linter can be disabled by setting this option to 0.
warning: HexManual/Chapters/HexRCF.lean:1592:0: Line 1592 is too long (69 columns exceeds 60).

Note: Example code is shown on mobile devices and other narrow contexts. Long lines are likely to be truncated in the rendered output.

Hint: The limit of this linter can be changed with the option `verso.code.warnLineLength`. This linter can be disabled by setting this option to 0.
warning: HexManual/Chapters/HexRCF.lean:1628:0: Line 1628 is too long (62 columns exceeds 60).

Note: Example code is shown on mobile devices and other narrow contexts. Long lines are likely to be truncated in the rendered output.

Hint: The limit of this linter can be changed with the option `verso.code.warnLineLength`. This linter can be disabled by setting this option to 0.
warning: HexManual/Chapters/HexRCF.lean:1637:0: Line 1637 is too long (61 columns exceeds 60).

Note: Example code is shown on mobile devices and other narrow contexts. Long lines are likely to be truncated in the rendered output.

Hint: The limit of this linter can be changed with the option `verso.code.warnLineLength`. This linter can be disabled by setting this option to 0.
warning: HexManual/Chapters/HexRCF.lean:1680:0: Line 1680 is too long (63 columns exceeds 60).

Note: Example code is shown on mobile devices and other narrow contexts. Long lines are likely to be truncated in the rendered output.

Hint: The limit of this linter can be changed with the option `verso.code.warnLineLength`. This linter can be disabled by setting this option to 0.
warning: HexManual/Chapters/HexRCF.lean:2345:0: Line 2345 is too long (65 columns exceeds 60).

Note: Example code is shown on mobile devices and other narrow contexts. Long lines are likely to be truncated in the rendered output.

Hint: The limit of this linter can be changed with the option `verso.code.warnLineLength`. This linter can be disabled by setting this option to 0.
warning: HexManual/Chapters/HexRCF.lean:2452:0: Line 2452 is too long (80 columns exceeds 60).

Note: Example code is shown on mobile devices and other narrow contexts. Long lines are likely to be truncated in the rendered output.

Hint: The limit of this linter can be changed with the option `verso.code.warnLineLength`. This linter can be disabled by setting this option to 0.
✔ [13800/13880] Built HexGraphIso.Nauty.Sparse.Cert.Canon (1.9s)
✔ [13801/13880] Built HexGraphIso.Nauty.Sparse.FirstComplete (8.3s)
✔ [13802/13880] Built HexGraphIso.Nauty.Sparse.Literal.Canon (1.6s)
✔ [13803/13880] Built HexGraphIso.Nauty.Sparse.Cert.CompactCanon (1.7s)
✔ [13804/13880] Built HexConway.CompatibilityProofs.S1_4 (6.6s)
✔ [13805/13880] Built HexGraphIso.Nauty.Sparse.Literal.Compact (1.9s)
✔ [13806/13880] Built HexConway.CompatibilityProofs.S0_1 (19s)
✔ [13807/13880] Built HexConway.CompatibilityProofs.S1_5 (2.4s)
✔ [13808/13880] Built HexGraphIso.Nauty.Sparse.Cert.Records (1.9s)
✔ [13809/13880] Built HexGraphIso.Nauty.Sparse.Cert.Quota (1.5s)
✔ [13810/13880] Built HexGraphIso.Nauty.Sparse.FirstSuffix (6.6s)
✔ [13811/13880] Built HexGraphIso.Nauty.Sparse.Cert.Limited (3.1s)
✔ [13812/13880] Built HexGraphIso.Nauty.Sparse.FirstContains (2.3s)
✔ [13813/13880] Built HexGraphIso.Nauty.Sparse.Cert.LimitComplete (2.6s)
✔ [13814/13880] Built HexConway.CompatibilityProofs.S0_2 (10s)
✔ [13815/13880] Built HexGraphIso.Nauty.Sparse.FirstCount (7.9s)
✔ [13816/13880] Built HexGraphIso.Sparse.TacticSupport (3.7s)
✔ [13817/13880] Built HexGraphIso.Sparse.Tactic (3.2s)
✔ [13818/13880] Built HexConway.CompatibilityProofs.S0_3 (8.7s)
✔ [13819/13880] Built HexConway.CompatibilityProofs.S0_4 (3.9s)
✔ [13820/13880] Built HexConway.CompatibilityProofs.S0_5 (3.4s)
✔ [13821/13880] Built HexConway.Compatibility (1.4s)
✔ [13822/13880] Built HexConway (2.3s)
✔ [13823/13880] Built HexGraphIso.Nauty.Sparse.FirstDrop (19s)
✔ [13824/13880] Built HexManual.Chapters.HexConway (4.9s)
✔ [13825/13880] Built HexGraphIso.Nauty.Sparse.FirstUniform (6.0s)
✔ [13826/13880] Built HexGFq.Basic (9.7s)
✔ [13827/13880] Built HexGFq (1.1s)
✔ [13828/13880] Built HexGraphIso.Nauty.Sparse.FirstWitness (5.9s)
✔ [13829/13880] Built HexGFqMathlib.Basic (4.1s)
✔ [13830/13880] Built HexGFqMathlib.GF2q (2.3s)
✔ [13831/13880] Built HexGFqMathlib.Subfield (2.9s)
✔ [13832/13880] Built HexGFqMathlib.Embeddings.S4 (1.9s)
✔ [13833/13880] Built HexGFqMathlib.PrimitivityCore (2.2s)
✔ [13834/13880] Built HexGFqMathlib.Embeddings.S2 (2.6s)
✔ [13835/13880] Built HexGFqMathlib.Embeddings.S1 (2.7s)
✔ [13836/13880] Built HexGFqMathlib.Embeddings.S3 (2.8s)
✔ [13837/13880] Built HexGFqMathlib.Embeddings.S0 (2.9s)
✔ [13838/13880] Built HexGFqMathlib.GeneratorOrder.S4 (2.2s)
✔ [13839/13880] Built HexGFqMathlib.GeneratorOrder.S0 (2.5s)
✔ [13840/13880] Built HexGFqMathlib.GeneratorOrder.S1 (2.7s)
✔ [13841/13880] Built HexGFqMathlib.GeneratorOrder.S2 (2.7s)
✔ [13842/13880] Built HexGFqMathlib.Embeddings (2.1s)
✔ [13843/13880] Built HexGFqMathlib.GeneratorOrder.S3 (2.9s)
✔ [13844/13880] Built HexGraphIso.Nauty.Sparse.GeneratedHead (10s)
✔ [13845/13880] Built HexGraphIso.Nauty.Sparse.StabilizerHead (10s)
✔ [13846/13880] Built HexGFqMathlib.Primitivity (2.4s)
✔ [13847/13880] Built HexGraphIso.Nauty.Sparse.GeneratedComplete (1.6s)
✔ [13848/13880] Built HexGraphIso.Nauty.Sparse.GeneratedRoot (632ms)
✔ [13849/13880] Built HexGraphIso.Nauty.Sparse.OrderStep (2.4s)
✔ [13850/13880] Built HexGraphIso.Nauty.Sparse.OrbitExact (746ms)
✔ [13851/13880] Built HexGFqMathlib (2.1s)
✔ [13853/13880] Built HexGraphIso.Sparse.Autos (515ms)
✔ [13854/13880] Built HexGraphIso.Sparse.UncoloredAutos (390ms)
✔ [13855/13880] Built HexGraphIso.Sparse (859ms)
✔ [13856/13880] Built HexGraphIso (764ms)
✔ [13857/13880] Built HexGraphIsoMathlib.Basic (1.1s)
✔ [13858/13880] Built HexManual.Chapters.HexGFq (4.3s)
✔ [13859/13880] Built HexGraphIsoMathlib.Encode (1.3s)
✔ [13860/13880] Built HexGraphIsoMathlib.TacticSupport (1.1s)
✔ [13861/13880] Built HexGraphIsoMathlib.Sparse.Encode (1.3s)
✔ [13862/13880] Built HexGraphIsoMathlib.AutGroup (1.3s)
✔ [13863/13880] Built HexGraphIsoMathlib.Sparse.Canonical (1.1s)
✔ [13864/13880] Built HexGraphIsoMathlib.AutOrbits (1.2s)
✔ [13865/13880] Built HexGraphIsoMathlib.Sparse.AutGroup (1.2s)
✔ [13866/13880] Built HexGraphIsoMathlib.Tactic (1.5s)
✔ [13867/13880] Built HexManual.Chapters.NautyAlgorithm (5.7s)
✔ [13868/13880] Built HexGraphIsoMathlib.AutOrder (1.2s)
✔ [13869/13880] Built HexGraphIsoMathlib.Sparse.Stabilizer (1.2s)
✔ [13870/13880] Built HexGraphIsoMathlib.Automorphism (1.4s)
✔ [13871/13880] Built HexGraphIsoMathlib.Sparse.Order (1.9s)
✔ [13872/13880] Built HexGraphIsoMathlib.Sparse.Automorphism (1.4s)
✔ [13873/13880] Built HexGraphIsoMathlib (993ms)
✔ [13875/13880] Built HexAggregateCheck (6.1s)
✔ [13877/13880] Built HexManual.Chapters.HexPermGroup (13s)
✔ [13878/13880] Built HexManual.Chapters.HexGraphIso (23s)
✔ [13879/13880] Built HexManual (7.3s)
Build completed successfully (13880 jobs).
